date,code,open,high,low,close,preclose,volume,amount,adjustflag,turn,tradestatus,pctChg,isST
2012-09-06,sh.603167,11.2700,12.0800,10.9200,11.7600,11.0000,70973493,815833807.0000,3,70.270785,1,6.909093,0
2012-09-07,sh.603167,11.6500,12.4000,11.1600,11.7500,11.7600,56049285,657175837.0000,3,55.494342,1,-0.085000,0
2012-09-10,sh.603167,11.5000,12.0800,11.3800,11.9700,11.7500,42123410,492240395.0000,3,41.706347,1,1.872300,0
2012-09-11,sh.603167,11.8000,12.2800,11.5000,11.6100,11.9700,32290406,382255554.0000,3,31.970699,1,-3.007500,0
2012-09-12,sh.603167,11.7800,11.8400,11.2000,11.3500,11.6100,21883797,249974859.0000,3,21.667126,1,-2.239400,0
2012-09-13,sh.603167,11.3000,11.5400,11.1800,11.2500,11.3500,15595738,176867767.0000,3,15.441325,1,-0.881100,0
2012-09-14,sh.603167,11.3200,11.3700,10.9400,11.0100,11.2500,17631097,196478813.0000,3,17.456532,1,-2.133300,0
2012-09-17,sh.603167,10.9200,10.9200,9.9100,10.0200,11.0100,22285039,230581289.0000,3,22.064395,1,-8.991800,0
2012-09-18,sh.603167,9.9100,10.1200,9.8200,9.9900,10.0200,10019463,99867059.0000,3,9.920260,1,-0.299400,0
2012-09-19,sh.603167,10.0000,10.0700,9.8400,10.0100,9.9900,7267284,72425136.0000,3,7.195331,1,0.200200,0
2012-09-20,sh.603167,9.9900,9.9900,9.3800,9.4000,10.0100,11380720,110126503.0000,3,11.268040,1,-6.093900,0
2012-09-21,sh.603167,9.4000,9.4900,9.1600,9.1900,9.4000,9350500,87112811.0000,3,9.257921,1,-2.234000,0
2012-09-24,sh.603167,9.0700,9.2400,9.0200,9.1900,9.1900,6372222,58261346.0000,3,6.309131,1,0.000000,0
2012-09-25,sh.603167,9.1500,9.2700,8.8000,8.9200,9.1900,7263839,65994074.0000,3,7.191920,1,-2.938000,0
2012-09-26,sh.603167,8.8800,8.9600,8.4200,8.4700,8.9200,9786358,84227094.0000,3,9.689463,1,-5.044800,0
2012-09-27,sh.603167,8.4000,8.7800,8.3800,8.6600,8.4700,9953362,85713685.0000,3,9.854814,1,2.243200,0
2012-09-28,sh.603167,8.6500,8.7600,8.5600,8.7500,8.6600,8145547,70748670.0000,3,8.064898,1,1.039300,0
2012-10-08,sh.603167,8.7500,8.9500,8.6600,8.7000,8.7500,6091134,53491609.0000,3,6.030826,1,-0.571400,0
2012-10-09,sh.603167,8.8100,9.5000,8.7800,9.2300,8.7000,16077347,147253658.0000,3,15.918165,1,6.092000,0
2012-10-10,sh.603167,9.1300,9.2400,9.0000,9.2200,9.2300,9183283,83818914.0000,3,9.092359,1,-0.108300,0
2012-10-11,sh.603167,9.1600,9.1600,8.8200,8.8500,9.2200,8834590,79371003.0000,3,8.747119,1,-4.013000,0
2012-10-12,sh.603167,8.8700,8.9700,8.7100,8.8900,8.8500,5925143,52562056.0000,3,5.866478,1,0.452000,0
2012-10-15,sh.603167,8.9300,8.9300,8.7400,8.8400,8.8900,3091317,27227320.0000,3,3.060710,1,-0.562400,0
2012-10-16,sh.603167,8.8000,8.9000,8.7400,8.7600,8.8400,5163067,45485536.0000,3,5.111948,1,-0.905000,0
2012-10-17,sh.603167,8.7900,8.8200,8.6500,8.7200,8.7600,3942718,34439710.0000,3,3.903681,1,-0.456600,0
2012-10-18,sh.603167,8.7200,8.9500,8.7000,8.9200,8.7200,6789921,60025680.0000,3,6.722694,1,2.293600,0
2012-10-19,sh.603167,8.8800,8.9600,8.8300,8.8500,8.9200,4386504,38970548.0000,3,4.343073,1,-0.784750,0
2012-10-22,sh.603167,8.7900,8.8500,8.6800,8.8000,8.8500,3555304,31145972.0000,3,3.520103,1,-0.565000,0
2012-10-23,sh.603167,8.8000,8.8500,8.7000,8.7300,8.8000,3880417,34034442.0000,3,3.841997,1,-0.795500,0
2012-10-24,sh.603167,8.6600,8.7500,8.6100,8.6400,8.7300,3399373,29513094.0000,3,3.365716,1,-1.030900,0
2012-10-25,sh.603167,8.6800,8.7400,8.5200,8.5300,8.6400,3423169,29564278.0000,3,3.389276,1,-1.273100,0
2012-10-26,sh.603167,8.5300,8.5500,8.1400,8.1900,8.5300,5631276,46773137.0000,3,5.575521,1,-3.985900,0
2012-10-29,sh.603167,8.1900,8.2500,8.1400,8.2000,8.1900,2248667,18442898.0000,3,2.226403,1,0.122100,0
2012-10-30,sh.603167,8.1700,8.3100,8.1600,8.2400,8.2000,3065748,25236513.0000,3,3.035394,1,0.487800,0
2012-10-31,sh.603167,8.2400,8.2500,8.1200,8.1900,8.2400,3145421,25723622.0000,3,3.114278,1,-0.606800,0
2012-11-01,sh.603167,8.1900,8.3500,8.1600,8.3100,8.1900,4927967,40865494.0000,3,4.879175,1,1.465200,0
2012-11-02,sh.603167,8.3000,8.4000,8.2900,8.3500,8.3100,3453732,28807369.0000,3,3.419537,1,0.481300,0
2012-11-05,sh.603167,8.3500,8.3900,8.3200,8.3400,8.3500,2565560,21432019.0000,3,2.540158,1,-0.119800,0
2012-11-06,sh.603167,8.3500,8.3700,8.0700,8.1900,8.3400,3805924,31104956.0000,3,3.768242,1,-1.798600,0
2012-11-07,sh.603167,8.1800,8.4000,8.1500,8.2800,8.1900,4035035,33438373.0000,3,3.995084,1,1.098900,0
2012-11-08,sh.603167,8.2000,8.2100,8.0400,8.0500,8.2800,3632313,29515574.0000,3,3.596350,1,-2.777800,0
2012-11-09,sh.603167,8.0400,8.0400,7.8200,7.8500,8.0500,4487488,35441979.0000,3,4.443057,1,-2.484500,0
2012-11-12,sh.603167,7.8000,7.9000,7.7600,7.8700,7.8500,3426858,26843101.0000,3,3.392929,1,0.254800,0
2012-11-13,sh.603167,7.8400,7.8700,7.6700,7.7100,7.8700,3532253,27316290.0000,3,3.497280,1,-2.033000,0
2012-11-14,sh.603167,7.6700,7.9700,7.6500,7.9000,7.7100,5821576,45811450.0000,3,5.763937,1,2.464300,0
2012-11-15,sh.603167,7.8300,7.8800,7.6100,7.6200,7.9000,4507302,34882016.0000,3,4.462675,1,-3.544300,0
2012-11-16,sh.603167,7.6600,7.8400,7.6200,7.7100,7.6200,3931961,30421738.0000,3,3.893031,1,1.181100,0
2012-11-19,sh.603167,7.6500,7.8500,7.6300,7.8000,7.7100,2793056,21577327.0000,3,2.765402,1,1.167300,0
2012-11-20,sh.603167,7.8300,7.8600,7.7000,7.7300,7.8000,2491639,19340077.0000,3,2.466969,1,-0.897400,0
2012-11-21,sh.603167,7.8100,8.1400,7.8100,7.9900,7.7300,9421533,75196374.0000,3,9.328250,1,3.363500,0
2012-11-22,sh.603167,7.8900,8.0700,7.8100,7.9700,7.9900,5791282,46016139.0000,3,5.733943,1,-0.250300,0
2012-11-23,sh.603167,7.9600,8.0300,7.8800,7.9300,7.9700,3907340,31064098.0000,3,3.868653,1,-0.501900,0
2012-11-26,sh.603167,7.9000,7.9500,7.7000,7.7100,7.9300,3608898,28112426.0000,3,3.573166,1,-2.774300,0
2012-11-27,sh.603167,7.6500,7.7000,7.2000,7.2200,7.7100,5341032,39481768.0000,3,5.288150,1,-6.355400,0
2012-11-28,sh.603167,7.2000,7.2800,7.1000,7.1200,7.2200,2928305,21025091.0000,3,2.899312,1,-1.385000,0
2012-11-29,sh.603167,7.1900,7.2000,6.9500,6.9600,7.1200,3031717,21499916.0000,3,3.001700,1,-2.247200,0
2012-11-30,sh.603167,7.0100,7.0800,6.9100,7.0100,6.9600,2531724,17738194.0000,3,2.506657,1,0.718400,0
2012-12-03,sh.603167,7.0000,7.0800,6.7900,6.8100,7.0100,2453266,17141854.0000,3,2.428976,1,-2.853100,0
2012-12-04,sh.603167,6.8100,6.9400,6.6700,6.9200,6.8100,3271319,22207106.0000,3,3.238930,1,1.615300,0
2012-12-05,sh.603167,6.8700,7.2400,6.8400,7.1600,6.9200,6212425,44260195.0000,3,6.150916,1,3.468200,0
2012-12-06,sh.603167,7.1500,7.2600,7.1300,7.1800,7.1600,4986481,35880726.0000,3,4.937110,1,0.279300,0
2012-12-07,sh.603167,7.1700,7.3800,7.1700,7.3700,7.1800,6684407,48695450.0000,3,6.618225,1,2.646200,0
2012-12-10,sh.603167,7.3900,7.5500,7.3000,7.4900,7.3700,7918698,58706126.0000,3,7.840295,1,1.628200,0
2012-12-11,sh.603167,7.4400,7.4700,7.3400,7.3500,7.4900,5726764,42314945.0000,3,5.670063,1,-1.869200,0
2012-12-12,sh.603167,7.3300,7.3800,7.1900,7.3200,7.3500,4779841,34816566.0000,3,4.732516,1,-0.408200,0
2012-12-13,sh.603167,7.2900,7.6000,7.2400,7.4000,7.3200,7556948,56216638.0000,3,7.482127,1,1.092900,0
2012-12-14,sh.603167,7.3800,7.8800,7.3700,7.8000,7.4000,13781944,105400570.0000,3,13.645489,1,5.405400,0
2012-12-17,sh.603167,7.7500,7.8700,7.6700,7.8000,7.8000,9650398,75030925.0000,3,9.554850,1,0.000000,0
2012-12-18,sh.603167,7.7700,7.8400,7.6300,7.6800,7.8000,7976316,61535401.0000,3,7.897343,1,-1.538500,0
2012-12-19,sh.603167,7.6800,7.7500,7.6400,7.6800,7.6800,4091793,31507750.0000,3,4.051280,1,0.000000,0
2012-12-20,sh.603167,7.6700,7.9400,7.6000,7.8400,7.6800,10523067,82010424.0000,3,10.418878,1,2.083300,0
2012-12-21,sh.603167,7.8300,8.1000,7.7100,8.0300,7.8400,13249375,104930219.0000,3,13.118193,1,2.423500,0
2012-12-24,sh.603167,7.9500,8.0600,7.8900,7.9700,8.0300,7040675,56109765.0000,3,6.970965,1,-0.747200,0
2012-12-25,sh.603167,7.9200,8.7700,7.9200,8.7700,7.9700,23482725,199439382.0000,3,23.250223,1,10.037600,0
2012-12-26,sh.603167,8.9700,9.6500,8.9400,9.6500,8.7700,43526612,404062234.0000,3,43.095655,1,10.034200,0
2012-12-27,sh.603167,9.6600,9.8500,9.3600,9.4300,9.6500,35511714,340696815.0000,3,35.160113,1,-2.279800,0
2012-12-28,sh.603167,9.4000,9.6300,9.2000,9.4400,9.4300,22829150,215827864.0000,3,22.603119,1,0.106000,0
2012-12-31,sh.603167,9.4500,9.4500,9.0700,9.2100,9.4400,17485305,161155648.0000,3,17.312183,1,-2.436400,0
2013-01-04,sh.603167,9.2300,9.4200,9.1200,9.2300,9.2100,14724072,136872698.0000,3,14.578289,1,0.217200,0
2013-01-07,sh.603167,9.1500,9.4100,9.1300,9.3800,9.2300,12314031,114509856.0000,3,12.192110,1,1.625100,0
2013-01-08,sh.603167,9.3200,9.6300,9.2300,9.4100,9.3800,18212896,171737445.0000,3,18.032570,1,0.319800,0
2013-01-09,sh.603167,9.3800,9.6300,9.2200,9.4300,9.4100,13005593,122686015.0000,3,12.876825,1,0.212500,0
2013-01-10,sh.603167,9.4800,9.5300,9.2500,9.4000,9.4300,10144089,95367798.0000,3,10.043652,1,-0.318100,0
2013-01-11,sh.603167,9.3900,9.4000,9.0000,9.0300,9.4000,11770047,108023248.0000,3,11.653512,1,-3.936200,0
2013-01-14,sh.603167,8.7800,9.3200,8.7800,9.2900,9.0300,12051436,110462206.0000,3,11.932115,1,2.879300,0
2013-01-15,sh.603167,9.2400,9.5100,9.2400,9.4800,9.2900,11672970,109552851.0000,3,11.557396,1,2.045200,0
2013-01-16,sh.603167,9.4600,10.2700,9.3800,9.8100,9.4800,20547732,202188350.0000,3,20.344289,1,3.481000,0
2013-01-17,sh.603167,9.7000,9.8800,9.3200,9.3700,9.8100,11270113,107494101.0000,3,11.158528,1,-4.485200,0
2013-01-18,sh.603167,9.3700,9.6100,9.3000,9.6000,9.3700,8195540,77768128.0000,3,8.114396,1,2.454600,0
2013-01-21,sh.603167,9.6000,9.9400,9.5400,9.9100,9.6000,11236465,109806234.0000,3,11.125213,1,3.229200,0
2013-01-22,sh.603167,9.9000,10.5000,9.6800,10.2000,9.9100,21282722,215388024.0000,3,21.072002,1,2.926300,0
2013-01-23,sh.603167,10.2700,10.8500,10.2100,10.6100,10.2000,23360205,246142236.0000,3,23.128916,1,4.019600,0
2013-01-24,sh.603167,10.7500,10.8100,9.8000,9.9900,10.6100,18972525,194414491.0000,3,18.784678,1,-5.843500,0
2013-01-25,sh.603167,9.9100,10.2400,9.8200,10.0300,9.9900,8678689,87080011.0000,3,8.592761,1,0.400400,0
2013-01-28,sh.603167,10.0200,10.2000,9.9200,10.1900,10.0300,8152549,82074426.0000,3,8.071831,1,1.595200,0
2013-01-29,sh.603167,10.2000,10.2500,10.0000,10.0600,10.1900,7664974,77163611.0000,3,7.589083,1,-1.275800,0
2013-01-30,sh.603167,10.1000,10.1200,9.7200,9.8500,10.0600,9151907,90507295.0000,3,9.061294,1,-2.087500,0
2013-01-31,sh.603167,9.8400,10.2400,9.7700,10.2100,9.8500,8007644,80531393.0000,3,7.928360,1,3.654800,0
2013-02-01,sh.603167,10.2100,10.3400,10.0600,10.1200,10.2100,7737499,78818957.0000,3,7.660890,1,-0.881500,0
2013-02-04,sh.603167,10.1800,10.1900,9.8500,9.8900,10.1200,5774465,57422795.0000,3,5.717292,1,-2.272700,0
2013-02-05,sh.603167,9.8800,9.9200,9.7300,9.9000,9.8900,4461937,43855180.0000,3,4.417759,1,0.101100,0
2013-02-06,sh.603167,9.9300,9.9700,9.4700,9.5400,9.9000,10931842,105586214.0000,3,10.823606,1,-3.636400,0
2013-02-07,sh.603167,9.5200,9.6300,9.2100,9.5000,9.5400,7965742,74835014.0000,3,7.886873,1,-0.419300,0
2013-02-08,sh.603167,9.4300,9.6400,9.4100,9.5600,9.5000,4754723,45473274.0000,3,4.707647,1,0.631600,0
2013-02-18,sh.603167,9.6100,9.7400,9.5200,9.7100,9.5600,5580620,53797233.0000,3,5.525366,1,1.569000,0
2013-02-19,sh.603167,9.7100,9.7700,9.5000,9.5200,9.7100,3577272,34383505.0000,3,3.541853,1,-1.956700,0
2013-02-20,sh.603167,9.4100,9.6500,9.4100,9.6400,9.5200,2863684,27411340.0000,3,2.835331,1,1.260500,0
2013-02-21,sh.603167,9.6000,9.6000,9.3000,9.3800,9.6400,4201195,39659200.0000,3,4.159599,1,-2.697100,0
2013-02-22,sh.603167,9.3400,9.4100,9.1900,9.2400,9.3800,3666126,34066591.0000,3,3.629828,1,-1.492500,0
2013-02-25,sh.603167,9.0000,9.1100,8.8500,9.0100,9.2400,7288622,65370096.0000,3,7.216457,1,-2.489200,0
2013-02-26,sh.603167,8.9600,9.0200,8.8600,8.9100,9.0100,5283889,47178229.0000,3,5.231573,1,-1.109900,0
2013-02-27,sh.603167,8.9000,8.9700,8.8300,8.9300,8.9100,2869989,25566072.0000,3,2.841573,1,0.224500,0
2013-02-28,sh.603167,8.9000,9.1100,8.9000,9.1000,8.9300,4730268,42626291.0000,3,4.683434,1,1.903700,0
2013-03-01,sh.603167,9.1400,9.1500,8.9600,9.0300,9.1000,4114515,37232326.0000,3,4.073777,1,-0.769200,0
2013-03-04,sh.603167,9.0100,9.0200,8.3500,8.4400,9.0300,5896079,50986329.0000,3,5.837702,1,-6.533800,0
2013-03-05,sh.603167,8.3800,8.5500,8.3700,8.5400,8.4400,3372853,28506917.0000,3,3.339458,1,1.184800,0
2013-03-06,sh.603167,8.5300,8.6800,8.4700,8.6600,8.5400,3843337,33010196.0000,3,3.805284,1,1.405200,0
2013-03-07,sh.603167,8.6700,8.6700,8.5100,8.6000,8.6600,3259992,27972007.0000,3,3.227715,1,-0.692800,0
2013-03-08,sh.603167,8.6100,8.6300,8.4500,8.4600,8.6000,2463500,21003613.0000,3,2.439109,1,-1.627900,0
2013-03-11,sh.603167,8.4900,8.6100,8.4200,8.5800,8.4600,2565698,21875539.0000,3,2.540295,1,1.418400,0
2013-03-12,sh.603167,8.5500,8.8200,8.5300,8.7700,8.5800,7684881,66901517.0000,3,7.608793,1,2.214500,0
2013-03-13,sh.603167,8.8000,8.8000,8.5800,8.6700,8.7700,3132416,27269887.0000,3,3.101402,1,-1.140300,0
2013-03-14,sh.603167,8.6700,8.7500,8.6100,8.6700,8.6700,2379136,20629414.0000,3,2.355580,1,0.000000,0
2013-03-15,sh.603167,8.7500,9.1700,8.7200,8.9500,8.6700,11146202,100351474.0000,3,11.035844,1,3.229500,0
2013-03-18,sh.603167,8.9200,9.0800,8.8000,9.0100,8.9500,5550667,49714928.0000,3,5.495710,1,0.670400,0
2013-03-19,sh.603167,9.0100,9.1100,8.7200,9.1000,9.0100,6006364,53861816.0000,3,5.946895,1,0.998900,0
2013-03-20,sh.603167,9.0800,9.2000,8.9800,9.1500,9.1000,7729384,70463696.0000,3,7.652855,1,0.549400,0
2013-03-21,sh.603167,9.1700,9.4700,9.1400,9.2300,9.1500,8151507,75821968.0000,3,8.070799,1,0.874300,0
2013-03-22,sh.603167,9.2600,9.2700,9.1400,9.1700,9.2300,4264454,39165616.0000,3,4.222232,1,-0.650000,0
2013-03-25,sh.603167,9.1800,9.2500,9.0200,9.0900,9.1700,3565153,32418408.0000,3,3.529854,1,-0.872400,0
2013-03-26,sh.603167,9.0900,9.1400,8.6700,8.7400,9.0900,5499429,48350224.0000,3,5.444979,1,-3.850400,0
2013-03-27,sh.603167,8.7300,8.8600,8.6000,8.6800,8.7400,4000693,34931748.0000,3,3.961082,1,-0.686500,0
2013-03-28,sh.603167,8.6100,8.6100,8.0100,8.0600,8.6800,5492812,45616836.0000,3,5.438428,1,-7.142900,0
2013-03-29,sh.603167,8.1100,8.1500,7.9800,8.0300,8.0600,3648714,29425744.0000,3,3.612588,1,-0.372200,0
2013-04-01,sh.603167,8.0400,8.1800,8.0400,8.1100,8.0300,1918102,15567546.0000,3,1.899111,1,0.996300,0
2013-04-02,sh.603167,8.1200,8.2000,8.0000,8.0100,8.1100,2324557,18787228.0000,3,2.301542,1,-1.233000,0
2013-04-03,sh.603167,8.0100,8.0600,7.7300,7.8200,8.0100,2986458,23513244.0000,3,2.956889,1,-2.372000,0
2013-04-08,sh.603167,7.6200,7.7100,7.3800,7.7000,7.8200,2500547,18829634.0000,3,2.475789,1,-1.534500,0
2013-04-09,sh.603167,7.7600,7.8600,7.6800,7.8000,7.7000,2263669,17567248.0000,3,2.241256,1,1.298700,0
2013-04-10,sh.603167,7.8100,7.8100,7.6100,7.7500,7.8000,2313068,17823466.0000,3,2.290166,1,-0.641000,0
2013-04-11,sh.603167,7.8000,7.8100,7.6600,7.7000,7.7500,1701920,13161035.0000,3,1.685069,1,-0.645200,0
2013-04-12,sh.603167,7.6900,7.7200,7.6100,7.6400,7.7000,1197351,9166240.0000,3,1.185496,1,-0.779220,0
2013-04-15,sh.603167,7.6400,7.7400,7.6000,7.7200,7.6400,1531081,11732804.0000,3,1.515922,1,1.047100,0
2013-04-16,sh.603167,7.6600,7.8600,7.6200,7.8400,7.7200,2152074,16714567.0000,3,2.130766,1,1.554409,0
2013-04-17,sh.603167,7.8500,7.8800,7.7600,7.8400,7.8400,1566552,12248039.0000,3,1.551042,1,0.000000,0
2013-04-18,sh.603167,7.8000,7.8800,7.7200,7.8600,7.8400,1595567,12487944.0000,3,1.579769,1,0.255100,0
2013-04-19,sh.603167,7.8600,8.0100,7.8300,7.9700,7.8600,3520065,27959974.0000,3,3.485213,1,1.399487,0
2013-04-22,sh.603167,7.9100,7.9400,7.8100,7.8400,7.9700,2696291,21183432.0000,3,2.669595,1,-1.631100,0
2013-04-23,sh.603167,7.8400,7.8900,7.5100,7.5200,7.8400,2853175,21880768.0000,3,2.824926,1,-4.081600,0
2013-04-24,sh.603167,7.5700,7.6700,7.5100,7.6000,7.5200,2357217,17843720.0000,3,2.333878,1,1.063800,0
2013-04-25,sh.603167,7.6200,7.6200,7.3500,7.3500,7.6000,3211699,23928112.0000,3,3.179900,1,-3.289500,0
2013-04-26,sh.603167,7.4000,7.4500,7.3400,7.3800,7.3500,1936708,14298707.0000,3,1.917533,1,0.408166,0
2013-05-02,sh.603167,7.3800,7.3900,7.2800,7.3600,7.3800,1289452,9467726.0000,3,1.276685,1,-0.271000,0
2013-05-03,sh.603167,7.3800,7.5400,7.3300,7.5100,7.3600,1988603,14886311.0000,3,1.968914,1,2.038045,0
2013-05-06,sh.603167,7.5100,7.6700,7.4800,7.6600,7.5100,2483541,18802680.0000,3,2.458951,1,1.997300,0
2013-05-07,sh.603167,7.6500,7.7300,7.5800,7.7100,7.6600,2273850,17405032.0000,3,2.251337,1,0.652700,0
2013-05-08,sh.603167,7.6900,7.7400,7.6100,7.6900,7.7100,1995895,15311209.0000,3,1.976134,1,-0.259400,0
2013-05-09,sh.603167,7.7000,7.7000,7.4900,7.6200,7.6900,2528571,19180148.0000,3,2.503536,1,-0.910300,0
2013-05-10,sh.603167,7.6400,7.8400,7.5900,7.8300,7.6200,4061667,31466338.0000,3,4.021452,1,2.755900,0
2013-05-13,sh.603167,7.8600,8.0700,7.8300,7.9300,7.8300,4524650,36056344.0000,3,4.479851,1,1.277100,0
2013-05-14,sh.603167,7.9000,7.9000,7.6500,7.7000,7.9300,3027101,23478996.0000,3,2.997130,1,-2.900400,0
2013-05-15,sh.603167,7.6900,7.7800,7.6900,7.7700,7.7000,1734794,13418722.0000,3,1.717618,1,0.909100,0
2013-05-16,sh.603167,7.7900,7.9600,7.7500,7.9500,7.7700,3830778,30285320.0000,3,3.792850,1,2.316600,0
2013-05-17,sh.603167,7.9500,8.1000,7.8900,8.0900,7.9500,4003030,32056438.0000,3,3.963396,1,1.761000,0
2013-05-20,sh.603167,8.1300,8.2000,8.0300,8.1300,8.0900,3758256,30470348.0000,3,3.721046,1,0.494400,0
2013-05-21,sh.603167,8.1300,8.1700,8.0300,8.1600,8.1300,3905937,31561578.0000,3,3.867264,1,0.369000,0
2013-05-22,sh.603167,8.1400,8.2600,8.1000,8.1800,8.1600,4214907,34488564.0000,3,4.173175,1,0.245100,0
2013-05-23,sh.603167,8.1600,8.2500,7.9700,7.9800,8.1800,4161621,33656716.0000,3,4.120417,1,-2.445000,0
2013-05-24,sh.603167,7.9900,8.1100,7.9200,8.0800,7.9800,3228903,25850592.0000,3,3.196934,1,1.253100,0
2013-05-27,sh.603167,8.0600,8.1500,8.0200,8.1400,8.0800,3472507,28122124.0000,3,3.438126,1,0.742600,0
2013-05-28,sh.603167,8.1800,8.4300,8.1100,8.3900,8.1400,7705150,64063040.0000,3,7.628861,1,3.071300,0
2013-05-29,sh.603167,8.3500,8.4500,8.3200,8.3500,8.3900,4104372,34368184.0000,3,4.063735,1,-0.476800,0
2013-05-30,sh.603167,8.3100,8.7500,8.3000,8.6900,8.3500,8172382,69704688.0000,3,8.091467,1,4.071900,0
2013-05-31,sh.603167,8.7600,8.7600,8.5000,8.5200,8.6900,5007927,43021788.0000,3,4.958344,1,-1.956262,0
2013-06-03,sh.603167,8.4700,8.5400,8.3000,8.3500,8.5200,3704007,31057396.0000,3,3.667334,1,-1.995300,0
2013-06-04,sh.603167,8.3800,8.3800,8.1100,8.1900,8.3500,3583999,29431418.0000,3,3.548514,1,-1.916200,0
2013-06-05,sh.603167,8.1500,8.2100,8.0700,8.1400,8.1900,2160055,17551968.0000,3,2.138668,1,-0.610500,0
2013-06-06,sh.603167,8.1500,8.1700,8.0200,8.0300,8.1400,1620781,13119823.0000,3,1.604734,1,-1.351400,0
2013-06-07,sh.603167,8.0300,8.1000,7.7500,7.7600,8.0300,1961196,15485537.0000,3,1.941778,1,-3.362400,0
2013-06-13,sh.603167,7.7400,7.7400,7.3800,7.4900,7.7600,1657240,12420521.0000,3,1.640832,1,-3.479400,0
2013-06-14,sh.603167,7.4900,7.5900,7.4800,7.5300,7.4900,1606806,12114044.0000,3,1.590897,1,0.534000,0
2013-06-17,sh.603167,7.4700,7.5700,7.4000,7.5000,7.5300,1701787,12758836.0000,3,1.684938,1,-0.398400,0
2013-06-18,sh.603167,7.5400,7.5800,7.4500,7.5400,7.5000,1271031,9561513.0000,3,1.258447,1,0.533300,0
2013-06-19,sh.603167,7.4900,7.5000,7.2600,7.4200,7.5400,1602820,11807028.0000,3,1.586950,1,-1.591500,0
2013-06-20,sh.603167,7.4000,7.4000,7.1200,7.1400,7.4200,1576119,11470948.0000,3,1.560514,1,-3.773600,0
2013-06-21,sh.603167,7.0900,7.2200,6.9100,7.1800,7.1400,1982323,14005345.0000,3,1.962696,1,0.560200,0
2013-06-24,sh.603167,7.1700,7.1700,6.6600,6.7100,7.1800,2276234,15708316.0000,3,2.253697,1,-6.546000,0
2013-06-25,sh.603167,6.6800,6.8400,6.4000,6.7600,6.7100,2596934,17287492.0000,3,2.571222,1,0.745200,0
2013-06-26,sh.603167,6.8000,6.9700,6.6900,6.9500,6.7600,2056279,13993859.0000,3,2.035920,1,2.810700,0
2013-06-27,sh.603167,6.8300,6.8500,6.5700,6.6100,6.7800,1558797,10489427.0000,3,1.543363,1,-2.507400,0
2013-06-28,sh.603167,6.6000,6.7500,6.5200,6.6700,6.6100,1103130,7321507.0000,3,1.092208,1,0.907700,0
2013-07-01,sh.603167,6.7000,6.7700,6.6500,6.7600,6.6700,1028020,6901860.0000,3,1.017842,1,1.349300,0
2013-07-02,sh.603167,6.7700,6.8500,6.6800,6.8300,6.7600,1318305,8899425.0000,3,1.305252,1,1.035500,0
2013-07-03,sh.603167,6.8000,6.8300,6.6500,6.7200,6.8300,1455003,9769192.0000,3,1.440597,1,-1.610500,0
2013-07-04,sh.603167,6.7400,6.9000,6.6500,6.8600,6.7200,1953405,13317170.0000,3,1.934064,1,2.083300,0
2013-07-05,sh.603167,6.8600,6.9500,6.8300,6.9000,6.8600,2272758,15649158.0000,3,2.250255,1,0.583100,0
2013-07-08,sh.603167,6.8200,6.8200,6.5600,6.5700,6.9000,2930272,19596188.0000,3,2.901259,1,-4.782600,0
2013-07-09,sh.603167,6.5800,6.8400,6.4800,6.7700,6.5700,4115389,27507820.0000,3,4.074643,1,3.044100,0
2013-07-10,sh.603167,6.7100,7.1500,6.6900,7.0900,6.7700,6435950,44762672.0000,3,6.372228,1,4.726700,0
2013-07-11,sh.603167,7.0500,7.4300,7.0300,7.3000,7.0900,7353785,53265384.0000,3,7.280975,1,2.961900,0
2013-07-12,sh.603167,7.2200,7.5100,7.0800,7.4500,7.3000,8435520,61451948.0000,3,8.352000,1,2.054800,0
2013-07-15,sh.603167,7.4000,7.8900,7.3200,7.7100,7.4500,8856096,67413328.0000,3,8.768412,1,3.489900,0
2013-07-16,sh.603167,7.7100,7.9700,7.5500,7.8300,7.7100,7982819,61893568.0000,3,7.903781,1,1.556400,0
2013-07-17,sh.603167,7.7800,7.9500,7.6700,7.7900,7.8300,7810050,61148116.0000,3,7.732723,1,-0.510900,0
2013-07-18,sh.603167,7.7300,7.8500,7.6000,7.7500,7.7900,6523642,50519152.0000,3,6.459051,1,-0.513500,0
2013-07-19,sh.603167,7.6900,7.7100,7.3100,7.6300,7.7500,7521801,56921544.0000,3,7.447328,1,-1.548400,0
2013-07-22,sh.603167,7.4100,7.5600,7.3600,7.4700,7.6300,7078796,52576536.0000,3,7.008709,1,-2.097000,0
2013-07-23,sh.603167,7.4800,7.6300,7.3100,7.5800,7.4700,5430104,40761620.0000,3,5.376341,1,1.472600,0
2013-07-24,sh.603167,7.5100,7.5600,7.3400,7.3700,7.5800,3555696,26388168.0000,3,3.520491,1,-2.770400,0
2013-07-25,sh.603167,7.3700,7.5500,7.3400,7.4700,7.3700,3039366,22693020.0000,3,3.009273,1,1.356900,0
2013-07-26,sh.603167,7.3600,7.5700,7.3200,7.5500,7.4700,2926550,21851562.0000,3,2.897574,1,1.071000,0
2013-07-29,sh.603167,7.5100,7.8000,7.4200,7.7700,7.5500,6604130,50824188.0000,3,6.538743,1,2.913900,0
2013-07-30,sh.603167,7.8400,7.8400,7.4300,7.6000,7.7700,3712385,28376680.0000,3,3.675629,1,-2.187900,0
2013-07-31,sh.603167,7.6300,7.6800,7.4100,7.4200,7.6000,3789775,28421090.0000,3,3.752252,1,-2.368400,0
2013-08-01,sh.603167,7.4300,7.5400,7.3200,7.5200,7.4200,3167987,23683034.0000,3,3.136621,1,1.347700,0
2013-08-02,sh.603167,7.5300,7.7700,7.4800,7.7400,7.5200,4897216,37439944.0000,3,4.848729,1,2.925500,0
2013-08-05,sh.603167,7.7100,7.8400,7.6800,7.7500,7.7400,3862551,29935828.0000,3,3.824308,1,0.129200,0
2013-08-06,sh.603167,7.7400,7.8100,7.6600,7.7600,7.7500,3076305,23825748.0000,3,3.045847,1,0.129000,0
2013-08-07,sh.603167,7.7500,8.0500,7.7200,7.8500,7.7600,8262350,65297160.0000,3,8.180545,1,1.159800,0
2013-08-08,sh.603167,7.7800,7.8900,7.6800,7.7300,7.8500,4225303,32765608.0000,3,4.183468,1,-1.528700,0
2013-08-09,sh.603167,7.7300,7.8400,7.6000,7.7200,7.7300,2753988,21279948.0000,3,2.726721,1,-0.129400,0
2013-08-12,sh.603167,7.7100,7.8600,7.6500,7.8300,7.7200,3754695,29107056.0000,3,3.717520,1,1.424900,0
2013-08-13,sh.603167,7.8400,7.9100,7.7600,7.9000,7.8300,3567435,27985904.0000,3,3.532114,1,0.894000,0
2013-08-14,sh.603167,7.8800,8.0500,7.7500,7.7800,7.9000,4554322,35987024.0000,3,4.509230,1,-1.519000,0
2013-08-15,sh.603167,7.7200,7.8200,7.5800,7.6100,7.7800,3308717,25475684.0000,3,3.275957,1,-2.185100,0
2013-08-16,sh.603167,7.6000,7.7800,7.3800,7.4000,7.6100,2831132,21517256.0000,3,2.803101,1,-2.759500,0
2013-08-19,sh.603167,7.3500,7.5200,7.2700,7.4800,7.4000,2051945,15228499.0000,3,2.031629,1,1.081100,0
2013-08-20,sh.603167,7.4100,7.5300,7.4000,7.4100,7.4800,1635527,12187042.0000,3,1.619334,1,-0.935800,0
2013-08-21,sh.603167,7.4100,7.5000,7.3800,7.4700,7.4100,1387318,10332748.0000,3,1.373582,1,0.809700,0
2013-08-22,sh.603167,7.4800,7.5200,7.4000,7.4200,7.4700,1322858,9865930.0000,3,1.309760,1,-0.669300,0
2013-08-23,sh.603167,7.4200,7.5000,7.2100,7.2800,7.4200,2847304,20870504.0000,3,2.819113,1,-1.886800,0
2013-08-26,sh.603167,7.3000,7.5000,7.2800,7.4700,7.2800,2556143,18933924.0000,3,2.530835,1,2.609900,0
2013-08-27,sh.603167,7.5000,8.1500,7.4800,8.1200,7.4700,11731034,92753808.0000,3,11.614885,1,8.701500,0
2013-08-28,sh.603167,8.0400,8.0700,7.8300,7.9200,8.1200,8306368,66033560.0000,3,8.224127,1,-2.463100,0
2013-08-29,sh.603167,7.8800,8.4800,7.8400,8.2900,7.9200,13023883,107566360.0000,3,12.894934,1,4.671700,0
2013-08-30,sh.603167,8.2900,9.1200,8.2500,8.7300,8.2900,21793948,190322816.0000,3,21.578166,1,5.307600,0
2013-09-02,sh.603167,8.8100,8.8400,7.8800,8.1400,8.7300,11932351,97858704.0000,3,11.814209,1,-6.758300,0
2013-09-03,sh.603167,8.0600,8.1200,7.9300,8.0600,8.1400,6033881,48450240.0000,3,5.974140,1,-0.982800,0
2013-09-04,sh.603167,8.0400,8.2200,8.0100,8.0800,8.0600,5719681,46378576.0000,3,5.663050,1,0.248100,0
2013-09-05,sh.603167,8.0800,8.0800,7.7700,7.8100,8.0800,6881890,53962032.0000,3,6.813752,1,-3.341600,0
2013-09-06,sh.603167,7.8000,7.9600,7.7200,7.9000,7.8100,6019104,47384016.0000,3,5.959509,1,1.152400,0
2013-09-09,sh.603167,7.9100,8.2200,7.8600,8.1200,7.9000,7733706,62619948.0000,3,2.581547,1,2.784800,0
2013-09-10,sh.603167,8.0900,8.4200,8.0600,8.3000,8.1200,9768158,80809824.0000,3,3.260656,1,2.216700,0
2013-09-11,sh.603167,8.3300,8.5800,8.0800,8.1400,8.3000,7667933,63505241.0000,3,2.559591,1,-1.927700,0
2013-09-12,sh.603167,8.1700,8.2100,8.0300,8.1000,8.1400,4765176,38620432.0000,3,1.590638,1,-0.491400,0
2013-09-13,sh.603167,8.0600,8.1100,7.9500,7.9900,8.1000,3679942,29479854.0000,3,1.228382,1,-1.358000,0
2013-09-16,sh.603167,8.0000,8.1600,7.9800,8.1500,7.9900,3585519,28987489.0000,3,1.196863,1,2.002500,0
2013-09-17,sh.603167,8.1600,8.1600,7.9600,7.9700,8.1500,2928887,23592591.0000,3,0.977676,1,-2.208600,0
2013-09-18,sh.603167,8.0200,8.0400,7.9000,7.9600,7.9700,2219246,17709748.0000,3,0.740794,1,-0.125500,0
2013-09-23,sh.603167,7.9600,8.0700,7.8800,8.0600,7.9600,2761572,22108380.0000,3,0.921825,1,1.256300,0
2013-09-24,sh.603167,8.0600,8.0800,7.9000,7.9700,8.0600,3706181,29517966.0000,3,1.237140,1,-1.116600,0
2013-09-25,sh.603167,7.9600,7.9700,7.6800,7.7200,7.9700,4901662,38220079.0000,3,1.636197,1,-3.136800,0
2013-09-26,sh.603167,7.7200,7.7700,7.5100,7.5300,7.7200,2861853,21804070.0000,3,0.955300,1,-2.461100,0
2013-09-27,sh.603167,7.4900,7.6500,7.4700,7.6500,7.5300,2297628,17383554.0000,3,0.766959,1,1.593600,0
2013-09-30,sh.603167,7.6600,7.8200,7.6500,7.6800,7.6500,2262188,17456784.0000,3,0.755129,1,0.392200,0
2013-10-08,sh.603167,7.6900,7.8400,7.6000,7.7600,7.6800,2411019,18726696.0000,3,0.804809,1,1.041700,0
2013-10-09,sh.603167,7.7500,8.0900,7.7500,8.0600,7.7600,6045311,48272851.0000,3,2.017953,1,3.866000,0
2013-10-10,sh.603167,8.0800,8.1200,7.9100,7.9600,8.0600,3649766,29101941.0000,3,1.218309,1,-1.240700,0
2013-10-11,sh.603167,7.9500,8.1200,7.9500,8.1100,7.9600,4498054,36134812.0000,3,1.501471,1,1.884400,0
2013-10-14,sh.603167,8.1100,8.1300,8.0300,8.1000,8.1100,3804849,30747906.0000,3,1.270076,1,-0.123300,0
2013-10-15,sh.603167,8.0900,8.1000,7.9800,8.0800,8.1000,3335766,26824152.0000,3,1.113494,1,-0.246900,0
2013-10-16,sh.603167,8.1100,8.1800,7.9500,8.0800,8.0800,4363035,35292703.0000,3,1.456401,1,0.000000,0
2013-10-17,sh.603167,8.0800,8.1700,8.0100,8.0900,8.0800,3162802,25595743.0000,3,1.055758,1,0.123800,0
2013-10-18,sh.603167,8.1100,8.1700,8.0200,8.1600,8.0900,4059043,33002799.0000,3,1.354927,1,0.865300,0
2013-10-21,sh.603167,8.2900,8.3300,8.1700,8.2400,8.1600,4762097,39245972.0000,3,1.589610,1,0.980400,0
2013-10-22,sh.603167,8.1900,8.4200,8.1800,8.2300,8.2400,4748853,39446795.0000,3,1.585189,1,-0.121400,0
2013-10-23,sh.603167,8.2100,8.3000,7.9400,7.9900,8.2300,4326295,34914768.0000,3,1.444137,1,-2.916200,0
2013-10-24,sh.603167,7.9600,8.1200,7.9300,8.0100,7.9900,1957774,15716474.0000,3,0.653514,1,0.250300,0
2013-10-25,sh.603167,8.0100,8.0700,7.8300,7.8300,8.0100,2043780,16267333.0000,3,0.682223,1,-2.247200,0
2013-10-28,sh.603167,7.8800,7.8800,7.7300,7.8700,7.8300,1974460,15388463.0000,3,0.659084,1,0.510900,0
2013-10-29,sh.603167,7.9700,8.0400,7.7100,7.9900,7.8700,4344240,34115553.0000,3,1.450127,1,1.524800,0
2013-10-30,sh.603167,8.0000,8.2400,7.9900,8.2400,7.9900,6118925,49929308.0000,3,2.042525,1,3.128900,0
2013-10-31,sh.603167,8.2700,8.3000,8.1300,8.2800,8.2400,4685367,38540415.0000,3,1.563997,1,0.485400,0
2013-11-01,sh.603167,8.2500,8.3100,8.1300,8.2600,8.2800,3457670,28418407.0000,3,1.154186,1,-0.241500,0
2013-11-04,sh.603167,8.3000,8.4400,8.2500,8.3900,8.2600,7273471,60928161.0000,3,2.427918,1,1.573800,0
2013-11-05,sh.603167,8.3800,8.3800,8.1300,8.2500,8.3900,5160066,42458897.0000,3,1.722454,1,-1.668700,0
2013-11-06,sh.603167,8.2300,8.3100,8.1500,8.1700,8.2500,3337149,27467643.0000,3,1.113956,1,-0.969700,0
2013-11-07,sh.603167,8.1500,8.4400,8.1300,8.4200,8.1700,8588187,71742508.0000,3,2.866776,1,3.060000,0
2013-11-08,sh.603167,8.4300,8.4300,8.0000,8.0000,8.4200,6727784,55214560.0000,3,2.245765,1,-4.988100,0
2013-11-11,sh.603167,7.9300,7.9500,7.7700,7.8900,8.0000,3087631,24250755.0000,3,1.030665,1,-1.375000,0
2013-11-12,sh.603167,7.8900,8.2500,7.8500,8.2300,7.8900,3574049,28670027.0000,3,1.193034,1,4.309300,0
2013-11-13,sh.603167,8.1500,8.4000,8.1000,8.2200,8.2300,6189597,51236104.0000,3,2.066116,1,-0.121500,0
2013-11-14,sh.603167,8.1100,8.3900,8.1000,8.3400,8.2200,5412651,44917304.0000,3,1.806768,1,1.459900,0
2013-11-15,sh.603167,8.3900,8.5900,8.2900,8.4300,8.3400,9956054,84002919.0000,3,3.323376,1,1.079100,0
2013-11-18,sh.603167,8.4000,8.6500,8.4000,8.5400,8.4300,8024807,68351846.0000,3,2.678717,1,1.304900,0
2013-11-19,sh.603167,8.5600,8.7300,8.4600,8.4800,8.5400,6912384,59267964.0000,3,2.307385,1,-0.702600,0
2013-11-20,sh.603167,8.5000,8.6600,8.3700,8.6500,8.4800,6811119,58160570.0000,3,2.273583,1,2.004700,0
2013-11-21,sh.603167,8.5900,8.7700,8.5200,8.6500,8.6500,5772813,49965532.0000,3,1.926991,1,0.000000,0
2013-11-22,sh.603167,8.7100,8.9300,8.4900,8.5200,8.6500,8526758,74662876.0000,3,2.846271,1,-1.502900,0
2013-11-25,sh.603167,8.5200,9.2300,8.4200,9.0300,8.5200,12697516,113703132.0000,3,4.238489,1,5.985900,0
2013-11-26,sh.603167,9.1000,9.2300,8.9500,9.0600,9.0300,11611286,105718864.0000,3,3.875901,1,0.332200,0
2013-11-27,sh.603167,9.0700,9.1300,8.9300,9.0600,9.0600,6653221,60223376.0000,3,2.220876,1,0.000000,0
2013-11-28,sh.603167,9.0600,9.1800,8.9800,9.1200,9.0600,6937380,62922448.0000,3,2.315729,1,0.662300,0
2013-11-29,sh.603167,9.1200,9.4000,9.0800,9.1200,9.1200,9595816,88666495.0000,3,3.203127,1,0.000000,0
2013-12-02,sh.603167,8.9000,8.9400,8.2200,8.3600,9.1200,9944998,85346600.0000,3,3.319686,1,-8.333300,0
2013-12-03,sh.603167,8.2500,8.6800,8.2300,8.6500,8.3600,4927615,41964957.0000,3,1.644860,1,3.468900,0
2013-12-04,sh.603167,8.5900,8.9600,8.5600,8.7800,8.6500,6893619,60711268.0000,3,2.301122,1,1.502900,0
2013-12-05,sh.603167,8.7700,8.7800,8.6300,8.7100,8.7800,3835298,33326273.0000,3,1.280240,1,-0.797300,0
2013-12-06,sh.603167,8.7000,8.7800,8.6600,8.7300,8.7100,2589171,22569796.0000,3,0.864277,1,0.229600,0
2013-12-09,sh.603167,8.7700,8.9300,8.7000,8.8800,8.7300,3805199,33519990.0000,3,1.270193,1,1.718200,0
2013-12-10,sh.603167,8.8800,8.9900,8.8500,8.9200,8.8800,3677836,32803846.0000,3,1.227679,1,0.450500,0
2013-12-11,sh.603167,8.8800,8.9200,8.5500,8.6500,8.9200,4074593,35472526.0000,3,1.360118,1,-3.026900,0
2013-12-12,sh.603167,8.6400,8.6900,8.5800,8.6500,8.6500,2179903,18824785.0000,3,0.727662,1,0.000000,0
2013-12-13,sh.603167,8.6400,8.6600,8.5100,8.6300,8.6500,2042606,17574979.0000,3,0.681831,1,-0.231200,0
2013-12-16,sh.603167,8.6000,8.6800,8.3200,8.3900,8.6300,2939384,24888531.0000,3,0.981180,1,-2.781000,0
2013-12-17,sh.603167,8.3700,8.4700,8.3000,8.4500,8.3900,2342451,19649535.0000,3,0.781921,1,0.715100,0
2013-12-18,sh.603167,8.4600,8.5200,8.4000,8.4600,8.4500,1441557,12212205.0000,3,0.481198,1,0.118300,0
2013-12-19,sh.603167,8.4800,8.5200,8.3000,8.3100,8.4600,1889599,15876200.0000,3,0.630757,1,-1.773000,0
2013-12-20,sh.603167,8.3000,8.3500,8.0600,8.1800,8.3100,3028398,24808686.0000,3,1.010893,1,-1.564400,0
2013-12-23,sh.603167,8.1700,8.2800,8.0800,8.1600,8.1800,1693144,13820183.0000,3,0.565179,1,-0.244500,0
2013-12-24,sh.603167,8.1900,8.2700,8.1300,8.2000,8.1600,1699308,13939142.0000,3,0.567237,1,0.490200,0
2013-12-25,sh.603167,8.2000,8.2900,8.1700,8.2800,8.2000,1358496,11175739.0000,3,0.453472,1,0.975600,0
2013-12-26,sh.603167,8.2900,8.3000,8.1200,8.1600,8.2800,1993906,16308143.0000,3,0.665575,1,-1.449300,0
2013-12-27,sh.603167,8.1700,8.3600,8.1200,8.3200,8.1600,1924633,15939010.0000,3,0.642451,1,1.960800,0
2013-12-30,sh.603167,8.3300,8.4100,8.2700,8.3700,8.3200,2188840,18260336.0000,3,0.730645,1,0.601000,0
2013-12-31,sh.603167,8.3000,8.3800,8.2400,8.3500,8.3700,1546256,12834607.0000,3,0.507775,1,-0.238900,0
2014-01-02,sh.603167,8.3500,8.3500,8.2200,8.2900,8.3500,1649265,13636038.0000,3,0.541602,1,-0.718600,0
2014-01-03,sh.603167,8.2600,8.2800,8.0800,8.1100,8.2900,3209013,26110504.0000,3,1.053807,1,-2.171300,0
2014-01-06,sh.603167,8.1000,8.1400,8.0600,8.0700,8.1100,1891304,15291869.0000,3,0.621085,1,-0.493200,0
2014-01-07,sh.603167,8.0100,8.1400,7.9500,8.0600,8.0700,1719441,13838443.0000,3,0.564647,1,-0.123900,0
2014-01-08,sh.603167,8.0200,8.1300,7.9500,7.9900,8.0600,1374038,11042688.0000,3,0.451220,1,-0.868500,0
2014-01-09,sh.603167,7.9600,8.0300,7.4500,7.6000,7.9900,2235874,17484424.0000,3,0.734238,1,-4.881100,0
2014-01-10,sh.603167,7.5200,7.6900,7.2800,7.2900,7.6000,2701352,19986657.0000,3,0.887096,1,-4.078900,0
2014-01-13,sh.603167,7.3300,7.4100,7.2600,7.3600,7.2900,1083451,7950889.0000,3,0.355794,1,0.960200,0
2014-01-14,sh.603167,7.3700,7.4900,7.3500,7.4700,7.3600,1046880,7777933.0000,3,0.343785,1,1.494600,0
2014-01-15,sh.603167,7.4300,7.4900,7.4000,7.4600,7.4700,1036778,7719528.0000,3,0.340467,1,-0.133900,0
2014-01-16,sh.603167,7.4600,7.5100,7.4000,7.5100,7.4600,1489708,11124007.0000,3,0.489205,1,0.670200,0
2014-01-17,sh.603167,7.4800,7.4800,7.3100,7.3300,7.5100,1141804,8418626.0000,3,0.374957,1,-2.396800,0
2014-01-20,sh.603167,7.2600,7.3700,7.2600,7.3400,7.3300,883262,6465039.0000,3,0.290054,1,0.136400,0
2014-01-21,sh.603167,7.3200,7.4400,7.3200,7.4200,7.3400,889709,6591629.0000,3,0.292171,1,1.089900,0
2014-01-22,sh.603167,7.4200,7.6500,7.4200,7.6200,7.4200,1953990,14833822.0000,3,0.641670,1,2.695400,0
2014-01-23,sh.603167,7.5600,7.6400,7.5600,7.6100,7.6200,1579935,12005689.0000,3,0.518835,1,-0.131200,0
2014-01-24,sh.603167,7.6000,7.7500,7.5600,7.6800,7.6100,1857846,14293096.0000,3,0.610098,1,0.919800,0
2014-01-27,sh.603167,7.6100,7.7400,7.6100,7.6800,7.6800,1204116,9250547.0000,3,0.395419,1,0.000000,0
2014-01-28,sh.603167,7.6500,7.9600,7.6400,7.8500,7.6800,2680049,20979800.0000,3,0.880101,1,2.213500,0
2014-01-29,sh.603167,7.9000,8.6000,7.7900,8.4100,7.8500,7750036,64206590.0000,3,2.545033,1,7.133800,0
2014-01-30,sh.603167,8.3900,8.8500,8.2000,8.7500,8.4100,7939088,68631720.0000,3,2.607115,1,4.042800,0
2014-02-07,sh.603167,8.7900,9.2200,8.7900,9.1600,8.7500,18549201,168154822.0000,3,6.091368,1,4.685700,0
2014-02-10,sh.603167,9.3600,10.0800,9.3600,9.9300,9.1600,25277771,251530650.0000,3,8.300962,1,8.406100,0
2014-02-11,sh.603167,9.9600,10.0700,9.6500,10.0000,9.9300,15501853,153100419.0000,3,5.090650,1,0.704900,0
2014-02-12,sh.603167,9.9200,10.4000,9.7700,10.2000,10.0000,15035784,151901861.0000,3,4.937598,1,2.000000,0
2014-02-13,sh.603167,10.2200,10.8000,9.8400,9.8600,10.2000,14419408,148005775.0000,3,4.735186,1,-3.333300,0
2014-02-14,sh.603167,9.9800,10.1000,9.7800,10.0100,9.8600,9951779,99200229.0000,3,3.268063,1,1.521300,0
2014-02-17,sh.603167,9.9000,10.1100,9.6400,10.0000,10.0100,25173419,247395276.0000,3,8.266694,1,-0.099900,0
2014-02-18,sh.603167,9.9000,10.0300,9.7000,9.8200,10.0000,16958155,167495124.0000,3,5.568885,1,-1.800000,0
2014-02-19,sh.603167,10.2000,10.6700,9.8500,10.2100,9.8200,34600864,356809152.0000,3,11.362571,1,3.971500,0
2014-02-20,sh.603167,10.0100,10.2500,9.5500,9.6700,10.2100,16745667,164292017.0000,3,5.499106,1,-5.288900,0
2014-02-21,sh.603167,9.7400,9.7400,9.3800,9.4700,9.6700,9963190,94638173.0000,3,3.271810,1,-2.068300,0
2014-02-24,sh.603167,9.4400,9.6000,9.1800,9.5300,9.4700,6775775,63695523.0000,3,2.225095,1,0.633600,0
2014-02-25,sh.603167,9.7300,9.7300,9.1500,9.2300,9.5300,7682334,72553326.0000,3,2.522800,1,-3.148000,0
2014-02-26,sh.603167,9.1500,9.3700,8.9600,9.2500,9.2300,6472963,59344006.0000,3,2.125655,1,0.216700,0
2014-02-27,sh.603167,9.3200,9.3300,8.7600,8.8400,9.2500,7054633,64516353.0000,3,2.316669,1,-4.432400,0
2014-02-28,sh.603167,8.8300,9.0300,8.7000,8.9400,8.8400,5416129,48047632.0000,3,1.778602,1,1.131200,0
2014-03-03,sh.603167,8.9200,9.5500,8.8800,9.4100,8.9400,7913145,73640355.0000,3,2.598596,1,5.257300,0
2014-03-04,sh.603167,9.3500,9.7500,9.2600,9.7500,9.4100,9856020,94547656.0000,3,3.236616,1,3.613200,0
2014-03-05,sh.603167,9.7100,9.7700,9.5500,9.7000,9.7500,5444628,52595276.0000,3,1.787960,1,-0.512800,0
2014-03-06,sh.603167,9.6200,9.7500,9.4800,9.5900,9.7000,3437847,32925712.0000,3,1.128954,1,-1.134000,0
2014-03-07,sh.603167,9.6000,9.7700,9.4300,9.4700,9.5900,3817662,36476796.0000,3,1.253681,1,-1.251300,0
2014-03-10,sh.603167,9.3700,9.4600,8.6500,8.7800,9.4700,6138375,55180770.0000,3,2.015780,1,-7.286200,0
2014-03-11,sh.603167,8.7800,8.8700,8.4800,8.8200,8.7800,4954136,43015984.0000,3,1.626888,1,0.455600,0
2014-03-12,sh.603167,8.7500,8.9500,8.6300,8.8800,8.8200,2934129,25825108.0000,3,0.963538,1,0.680300,0
2014-03-13,sh.603167,8.8600,8.9700,8.8100,8.9000,8.8800,2012447,17866066.0000,3,0.660867,1,0.225200,0
2014-03-14,sh.603167,8.8500,9.0900,8.8100,8.9100,8.9000,2841887,25491592.0000,3,0.933247,1,0.112400,0
2014-03-17,sh.603167,8.8800,8.9600,8.8200,8.9400,8.9100,4456223,39629286.0000,3,1.463378,1,0.336700,0
2014-03-18,sh.603167,8.9100,9.2500,8.9000,9.1900,8.9400,5238580,47633549.0000,3,1.720296,1,2.796400,0
2014-03-19,sh.603167,9.1800,9.1800,8.8000,9.0000,9.1900,4060436,36263838.0000,3,1.333406,1,-2.067500,0
2014-03-20,sh.603167,9.0500,9.1500,8.8300,8.8400,9.0000,3857395,34738541.0000,3,1.266729,1,-1.777800,0
2014-03-21,sh.603167,8.8200,9.0200,8.6800,8.9900,8.8400,2834009,25161589.0000,3,0.930660,1,1.696800,0
2014-03-24,sh.603167,9.0500,9.3600,9.0000,9.2200,8.9900,5624725,51767474.0000,3,1.847102,1,2.558400,0
2014-03-25,sh.603167,9.1900,9.2700,9.1400,9.1900,9.2200,3455016,31842863.0000,3,1.134592,1,-0.325400,0
2014-03-26,sh.603167,9.1600,9.2500,9.1500,9.1700,9.1900,2949078,27101152.0000,3,0.968447,1,-0.217600,0
2014-03-27,sh.603167,9.1500,9.3000,9.0800,9.1800,9.1700,4233348,38914191.0000,3,1.390188,1,0.109100,0
2014-03-28,sh.603167,9.1800,9.2500,8.9100,8.9400,9.1800,3493067,31879092.0000,3,1.147088,1,-2.614400,0
2014-03-31,sh.603167,8.9300,8.9500,8.7700,8.8400,8.9400,1648430,14605296.0000,3,0.541328,1,-1.118600,0
2014-04-01,sh.603167,8.8100,9.0100,8.7800,9.0000,8.8400,1408245,12560057.0000,3,0.462453,1,1.810000,0
2014-04-02,sh.603167,8.9900,9.2000,8.9900,9.0600,9.0000,2092008,19080957.0000,3,0.686994,1,0.666700,0
2014-04-03,sh.603167,9.0600,9.2900,9.0600,9.1800,9.0600,2970256,27308493.0000,3,0.975402,1,1.324500,0
2014-04-04,sh.603167,9.1800,9.3800,9.1800,9.3600,9.1800,4273011,39701900.0000,3,1.403213,1,1.960800,0
2014-04-08,sh.603167,9.3500,9.5300,9.2700,9.4400,9.3600,4923997,46393350.0000,3,1.616990,1,0.854700,0
2014-04-09,sh.603167,9.4400,9.5000,9.3300,9.3600,9.4400,3449665,32457105.0000,3,1.132835,1,-0.847500,0
2014-04-10,sh.603167,9.3800,9.4100,9.1900,9.2200,9.3600,5498288,51121024.0000,3,1.805582,1,-1.495700,0
2014-04-11,sh.603167,9.1100,9.2800,9.1100,9.2600,9.2200,2818592,25987506.0000,3,0.925597,1,0.433800,0
2014-04-14,sh.603167,9.3000,9.4200,9.3000,9.3700,9.2600,3107080,29039040.0000,3,1.020333,1,1.187900,0
2014-04-15,sh.603167,9.3500,9.6700,9.3300,9.5400,9.3700,6427292,61199170.0000,3,2.110657,1,1.814300,0
2014-04-16,sh.603167,9.5800,9.6500,9.3600,9.4600,9.5400,4448933,42189255.0000,3,1.460984,1,-0.838600,0
2014-04-17,sh.603167,9.4600,9.7400,9.4400,9.5300,9.4600,6879912,66211281.0000,3,2.259293,1,0.740000,0
2014-04-18,sh.603167,9.5300,9.6800,9.4500,9.6600,9.5300,4487971,42997027.0000,3,1.473804,1,1.364100,0
2014-04-21,sh.603167,9.6000,9.6200,9.2600,9.3000,9.6600,5254125,49668038.0000,3,1.725401,1,-3.726700,0
2014-04-22,sh.603167,9.3000,9.3300,9.1000,9.2300,9.3000,3550210,32654390.0000,3,1.165853,1,-0.752700,0
2014-04-23,sh.603167,9.1900,9.2500,9.0200,9.0700,9.2300,3409547,31083657.0000,3,1.119660,1,-1.733500,0
2014-04-24,sh.603167,8.9000,9.0600,8.8300,8.8500,9.0700,3123908,27897834.0000,3,1.025860,1,-2.425600,0
2014-04-25,sh.603167,8.8300,8.9600,8.7500,8.7900,8.8500,2571517,22757204.0000,3,0.844460,1,-0.678000,0
2014-04-28,sh.603167,8.7900,8.8300,8.5000,8.5200,8.7900,1989919,17120825.0000,3,0.653469,1,-3.071700,0
2014-04-29,sh.603167,8.5600,8.6300,8.5100,8.6100,8.5200,1148973,9849156.0000,3,0.377311,1,1.056300,0
2014-04-30,sh.603167,8.6500,8.9800,8.6000,8.9300,8.6100,2285909,20303620.0000,3,0.750669,1,3.716600,0
2014-05-05,sh.603167,8.9200,9.0400,8.8100,8.9800,8.9300,1920998,17214001.0000,3,0.630836,1,0.559900,0
2014-05-06,sh.603167,9.0000,9.0000,8.8300,8.8900,8.9800,1771051,15814667.0000,3,0.581595,1,-1.002200,0
2014-05-07,sh.603167,8.8500,8.8800,8.6700,8.6900,8.8900,1489126,13043921.0000,3,0.489014,1,-2.249700,0
2014-05-08,sh.603167,8.6900,8.8700,8.6100,8.7000,8.6900,893657,7839242.0000,3,0.293468,1,0.115100,0
2014-05-09,sh.603167,8.7000,8.7400,8.5600,8.6200,8.7000,1227897,10600165.0000,3,0.403229,1,-0.919500,0
2014-05-12,sh.603167,8.7000,8.8500,8.6600,8.8300,8.6200,1527564,13423588.0000,3,0.501636,1,2.436200,0
2014-05-13,sh.603167,8.7900,8.8500,8.7600,8.8300,8.8300,976898,8607872.0000,3,0.320803,1,0.000000,0
2014-05-14,sh.603167,8.8300,8.8900,8.8100,8.8400,8.8300,741407,6549951.0000,3,0.243470,1,0.113300,0
2014-05-15,sh.603167,8.7400,8.8000,8.5300,8.6000,8.6900,1373629,11899077.0000,3,0.451086,1,-1.035700,0
2014-05-16,sh.603167,8.6000,8.7600,8.4500,8.5500,8.6000,1828003,15745286.0000,3,0.600298,1,-0.581400,0
2014-05-19,sh.603167,8.5500,8.5500,8.4100,8.4400,8.5500,931249,7887527.0000,3,0.305813,1,-1.286600,0
2014-05-20,sh.603167,8.5100,9.0700,8.4900,8.7000,8.4400,5916923,52191026.0000,3,1.943057,1,3.080600,0
2014-05-21,sh.603167,8.7500,8.7600,8.5300,8.6900,8.7000,3183167,27551994.0000,3,1.045320,1,-0.114900,0
2014-05-22,sh.603167,8.6300,8.7400,8.6000,8.6700,8.6900,1814867,15768188.0000,3,0.595984,1,-0.230100,0
2014-05-23,sh.603167,8.7000,8.7500,8.6100,8.7000,8.6700,1435259,12458052.0000,3,0.471324,1,0.346000,0
2014-05-26,sh.603167,8.7000,8.7300,8.6500,8.7100,8.7000,1629765,14165875.0000,3,0.535198,1,0.114900,0
2014-05-27,sh.603167,8.7100,8.7700,8.5600,8.5800,8.7100,1909830,16556752.0000,3,0.627169,1,-1.492500,0
2014-05-28,sh.603167,8.5500,8.6600,8.5200,8.6500,8.5800,1839120,15780456.0000,3,0.603948,1,0.815800,0
2014-05-29,sh.603167,8.6600,8.8800,8.6300,8.6400,8.6500,3421087,29902299.0000,3,1.123450,1,-0.115600,0
2014-05-30,sh.603167,8.6000,8.6800,8.4800,8.5700,8.6400,1876535,16052644.0000,3,0.616235,1,-0.810200,0
2014-06-03,sh.603167,8.5700,8.6800,8.5700,8.6000,8.5700,1573066,13586884.0000,3,0.516579,1,0.350100,0
2014-06-04,sh.603167,8.6200,8.6200,8.3200,8.4300,8.6000,2171649,18334223.0000,3,0.713147,1,-1.976700,0
2014-06-05,sh.603167,8.4200,8.5200,8.3900,8.5000,8.4300,799480,6773421.0000,3,0.262541,1,0.830400,0
2014-06-06,sh.603167,8.5000,8.5400,8.3600,8.3900,8.5000,1561772,13158234.0000,3,0.512870,1,-1.294100,0
2014-06-09,sh.603167,8.3600,8.4600,8.3500,8.4100,8.3900,744791,6266245.0000,3,0.244582,1,0.238400,0
2014-06-10,sh.603167,8.4500,8.4700,8.3500,8.4600,8.4100,1291113,10876734.0000,3,0.423988,1,0.594500,0
2014-06-11,sh.603167,8.4800,8.4900,8.3400,8.4500,8.4600,1984281,16729809.0000,3,0.651618,1,-0.118200,0
2014-06-12,sh.603167,8.4600,8.4700,8.3900,8.4200,8.4500,1726423,14564804.0000,3,0.566940,1,-0.355000,0
2014-06-13,sh.603167,8.4200,8.5500,8.4200,8.5300,8.4200,4079853,34638731.0000,3,1.339782,1,1.306400,0
2014-06-16,sh.603167,8.5300,8.6100,8.5000,8.6100,8.5300,2984116,25580936.0000,3,0.979953,1,0.937900,0
2014-06-17,sh.603167,8.5700,8.6100,8.4700,8.5000,8.6100,1867314,15932368.0000,3,0.613207,1,-1.277600,0
2014-06-18,sh.603167,8.4400,8.5400,8.3800,8.3900,8.5000,1501640,12698244.0000,3,0.493123,1,-1.294100,0
2014-06-19,sh.603167,8.3900,8.4600,7.9400,7.9900,8.3900,3220948,26223692.0000,3,1.057726,1,-4.767600,0
2014-06-20,sh.603167,8.0000,8.1000,7.9600,8.0900,7.9900,2028214,16289241.0000,3,0.666045,1,1.251600,0
2014-06-23,sh.603167,8.0800,8.5000,8.0500,8.4600,8.0900,3740475,30988873.0000,3,1.228334,1,4.573500,0
2014-06-24,sh.603167,8.4000,8.9800,8.3500,8.6600,8.4600,11869309,102907515.0000,3,3.897760,1,2.364100,0
2014-06-25,sh.603167,8.6600,8.8600,8.5800,8.6700,8.6600,5654833,49152101.0000,3,1.856989,1,0.115500,0
2014-06-26,sh.603167,8.6100,8.8300,8.5800,8.7300,8.6700,9919444,86534368.0000,3,3.257444,1,0.692000,0
2014-06-27,sh.603167,8.8500,9.4700,8.6700,9.3200,8.7300,23444877,211220850.0000,3,7.699058,1,6.758300,0
2014-06-30,sh.603167,9.4800,9.6600,9.2500,9.5700,9.3200,24647372,233182771.0000,3,8.093945,1,2.682400,0
2014-07-01,sh.603167,9.4000,9.6500,9.1200,9.5200,9.5700,22040890,207104827.0000,3,7.238003,1,-0.522500,0
2014-07-02,sh.603167,9.6600,9.8700,9.2100,9.5400,9.5200,23566282,225195399.0000,3,7.738927,1,0.210100,0
2014-07-03,sh.603167,9.5700,9.6900,9.0600,9.1600,9.5400,23620711,220201315.0000,3,7.756800,1,-3.983200,0
2014-07-04,sh.603167,9.1100,9.2000,8.6800,8.7000,9.1600,27530762,242918737.0000,3,9.040821,1,-5.021800,0
2014-07-07,sh.603167,8.6800,8.8500,8.6400,8.8000,8.7000,9949211,87190311.0000,3,3.267219,1,1.149400,0
2014-07-08,sh.603167,8.8000,8.8100,8.6400,8.7500,8.8000,7728406,67550849.0000,3,2.537930,1,-0.568200,0
2014-07-09,sh.603167,8.7600,8.7600,8.4000,8.4200,8.7500,10639078,91298084.0000,3,3.493765,1,-3.771400,0
2014-07-10,sh.603167,8.4200,8.5300,8.4100,8.5200,8.4200,4931124,41758917.0000,3,1.619331,1,1.187700,0
2014-07-11,sh.603167,8.5100,8.6400,8.5100,8.6000,8.5200,4487163,38514589.0000,3,1.473539,1,0.939000,0
2014-07-14,sh.603167,8.5600,8.7000,8.5100,8.7000,8.6000,4754389,40974647.0000,3,1.561293,1,1.162800,0
2014-07-15,sh.603167,8.7100,8.7200,8.6100,8.6500,8.7000,4400769,38124454.0000,3,1.445168,1,-0.574700,0
2014-07-16,sh.603167,8.6500,8.7500,8.6100,8.6600,8.6500,4258139,36968702.0000,3,1.398329,1,0.115600,0
2014-07-17,sh.603167,8.6400,8.6500,8.4500,8.5000,8.6600,4282983,36438075.0000,3,1.406488,1,-1.847600,0
2014-07-18,sh.603167,8.5000,8.5700,8.4600,8.5100,8.5000,2254999,19226549.0000,3,0.740519,1,0.117600,0
2014-07-21,sh.603167,8.5100,8.5700,8.4000,8.4200,8.5100,3111058,26288753.0000,3,1.021640,1,-1.057600,0
2014-07-22,sh.603167,8.4500,8.5800,8.3800,8.5400,8.4200,2808657,23875036.0000,3,0.922334,1,1.425200,0
2014-07-23,sh.603167,8.5200,8.5400,8.3800,8.3900,8.5400,4039999,34066327.0000,3,1.326694,1,-1.756400,0
2014-07-24,sh.603167,8.4000,8.4700,8.3700,8.4000,8.3900,2855551,24002675.0000,3,0.937734,1,0.119200,0
2014-07-25,sh.603167,8.4100,8.5100,8.4000,8.5000,8.4000,3415606,28893699.0000,3,1.121650,1,1.190500,0
2014-07-28,sh.603167,8.5500,8.6500,8.5100,8.6300,8.5000,6201826,53278328.0000,3,2.036616,1,1.529400,0
2014-07-29,sh.603167,8.6400,8.7300,8.5900,8.6900,8.6300,5634010,48877326.0000,3,1.850151,1,0.695200,0
2014-07-30,sh.603167,8.6900,8.7300,8.6300,8.7000,8.6900,5475679,47549038.0000,3,1.798157,1,0.115100,0
2014-07-31,sh.603167,8.6900,8.8100,8.6400,8.7900,8.7000,6516801,56923997.0000,3,2.140051,1,1.034500,0
2014-08-01,sh.603167,8.7500,8.8400,8.6800,8.7000,8.7900,5649762,49457593.0000,3,1.855324,1,-1.023900,0
2014-08-04,sh.603167,8.7000,8.8000,8.6700,8.7900,8.7000,6232356,54532573.0000,3,2.046642,1,1.034500,0
2014-08-05,sh.603167,8.8100,9.1000,8.8100,9.0800,8.7900,17213454,154665660.0000,3,5.652723,1,3.299200,0
2014-08-06,sh.603167,9.0500,9.0600,8.9100,8.9800,9.0800,9115618,81863288.0000,3,2.993476,1,-1.101300,0
2014-08-07,sh.603167,8.9800,9.0200,8.7900,8.8100,8.9800,8419849,74942794.0000,3,2.764993,1,-1.893100,0
2014-08-08,sh.603167,8.8300,9.0100,8.8200,8.9400,8.8100,6115854,54608225.0000,3,2.008384,1,1.475600,0
2014-08-11,sh.603167,8.9700,9.0700,8.9600,9.0400,8.9400,7472250,67404837.0000,3,2.453811,1,1.118600,0
2014-08-12,sh.603167,9.0400,9.0700,8.9300,9.0600,9.0400,6817120,61245716.0000,3,2.238673,1,0.221200,0
2014-08-13,sh.603167,9.0400,9.0700,8.9200,8.9700,9.0600,6195040,55690005.0000,3,2.034388,1,-0.993400,0
2014-08-14,sh.603167,8.9900,9.5000,8.9300,9.2900,8.9700,21567885,200542593.0000,3,7.082673,1,3.567400,0
2014-08-15,sh.603167,9.2600,9.5400,9.1800,9.4200,9.2900,14457441,135634964.0000,3,4.747676,1,1.399400,0
2014-08-18,sh.603167,9.3900,9.8500,9.3000,9.7400,9.4200,26147260,252079247.0000,3,8.586493,1,3.397000,0
2014-08-19,sh.603167,9.7000,9.8200,9.5000,9.5800,9.7400,15649750,150845368.0000,3,5.139218,1,-1.642700,0
2014-08-20,sh.603167,9.5700,9.7700,9.5200,9.6200,9.5800,12957056,125153722.0000,3,4.254965,1,0.417500,0
2014-08-21,sh.603167,9.6400,9.7500,9.3500,9.5500,9.6200,9709012,92628865.0000,3,3.188340,1,-0.727600,0
2014-08-22,sh.603167,9.5400,10.0500,9.4900,9.9500,9.5500,23058017,225566463.0000,3,7.572018,1,4.188500,0
2014-08-25,sh.603167,9.9600,10.1700,9.8800,9.9600,9.9500,19680061,197256200.0000,3,6.462731,1,0.100500,0
2014-08-26,sh.603167,9.9100,9.9400,9.3600,9.3800,9.9600,15823401,152371847.0000,3,5.196243,1,-5.823300,0
2014-08-27,sh.603167,9.3800,9.4500,9.2300,9.2800,9.3800,8300456,77357302.0000,3,2.725785,1,-1.066100,0
2014-08-28,sh.603167,9.2900,9.5200,9.2800,9.4500,9.2800,8897215,83559085.0000,3,2.921755,1,1.831900,0
2014-08-29,sh.603167,9.4200,9.4200,9.1600,9.3600,9.4500,5897855,54994511.0000,3,1.936795,1,-0.952400,0
2014-09-01,sh.603167,9.4100,9.6300,9.3100,9.5600,9.3600,7133060,67795612.0000,3,2.342424,1,2.136800,0
2014-09-02,sh.603167,9.6300,9.9600,9.5600,9.8400,9.5600,11222305,110111792.0000,3,3.685290,1,2.928900,0
2014-09-03,sh.603167,9.8200,10.0500,9.7700,9.8500,9.8400,13930210,137942374.0000,3,4.574539,1,0.101600,0
2014-09-04,sh.603167,9.9100,10.8400,9.8900,10.8400,9.8500,44024933,464223248.0000,3,14.457339,1,10.050800,0
2014-09-05,sh.603167,11.0000,11.7900,10.8800,11.5200,10.8400,44104643,499149472.0000,3,14.483515,1,6.273100,0
2014-09-09,sh.603167,11.4000,11.7200,11.2100,11.6900,11.5200,23045641,264193861.0000,3,7.567953,1,1.475700,0
2014-09-10,sh.603167,11.5500,12.1700,11.4500,11.7000,11.6900,36973203,436789968.0000,3,12.141623,1,0.085500,0
2014-09-11,sh.603167,11.7000,12.2800,11.5500,11.9700,11.7000,26041818,308730752.0000,3,8.551867,1,2.307700,0
2014-09-12,sh.603167,11.9000,12.8000,11.7800,12.5500,11.9700,26867032,331457776.0000,3,8.822859,1,4.845400,0
2014-09-15,sh.603167,12.7500,13.2100,12.2800,12.6300,12.5500,29638231,374939632.0000,3,9.732893,1,0.637400,0
2014-09-16,sh.603167,12.5500,12.7000,11.8200,11.9100,12.6300,34421928,416314800.0000,3,11.303810,1,-5.700700,0
2014-09-17,sh.603167,11.9500,12.4300,11.8800,12.2700,11.9100,18608805,226078964.0000,3,6.110942,1,3.022700,0
2014-09-18,sh.603167,12.1500,12.4300,11.9800,12.2600,12.2700,13454278,164541873.0000,3,4.418248,1,-0.081500,0
2014-09-19,sh.603167,12.2300,12.4600,12.1000,12.2000,12.2600,9658654,118384017.0000,3,3.171803,1,-0.489400,0
2014-09-22,sh.603167,12.1500,12.8000,12.1500,12.5500,12.2000,22377922,280491872.0000,3,7.348681,1,2.868900,0
2014-09-23,sh.603167,12.5200,13.2200,12.4100,12.9800,12.5500,18218059,233462143.0000,3,5.982625,1,3.426300,0
2014-09-24,sh.603167,12.9000,13.1500,12.8000,13.0600,12.9800,11210394,145474583.0000,3,3.681379,1,0.616300,0
2014-09-25,sh.603167,13.0100,13.0400,12.5000,12.6400,13.0600,14862162,190219370.0000,3,4.880582,1,-3.215900,0
2014-09-26,sh.603167,12.6700,12.8400,12.3200,12.6900,12.6400,12570902,158121786.0000,3,4.128156,1,0.395600,0
2014-09-29,sh.603167,12.7400,12.8200,12.5500,12.6700,12.6900,10120585,128283778.0000,3,3.323497,1,-0.157600,0
2014-09-30,sh.603167,12.7100,12.8600,12.6100,12.7200,12.6700,7201116,91693608.0000,3,2.364773,1,0.394600,0
2014-10-08,sh.603167,12.7500,12.7800,12.3300,12.5000,12.7200,11060634,138252147.0000,3,3.632199,1,-1.729600,0
2014-10-09,sh.603167,12.5100,12.5300,12.1600,12.2600,12.5000,13424219,165378806.0000,3,4.408377,1,-1.920000,0
2014-10-10,sh.603167,12.2200,12.5100,12.1800,12.3300,12.2600,9364050,115930040.0000,3,3.075058,1,0.571000,0
2014-10-13,sh.603167,12.3200,12.5600,11.9800,12.5500,12.3300,10157912,124932381.0000,3,3.335755,1,1.784300,0
2014-10-14,sh.603167,12.5100,12.5800,12.2800,12.4100,12.5500,7489285,93145624.0000,3,2.459405,1,-1.115500,0
2014-10-15,sh.603167,12.4100,13.0600,12.2800,12.9000,12.4100,17748864,226856695.0000,3,5.828546,1,3.948400,0
2014-10-16,sh.603167,12.9100,13.5600,12.7600,12.9800,12.9000,19957317,264048363.0000,3,6.553779,1,0.620200,0
2014-10-17,sh.603167,13.0000,13.5600,12.0800,13.0300,12.9800,15550043,203271787.0000,3,5.106475,1,0.385200,0
2014-10-20,sh.603167,13.1500,13.4000,12.5200,12.8800,13.0300,13004629,166425063.0000,3,4.270587,1,-1.151200,0
2014-10-21,sh.603167,12.7700,13.3200,12.3700,12.3900,12.8800,9280227,117137515.0000,3,3.047532,1,-3.804300,0
2014-10-22,sh.603167,12.3300,12.4500,11.8500,11.9200,12.3900,10823018,131281895.0000,3,3.554169,1,-3.793400,0
2014-10-23,sh.603167,11.9100,12.1300,11.6400,12.0900,11.9200,6950082,82296266.0000,3,2.282336,1,1.426200,0
2014-10-24,sh.603167,12.0500,12.5000,12.0000,12.3000,12.0900,9878816,121719512.0000,3,3.244102,1,1.737000,0
2014-10-27,sh.603167,12.2300,12.7500,12.0200,12.4600,12.3000,6384848,79537786.0000,3,2.096719,1,1.300800,0
2014-10-28,sh.603167,12.5300,12.7700,12.4600,12.6700,12.4600,7782432,98211176.0000,3,2.555671,1,1.685400,0
2014-10-29,sh.603167,12.6800,13.9400,12.5000,13.9400,12.6700,23497715,311635120.0000,3,7.716410,1,10.023700,0
2014-10-30,sh.603167,13.9400,14.6100,13.7000,14.3400,13.9400,28159800,401201744.0000,3,9.247391,1,2.869400,0
2014-10-31,sh.603167,14.4000,14.4000,13.8900,14.0500,14.3400,14260955,200622994.0000,3,4.683152,1,-2.022300,0
2014-11-03,sh.603167,14.1000,14.6000,13.8800,14.4900,14.0500,19541805,279019744.0000,3,6.417329,1,3.131700,0
2014-11-04,sh.603167,14.7000,15.0200,13.7500,13.8400,14.4900,26652855,384160032.0000,3,8.752526,1,-4.485800,0
2014-11-05,sh.603167,13.6500,14.2400,13.2000,13.9800,13.8400,20096308,274294736.0000,3,6.599423,1,1.011600,0
2014-11-06,sh.603167,13.7400,13.9400,13.5000,13.6800,13.9800,12470221,170551833.0000,3,4.095093,1,-2.145900,0
2014-11-07,sh.603167,13.7000,14.3000,13.5200,14.1400,13.6800,20028613,278299360.0000,3,6.577192,1,3.362600,0
2014-11-10,sh.603167,14.1300,14.8100,13.9000,14.7000,14.1400,32393826,469064384.0000,3,10.637802,1,3.960400,0
2014-11-11,sh.603167,14.6700,14.6700,13.2300,13.2400,14.7000,27071232,373594224.0000,3,8.889916,1,-9.932000,0
2014-11-12,sh.603167,13.2900,13.2900,12.6800,12.9000,13.2400,16721437,215730402.0000,3,5.491149,1,-2.568000,0
2014-11-13,sh.603167,12.8500,13.1000,12.3200,12.6400,12.9000,15355283,193478614.0000,3,5.042518,1,-2.015500,0
2014-11-14,sh.603167,12.5400,12.8100,12.3300,12.7000,12.6400,8279217,104361104.0000,3,2.718810,1,0.474700,0
2014-11-17,sh.603167,12.7300,13.0800,12.5000,12.8900,12.7000,8948732,114955716.0000,3,2.938672,1,1.496100,0
2014-11-18,sh.603167,13.0000,13.2300,12.7700,12.9300,12.8900,7545443,97829023.0000,3,2.477846,1,0.310300,0
2014-11-19,sh.603167,12.9300,13.0200,12.5000,12.5000,12.9300,13524847,171604768.0000,3,4.441422,1,-3.325600,0
2014-11-20,sh.603167,12.4400,12.7300,12.3400,12.5000,12.5000,8784450,110032779.0000,3,2.884724,1,0.000000,0
2014-11-21,sh.603167,12.4400,12.6300,12.4400,12.5500,12.5000,7890684,98736194.0000,3,2.591220,1,0.400000,0
2014-11-24,sh.603167,12.6300,12.8000,12.5400,12.7300,12.5500,11024326,139622932.0000,3,3.620276,1,1.434300,0
2014-11-25,sh.603167,12.6800,12.9000,12.5600,12.8800,12.7300,13553271,172393521.0000,3,4.450756,1,1.178300,0
2014-11-26,sh.603167,12.9100,12.9300,12.6300,12.7900,12.8800,12162633,155003659.0000,3,3.994085,1,-0.698800,0
2014-11-27,sh.603167,12.8700,13.2500,12.8100,13.1900,12.7900,22037015,288006352.0000,3,7.236731,1,3.127400,0
2014-11-28,sh.603167,13.2800,13.8700,13.2500,13.3900,13.1900,23749932,320724944.0000,3,7.799235,1,1.516300,0
2014-12-01,sh.603167,13.5900,13.6500,12.7200,12.7800,13.3900,20935174,275239888.0000,3,6.874898,1,-4.555600,0
2014-12-02,sh.603167,12.7300,12.9200,12.5900,12.7900,12.7800,17565286,223377320.0000,3,5.768261,1,0.078200,0
2014-12-03,sh.603167,12.7900,12.8000,12.5200,12.7200,12.7900,14329960,180785058.0000,3,4.705813,1,-0.547300,0
2014-12-04,sh.603167,12.7000,12.8800,12.5700,12.8200,12.7200,15820438,200936260.0000,3,5.195270,1,0.786200,0
2014-12-05,sh.603167,12.8000,12.8200,11.9000,12.0100,12.8200,29016838,353838272.0000,3,9.528834,1,-6.318200,0
2014-12-08,sh.603167,12.0800,12.3800,11.8500,12.1000,12.0100,17049461,206905655.0000,3,5.598869,1,0.749400,0
2014-12-09,sh.603167,12.1000,12.2400,11.6200,11.6700,12.1000,23533664,281865376.0000,3,7.728215,1,-3.553700,0
2014-12-10,sh.603167,11.6600,12.1000,11.4600,12.0900,11.6700,16766602,197646797.0000,3,5.505981,1,3.599000,0
2014-12-11,sh.603167,12.0800,12.7400,11.9600,12.6000,12.0900,23586944,294299008.0000,3,7.745712,1,4.218400,0
2014-12-12,sh.603167,12.6000,12.8200,12.4300,12.7500,12.6000,17004200,214870401.0000,3,5.584006,1,1.190500,0
2014-12-15,sh.603167,12.7600,13.0700,12.6800,12.8000,12.7500,16788789,215756375.0000,3,5.513267,1,0.392200,0
2014-12-16,sh.603167,12.8700,12.8900,12.5100,12.6000,12.8000,12249119,154511459.0000,3,4.022486,1,-1.562500,0
2014-12-17,sh.603167,12.6000,12.8400,12.2200,12.5100,12.6000,15384600,192881837.0000,3,5.052146,1,-0.714300,0
2014-12-18,sh.603167,12.3200,13.1800,12.1000,13.0800,12.5100,31586332,407028464.0000,3,10.372629,1,4.556400,0
2014-12-19,sh.603167,13.0000,13.6500,12.8500,13.6100,13.0800,46167889,617137952.0000,3,15.161064,1,4.052000,0
2014-12-22,sh.603167,13.5300,13.5300,12.2500,12.2500,13.6100,27990709,354553952.0000,3,9.191863,1,-9.992700,0
2014-12-23,sh.603167,12.1900,12.1900,11.5000,11.8500,12.2500,11907152,140977149.0000,3,3.910187,1,-3.265300,0
2014-12-24,sh.603167,11.9100,12.1800,11.7500,12.0000,11.8500,7961306,95483535.0000,3,2.614412,1,1.265800,0
2014-12-25,sh.603167,12.0200,12.1300,11.8800,12.0600,12.0000,8989511,107773904.0000,3,2.952064,1,0.500000,0
2014-12-26,sh.603167,12.0500,12.2800,11.8700,12.2600,12.0600,11730937,141191594.0000,3,3.852320,1,1.658400,0
2014-12-29,sh.603167,12.3600,12.3600,11.6100,11.7200,12.2600,15591721,185500674.0000,3,5.120162,1,-4.404600,0
2014-12-30,sh.603167,11.6200,11.8000,11.0400,11.1000,11.7200,15557102,176499082.0000,3,5.108794,1,-5.290100,0
2014-12-31,sh.603167,11.0600,11.2500,10.8800,11.1200,11.1000,9133791,100987108.0000,3,2.999444,1,0.180200,0
2015-01-05,sh.603167,11.1900,11.3800,11.0100,11.3200,11.1200,8230700,92192840.0000,3,2.702878,1,1.798600,0
2015-01-06,sh.603167,11.3200,11.8200,11.2300,11.6500,11.3200,11408353,132450322.0000,3,3.746387,1,2.915200,0
2015-01-07,sh.603167,11.6600,11.7400,11.4600,11.5600,11.6500,6626916,76633843.0000,3,2.176212,1,-0.772500,0
2015-01-08,sh.603167,11.5000,11.8800,11.2100,11.5900,11.5600,12386580,143147253.0000,3,4.067626,1,0.259500,0
2015-01-09,sh.603167,11.5100,11.7300,11.4000,11.4100,11.5900,8949119,103785687.0000,3,2.938799,1,-1.553100,0
2015-01-12,sh.603167,11.3000,11.3100,10.9000,10.9400,11.4100,8963991,99060807.0000,3,2.943683,1,-4.119200,0
2015-01-13,sh.603167,10.8600,11.1500,10.8600,11.1200,10.9400,4217510,46459473.0000,3,1.384987,1,1.645300,0
2015-01-14,sh.603167,11.1400,11.1500,10.9800,11.0600,11.1200,4151300,45952992.0000,3,1.363245,1,-0.539600,0
2015-01-15,sh.603167,11.0400,11.1800,11.0400,11.1600,11.0600,4010950,44584063.0000,3,1.317155,1,0.904200,0
2015-01-16,sh.603167,11.1300,11.2500,11.1100,11.2000,11.1600,5498288,61492995.0000,3,1.805582,1,0.358400,0
2015-01-19,sh.603167,11.0400,11.2000,10.5500,10.7400,11.2000,7780644,84901608.0000,3,2.555084,1,-4.107100,0
2015-01-20,sh.603167,10.7500,11.1600,10.7500,11.1500,10.7400,7073488,77475512.0000,3,2.322861,1,3.817500,0
2015-01-21,sh.603167,11.2300,11.8100,11.1500,11.6600,11.1500,13708389,158022859.0000,3,4.501695,1,4.574000,0
2015-01-22,sh.603167,11.6800,11.7500,11.5100,11.7000,11.6600,9417785,109673097.0000,3,3.092705,1,0.343100,0
2015-01-23,sh.603167,11.7300,11.8300,11.5100,11.6000,11.7000,9906339,115695608.0000,3,3.253141,1,-0.854700,0
2015-01-26,sh.603167,11.5900,11.8200,11.5300,11.8100,11.6000,9644278,112706230.0000,3,3.167082,1,1.810300,0
2015-01-27,sh.603167,11.8800,12.0500,11.5600,12.0100,11.8100,14558383,172213599.0000,3,4.780824,1,1.693500,0
2015-01-28,sh.603167,12.0000,12.0000,11.7200,11.7800,12.0100,9327791,110437697.0000,3,3.063151,1,-1.915100,0
2015-01-29,sh.603167,11.6200,12.1100,11.5800,11.9400,11.7800,13062767,155081045.0000,3,4.289679,1,1.358200,0
2015-01-30,sh.603167,11.8600,11.9800,11.6000,11.6700,11.9400,6506496,76809042.0000,3,2.136667,1,-2.261300,0
2015-02-02,sh.603167,11.5500,11.5900,11.4200,11.4300,11.6700,4776056,54906374.0000,3,1.568408,1,-2.056600,0
2015-02-03,sh.603167,11.5100,11.6200,11.4100,11.6000,11.4300,4644810,53453425.0000,3,1.525308,1,1.487300,0
2015-02-04,sh.603167,11.6200,11.6400,11.3200,11.3400,11.6000,5568267,64004707.0000,3,1.828562,1,-2.241400,0
2015-02-05,sh.603167,11.4600,11.5200,11.3500,11.3800,11.3400,4390415,50173845.0000,3,1.441767,1,0.352700,0
2015-02-06,sh.603167,11.3500,11.5700,11.0400,11.1600,11.3800,5210877,59014659.0000,3,1.711199,1,-1.933200,0
2015-02-09,sh.603167,11.0900,11.3000,11.0500,11.1600,11.1600,3701164,41329786.0000,3,1.215424,1,0.000000,0
2015-02-10,sh.603167,11.1600,11.3800,11.1600,11.2800,11.1600,4559673,51257264.0000,3,1.497350,1,1.075300,0
2015-02-11,sh.603167,11.3700,11.3700,11.1500,11.2000,11.2800,4690471,52855536.0000,3,1.540303,1,-0.709200,0
2015-02-12,sh.603167,11.2200,11.3200,11.1600,11.2900,11.2000,4437522,49898060.0000,3,1.457237,1,0.803600,0
2015-02-13,sh.603167,11.3100,11.5400,11.3100,11.5200,11.2900,6611687,75607909.0000,3,2.171211,1,2.037200,0
2015-02-16,sh.603167,11.5200,11.7300,11.5100,11.6800,11.5200,5617370,65507722.0000,3,1.844687,1,1.388900,0
2015-02-17,sh.603167,11.7100,11.8400,11.6600,11.7900,11.6800,6745629,79302801.0000,3,2.215196,1,0.941800,0
2015-02-25,sh.603167,11.7900,11.8500,11.5800,11.6700,11.7900,4244606,49646715.0000,3,1.393885,1,-1.017800,0
2015-02-26,sh.603167,11.8400,12.2300,11.8000,12.0000,11.6700,13485953,162340721.0000,3,4.428649,1,2.827800,0
2015-02-27,sh.603167,11.9800,12.0600,11.9100,12.0300,12.0000,8039624,96376789.0000,3,2.640130,1,0.250000,0
2015-03-02,sh.603167,12.0600,12.2100,11.9300,12.2000,12.0300,10486647,126636865.0000,3,3.443708,1,1.413100,0
2015-03-03,sh.603167,12.1700,12.2500,11.9200,11.9600,12.2000,10213408,123538048.0000,3,3.353979,1,-1.967200,0
2015-03-04,sh.603167,11.9700,12.1000,11.8700,12.0900,11.9600,9805580,117578865.0000,3,3.220052,1,1.087000,0
2015-03-05,sh.603167,12.1200,12.1200,11.9300,12.0300,12.0900,8494063,101916709.0000,3,2.789364,1,-0.496300,0
2015-03-06,sh.603167,12.0600,12.0700,11.8200,11.9500,12.0300,8401308,100683914.0000,3,2.758904,1,-0.665000,0
2015-03-09,sh.603167,11.9600,12.1300,11.7700,12.1200,11.9500,8892994,106385487.0000,3,2.920368,1,1.422600,0
2015-03-10,sh.603167,12.1600,13.0900,12.1600,12.8200,12.1200,36854991,465162096.0000,3,12.102803,1,5.775600,0
2015-03-11,sh.603167,12.8000,13.3900,12.5900,13.2200,12.8200,34825004,454714960.0000,3,11.436176,1,3.120100,0
2015-03-12,sh.603167,13.0900,13.1100,12.7600,12.8400,13.2200,16476302,212508918.0000,3,5.410649,1,-2.874400,0
2015-03-13,sh.603167,12.9300,13.4900,12.8400,13.3500,12.8400,21526851,286175776.0000,3,7.069198,1,3.972000,0
2015-03-16,sh.603167,13.4000,13.6800,13.1300,13.5700,13.3500,24697129,332209696.0000,3,8.110285,1,1.647900,0
2015-03-17,sh.603167,13.5500,14.1400,13.4900,13.8900,13.5700,27772718,384494464.0000,3,9.120277,1,2.358100,0
2015-03-18,sh.603167,13.9400,14.1200,13.7000,13.9700,13.8900,20067210,278448048.0000,3,6.589867,1,0.576000,0
2015-03-19,sh.603167,13.8600,13.9600,13.6600,13.8200,13.9700,16271521,224421890.0000,3,5.343401,1,-1.073700,0
2015-03-20,sh.603167,13.8100,14.0900,13.8100,13.9900,13.8200,16729511,233889060.0000,3,5.493801,1,1.230100,0
2015-03-23,sh.603167,14.1300,14.2600,13.8400,14.0000,13.9900,18024853,251705946.0000,3,5.919178,1,0.071500,0
2015-03-24,sh.603167,13.9300,14.0100,13.1700,13.5900,14.0000,22860392,310961408.0000,3,7.507119,1,-2.928600,0
2015-03-25,sh.603167,13.5200,13.6100,13.2200,13.6000,13.5900,16906219,226412899.0000,3,5.551830,1,0.073600,0
2015-03-26,sh.603167,13.6400,14.2500,13.4300,13.9900,13.6000,25740360,360169984.0000,3,8.452872,1,2.867600,0
2015-03-27,sh.603167,14.0300,14.4900,13.9000,14.2800,13.9900,21417314,306659648.0000,3,7.033227,1,2.072900,0
2015-03-30,sh.603167,14.6500,14.6800,14.2500,14.3300,14.2800,18265418,262746209.0000,3,5.998177,1,0.350100,0
2015-03-31,sh.603167,14.3200,14.9800,14.1300,14.6500,14.3300,24148462,351996816.0000,3,7.930109,1,2.233100,0
2015-04-01,sh.603167,14.6400,15.2900,14.5800,15.0600,14.6500,25010975,376923936.0000,3,8.213349,1,2.798600,0
2015-04-02,sh.603167,15.1400,15.4400,14.8000,15.0900,15.0600,18576584,280291776.0000,3,6.100361,1,0.199200,0
2015-04-03,sh.603167,15.0900,15.3600,14.9400,15.2900,15.0900,21065326,319788224.0000,3,6.917638,1,1.325400,0
2015-04-07,sh.603167,15.3900,15.6000,15.2500,15.3800,15.2900,17897660,274950464.0000,3,5.877409,1,0.588600,0
2015-04-08,sh.603167,15.4600,15.4600,14.8400,14.9700,15.3800,19687766,296131808.0000,3,6.465261,1,-2.665800,0
2015-04-09,sh.603167,15.0100,15.0800,14.2600,14.6800,14.9700,18413540,268270498.0000,3,6.046819,1,-1.937200,0
2015-04-10,sh.603167,14.4800,15.4300,14.4800,15.3800,14.6800,20849930,315539152.0000,3,6.846904,1,4.768400,0
2015-04-13,sh.603167,15.4500,16.9200,15.4400,16.9200,15.3800,28687836,477054800.0000,3,9.420793,1,10.013000,0
2015-04-14,sh.603167,17.1400,17.6000,16.7200,16.9800,16.9200,28988266,496472480.0000,3,9.519451,1,0.354600,0
2015-04-15,sh.603167,16.9500,16.9500,15.8000,15.9600,16.9800,16811417,274742304.0000,3,5.520698,1,-6.007100,0
2015-04-16,sh.603167,15.7800,16.6800,15.1600,16.3600,15.9600,17795199,286574368.0000,3,5.843762,1,2.506300,0
2015-04-17,sh.603167,16.5500,17.6800,16.5500,16.8600,16.3600,28291050,482429760.0000,3,9.290492,1,3.056200,0
2015-04-20,sh.603167,16.9100,17.3300,16.1500,16.4200,16.8600,22191460,371204800.0000,3,7.287449,1,-2.609700,0
2015-04-21,sh.603167,16.3200,17.1000,16.0000,16.9500,16.4200,18347364,304892768.0000,3,6.025087,1,3.227800,0
2015-04-22,sh.603167,17.0500,17.3000,16.9600,17.1900,16.9500,19419919,332411168.0000,3,6.377303,1,1.415900,0
2015-04-23,sh.603167,17.2400,17.5000,16.9200,17.2700,17.1900,16697465,286883776.0000,3,5.483277,1,0.465400,0
2015-04-24,sh.603167,16.9900,18.2600,16.6000,18.0400,17.2700,26283108,464301184.0000,3,8.631105,1,4.458600,0
2015-04-27,sh.603167,18.1100,19.8000,18.1000,18.7900,18.0400,32151601,604935040.0000,3,10.558258,1,4.157400,0
2015-04-28,sh.603167,17.6800,18.0300,16.9100,16.9100,18.7900,44736267,770473824.0000,3,14.690934,1,-10.005300,0
2015-04-29,sh.603167,16.5000,16.8900,15.8800,16.6300,16.9100,22108037,362728080.0000,3,7.260054,1,-1.655800,0
2015-04-30,sh.603167,16.5800,17.2100,16.4600,16.6800,16.6300,16121593,272000928.0000,3,5.294167,1,0.300700,0
2015-05-04,sh.603167,16.6600,16.6600,16.0000,16.3800,16.6800,17243353,279415552.0000,3,5.662541,1,-1.798600,0
2015-05-05,sh.603167,16.3400,16.3400,15.3700,15.4000,16.3800,17323251,274315936.0000,3,5.688779,1,-5.982900,0
2015-05-06,sh.603167,15.5000,15.6500,14.7500,14.9700,15.4000,15858867,242693965.0000,3,5.207890,1,-2.792200,0
2015-05-07,sh.603167,14.9700,15.1500,14.5800,14.6800,14.9700,12229225,181199378.0000,3,4.015953,1,-1.937200,0
2015-05-08,sh.603167,14.9300,15.1800,14.6900,15.1300,14.6800,12463126,186266792.0000,3,4.092763,1,3.065400,0
2015-05-11,sh.603167,15.3600,15.6800,15.1300,15.6600,15.1300,17560560,271483024.0000,3,5.766709,1,3.503000,0
2015-05-12,sh.603167,15.6700,15.9800,15.4100,15.8000,15.6600,17082725,268558720.0000,3,5.609793,1,0.894000,0
2015-05-13,sh.603167,15.7700,15.9500,15.4600,15.8700,15.8000,18315654,287749488.0000,3,6.014674,1,0.443000,0
2015-05-14,sh.603167,15.7400,16.1700,15.5400,16.0000,15.8700,18589117,295008464.0000,3,6.104476,1,0.819200,0
2015-05-15,sh.603167,15.9500,15.9500,15.2900,15.3700,16.0000,15298292,237999995.0000,3,5.023803,1,-3.937500,0
2015-05-18,sh.603167,15.3000,15.6000,15.0100,15.5900,15.3700,16092753,247604176.0000,3,5.284696,1,1.431400,0
2015-05-19,sh.603167,15.5300,16.1700,15.5300,16.1000,15.5900,20541455,325905664.0000,3,6.745604,1,3.271300,0
2015-05-20,sh.603167,16.1100,16.7400,16.0000,16.2200,16.1000,21733403,355843520.0000,3,7.137028,1,0.745300,0
2015-05-21,sh.603167,16.2100,17.0900,16.1000,16.8900,16.2200,24819181,416298368.0000,3,8.150366,1,4.130700,0
2015-05-22,sh.603167,16.9800,17.3200,16.4500,17.1900,16.8900,37324819,633706560.0000,3,12.257090,1,1.776200,0
2015-05-25,sh.603167,17.0500,17.8700,16.9300,17.7700,17.1900,36545171,641038928.0000,3,12.001061,1,3.374100,0
2015-05-26,sh.603167,17.8200,18.9800,17.5000,18.8400,17.7700,45296332,820447664.0000,3,14.874853,1,6.021400,0
2015-05-27,sh.603167,19.0000,19.1900,18.4800,18.6300,18.8400,35027727,656570720.0000,3,11.502748,1,-1.114700,0
2015-05-28,sh.603167,18.5600,19.2000,16.7700,16.7700,18.6300,39733862,730758304.0000,3,13.048195,1,-9.983900,0
2015-05-29,sh.603167,16.6000,17.0900,15.6500,16.4800,16.7700,25875998,425209680.0000,3,8.497414,1,-1.729300,0
2015-06-01,sh.603167,16.7500,18.1300,16.5600,18.1300,16.4800,30566642,533849680.0000,3,10.037773,1,10.012100,0
2015-06-02,sh.603167,18.1300,19.5000,18.0000,18.7500,18.1300,53772348,1011711152.0000,3,17.658290,1,3.419800,0
2015-06-03,sh.603167,18.4600,20.1900,18.4000,20.0100,18.7500,46723850,896080016.0000,3,15.343636,1,6.720000,0
2015-06-04,sh.603167,19.9600,20.3900,18.0100,19.3900,20.0100,37410533,723575424.0000,3,12.285237,1,-3.098500,0
2015-06-05,sh.603167,19.7600,20.1400,19.2000,19.8500,19.3900,30742039,607730688.0000,3,10.095372,1,2.372400,0
2015-06-08,sh.603167,19.8000,21.0000,19.6000,20.7700,19.8500,42793858,872715648.0000,3,14.053066,1,4.634800,0
2015-06-09,sh.603167,20.4900,20.7200,19.7200,19.9500,20.7700,23111115,466154944.0000,3,7.589454,1,-3.948000,0
2015-06-10,sh.603167,19.5000,21.6500,19.2200,21.0700,19.9500,28728056,585883472.0000,3,9.434000,1,5.614000,0
2015-06-11,sh.603167,20.9000,23.1800,20.6800,23.1800,21.0700,34429108,756355808.0000,3,11.306168,1,10.014200,0
2015-06-12,sh.603167,23.4000,23.9800,22.4200,23.1100,23.1800,31511108,731181616.0000,3,10.347926,1,-0.302000,0
2015-06-15,sh.603167,23.1100,23.3000,21.9900,22.1900,23.1100,24019808,539947392.0000,3,7.887860,1,-3.981000,0
2015-06-16,sh.603167,21.7800,21.7800,20.0000,20.3100,22.1900,17931167,374907008.0000,3,5.888412,1,-8.472300,0
2015-06-17,sh.603167,20.3100,21.8500,20.2100,21.5400,20.3100,19039583,399481840.0000,3,6.252405,1,6.056100,0
2015-06-18,sh.603167,21.5300,23.0100,21.0200,21.2700,21.5400,17890200,397023040.0000,3,5.874959,1,-1.253500,0
2015-06-19,sh.603167,20.4800,21.2000,19.5800,20.3500,21.2700,15541873,318707264.0000,3,5.103793,1,-4.325300,0
2015-06-23,sh.603167,20.0000,20.8600,18.3900,20.6600,20.3500,14435642,290567520.0000,3,4.740518,1,1.523300,0
2015-06-24,sh.603167,20.8100,21.2500,19.7000,20.9000,20.6600,18026421,371234944.0000,3,5.919693,1,1.161700,0
2015-06-25,sh.603167,20.9100,20.9400,19.2000,19.4800,20.9000,12530452,254371683.0000,3,4.114873,1,-6.794300,0
2015-06-26,sh.603167,18.7600,18.7600,17.5300,17.5300,19.4800,15442009,275028016.0000,3,5.070998,1,-10.010300,0
2015-06-29,sh.603167,18.0900,18.1400,15.7800,15.7800,17.5300,19838634,322894336.0000,3,6.514805,1,-9.982900,0
2015-06-30,sh.603167,14.8100,16.8200,14.2000,16.6300,15.7800,27240198,415886032.0000,3,8.945403,1,5.386600,0
2015-07-01,sh.603167,16.5000,17.2800,15.0000,15.2500,16.6300,18641726,307686880.0000,3,6.121753,1,-8.298300,0
2015-07-02,sh.603167,15.1900,15.4200,13.7300,13.7300,15.2500,18619772,265539840.0000,3,6.114543,1,-9.967200,0
2015-07-03,sh.603167,13.0000,14.1000,12.3600,12.3600,13.7300,20292720,257847943.0000,3,6.663922,1,-9.978100,0
2015-07-06,sh.603167,13.6000,13.6000,11.1200,11.1200,12.3600,24094905,289905040.0000,3,7.912521,1,-10.032400,0
2015-07-07,sh.603167,10.6000,10.6000,10.0100,10.0100,11.1200,14579489,148630294.0000,3,4.787755,1,-9.982000,0
2015-07-08,sh.603167,9.0100,9.0100,9.0100,9.0100,10.0100,4560100,41086501.0000,3,1.497490,1,-9.990000,0
2015-07-09,sh.603167,8.1500,9.9100,8.1500,9.9100,9.0100,24780754,228955631.0000,3,8.137747,1,9.988900,0
2015-07-10,sh.603167,10.5000,10.9000,10.2300,10.9000,9.9100,10544058,112901535.0000,3,3.462561,1,9.989900,0
2015-07-13,sh.603167,11.9800,11.9900,11.5000,11.9900,10.9000,21423799,254441577.0000,3,7.035357,1,10.000000,0
2015-07-14,sh.603167,12.1500,12.9900,11.9000,12.4000,11.8400,34246056,426560336.0000,3,11.246055,1,4.729700,0
2015-07-15,sh.603167,11.9800,12.2800,11.1600,11.1600,12.4000,18810220,217023207.0000,3,6.177084,1,-10.000000,0
2015-07-16,sh.603167,11.0500,11.9700,10.1500,11.4700,11.1600,15989994,180203256.0000,3,5.250951,1,2.777800,0
2015-07-17,sh.603167,11.6100,12.5700,11.4000,12.5100,11.4700,15672760,190678534.0000,3,5.146774,1,9.067100,0
2015-07-20,sh.603167,12.5100,13.2500,12.4500,13.0500,12.5100,21236929,273983184.0000,3,6.973991,1,4.316500,0
2015-07-21,sh.603167,12.6100,13.1800,12.5000,12.9400,13.0500,16360652,212209469.0000,3,5.372671,1,-0.842900,0
2015-07-22,sh.603167,12.9400,13.8600,12.9400,13.7100,12.9400,27459740,369688000.0000,3,9.017498,1,5.950500,0
2015-07-23,sh.603167,13.7000,14.3400,13.6000,14.1300,13.7100,21944197,307168000.0000,3,7.206250,1,3.063500,0
2015-07-24,sh.603167,14.1300,14.5000,13.5000,13.6800,14.1300,19906979,279836832.0000,3,6.537249,1,-3.184700,0
2015-07-27,sh.603167,13.4000,13.9500,12.3100,12.3100,13.6800,19807705,262284311.0000,3,6.504648,1,-10.014600,0
2015-07-28,sh.603167,11.6000,12.4800,11.0800,12.1600,12.3100,23141927,267827255.0000,3,7.599573,1,-1.218500,0
2015-07-29,sh.603167,12.3400,13.1500,11.9600,13.0600,12.1600,17873286,223335755.0000,3,5.869405,1,7.401300,0
2015-07-30,sh.603167,13.1000,13.4400,12.6100,12.7100,13.0600,19172968,253199683.0000,3,6.296207,1,-2.679900,0
2015-07-31,sh.603167,12.4800,12.8300,12.0400,12.2800,12.7100,10525818,131632704.0000,3,3.456571,1,-3.383200,0
2015-08-03,sh.603167,11.9900,12.2800,11.0500,11.0600,12.2800,17439510,199714411.0000,3,5.726957,1,-9.934800,0
2015-08-04,sh.603167,11.2200,12.1700,11.0500,12.1700,11.0600,16867258,196860867.0000,3,5.539035,1,10.036200,0
2015-08-05,sh.603167,12.0000,12.5700,11.8300,11.9100,12.1700,14444264,176066182.0000,3,4.743349,1,-2.136400,0
2015-08-06,sh.603167,11.5700,12.2900,11.4600,11.9900,11.9100,10265621,123381017.0000,3,3.371125,1,0.671700,0
2015-08-07,sh.603167,12.1500,12.8300,12.1400,12.7500,11.9900,15164606,191399081.0000,3,4.979902,1,6.338600,0
2015-08-10,sh.603167,13.0000,13.8100,13.0000,13.7100,12.7500,18125206,244504212.0000,3,5.952133,1,7.529400,0
2015-08-11,sh.603167,13.7600,14.2400,13.4000,13.8500,13.7100,22963737,315962784.0000,3,7.541057,1,1.021200,0
2015-08-12,sh.603167,13.5000,13.9600,13.3000,13.3800,13.8500,14030580,191503459.0000,3,4.607499,1,-3.393500,0
2015-08-13,sh.603167,13.3800,14.0300,13.3000,14.0100,13.3800,13403673,183027803.0000,3,4.401629,1,4.708500,0
2015-08-14,sh.603167,14.0500,14.3400,13.8500,14.0600,14.0100,13688206,192942757.0000,3,4.495067,1,0.356900,0
2015-08-17,sh.603167,13.8000,14.6900,13.6100,14.6700,14.0600,18873395,268569232.0000,3,6.197830,1,4.338500,0
2015-08-18,sh.603167,14.7100,15.0800,13.2000,13.2100,14.6700,23297481,327259904.0000,3,7.650655,1,-9.952300,0
2015-08-19,sh.603167,12.7800,13.7500,12.3100,13.5500,13.2100,14704847,191269746.0000,3,4.828922,1,2.573800,0
2015-08-20,sh.603167,13.4500,14.1400,13.0100,13.0400,13.5500,13351059,181145945.0000,3,4.384352,1,-3.763800,0
2015-08-21,sh.603167,12.7200,13.1000,12.0500,12.1000,13.0400,10996346,138479174.0000,3,3.611088,1,-7.208600,0
2015-08-24,sh.603167,11.4700,11.4700,10.8900,10.8900,12.1000,7157700,78660764.0000,3,2.350516,1,-10.000000,0
2015-08-25,sh.603167,9.8000,10.1400,9.8000,9.8000,10.8900,18666406,183539148.0000,3,6.129857,1,-10.009200,0
2015-08-26,sh.603167,9.8000,10.1500,8.8200,8.8400,9.8000,26791824,254631473.0000,3,8.798162,1,-9.795900,0
2015-08-27,sh.603167,9.1000,9.3900,8.2700,9.2200,8.8400,23275353,208880569.0000,3,7.643388,1,4.298600,0
2015-08-28,sh.603167,9.5000,10.0500,9.2800,10.0100,9.2200,22937752,219249525.0000,3,7.532524,1,8.568300,0
2015-08-31,sh.603167,9.9300,9.9300,9.5100,9.5800,10.0100,15206674,148088436.0000,3,4.993717,1,-4.295700,0
2015-09-01,sh.603167,9.6000,9.6000,8.7600,8.8200,9.5800,12953566,117878768.0000,3,4.253819,1,-7.933200,0
2015-09-02,sh.603167,8.4300,9.2900,8.2500,8.7000,8.8200,11516547,101344203.0000,3,3.781917,1,-1.360500,0
2015-09-07,sh.603167,8.9300,9.4100,8.9000,9.0600,8.7000,12923104,118095850.0000,3,4.243816,1,4.137900,0
2015-09-08,sh.603167,9.0800,9.7800,8.9100,9.7300,9.0600,12593776,117723921.0000,3,4.135668,1,7.395100,0
2015-09-09,sh.603167,9.8000,10.3600,9.7300,10.3300,9.7300,21513097,216645476.0000,3,7.064682,1,6.166500,0
2015-09-10,sh.603167,10.0000,10.2900,9.8400,9.8500,10.3300,15658631,157093800.0000,3,3.252728,1,-4.646700,0
2015-09-11,sh.603167,9.8600,10.1200,9.7500,10.0000,9.8500,9978848,99484929.0000,3,2.072881,1,1.522800,0
2015-09-14,sh.603167,10.1000,10.1900,9.0000,9.0100,10.0000,14613804,138011164.0000,3,3.035688,1,-9.900000,0
2015-09-15,sh.603167,8.9000,9.0600,8.3500,8.4800,9.0100,8762033,76538869.0000,3,1.820115,1,-5.882400,0
2015-09-16,sh.603167,8.5500,9.3300,8.5500,9.3300,8.4800,11561850,103467459.0000,3,2.401714,1,10.023600,0
2015-09-17,sh.603167,9.2900,9.7000,9.1300,9.1600,9.3300,11646799,109583510.0000,3,2.419360,1,-1.822100,0
2015-09-18,sh.603167,9.2800,9.5300,9.0500,9.4100,9.1600,9503848,88144380.0000,3,1.974210,1,2.729300,0
2015-09-21,sh.603167,9.3000,9.8400,9.2100,9.8000,9.4100,11967972,114293731.0000,3,2.486076,1,4.144500,0
2015-09-22,sh.603167,9.7300,9.9800,9.6700,9.7700,9.8000,13148751,128713719.0000,3,2.731357,1,-0.306100,0
2015-09-23,sh.603167,9.6000,9.6800,9.3100,9.3800,9.7700,10742409,102210186.0000,3,2.231493,1,-3.991800,0
2015-09-24,sh.603167,9.4700,9.8300,9.4700,9.7300,9.3800,10919554,105470662.0000,3,2.268291,1,3.731300,0
2015-09-25,sh.603167,9.6100,9.7300,9.1700,9.2700,9.7300,9113907,85942014.0000,3,1.893209,1,-4.727600,0
2015-09-28,sh.603167,9.4000,9.4600,9.1700,9.4500,9.2700,5578015,52144363.0000,3,1.158707,1,1.941700,0
2015-09-29,sh.603167,9.2400,9.3500,9.0600,9.1300,9.4500,6191155,56856685.0000,3,1.286073,1,-3.386200,0
2015-09-30,sh.603167,9.1900,9.2700,9.1000,9.2300,9.1300,4750676,43667217.0000,3,0.986846,1,1.095300,0
2015-10-08,sh.603167,9.6800,9.8200,9.5500,9.7600,9.2300,11975562,116270832.0000,3,2.487653,1,5.742200,0
2015-10-09,sh.603167,9.6500,9.9800,9.6500,9.9500,9.7600,12432931,122245856.0000,3,2.582661,1,1.946700,0
2015-10-12,sh.603167,10.0300,10.4900,9.9000,10.3500,9.9500,21977409,225290049.0000,3,4.565311,1,4.020100,0
2015-10-13,sh.603167,10.1900,10.6400,10.1800,10.5600,10.3500,15917305,166145511.0000,3,3.306461,1,2.029000,0
2015-10-14,sh.603167,10.5000,10.5100,10.2100,10.2500,10.5600,12870075,133114505.0000,3,2.673468,1,-2.935600,0
2015-10-15,sh.603167,10.1900,10.6400,10.1800,10.6300,10.2500,14700866,153393838.0000,3,3.053774,1,3.707300,0
2015-10-16,sh.603167,10.7100,11.0800,10.4000,10.9500,10.6300,21768286,233157921.0000,3,4.521871,1,3.010300,0
2015-10-19,sh.603167,10.9800,10.9800,10.5100,10.6700,10.9500,15843201,170782808.0000,3,3.291068,1,-2.557100,0
2015-10-20,sh.603167,10.7000,10.8800,10.4900,10.8400,10.6700,14489118,155171516.0000,3,3.009788,1,1.593300,0
2015-10-21,sh.603167,10.9300,11.0400,9.9300,9.9900,10.8400,22608153,239594358.0000,3,4.696334,1,-7.841300,0
2015-10-22,sh.603167,10.0800,10.9900,9.9300,10.9900,9.9900,34439521,367123280.0000,3,7.154034,1,10.010000,0
2015-10-23,sh.603167,11.5500,11.6900,11.0000,11.5800,10.9900,40749359,464240528.0000,3,8.464761,1,5.368500,0
2015-10-26,sh.603167,11.7000,12.7400,11.5000,12.3100,11.5800,44499572,542759648.0000,3,9.243783,1,6.304000,0
2015-10-27,sh.603167,11.9900,12.1500,11.3900,12.0300,12.3100,29482293,347632192.0000,3,6.124282,1,-2.274600,0
2015-10-28,sh.603167,11.9000,12.6600,11.6800,11.8400,12.0300,29790843,362288416.0000,3,6.188376,1,-1.579400,0
2015-10-29,sh.603167,12.2100,12.5600,11.9300,12.3200,11.8400,28668684,351565808.0000,3,5.955273,1,4.054000,0
2015-10-30,sh.603167,12.2000,12.2400,11.6900,12.0400,12.3200,20638734,247205540.0000,3,4.287232,1,-2.272700,0
2015-11-02,sh.603167,12.0000,12.2000,11.2000,11.2600,12.0400,25462985,298821920.0000,3,5.289361,1,-6.478400,0
2015-11-03,sh.603167,11.3600,11.6500,10.9900,11.4300,11.2600,18057649,204142370.0000,3,3.751070,1,1.509800,0
2015-11-04,sh.603167,11.3800,12.0800,11.3800,12.0600,11.4300,21987296,259458447.0000,3,4.567365,1,5.511800,0
2015-11-05,sh.603167,12.0000,12.2300,11.8100,12.0700,12.0600,26613528,320091472.0000,3,5.528361,1,0.082900,0
2015-11-06,sh.603167,12.1400,12.4800,12.0800,12.4400,12.0700,22851064,281334080.0000,3,4.746794,1,3.065500,0
2015-11-09,sh.603167,12.2100,12.6000,12.1400,12.4800,12.4400,18737154,231710366.0000,3,3.892221,1,0.321500,0
2015-11-10,sh.603167,12.3600,12.4700,12.2000,12.2900,12.4800,17953022,221210045.0000,3,3.729336,1,-1.522400,0
2015-11-11,sh.603167,12.3000,12.4500,12.2200,12.3600,12.2900,13644056,168083372.0000,3,2.834245,1,0.569600,0
2015-11-12,sh.603167,12.4000,12.4200,12.0000,12.1200,12.3600,18563756,225360939.0000,3,3.856202,1,-1.941700,0
2015-11-13,sh.603167,12.0200,12.0800,11.8000,11.8100,12.1200,11939951,142221138.0000,3,2.480256,1,-2.557800,0
2015-11-16,sh.603167,11.5400,12.0400,11.4900,12.0200,11.8100,8520473,100139009.0000,3,1.769936,1,1.778200,0
2015-11-17,sh.603167,12.0700,12.6300,12.0700,12.3000,12.0200,25596613,315978944.0000,3,5.317119,1,2.329400,0
2015-11-18,sh.603167,12.3200,12.4800,12.0200,12.1200,12.3000,14431958,177608173.0000,3,2.997914,1,-1.463400,0
2015-11-19,sh.603167,12.0700,12.4600,12.0700,12.4500,12.1200,14420757,176947387.0000,3,2.995587,1,2.722800,0
2015-11-20,sh.603167,12.5000,12.6700,12.2700,12.4800,12.4500,20915530,261095276.0000,3,4.344730,1,0.241000,0
2015-11-23,sh.603167,12.5300,12.8500,12.3800,12.6700,12.4800,22573720,284842896.0000,3,4.689182,1,1.522400,0
2015-11-24,sh.603167,12.6700,12.7000,12.1600,12.5500,12.6700,17616972,218366297.0000,3,3.659529,1,-0.947100,0
2015-11-25,sh.603167,12.5600,12.6500,12.4000,12.6100,12.5500,18398038,230813091.0000,3,3.821778,1,0.478100,0
2015-11-26,sh.603167,12.6900,13.1400,12.3600,13.1200,12.6100,28565984,363753168.0000,3,5.933939,1,4.044400,0
2015-11-27,sh.603167,12.8600,12.9600,11.8100,11.8600,13.1200,25521527,318476608.0000,3,5.301522,1,-9.603700,0
2015-11-30,sh.603167,11.9000,12.1400,11.1100,12.0400,11.8600,18390598,217025179.0000,3,3.820232,1,1.517700,0
2015-12-01,sh.603167,12.3100,12.4800,12.0400,12.1400,12.0400,19349496,237637752.0000,3,4.019422,1,0.830600,0
2015-12-02,sh.603167,12.0000,12.0000,11.3400,11.8300,12.1400,13408309,157157175.0000,3,2.785274,1,-2.553500,0
2015-12-03,sh.603167,11.7600,12.0500,11.7300,12.0400,11.8300,9660747,115251660.0000,3,2.006802,1,1.775100,0
2015-12-04,sh.603167,12.0400,12.2800,11.8600,12.2100,12.0400,13282346,160725785.0000,3,2.759108,1,1.412000,0
2015-12-07,sh.603167,12.2300,12.4300,12.2000,12.3300,12.2100,12793797,157747203.0000,3,2.657623,1,0.982800,0
2015-12-08,sh.603167,12.2500,12.2600,11.7600,11.8000,12.3300,10398211,124324595.0000,3,2.159994,1,-4.298500,0
2015-12-09,sh.603167,11.8000,11.8500,11.6000,11.6500,11.8000,7590421,88837016.0000,3,1.576739,1,-1.271200,0
2015-12-10,sh.603167,11.7100,11.9200,11.6000,11.6900,11.6500,7900961,93183304.0000,3,1.641247,1,0.343300,0
2015-12-11,sh.603167,11.6800,11.7700,11.4500,11.5600,11.6900,6212150,71983772.0000,3,1.290434,1,-1.112100,0
2015-12-14,sh.603167,11.5500,11.9400,11.4500,11.9200,11.5600,7241294,85086737.0000,3,1.504216,1,3.114200,0
2015-12-15,sh.603167,11.9200,12.0900,11.8400,11.9400,11.9200,6631282,79303942.0000,3,1.377499,1,0.167800,0
2015-12-16,sh.603167,11.9700,12.1700,11.9100,11.9700,11.9400,9972241,120112683.0000,3,2.071508,1,0.251300,0
2015-12-17,sh.603167,12.0600,12.4300,12.0300,12.4100,11.9700,14153472,173663369.0000,3,2.940065,1,3.675900,0
2015-12-18,sh.603167,12.3600,12.4700,12.1800,12.3000,12.4100,10386959,128079122.0000,3,2.157657,1,-0.886400,0
2015-12-21,sh.603167,12.2800,12.6200,12.2800,12.5100,12.3000,13219675,164476757.0000,3,2.746090,1,1.707300,0
2015-12-22,sh.603167,12.5700,12.7000,12.3600,12.5700,12.5100,12088271,151131669.0000,3,2.511066,1,0.479600,0
2015-12-23,sh.603167,12.5100,12.6800,12.3100,12.4000,12.5700,13316612,167275973.0000,3,2.766226,1,-1.352400,0
2015-12-24,sh.603167,12.3700,12.4600,12.0900,12.3100,12.4000,7909149,96746384.0000,3,1.642947,1,-0.725800,0
2015-12-25,sh.603167,12.2800,12.5300,12.2800,12.5200,12.3100,7196332,89278393.0000,3,1.494876,1,1.705900,0
2015-12-28,sh.603167,12.5400,12.7000,12.1100,12.1300,12.5200,12037592,150063267.0000,3,2.500538,1,-3.115000,0
2015-12-29,sh.603167,12.1400,12.4900,12.1000,12.4700,12.1300,8753168,107729710.0000,3,1.818273,1,2.803000,0
2015-12-30,sh.603167,12.5600,12.7400,12.4300,12.6000,12.4700,13365194,168239942.0000,3,2.776318,1,1.042500,0
2015-12-31,sh.603167,12.6000,12.7600,12.3000,12.4200,12.6000,14939419,188366279.0000,3,3.103328,1,-1.428600,0
2016-01-04,sh.603167,12.3900,12.3900,11.2100,11.2200,12.4200,10861029,129259759.0000,3,2.256134,1,-9.661800,0
2016-01-05,sh.603167,10.9600,11.3800,10.6200,11.1500,11.2200,13454476,148011184.0000,3,2.794864,1,-0.623900,0
2016-01-06,sh.603167,11.1900,11.3400,10.9300,11.2900,11.1500,9963280,111455900.0000,3,2.069647,1,1.255600,0
2016-01-07,sh.603167,11.1600,11.1700,10.1600,10.1800,11.2900,2778100,29386500.0000,3,0.577088,1,-9.831700,0
2016-01-08,sh.603167,10.4500,10.6300,9.9000,10.3000,10.1800,10510651,108476667.0000,3,2.183351,1,1.178800,0
2016-01-11,sh.603167,10.2300,10.2300,9.2700,9.2800,10.3000,13191084,128651836.0000,3,2.740150,1,-9.902900,0
2016-01-12,sh.603167,9.3700,9.4900,9.1800,9.3800,9.2800,6855831,64190771.0000,3,1.424144,1,1.077600,0
2016-01-13,sh.603167,9.4700,9.5400,9.0200,9.0800,9.3800,6278585,58856232.0000,3,1.304235,1,-3.198300,0
2016-01-14,sh.603167,9.1000,9.4600,8.8800,9.4200,9.0800,7965429,73869075.0000,3,1.654638,1,3.744500,0
2016-01-15,sh.603167,9.3400,9.4700,8.9300,9.0900,9.4200,6413883,59305489.0000,3,1.332340,1,-3.503200,0
2016-01-18,sh.603167,8.8800,9.3500,8.8800,9.2300,9.0900,5943806,54474570.0000,3,1.234692,1,1.540100,0
2016-01-19,sh.603167,9.1900,9.5300,9.1800,9.4900,9.2300,10552233,98945907.0000,3,2.191989,1,2.816900,0
2016-01-20,sh.603167,9.4000,9.5400,9.2700,9.3200,9.4900,9831830,92404901.0000,3,2.042341,1,-1.791400,0
2016-01-21,sh.603167,9.1500,9.4000,8.9100,8.9300,9.3200,7879851,72358332.0000,3,1.636861,1,-4.184500,0
2016-01-22,sh.603167,9.0200,9.1400,8.8800,9.0800,8.9300,6865628,61847201.0000,3,1.426179,1,1.679700,0
2016-01-25,sh.603167,9.1700,9.2800,9.0900,9.1900,9.0800,6303686,57886120.0000,3,1.309449,1,1.211400,0
2016-01-26,sh.603167,9.1000,9.1200,8.3500,8.3600,9.1900,8466397,74268439.0000,3,1.758703,1,-9.031600,0
2016-01-27,sh.603167,8.4700,8.4700,7.9700,8.3200,8.3600,6953690,57326645.0000,3,1.444472,1,-0.478500,0
2016-01-28,sh.603167,8.2200,8.3900,8.0100,8.0800,8.3200,4664439,38408203.0000,3,0.968932,1,-2.884600,0
2016-01-29,sh.603167,8.0600,8.7500,8.0600,8.5000,8.0800,7017719,59181259.0000,3,1.457773,1,5.198000,0
2016-02-01,sh.603167,8.5000,8.6400,8.4100,8.5500,8.5000,6933053,59277406.0000,3,1.440186,1,0.588200,0
2016-02-02,sh.603167,8.5000,8.8500,8.5000,8.8300,8.5500,5694460,49873941.0000,3,1.182896,1,3.274900,0
2016-02-03,sh.603167,8.7400,8.8300,8.5800,8.7700,8.8300,4197578,36572858.0000,3,0.871952,1,-0.679500,0
2016-02-04,sh.603167,8.7800,8.9300,8.7600,8.8800,8.7700,6449355,57158756.0000,3,1.339708,1,1.254300,0
2016-02-05,sh.603167,8.8800,8.9800,8.7900,8.8400,8.8800,4616551,41089489.0000,3,0.958984,1,-0.450500,0
2016-02-15,sh.603167,8.5500,8.8700,8.4600,8.7700,8.8400,4745052,41222833.0000,3,0.985678,1,-0.791900,0
2016-02-16,sh.603167,8.8300,9.2200,8.8300,9.1200,8.7700,8634456,78162823.0000,3,1.793614,1,3.990900,0
2016-02-17,sh.603167,9.0700,9.2500,9.0000,9.2000,9.1200,7559137,68988567.0000,3,1.570240,1,0.877200,0
2016-02-18,sh.603167,9.2200,9.2700,9.0800,9.1300,9.2000,6963891,63828341.0000,3,1.446591,1,-0.760900,0
2016-02-19,sh.603167,9.1000,9.2200,9.0600,9.1700,9.1300,4104994,37549816.0000,3,0.852720,1,0.438100,0
2016-02-22,sh.603167,9.2500,9.3900,9.2000,9.3800,9.1700,8381362,78016010.0000,3,1.741039,1,2.290100,0
2016-02-23,sh.603167,9.3700,9.3800,9.1800,9.2500,9.3800,6399152,59442667.0000,3,1.329280,1,-1.385900,0
2016-02-24,sh.603167,9.2000,9.3400,9.1100,9.3000,9.2500,5365947,49658330.0000,3,1.114655,1,0.540500,0
2016-02-25,sh.603167,9.2800,9.3000,8.3700,8.4000,9.3000,9467578,83668937.0000,3,1.966676,1,-9.677400,0
2016-02-26,sh.603167,8.5000,8.5700,8.3400,8.5100,8.4000,6138639,52016277.0000,3,1.275164,1,1.309500,0
2016-02-29,sh.603167,8.4300,8.4900,7.9900,8.0900,8.5100,7227328,58567644.0000,3,1.501314,1,-4.935400,0
2016-03-01,sh.603167,8.1000,8.3300,8.0800,8.2700,8.0900,6117080,50084938.0000,3,1.270686,1,2.225000,0
2016-03-02,sh.603167,8.2500,8.6800,8.2400,8.6500,8.2700,7744243,65667330.0000,3,1.608692,1,4.594900,0
2016-03-03,sh.603167,8.6400,8.8800,8.6200,8.7000,8.6500,8155467,71408744.0000,3,1.694114,1,0.578000,0
2016-03-04,sh.603167,8.6800,8.7600,8.3800,8.5300,8.7000,9205918,78897005.0000,3,1.912322,1,-1.954000,0
2016-03-07,sh.603167,8.5700,8.7500,8.5700,8.7400,8.5300,6659117,57902853.0000,3,1.383281,1,2.461900,0
2016-03-08,sh.603167,8.7700,8.9300,8.3800,8.9000,8.7400,9506872,82352184.0000,3,1.974838,1,1.830700,0
2016-03-09,sh.603167,8.6900,9.0100,8.6100,8.8700,8.9000,7809195,68336442.0000,3,1.622184,1,-0.337100,0
2016-03-10,sh.603167,8.8100,8.8900,8.5800,8.6100,8.8700,6785075,59379064.0000,3,1.409446,1,-2.931200,0
2016-03-11,sh.603167,8.5500,8.6500,8.4500,8.6200,8.6100,5362050,45935318.0000,3,1.113845,1,0.116100,0
2016-03-14,sh.603167,8.7300,8.9900,8.6800,8.8700,8.6200,8284087,73564547.0000,3,1.720832,1,2.900200,0
2016-03-15,sh.603167,8.8800,9.1600,8.8500,8.9400,8.8700,8678135,78094437.0000,3,1.802687,1,0.789200,0
2016-03-16,sh.603167,8.9600,9.0500,8.6900,8.8100,8.9400,6362039,56401329.0000,3,1.321570,1,-1.454100,0
2016-03-17,sh.603167,8.8300,9.1000,8.8200,9.0700,8.8100,7782847,69957267.0000,3,1.616711,1,2.951200,0
2016-03-18,sh.603167,9.0800,9.3800,9.0500,9.3000,9.0700,15806563,146215740.0000,3,3.283457,1,2.535800,0
2016-03-21,sh.603167,9.3800,9.4800,9.3100,9.4700,9.3000,14927038,140003233.0000,3,3.100756,1,1.828000,0
2016-03-22,sh.603167,9.3600,9.4400,9.3000,9.3400,9.4700,8804167,82450456.0000,3,1.828867,1,-1.372800,0
2016-03-23,sh.603167,9.3300,9.3900,9.2600,9.3700,9.3400,7093523,66246804.0000,3,1.473520,1,0.321200,0
2016-03-24,sh.603167,9.2800,9.8600,9.2000,9.5500,9.3700,19533208,186667950.0000,3,4.057584,1,1.921000,0
2016-03-25,sh.603167,9.4600,9.6600,9.3600,9.5400,9.5500,9842266,93814912.0000,3,2.044509,1,-0.104700,0
2016-03-28,sh.603167,9.5400,9.6200,9.2900,9.3500,9.5400,11418906,108411422.0000,3,2.372020,1,-1.991600,0
2016-03-29,sh.603167,9.3700,9.3700,9.0700,9.1300,9.3500,7510051,69078673.0000,3,1.560044,1,-2.352900,0
2016-03-30,sh.603167,9.1900,9.4200,9.1800,9.4000,9.1300,6942328,64620721.0000,3,1.442112,1,2.957300,0
2016-03-31,sh.603167,9.4400,9.6900,9.3900,9.5500,9.4000,11203523,107058863.0000,3,2.327279,1,1.595800,0
2016-04-01,sh.603167,9.4800,9.5200,9.2600,9.4400,9.5500,7544753,70890074.0000,3,1.567252,1,-1.151800,0
2016-04-05,sh.603167,9.4200,9.7600,9.4000,9.7400,9.4400,11944822,115318279.0000,3,2.481268,1,3.178000,0
2016-04-06,sh.603167,9.7000,9.7900,9.6100,9.7200,9.7400,9362826,90766794.0000,3,1.944916,1,-0.205300,0
2016-04-07,sh.603167,9.7300,9.8400,9.6000,9.6200,9.7200,10918130,106220008.0000,3,2.267995,1,-1.028800,0
2016-04-08,sh.603167,9.5000,9.5700,9.3700,9.4600,9.6200,6706776,63444630.0000,3,1.393182,1,-1.663200,0
2016-04-11,sh.603167,9.5200,9.7700,9.5200,9.7600,9.4600,10594096,102794133.0000,3,2.200685,1,3.171200,0
2016-04-12,sh.603167,9.7400,9.7400,9.5700,9.6700,9.7600,5788279,55854454.0000,3,1.202385,1,-0.922100,0
2016-04-13,sh.603167,9.7400,10.0600,9.7200,9.9700,9.6700,14979901,148485408.0000,3,3.111737,1,3.102400,0
2016-04-14,sh.603167,10.0000,10.0200,9.8300,9.9900,9.9700,7058158,70009185.0000,3,1.466173,1,0.200600,0
2016-04-15,sh.603167,10.0000,10.0400,9.8600,10.0200,9.9900,8581252,85258622.0000,3,1.782562,1,0.300300,0
2016-04-18,sh.603167,9.9900,9.9900,9.8000,9.8700,10.0200,7212240,71213655.0000,3,1.498180,1,-1.497000,0
2016-04-19,sh.603167,9.9000,9.9000,9.6000,9.6800,9.8700,12750004,123989035.0000,3,2.648526,1,-1.925000,0
2016-04-20,sh.603167,9.6900,9.7300,8.9800,9.1400,9.6800,13458926,126003537.0000,3,2.795789,1,-5.578500,0
2016-04-21,sh.603167,9.1000,9.2300,9.0500,9.0600,9.1400,6447314,58985845.0000,3,1.339284,1,-0.875300,0
2016-04-22,sh.603167,9.0200,9.1300,8.9500,9.1200,9.0600,4982261,45091075.0000,3,1.034952,1,0.662200,0
2016-04-25,sh.603167,9.0500,9.1000,8.8800,9.0600,9.1200,5249393,47098777.0000,3,1.090443,1,-0.657900,0
2016-04-26,sh.603167,9.1900,9.3700,9.1500,9.3600,9.0600,10258412,95008584.0000,3,2.130954,1,3.311200,0
2016-04-27,sh.603167,9.3600,9.4100,9.2400,9.2600,9.3600,8495649,79223138.0000,3,1.764780,1,-1.068400,0
2016-04-28,sh.603167,9.2900,9.5500,9.2500,9.5000,9.2600,12145983,114282304.0000,3,2.523054,1,2.591800,0
2016-04-29,sh.603167,9.4200,9.4900,9.3900,9.4500,9.5000,6517475,61475843.0000,3,1.353859,1,-0.526300,0
2016-05-03,sh.603167,9.4100,9.7600,9.3800,9.7400,9.4500,9675754,93109273.0000,3,2.009920,1,3.068800,0
2016-05-04,sh.603167,9.7100,9.8500,9.6600,9.7300,9.7400,8841741,86222925.0000,3,1.836672,1,-0.102700,0
2016-05-05,sh.603167,9.7000,9.9500,9.6800,9.8600,9.7300,9726076,95653001.0000,3,2.020373,1,1.336100,0
2016-05-06,sh.603167,9.8900,9.9000,9.4000,9.4100,9.8600,16417145,157942491.0000,3,3.410292,1,-4.563900,0
2016-05-09,sh.603167,9.3000,9.3500,9.1300,9.1900,9.4100,9981927,92027763.0000,3,2.073520,1,-2.337900,0
2016-05-10,sh.603167,9.2500,9.4800,9.1700,9.3800,9.1900,9215684,85808286.0000,3,1.914351,1,2.067500,0
2016-05-11,sh.603167,9.3900,9.4900,9.2600,9.3700,9.3800,9166352,86093441.0000,3,1.904103,1,-0.106600,0
2016-05-12,sh.603167,9.2000,9.3000,9.0600,9.2700,9.3700,8445771,77692865.0000,3,1.754419,1,-1.067200,0
2016-05-13,sh.603167,9.2600,9.4100,9.1200,9.2000,9.2700,6702941,62243786.0000,3,1.392385,1,-0.755100,0
2016-05-16,sh.603167,9.1600,9.3700,9.1200,9.3600,9.2000,6919776,64069847.0000,3,1.437428,1,1.739100,0
2016-05-17,sh.603167,9.3200,9.4100,9.2200,9.3500,9.3600,6597413,61581939.0000,3,1.370464,1,-0.106800,0
2016-05-18,sh.603167,9.3100,9.3200,8.9500,9.0400,9.3500,7526286,68595397.0000,3,1.563416,1,-3.315500,0
2016-05-19,sh.603167,9.0800,9.1700,9.0400,9.0600,9.0400,4647011,42336721.0000,3,0.965312,1,0.221200,0
2016-05-20,sh.603167,8.9700,9.1200,8.9100,9.1100,9.0600,4748547,42921745.0000,3,0.986404,1,0.551900,0
2016-05-23,sh.603167,9.1400,9.2500,9.1100,9.2200,9.1100,5654783,52003491.0000,3,1.174654,1,1.207500,0
2016-05-24,sh.603167,9.2200,9.2300,9.0500,9.1100,9.2200,4920219,44848783.0000,3,1.022065,1,-1.193100,0
2016-05-25,sh.603167,9.1600,9.2200,9.0800,9.1200,9.1100,5470646,50067845.0000,3,1.136403,1,0.109800,0
2016-05-26,sh.603167,9.1500,9.1700,8.9600,9.1200,9.1200,6264085,56752764.0000,3,1.301222,1,0.000000,0
2016-05-27,sh.603167,9.1000,9.2200,9.0800,9.1800,9.1200,4778741,43779698.0000,3,0.992676,1,0.657900,0
2016-05-30,sh.603167,9.1000,9.2000,9.0800,9.1500,9.1800,3715345,33962593.0000,3,0.771779,1,-0.326800,0
2016-05-31,sh.603167,9.1800,9.5100,9.1600,9.4900,9.1500,11276093,105864320.0000,3,2.342354,1,3.715800,0
2016-06-01,sh.603167,9.5000,9.5800,9.4500,9.5000,9.4900,9263056,88070281.0000,3,1.924191,1,0.105400,0
2016-06-02,sh.603167,9.5000,9.5500,9.4600,9.5400,9.5000,6689135,63554745.0000,3,1.389517,1,0.421100,0
2016-06-03,sh.603167,9.5400,9.7900,9.5000,9.7000,9.5400,12478513,120624226.0000,3,2.592130,1,1.677100,0
2016-06-06,sh.603167,9.7400,9.7500,9.5200,9.5900,9.7000,9722451,93458489.0000,3,2.019620,1,-1.134000,0
2016-06-07,sh.603167,9.5400,9.6400,9.4900,9.6000,9.5900,5753824,55019111.0000,3,1.195227,1,0.104300,0
2016-06-08,sh.603167,9.5900,9.7000,9.5100,9.6300,9.6000,7043263,67757390.0000,3,1.463079,1,0.312500,0
2016-06-13,sh.603167,9.5100,9.5400,9.1000,9.1300,9.6300,9521733,89082944.0000,3,1.977925,1,-5.192100,0
2016-06-14,sh.603167,9.1000,9.2100,9.1000,9.2000,9.1300,4859031,44523770.0000,3,1.009354,1,0.766700,0
2016-06-15,sh.603167,9.1200,9.5400,9.1200,9.5300,9.2000,8820637,83101766.0000,3,1.832289,1,3.587000,0
2016-06-16,sh.603167,9.4900,9.6700,9.4600,9.5500,9.5300,7516905,71907126.0000,3,1.561468,1,0.209900,0
2016-06-17,sh.603167,9.5900,9.7200,9.5700,9.6700,9.5500,8795550,84814454.0000,3,1.827077,1,1.256500,0
2016-06-20,sh.603167,9.5800,9.5800,9.4200,9.5600,9.5400,5507264,52393123.0000,3,1.144010,1,0.209600,0
2016-06-21,sh.603167,9.6000,9.7100,9.4300,9.4700,9.5600,7791794,74730052.0000,3,1.618570,1,-0.941400,0
2016-06-22,sh.603167,9.4600,9.8000,9.4500,9.7900,9.4700,11950684,115557708.0000,3,2.482485,1,3.379100,0
2016-06-23,sh.603167,9.7700,9.8900,9.6400,9.8200,9.7900,12014022,117334114.0000,3,2.495642,1,0.306400,0
2016-06-24,sh.603167,9.8400,9.8500,9.5200,9.7600,9.8200,14286586,138900795.0000,3,2.967716,1,-0.611000,0
2016-06-27,sh.603167,9.7100,10.0300,9.6800,9.9800,9.7600,13043730,128894244.0000,3,2.709541,1,2.254100,0
2016-06-28,sh.603167,9.9300,10.1500,9.8700,9.9800,9.9800,15144841,151653604.0000,3,3.145999,1,0.000000,0
2016-06-29,sh.603167,10.0000,10.0300,9.8900,10.0000,9.9800,10429519,103854057.0000,3,2.166498,1,0.200400,0
2016-06-30,sh.603167,10.0500,10.0600,9.9000,9.9500,10.0000,7751867,77234236.0000,3,1.610276,1,-0.500000,0
2016-07-01,sh.603167,9.9900,10.0500,9.8700,9.9100,9.9500,6822002,67923225.0000,3,1.417117,1,-0.402000,0
2016-07-04,sh.603167,9.8800,10.1900,9.8100,10.1300,9.9100,11530924,116215904.0000,3,2.395290,1,2.220000,0
2016-07-05,sh.603167,10.1500,10.2800,10.0900,10.2200,10.1300,10246680,104564593.0000,3,2.128517,1,0.888500,0
2016-07-06,sh.603167,10.2200,10.2300,10.1200,10.2100,10.2200,8416905,85699729.0000,3,1.748422,1,-0.097800,0
2016-07-07,sh.603167,10.1600,10.3400,10.1100,10.1900,10.2100,9021449,92107046.0000,3,1.874003,1,-0.195900,0
2016-07-08,sh.603167,10.2000,10.2300,10.1100,10.1800,10.1900,6259277,63699581.0000,3,1.300224,1,-0.098100,0
2016-07-11,sh.603167,10.1700,10.2700,10.1100,10.1200,10.1800,8436787,85900510.0000,3,1.752552,1,-0.589400,0
2016-07-12,sh.603167,10.1200,10.1900,9.9400,10.1900,10.1200,11145052,112450109.0000,3,2.315133,1,0.691700,0
2016-07-13,sh.603167,10.1900,10.3300,10.1700,10.2300,10.1900,9824854,100591786.0000,3,2.040892,1,0.392500,0
2016-07-14,sh.603167,10.2200,10.4500,10.1800,10.3700,10.2300,10861801,112312136.0000,3,2.256294,1,1.368500,0
2016-07-15,sh.603167,10.4000,10.4000,10.2100,10.2500,10.3700,9120870,93756970.0000,3,1.894655,1,-1.157200,0
2016-07-18,sh.603167,10.2100,10.2500,10.0700,10.1400,10.2500,7958055,80674326.0000,3,1.653107,1,-1.073200,0
2016-07-19,sh.603167,10.1300,10.1700,10.0600,10.1700,10.1400,6829802,69062538.0000,3,1.418737,1,0.295900,0
2016-07-20,sh.603167,10.1400,10.2500,10.0900,10.1600,10.1700,6424580,65292549.0000,3,1.334562,1,-0.098300,0
2016-07-21,sh.603167,10.1700,10.2800,10.1200,10.2100,10.1600,7773258,79397690.0000,3,1.614719,1,0.492100,0
2016-07-22,sh.603167,10.2400,10.2400,10.0400,10.0500,10.2100,7762545,78520044.0000,3,1.612494,1,-1.567100,0
2016-07-25,sh.603167,10.0600,10.1600,10.0500,10.1100,10.0500,4874370,49276358.0000,3,1.012541,1,0.597000,0
2016-07-26,sh.603167,10.1100,10.3500,10.1000,10.3400,10.1100,11472641,117802240.0000,3,2.383183,1,2.275000,0
2016-07-27,sh.603167,10.3400,10.4700,9.8800,9.9300,10.3400,15878023,161210774.0000,3,3.298301,1,-3.965200,0
2016-07-28,sh.603167,9.9300,10.0500,9.8800,10.0200,9.9300,7789029,77640157.0000,3,1.617995,1,0.906300,0
2016-07-29,sh.603167,9.9900,10.1000,9.8800,9.9700,10.0200,8091227,80718417.0000,3,1.680770,1,-0.499000,0
2016-08-01,sh.603167,9.9400,10.0000,9.7200,9.8100,9.9700,7196153,70702864.0000,3,1.494839,1,-1.604800,0
2016-08-02,sh.603167,9.8000,9.9200,9.7800,9.9100,9.8100,4185906,41259708.0000,3,0.869528,1,1.019400,0
2016-08-03,sh.603167,9.8800,9.9800,9.8500,9.9700,9.9100,4698996,46686344.0000,3,0.976111,1,0.605500,0
2016-08-04,sh.603167,9.9700,10.0500,9.8900,10.0300,9.9700,4753566,47379141.0000,3,0.987446,1,0.601800,0
2016-08-05,sh.603167,10.0300,10.0600,9.9700,9.9700,10.0300,4347886,43509854.0000,3,0.903175,1,-0.598200,0
2016-08-08,sh.603167,9.9500,10.0900,9.9000,10.0800,9.9700,5042236,50444387.0000,3,1.047411,1,1.103300,0
2016-08-09,sh.603167,10.0700,10.3900,10.0500,10.3800,10.0800,16682329,171682039.0000,3,3.465378,1,2.976200,0
2016-08-10,sh.603167,10.3500,10.4200,10.2200,10.2900,10.3800,9642306,99287566.0000,3,2.002972,1,-0.867100,0
2016-08-11,sh.603167,10.2600,10.3400,10.1100,10.1200,10.2900,7625096,77825276.0000,3,1.583942,1,-1.652100,0
2016-08-12,sh.603167,10.1200,10.3000,10.1000,10.2900,10.1200,6728985,68544178.0000,3,1.397795,1,1.679800,0
2016-08-15,sh.603167,10.2800,10.5400,10.2600,10.5100,10.2900,17518992,182758395.0000,3,3.639176,1,2.138000,0
2016-08-16,sh.603167,10.5500,10.5900,10.4200,10.5100,10.5100,11361368,119329273.0000,3,2.360068,1,0.000000,0
2016-08-17,sh.603167,10.5100,10.6300,10.4500,10.5500,10.5100,10383431,109488897.0000,3,2.156924,1,0.380600,0
2016-08-18,sh.603167,10.5600,10.7200,10.4300,10.4800,10.5500,9697408,102223052.0000,3,2.014418,1,-0.663500,0
2016-08-19,sh.603167,10.5000,10.5200,10.3900,10.4900,10.4800,5505605,57534834.0000,3,1.143665,1,0.095400,0
2016-08-22,sh.603167,10.4700,10.5200,10.4100,10.4200,10.4900,5359468,56033097.0000,3,1.113309,1,-0.667300,0
2016-08-23,sh.603167,10.4000,10.5700,10.4000,10.4800,10.4200,6609487,69249016.0000,3,1.372972,1,0.575800,0
2016-08-24,sh.603167,10.4500,10.5300,10.4100,10.4200,10.4800,5038252,52741568.0000,3,1.046583,1,-0.572500,0
2016-08-25,sh.603167,10.4100,10.4200,10.2800,10.3600,10.4200,7899863,81633362.0000,3,1.641018,1,-0.575800,0
2016-08-26,sh.603167,10.4800,10.7800,10.4800,10.5800,10.3600,19063384,202931194.0000,3,3.959988,1,2.123600,0
2016-08-29,sh.603167,10.5000,10.7600,10.5000,10.6900,10.5800,13956913,148854957.0000,3,2.899234,1,1.039700,0
2016-08-30,sh.603167,10.6600,10.7000,10.4300,10.4800,10.6900,13221675,139169012.0000,3,2.746505,1,-1.964500,0
2016-08-31,sh.603167,10.4800,10.5300,10.4200,10.5000,10.4800,6422793,67253828.0000,3,1.334190,1,0.190800,0
2016-09-01,sh.603167,10.5200,10.6300,10.3700,10.3800,10.5000,9261100,97220818.0000,3,1.923785,1,-1.142900,0
2016-09-02,sh.603167,10.3500,10.4100,10.3000,10.3800,10.3800,6724661,69648691.0000,3,1.396897,1,0.000000,0
2016-09-05,sh.603167,10.3800,10.4400,10.3600,10.4100,10.3800,5305801,55149036.0000,3,1.102161,1,0.289015,0
2016-09-06,sh.603167,10.4000,10.5700,10.3000,10.5700,10.4100,8595640,89771559.0000,3,1.785550,1,1.536982,0
2016-09-07,sh.603167,10.5600,10.6200,10.5200,10.5700,10.5700,9349314,98953363.0000,3,1.942109,1,0.000000,0
2016-09-08,sh.603167,10.5800,10.6700,10.5300,10.6500,10.5700,8369329,88656433.0000,3,1.738539,1,0.756858,0
2016-09-09,sh.603167,10.6600,10.6900,10.5100,10.5200,10.6500,7005289,74205851.0000,3,1.455191,1,-1.220649,0
2016-09-12,sh.603167,10.3300,10.4800,10.1800,10.1900,10.5200,10564766,108942283.0000,3,2.194592,1,-3.136890,0
2016-09-13,sh.603167,10.2900,10.3300,10.2100,10.3100,10.1900,4641498,47657776.0000,3,0.964167,1,1.177633,0
2016-09-14,sh.603167,10.2800,10.3300,10.2300,10.2300,10.3100,3790210,38956999.0000,3,0.787331,1,-0.775954,0
2016-09-19,sh.603167,10.2500,10.3300,10.2400,10.3100,10.2300,3387922,34874424.0000,3,0.703764,1,0.782022,0
2016-09-20,sh.603167,10.3100,10.3700,10.3000,10.3300,10.3100,3764103,38884408.0000,3,0.781908,1,0.193982,0
2016-09-21,sh.603167,10.3300,10.4200,10.3200,10.3700,10.3300,3513564,36451123.0000,3,0.729864,1,0.387221,0
2016-09-22,sh.603167,10.4400,10.4900,10.3700,10.3900,10.3700,4984743,51979274.0000,3,1.035468,1,0.192868,0
2016-09-23,sh.603167,10.4100,10.4400,10.3600,10.3900,10.3900,3549393,36857400.0000,3,0.737306,1,0.000000,0
2016-09-26,sh.603167,10.3900,10.4000,10.1100,10.1200,10.3900,5717590,58598946.0000,3,1.187700,1,-2.598657,0
2016-09-27,sh.603167,10.1700,10.2200,10.1000,10.2100,10.1200,3194030,32437960.0000,3,0.663488,1,0.889330,0
2016-09-28,sh.603167,10.2400,10.2900,10.1900,10.2200,10.2100,2996046,30654759.0000,3,0.622361,1,0.097945,0
2016-09-29,sh.603167,10.2500,10.3500,10.2300,10.3200,10.2200,3656279,37716247.0000,3,0.759510,1,0.978468,0
2016-09-30,sh.603167,10.3200,10.4000,10.2800,10.3800,10.3200,3378829,34924291.0000,3,0.701876,1,0.581399,0
2016-10-10,sh.603167,10.4100,11.2000,10.3800,11.0300,10.3800,24808266,268873728.0000,3,5.153358,1,6.262039,0
2016-10-11,sh.603167,10.9200,11.0900,10.8500,11.0200,11.0300,19786000,216673322.0000,3,4.110096,1,-0.090655,0
2016-10-12,sh.603167,10.8800,10.9900,10.8500,10.9100,11.0200,8417011,91911310.0000,3,1.748444,1,-0.998191,0
2016-10-13,sh.603167,10.9100,11.0400,10.8800,10.9400,10.9100,9813143,107503602.0000,3,2.038459,1,0.274975,0
2016-10-14,sh.603167,10.8800,10.9300,10.7200,10.8400,10.9400,7462387,80651157.0000,3,1.550143,1,-0.914072,0
2016-10-17,sh.603167,10.8300,10.9200,10.6600,10.7100,10.8400,6732072,72603919.0000,3,1.398436,1,-1.199263,0
2016-10-18,sh.603167,10.7100,10.9400,10.7000,10.9100,10.7100,8096546,87815891.0000,3,1.681875,1,1.867412,0
2016-10-19,sh.603167,10.9200,10.9600,10.8400,10.8800,10.9100,6063686,66053111.0000,3,1.259594,1,-0.274975,0
2016-10-20,sh.603167,10.8700,11.0900,10.8600,10.9400,10.8800,9339860,102488057.0000,3,1.940145,1,0.551466,0
2016-10-21,sh.603167,10.9200,10.9500,10.7100,10.8300,10.9400,6954065,75353548.0000,3,1.444550,1,-1.005481,0
2016-10-24,sh.603167,10.8300,10.9200,10.7600,10.8700,10.8300,8329219,90522647.0000,3,1.730208,1,0.369344,0
2016-10-25,sh.603167,10.8800,10.9600,10.8500,10.9200,10.8700,5904306,64441521.0000,3,1.226486,1,0.459983,0
2016-10-26,sh.603167,10.9500,11.3100,10.9200,11.2300,10.9200,25200531,279506352.0000,3,5.234842,1,2.838823,0
2016-10-27,sh.603167,11.1500,11.1800,10.9700,11.0100,11.2300,12847603,141838349.0000,3,2.668800,1,-1.959032,0
2016-10-28,sh.603167,11.0100,11.0600,10.8600,10.9100,11.0100,7156214,78228801.0000,3,1.486542,1,-0.908269,0
2016-10-31,sh.603167,10.9000,10.9100,10.7700,10.8700,10.9100,5083403,55134403.0000,3,1.055962,1,-0.366636,0
2016-11-01,sh.603167,10.8600,10.9400,10.8400,10.9300,10.8700,6195070,67531340.0000,3,1.286886,1,0.551982,0
2016-11-02,sh.603167,10.9100,11.0100,10.8000,10.8300,10.9300,7865838,85790872.0000,3,1.633951,1,-0.914917,0
2016-11-03,sh.603167,10.8600,11.1100,10.8100,10.9600,10.8300,11161707,122732383.0000,3,2.318593,1,1.200370,0
2016-11-04,sh.603167,10.9200,10.9800,10.8200,10.8700,10.9600,8675152,94476537.0000,3,1.802067,1,-0.821169,0
2016-11-07,sh.603167,10.8800,10.9500,10.8400,10.8900,10.8700,4804263,52326046.0000,3,0.997977,1,0.183997,0
2016-11-08,sh.603167,10.9500,11.0300,10.9200,10.9800,10.8900,8605808,94467595.0000,3,1.787663,1,0.826439,0
2016-11-09,sh.603167,10.9900,11.1700,10.8500,10.9500,10.9800,12596493,138799340.0000,3,2.616638,1,-0.273222,0
2016-11-10,sh.603167,11.0400,11.2100,11.0200,11.1700,10.9500,13191658,146884195.0000,3,2.740270,1,2.009135,0
2016-11-11,sh.603167,11.1600,11.3400,11.1000,11.2700,11.1700,13178497,147874941.0000,3,2.737536,1,0.895259,0
2016-11-14,sh.603167,11.2100,11.4500,11.1700,11.3300,11.2700,13817739,156139644.0000,3,2.870324,1,0.532382,0
2016-11-15,sh.603167,11.6600,11.8600,11.3600,11.3600,11.3300,20509178,236245749.0000,3,4.260319,1,0.264781,0
2016-11-16,sh.603167,11.3600,11.4800,11.3000,11.3600,11.3600,10279415,116837388.0000,3,2.135317,1,0.000000,0
2016-11-17,sh.603167,11.4100,11.5600,11.3300,11.3900,11.3600,11215032,128278258.0000,3,2.329670,1,0.264091,0
2016-11-18,sh.603167,11.3200,11.3200,11.2000,11.2500,11.3900,10848144,122002703.0000,3,2.253457,1,-1.229151,0
2016-11-21,sh.603167,11.2200,11.3500,11.1200,11.3300,11.2500,8079093,90908340.0000,3,1.678249,1,0.711110,0
2016-11-22,sh.603167,11.3300,11.4200,11.2900,11.4000,11.3300,8685426,98509156.0000,3,1.804201,1,0.617826,0
2016-11-23,sh.603167,11.4000,11.4200,11.1600,11.1900,11.4000,10079749,113679451.0000,3,2.093841,1,-1.842106,0
2016-11-24,sh.603167,11.1800,11.2500,11.0900,11.1400,11.1900,7506772,83923643.0000,3,1.559363,1,-0.446821,0
2016-11-25,sh.603167,11.1800,11.2300,10.9700,11.2200,11.1400,8761621,97217084.0000,3,1.820029,1,0.718132,0
2016-11-28,sh.603167,11.2400,11.3300,11.1800,11.2700,11.2200,8229734,92751588.0000,3,1.709542,1,0.445634,0
2016-11-29,sh.603167,11.2600,11.3000,11.1500,11.1900,11.2700,8877597,99622751.0000,3,1.844121,1,-0.709857,0
2016-11-30,sh.603167,11.1500,11.2400,10.9800,11.0100,11.1900,9433798,104607677.0000,3,1.959659,1,-1.608573,0
2016-12-01,sh.603167,11.0100,11.1100,10.9700,11.0300,11.0100,6027923,66532347.0000,3,1.252165,1,0.181648,0
2016-12-02,sh.603167,11.0300,11.0800,10.8100,10.8200,11.0300,7152285,78105214.0000,3,1.485726,1,-1.903899,0
2016-12-05,sh.603167,10.7100,10.9200,10.7100,10.8100,10.8200,4716304,50996276.0000,3,0.979706,1,-0.092415,0
2016-12-06,sh.603167,10.8000,10.8900,10.7900,10.8200,10.8100,3312992,35868798.0000,3,0.688199,1,0.092500,0
2016-12-07,sh.603167,10.8300,10.9300,10.8000,10.9200,10.8200,4205638,45671162.0000,3,0.873627,1,0.924218,0
2016-12-08,sh.603167,10.9500,10.9600,10.8500,10.8700,10.9200,4546965,49629180.0000,3,0.944529,1,-0.457877,0
2016-12-09,sh.603167,10.8500,11.1400,10.8400,11.0500,10.8700,8100668,89104177.0000,3,1.682731,1,1.655937,0
2016-12-12,sh.603167,11.0900,11.1200,10.4400,10.4900,11.0500,11156121,119743171.0000,3,2.317433,1,-5.067877,0
2016-12-13,sh.603167,10.4500,10.5700,10.3500,10.4900,10.4900,5222023,54706773.0000,3,1.084758,1,0.000000,0
2016-12-14,sh.603167,10.5200,10.5500,10.2800,10.3000,10.4900,5887891,61292257.0000,3,1.223077,1,-1.811245,0
2016-12-15,sh.603167,10.2900,10.4700,10.2800,10.3700,10.3000,4550500,47208314.0000,3,0.945264,1,0.679609,0
2016-12-16,sh.603167,10.3700,10.5800,10.3700,10.5300,10.3700,4055703,42556666.0000,3,0.842481,1,1.542911,0
2016-12-19,sh.603167,10.5400,10.5900,10.4000,10.5500,10.5300,3962223,41676335.0000,3,0.823063,1,0.189938,0
2016-12-20,sh.603167,10.5500,10.6700,10.5300,10.6100,10.5500,5323323,56498186.0000,3,1.105800,1,0.568715,0
2016-12-21,sh.603167,10.6200,10.7600,10.6000,10.7300,10.6100,5216697,55691933.0000,3,1.083651,1,1.131007,0
2016-12-22,sh.603167,10.7100,10.7400,10.6500,10.7000,10.7300,3454797,36925652.0000,3,0.717656,1,-0.279587,0
2016-12-23,sh.603167,10.6500,10.7400,10.5400,10.5500,10.7000,4072539,43277013.0000,3,0.845978,1,-1.401866,0
2016-12-26,sh.603167,10.5300,10.7200,10.4000,10.7100,10.5500,5386848,56850507.0000,3,1.118996,1,1.516586,0
2016-12-27,sh.603167,11.6000,11.7800,11.2300,11.3600,10.7100,45400015,523046064.0000,3,9.430830,1,6.069090,0
2016-12-28,sh.603167,11.2600,11.3500,10.9500,11.0500,11.3600,24070039,267497258.0000,3,5.000008,1,-2.728869,0
2016-12-29,sh.603167,10.9600,11.1100,10.8900,10.9100,11.0500,14867506,163303070.0000,3,3.088389,1,-1.266971,0
2016-12-30,sh.603167,10.9200,10.9600,10.8000,10.8500,10.9100,10993070,119582535.0000,3,2.283563,1,-0.549949,0
2017-01-03,sh.603167,10.8800,11.0600,10.8600,11.0000,10.8500,10724843,117747665.0000,3,2.227844,1,1.382485,0
2017-01-04,sh.603167,11.0300,11.0700,10.9500,11.0500,11.0000,9553175,105244482.0000,3,1.984457,1,0.454547,0
2017-01-05,sh.603167,11.0100,11.2300,10.9700,11.1900,11.0500,15736697,174902865.0000,3,3.268944,1,1.266963,0
2017-01-06,sh.603167,11.1800,11.3000,11.0800,11.2000,11.1900,12063830,134768897.0000,3,2.505989,1,0.089368,0
2017-01-09,sh.603167,11.1600,11.2600,11.1100,11.2400,11.2000,9060910,101496166.0000,3,1.882200,1,0.357142,0
2017-01-10,sh.603167,11.2300,11.2400,11.0700,11.0900,11.2400,8513053,94819298.0000,3,1.768395,1,-1.334516,0
2017-01-11,sh.603167,11.0800,11.1100,10.9400,10.9700,11.0900,7792858,85902792.0000,3,1.618791,1,-1.082055,0
2017-01-12,sh.603167,10.9600,11.0200,10.8500,10.9200,10.9700,6196121,67723862.0000,3,1.287104,1,-0.455790,0
2017-01-13,sh.603167,10.9200,10.9500,10.6900,10.7100,10.9200,7197086,77678017.0000,3,1.495032,1,-1.923077,0
2017-01-16,sh.603167,10.6300,10.7000,9.9500,10.3400,10.7100,9573821,99609298.0000,3,1.988746,1,-3.454714,0
2017-01-17,sh.603167,10.2800,10.4600,10.2100,10.4300,10.3400,4523096,46804483.0000,3,0.939571,1,0.870408,0
2017-01-18,sh.603167,10.4200,10.5200,10.3700,10.4500,10.4300,3560854,37248772.0000,3,0.739687,1,0.191750,0
2017-01-19,sh.603167,10.4400,10.4400,10.3200,10.3600,10.4500,2771054,28762061.0000,3,0.575624,1,-0.861245,0
2017-01-20,sh.603167,10.3200,10.5400,10.3000,10.5000,10.3600,3523100,36889378.0000,3,0.731845,1,1.351355,0
2017-01-23,sh.603167,10.4800,10.6000,10.4700,10.5700,10.5000,3549348,37466767.0000,3,0.737297,1,0.666664,0
2017-01-24,sh.603167,10.5400,10.6000,10.5000,10.5900,10.5700,2966066,31291289.0000,3,0.616133,1,0.189219,0
2017-01-25,sh.603167,10.6000,10.6800,10.5600,10.6500,10.5900,4016952,42706603.0000,3,0.834431,1,0.566567,0
2017-01-26,sh.603167,10.6500,10.7000,10.6400,10.6700,10.6500,2880525,30730516.0000,3,0.598364,1,0.187798,0
2017-02-03,sh.603167,10.6400,10.7000,10.5400,10.5500,10.6700,2694000,28519611.0000,3,0.559618,1,-1.124647,0
2017-02-06,sh.603167,10.5500,10.6900,10.5500,10.6800,10.5500,3297110,35008718.0000,3,0.684900,1,1.232229,0
2017-02-07,sh.603167,10.6700,10.7200,10.5900,10.6500,10.6800,3555749,37840823.0000,3,0.738627,1,-0.280905,0
2017-02-08,sh.603167,10.5700,10.7400,10.5700,10.7300,10.6500,4967933,53041699.0000,3,1.031976,1,0.751173,0
2017-02-09,sh.603167,10.7300,10.8200,10.7000,10.8200,10.7300,5452500,58762554.0000,3,1.132634,1,0.838771,0
2017-02-10,sh.603167,10.8500,11.0900,10.8200,11.0200,10.8200,12263396,134856603.0000,3,2.547444,1,1.848436,0
2017-02-13,sh.603167,11.0000,11.0200,10.9200,10.9600,11.0200,6718809,73697081.0000,3,1.395681,1,-0.544468,0
2017-02-14,sh.603167,10.9600,11.0300,10.9400,10.9700,10.9600,4572651,50175221.0000,3,0.949865,1,0.091243,0
2017-02-15,sh.603167,10.9600,11.1000,10.7200,10.8400,10.9700,8240200,90298415.0000,3,1.711716,1,-1.185051,0
2017-02-16,sh.603167,10.8200,11.0200,10.8200,11.0000,10.8400,6345918,69461717.0000,3,1.318221,1,1.476013,0
2017-02-17,sh.603167,10.9900,11.0900,10.9400,10.9500,11.0000,8299426,91408090.0000,3,1.724019,1,-0.454547,0
2017-02-20,sh.603167,10.9500,11.1100,10.9500,11.1100,10.9500,7191934,79383724.0000,3,1.493962,1,1.461186,0
2017-02-21,sh.603167,11.1900,11.2000,11.0600,11.1400,11.1100,8308095,92344522.0000,3,1.725819,1,0.270033,0
2017-02-22,sh.603167,11.1200,11.2300,11.0800,11.2100,11.1400,8397927,93712667.0000,3,1.744480,1,0.628363,0
2017-02-23,sh.603167,11.2000,11.2000,11.0600,11.1100,11.2100,6469370,71895581.0000,3,1.343866,1,-0.892064,0
2017-02-24,sh.603167,11.1000,11.1600,11.0500,11.1400,11.1100,4891934,54387469.0000,3,1.016189,1,0.270033,0
2017-02-27,sh.603167,11.1400,11.1700,10.9700,11.0400,11.1400,5021686,55666802.0000,3,1.043142,1,-0.897669,0
2017-02-28,sh.603167,11.0500,11.0800,10.9800,11.0600,11.0400,4635474,51124381.0000,3,0.962915,1,0.181164,0
2017-03-01,sh.603167,11.0800,11.1600,11.0100,11.1200,11.0600,6319978,70250640.0000,3,1.312833,1,0.542491,0
2017-03-02,sh.603167,11.1200,11.1400,10.9700,10.9900,11.1200,5284416,58402492.0000,3,1.097718,1,-1.169066,0
2017-03-03,sh.603167,10.9800,11.0000,10.8700,10.9600,10.9900,4503592,49202987.0000,3,0.935520,1,-0.272973,0
2017-03-06,sh.603167,10.9600,11.1900,10.9100,11.1800,10.9600,7007880,77524814.0000,3,1.455729,1,2.007302,0
2017-03-07,sh.603167,11.1700,11.2400,11.1400,11.2200,11.1800,10466070,117157309.0000,3,2.174090,1,0.357781,0
2017-03-08,sh.603167,11.2000,11.2400,11.0800,11.1500,11.2200,5881328,65567132.0000,3,1.221713,1,-0.623892,0
2017-03-09,sh.603167,11.1400,11.1500,10.9900,11.0000,11.1500,6244389,68863438.0000,3,1.297131,1,-1.345288,0
2017-03-10,sh.603167,11.0100,11.0700,10.9900,11.0000,11.0000,3597915,39631234.0000,3,0.747386,1,0.000000,0
2017-03-13,sh.603167,11.0000,11.0800,10.8600,11.0700,11.0000,4800181,52807458.0000,3,0.997129,1,0.636361,0
2017-03-14,sh.603167,11.0600,11.0600,10.9300,11.0200,11.0700,6038897,66416208.0000,3,1.254445,1,-0.451664,0
2017-03-15,sh.603167,10.9900,11.0400,10.9600,11.0200,11.0200,3249682,35744554.0000,3,0.675048,1,0.000000,0
2017-03-16,sh.603167,11.0200,11.1300,11.0200,11.1100,11.0200,7425369,82343843.0000,3,1.542453,1,0.816690,0
2017-03-17,sh.603167,11.1200,11.1400,11.0000,11.0700,11.1100,6170125,68364145.0000,3,1.281704,1,-0.360036,0
2017-03-20,sh.603167,11.0400,11.1000,11.0100,11.1000,11.0700,4249552,46962585.0000,3,0.882749,1,0.271009,0
2017-03-21,sh.603167,11.0900,11.1800,11.0600,11.1600,11.1000,6008145,66918706.0000,3,1.248057,1,0.540536,0
2017-03-22,sh.603167,11.0700,11.1000,10.9000,11.0700,11.1600,6771407,74551618.0000,3,1.406607,1,-0.806453,0
2017-03-23,sh.603167,11.0500,11.1200,11.0000,11.0900,11.0700,6228485,68981675.0000,3,1.293827,1,0.180673,0
2017-03-24,sh.603167,11.0800,11.2700,11.0400,11.2600,11.0900,17359182,194329329.0000,3,3.605979,1,1.532913,0
2017-03-27,sh.603167,11.2700,11.3800,11.2200,11.2800,11.2600,13100288,147946304.0000,3,2.721290,1,0.177616,0
2017-03-28,sh.603167,11.3000,11.3100,11.1800,11.2900,11.2800,7203120,80966005.0000,3,1.496286,1,0.088655,0
2017-03-29,sh.603167,11.2800,11.7200,11.2600,11.3800,11.2900,25481800,293183888.0000,3,5.293270,1,0.797167,0
2017-03-30,sh.603167,11.4000,11.6700,11.0000,11.0600,11.3800,22262050,253212336.0000,3,4.624439,1,-2.811948,0
2017-03-31,sh.603167,11.0500,11.1000,10.7300,10.8600,11.0600,14620480,159415767.0000,3,3.037075,1,-1.808325,0
2017-04-05,sh.603167,10.8900,11.4400,10.8800,11.3200,10.8600,13792208,154196179.0000,3,2.865020,1,4.235728,0
2017-04-06,sh.603167,11.3100,11.4700,11.2300,11.3200,11.3200,11211042,127176116.0000,3,2.328841,1,0.000000,0
2017-04-07,sh.603167,11.3200,11.4000,11.2300,11.2800,11.3200,8801079,99612623.0000,3,1.828226,1,-0.353357,0
2017-04-10,sh.603167,11.2800,11.5700,11.2100,11.4800,11.2800,12569845,143610893.0000,3,2.611102,1,1.773048,0
2017-04-11,sh.603167,11.4200,11.5600,11.2300,11.5400,11.4800,12468140,142263088.0000,3,2.589975,1,0.522652,0
2017-04-12,sh.603167,11.4500,11.5500,11.3100,11.3400,11.5400,8179072,93504477.0000,3,1.699018,1,-1.733101,0
2017-04-13,sh.603167,11.3500,11.7800,11.3000,11.6100,11.3400,12987655,150366009.0000,3,2.697893,1,2.380948,0
2017-04-14,sh.603167,11.6300,11.9700,11.4100,11.4700,11.6100,20350124,238745204.0000,3,4.227280,1,-1.205852,0
2017-04-17,sh.603167,11.3500,11.3500,11.0000,11.1700,11.4700,13559202,151264327.0000,3,2.816619,1,-2.615520,0
2017-04-18,sh.603167,11.1600,11.2600,11.0200,11.0300,11.1700,7423217,82564075.0000,3,1.542006,1,-1.253360,0
2017-04-19,sh.603167,11.0300,11.0300,10.6200,10.9000,11.0300,8162819,88290975.0000,3,1.695642,1,-1.178605,0
2017-04-20,sh.603167,10.8600,10.9600,10.7600,10.9000,10.9000,4730791,51359028.0000,3,0.982715,1,0.000000,0
2017-04-21,sh.603167,10.9000,10.9500,10.6800,10.7000,10.9000,4563612,49301992.0000,3,0.947988,1,-1.834861,0
2017-04-24,sh.603167,10.6500,10.7000,10.4600,10.5300,10.7000,5294356,55922436.0000,3,1.099783,1,-1.588786,0
2017-04-25,sh.603167,10.5400,10.6100,10.3900,10.4800,10.5300,4653913,48951118.0000,3,0.966746,1,-0.474836,0
2017-04-26,sh.603167,10.4800,10.6000,10.4000,10.4400,10.4800,3601616,37839527.0000,3,0.748155,1,-0.381679,0
2017-04-27,sh.603167,10.4000,10.4800,10.1000,10.4600,10.4400,5892381,60534813.0000,3,1.224009,1,0.191575,0
2017-04-28,sh.603167,10.5600,10.8300,10.5600,10.7700,10.4600,7243205,77841917.0000,3,1.504613,1,2.963675,0
2017-05-02,sh.603167,10.7000,10.8700,10.6800,10.7200,10.7700,4667347,50289494.0000,3,0.969536,1,-0.464254,0
2017-05-03,sh.603167,10.7500,10.9000,10.7100,10.8800,10.7200,5021085,54377922.0000,3,1.043017,1,1.492536,0
2017-05-04,sh.603167,10.8500,10.9200,10.7400,10.8400,10.8800,3857006,41874247.0000,3,0.801206,1,-0.367647,0
2017-05-05,sh.603167,10.8100,10.8400,10.6400,10.6500,10.8400,3210900,34451032.0000,3,0.666992,1,-1.752772,0
2017-05-08,sh.603167,10.6000,10.7100,10.5600,10.5700,10.6500,2770363,29454005.0000,3,0.575480,1,-0.751173,0
2017-05-09,sh.603167,10.5200,10.7400,10.5100,10.7300,10.5700,3010447,32012408.0000,3,0.625353,1,1.513717,0
2017-05-10,sh.603167,10.7300,10.8000,10.4600,10.4800,10.7300,4273351,45648360.0000,3,0.887692,1,-2.329916,0
2017-05-11,sh.603167,10.4000,10.6500,10.3200,10.6200,10.4800,4945604,52004208.0000,3,1.027338,1,1.335881,0
2017-05-12,sh.603167,10.6100,10.6500,10.3400,10.5300,10.6200,5216800,54733789.0000,3,1.083673,1,-0.847459,0
2017-05-15,sh.603167,10.5100,10.6100,10.4700,10.5100,10.5300,3366100,35440213.0000,3,0.699231,1,-0.189929,0
2017-05-16,sh.603167,10.5300,10.7400,10.3700,10.7300,10.5100,5461214,57704509.0000,3,1.134444,1,2.093238,0
2017-05-17,sh.603167,10.7000,10.8200,10.6800,10.7400,10.7300,4091480,43985267.0000,3,0.849913,1,0.093199,0
2017-05-18,sh.603167,10.6400,10.7500,10.6200,10.6700,10.7400,2552605,27282509.0000,3,0.530246,1,-0.651766,0
2017-05-19,sh.603167,10.6600,10.8500,10.6600,10.7400,10.6700,4910536,52938868.0000,3,1.020053,1,0.656042,0
2017-05-22,sh.603167,10.7400,10.8200,10.4700,10.4900,10.7400,4413752,46965194.0000,3,0.916857,1,-2.327747,0
2017-05-23,sh.603167,10.5300,10.5400,10.1500,10.1900,10.4900,5406934,55949408.0000,3,1.123169,1,-2.859869,0
2017-05-24,sh.603167,10.1400,10.3000,10.0600,10.2100,10.1900,3979449,40452248.0000,3,0.826641,1,0.196275,0
2017-05-25,sh.603167,10.2100,10.4500,10.1400,10.3900,10.2100,5123700,52757162.0000,3,1.064333,1,1.762980,0
2017-05-26,sh.603167,10.4500,10.4500,10.3600,10.4100,10.3900,2315141,24091273.0000,3,0.480918,1,0.192488,0
2017-05-31,sh.603167,10.5200,10.5900,10.3100,10.3300,10.4100,5055000,52824237.0000,3,1.050062,1,-0.768491,0
2017-06-01,sh.603167,10.3200,10.3400,10.1000,10.1700,10.3300,3956544,40476767.0000,3,0.821883,1,-1.548885,0
2017-06-02,sh.603167,10.1700,10.3000,10.0800,10.2900,10.1700,3170443,32315499.0000,3,0.658588,1,1.179940,0
2017-06-05,sh.603167,10.3000,10.5500,10.2700,10.5200,10.2900,6120228,63997812.0000,3,1.271339,1,2.235185,0
2017-06-06,sh.603167,10.5500,10.6200,10.4500,10.5600,10.5200,2959471,31203837.0000,3,0.614763,1,0.380228,0
2017-06-07,sh.603167,10.5800,10.7100,10.5100,10.6900,10.5600,3715578,39588499.0000,3,0.771828,1,1.231053,0
2017-06-08,sh.603167,10.7000,10.7500,10.6300,10.7200,10.6900,3972112,42458540.0000,3,0.825117,1,0.280643,0
2017-06-09,sh.603167,10.7200,10.7800,10.6600,10.7300,10.7200,2408910,25753863.0000,3,0.500397,1,0.093277,0
2017-06-12,sh.603167,10.7200,10.7800,10.6600,10.6800,10.7300,4709431,50596372.0000,3,0.978278,1,-0.465976,0
2017-06-13,sh.603167,10.6500,10.7900,10.6400,10.7800,10.6800,4233746,45539390.0000,3,0.879465,1,0.936324,0
2017-06-14,sh.603167,10.6900,10.7700,10.5500,10.5700,10.5300,6522994,69488658.0000,3,1.355005,1,0.379867,0
2017-06-15,sh.603167,10.5700,10.6500,10.5200,10.5800,10.5700,4488954,47496295.0000,3,0.932479,1,0.094610,0
2017-06-16,sh.603167,10.5800,10.6000,10.4700,10.5500,10.5800,3076712,32382468.0000,3,0.639118,1,-0.283551,0
2017-06-19,sh.603167,10.5500,10.7200,10.5200,10.7000,10.5500,4208445,44765635.0000,3,0.874210,1,1.421797,0
2017-06-20,sh.603167,10.7000,10.7200,10.6500,10.7100,10.7000,3290086,35197658.0000,3,0.683441,1,0.093460,0
2017-06-21,sh.603167,10.7300,10.8100,10.6800,10.8000,10.7100,4311020,46340726.0000,3,0.895517,1,0.840338,0
2017-06-22,sh.603167,10.8000,10.8300,10.5600,10.5800,10.8000,3645367,39119700.0000,3,0.757243,1,-2.037039,0
2017-06-23,sh.603167,10.5800,10.7700,10.5200,10.7000,10.5800,4276541,45514359.0000,3,0.888355,1,1.134214,0
2017-06-26,sh.603167,10.7000,10.9300,10.6900,10.9100,10.7000,6392455,69437306.0000,3,1.327888,1,1.962617,0
2017-06-27,sh.603167,10.8800,11.0300,10.8800,10.9100,10.9100,4609254,50541956.0000,3,0.957469,1,0.000000,0
2017-06-28,sh.603167,10.8700,10.9300,10.8100,10.9000,10.9100,3670586,39881773.0000,3,0.762482,1,-0.091661,0
2017-06-29,sh.603167,10.9000,10.9800,10.8100,10.8300,10.9000,3934977,42714208.0000,3,0.817403,1,-0.642199,0
2017-06-30,sh.603167,10.8100,10.8800,10.7300,10.8700,10.8300,4636523,50089116.0000,3,0.963133,1,0.369344,0
2017-07-03,sh.603167,10.8600,11.0900,10.8200,11.0500,10.8700,7130057,78508190.0000,3,1.481109,1,1.655937,0
2017-07-04,sh.603167,11.0600,11.1100,10.9700,11.0700,11.0500,4902238,54144069.0000,3,1.018329,1,0.180991,0
2017-07-05,sh.603167,11.0600,11.1800,11.0000,11.1600,11.0700,5641467,62651577.0000,3,1.171888,1,0.813010,0
2017-07-06,sh.603167,11.1700,11.2400,11.0900,11.2200,11.1600,5565851,62198986.0000,3,1.156180,1,0.537638,0
2017-07-07,sh.603167,11.2300,11.3500,11.1800,11.3300,11.2200,6059616,68361881.0000,3,1.258749,1,0.980389,0
2017-07-10,sh.603167,11.3200,11.3600,11.0000,11.1800,11.3300,9834166,109897991.0000,3,2.042826,1,-1.323915,0
2017-07-11,sh.603167,11.2500,11.3800,11.0300,11.0700,11.1800,9482609,106698396.0000,3,1.969798,1,-0.983905,0
2017-07-12,sh.603167,11.0300,11.1600,10.8600,11.0400,11.0700,7257937,79822528.0000,3,1.507673,1,-0.271000,0
2017-07-13,sh.603167,11.0100,11.1400,10.9900,11.0400,11.0400,6762700,74811891.0000,3,1.404799,1,0.000000,0
2017-07-14,sh.603167,11.0400,11.3900,11.0400,11.3600,11.0400,10545044,118934751.0000,3,2.190495,1,2.898548,0
2017-07-17,sh.603167,11.3700,11.3900,10.9000,10.9300,11.3600,12407284,137978737.0000,3,2.577334,1,-3.785206,0
2017-07-18,sh.603167,10.8800,11.0900,10.8700,11.0800,10.9300,6861347,75299397.0000,3,1.425290,1,1.372366,0
2017-07-19,sh.603167,11.0100,11.6400,11.0100,11.5900,11.0800,15880973,181481666.0000,3,3.298914,1,4.602890,0
2017-07-20,sh.603167,11.5900,11.6900,11.4600,11.5500,11.5900,9088644,104903696.0000,3,1.887961,1,-0.345125,0
2017-07-21,sh.603167,11.4800,11.9600,11.4400,11.8700,11.5500,16088327,190190876.0000,3,3.341987,1,2.770560,0
2017-07-24,sh.603167,11.9100,12.6600,11.9100,12.1400,11.8700,31249551,383392512.0000,3,6.491390,1,2.274646,0
2017-07-25,sh.603167,12.0000,12.1300,11.7800,11.9100,12.1400,17826207,212559975.0000,3,3.702993,1,-1.894567,0
2017-07-26,sh.603167,11.9000,12.1400,11.6900,11.8400,11.9100,16742707,198824022.0000,3,3.477920,1,-0.587739,0
2017-07-27,sh.603167,11.8200,12.0400,11.6600,12.0300,11.8400,15812481,187489222.0000,3,3.284687,1,1.604726,0
2017-07-28,sh.603167,11.9000,11.9700,11.7400,11.7700,12.0300,9764903,115514791.0000,3,2.028439,1,-2.161258,0
2017-07-31,sh.603167,11.7200,11.9600,11.6300,11.9000,11.7700,13181038,155848891.0000,3,2.738064,1,1.104496,0
2017-08-01,sh.603167,11.8800,12.1400,11.8600,11.9500,11.9000,15788633,189494741.0000,3,3.279733,1,0.420170,0
2017-08-02,sh.603167,11.9600,11.9900,11.6400,11.6600,11.9500,11740969,137839171.0000,3,2.438922,1,-2.426778,0
2017-08-03,sh.603167,11.6000,11.7500,11.5600,11.7300,11.6600,8822230,102955522.0000,3,1.832619,1,0.600340,0
2017-08-04,sh.603167,11.7300,11.8500,11.6500,11.6700,11.7300,8203522,96265359.0000,3,1.704097,1,-0.511504,0
2017-08-07,sh.603167,11.6700,11.9900,11.6200,11.9800,11.6700,9219198,108978256.0000,3,1.915081,1,2.656379,0
2017-08-08,sh.603167,11.9300,11.9900,11.7300,11.8300,11.9800,7983682,94475772.0000,3,1.658430,1,-1.252084,0
2017-08-09,sh.603167,11.8000,11.8900,11.7400,11.8600,11.8300,6729800,79565058.0000,3,1.397964,1,0.253590,0
2017-08-10,sh.603167,11.8600,12.2800,11.7900,12.2100,11.8600,22060233,265961577.0000,3,4.582516,1,2.951099,0
2017-08-11,sh.603167,12.1000,12.1500,11.5100,11.6900,12.2100,15411879,183875737.0000,3,3.201471,1,-4.258808,0
2017-08-14,sh.603167,11.6300,11.8500,11.5700,11.8300,11.6900,8075961,94828263.0000,3,1.677599,1,1.197608,0
2017-08-15,sh.603167,11.8200,11.9100,11.7200,11.8800,11.8300,5559631,65726106.0000,3,1.154888,1,0.422656,0
2017-08-16,sh.603167,11.8900,11.8900,11.7400,11.7500,11.8800,5299700,62550678.0000,3,1.100893,1,-1.094277,0
2017-08-17,sh.603167,11.7400,11.8600,11.6700,11.8500,11.7500,8846290,103898816.0000,3,1.837617,1,0.851067,0
2017-08-18,sh.603167,11.7500,12.1000,11.6800,11.9900,11.8500,10596589,126448629.0000,3,2.201203,1,1.181429,0
2017-08-21,sh.603167,12.0000,12.1800,11.9300,12.0300,11.9900,8593196,103365354.0000,3,1.785043,1,0.333611,0
2017-08-22,sh.603167,12.0300,12.1100,11.7200,11.8100,12.0300,6530788,77811917.0000,3,1.356624,1,-1.828756,0
2017-08-23,sh.603167,11.7700,11.8300,11.5600,11.5900,11.8100,8892270,103675675.0000,3,1.847169,1,-1.862830,0
2017-08-24,sh.603167,11.5600,11.6400,11.4400,11.4500,11.5900,4070381,47052528.0000,3,0.845530,1,-1.207941,0
2017-08-25,sh.603167,11.4600,11.7000,11.4600,11.6400,11.4500,4054799,47057508.0000,3,0.842293,1,1.659393,0
2017-08-28,sh.603167,11.6400,12.0300,11.6400,12.0000,11.6400,9322082,110633962.0000,3,1.936452,1,3.092781,0
2017-08-29,sh.603167,12.1300,12.1800,11.8800,11.9300,12.0000,8115439,97307623.0000,3,1.685800,1,-0.583331,0
2017-08-30,sh.603167,11.9800,12.1700,11.9000,12.1300,11.9300,13776972,166458435.0000,3,2.861855,1,1.676444,0
2017-08-31,sh.603167,12.1600,12.2200,12.0000,12.1300,12.1300,7264423,87901974.0000,3,1.509020,1,0.000000,0
2017-09-01,sh.603167,12.1300,12.3600,12.1100,12.1500,12.1300,10734764,131194357.0000,3,2.229905,1,0.164876,0
2017-09-04,sh.603167,12.1000,12.4300,11.9600,12.4200,12.1500,12697979,154680263.0000,3,2.637719,1,2.222226,0
2017-09-05,sh.603167,12.4000,12.4000,12.2100,12.2200,12.4200,7428970,91302305.0000,3,1.543201,1,-1.610304,0
2017-09-06,sh.603167,12.1600,12.2100,12.0500,12.1700,12.2200,6989294,84712066.0000,3,1.451868,1,-0.409167,0
2017-09-07,sh.603167,12.1800,12.2000,11.8500,11.8800,12.1700,13169427,158220024.0000,3,2.735652,1,-2.382908,0
2017-09-08,sh.603167,11.9000,12.0200,11.8800,11.9900,11.8800,5970948,71427465.0000,3,1.240330,1,0.925923,0
2017-09-11,sh.603167,11.9500,12.1300,11.9000,12.1200,11.9900,6439645,77431782.0000,3,1.337691,1,1.084238,0
2017-09-12,sh.603167,12.0900,12.1500,12.0100,12.0500,12.1200,5565845,67215369.0000,3,1.156179,1,-0.577555,0
2017-09-13,sh.603167,12.0100,12.1000,11.9300,11.9900,12.0500,4600066,55202588.0000,3,0.955560,1,-0.497929,0
2017-09-14,sh.603167,12.0100,12.1300,11.9800,12.0800,11.9900,5430137,65514585.0000,3,1.127989,1,0.750627,0
2017-09-15,sh.603167,12.0500,12.0700,11.8600,11.8700,12.0800,6720335,80114566.0000,3,1.395998,1,-1.738411,0
2017-09-18,sh.603167,11.8500,11.9200,11.8100,11.9000,11.8700,3495800,41527102.0000,3,0.726174,1,0.252736,0
2017-09-19,sh.603167,11.9000,11.9600,11.8500,11.8800,11.9000,4316257,51363662.0000,3,0.896605,1,-0.168063,0
2017-09-20,sh.603167,11.8700,12.0000,11.8600,11.9900,11.8800,4270783,51019991.0000,3,0.887159,1,0.925923,0
2017-09-21,sh.603167,11.9700,12.0200,11.8400,11.8500,11.9900,3966741,47324294.0000,3,0.824001,1,-1.167635,0
2017-09-22,sh.603167,11.8300,11.8900,11.7400,11.8500,11.8500,3636519,42971418.0000,3,0.755405,1,0.000000,0
2017-09-25,sh.603167,11.8300,11.8900,11.5600,11.6100,11.8500,4417700,51808831.0000,3,0.917678,1,-2.025322,0
2017-09-26,sh.603167,11.6000,11.6500,11.5000,11.5500,11.6100,3464000,40052240.0000,3,0.719568,1,-0.516791,0
2017-09-27,sh.603167,11.5400,11.7300,11.5400,11.7000,11.5500,3570823,41651701.0000,3,0.741758,1,1.298698,0
2017-09-28,sh.603167,11.6800,11.7300,11.5200,11.5600,11.7000,2674500,31105408.0000,3,0.555567,1,-1.196576,0
2017-09-29,sh.603167,11.6000,11.7700,11.6000,11.7400,11.5600,3253301,38129982.0000,3,0.675800,1,1.557088,0
2017-10-09,sh.603167,11.8100,11.8500,11.6600,11.7200,11.7400,4458600,52390215.0000,3,0.926174,1,-0.170353,0
2017-10-10,sh.603167,11.7200,11.7600,11.6200,11.7300,11.7200,6662414,77833383.0000,3,1.383966,1,0.085318,0
2017-10-11,sh.603167,11.7500,11.8700,11.6900,11.8500,11.7300,6580908,77612803.0000,3,1.367035,1,1.023025,0
2017-10-12,sh.603167,11.8500,11.8700,11.6600,11.7200,11.8500,4194700,49331103.0000,3,0.871354,1,-1.097047,0
2017-10-13,sh.603167,11.7200,11.7500,11.6400,11.6800,11.7200,4890100,57115452.0000,3,1.015808,1,-0.341297,0
2017-10-16,sh.603167,11.7000,11.7300,11.3900,11.4000,11.6800,7588600,87443772.0000,3,1.576361,1,-2.397266,0
2017-10-17,sh.603167,11.4100,11.4400,11.3000,11.3900,11.4000,4248700,48311600.0000,3,0.882572,1,-0.087713,0
2017-10-18,sh.603167,11.3900,11.4500,11.1000,11.1500,11.3900,5155133,58223696.0000,3,1.070863,1,-2.107118,0
2017-10-19,sh.603167,11.1600,11.2300,11.0100,11.0600,11.1500,4390038,48673756.0000,3,0.911931,1,-0.807168,0
2017-10-20,sh.603167,11.0600,11.3300,11.0600,11.3100,11.0600,4095269,46002795.0000,3,0.850700,1,2.260398,0
2017-10-23,sh.603167,11.3100,11.4000,11.2300,11.3100,11.3100,3005747,33995337.0000,3,0.624376,1,0.000000,0
2017-10-24,sh.603167,11.2900,11.4100,11.2400,11.3600,11.3100,2874757,32529872.0000,3,0.597166,1,0.442080,0
2017-10-25,sh.603167,11.3900,11.4900,11.3300,11.4700,11.3600,3453427,39417464.0000,3,0.717372,1,0.968315,0
2017-10-26,sh.603167,11.7700,11.9100,11.7400,11.8100,11.4700,13293692,157061965.0000,3,2.761465,1,2.964256,0
2017-10-27,sh.603167,11.8000,11.8800,11.7600,11.8400,11.8100,6394590,75624039.0000,3,1.328332,1,0.254020,0
2017-10-30,sh.603167,11.8400,11.9800,11.6800,11.7800,11.8400,6540261,77041159.0000,3,1.358592,1,-0.506760,0
2017-10-31,sh.603167,11.7600,11.9600,11.6600,11.9400,11.7800,6879179,81116987.0000,3,1.428994,1,1.358233,0
2017-11-01,sh.603167,11.9300,12.2500,11.8900,12.0800,11.9400,14303895,173405679.0000,3,2.971312,1,1.172532,0
2017-11-02,sh.603167,12.0700,12.1000,11.8200,11.8600,12.0800,7047319,84255635.0000,3,1.463922,1,-1.821194,0
2017-11-03,sh.603167,11.8700,12.0800,11.8300,11.9700,11.8600,7740425,92602019.0000,3,1.607899,1,0.927493,0
2017-11-06,sh.603167,11.9500,12.0400,11.6800,11.9000,11.9700,8548044,101000096.0000,3,1.775663,1,-0.584801,0
2017-11-07,sh.603167,11.8700,12.2500,11.7100,12.2400,11.9000,12787628,154267447.0000,3,2.656342,1,2.857144,0
2017-11-08,sh.603167,12.1800,12.2000,12.0500,12.0700,12.2400,9873939,119681519.0000,3,2.051088,1,-1.388890,0
2017-11-09,sh.603167,12.0200,12.2500,11.9800,12.2400,12.0700,8007709,97068896.0000,3,1.663421,1,1.408451,0
2017-11-10,sh.603167,12.2200,12.2400,12.0500,12.1600,12.2400,9154602,110904631.0000,3,1.901662,1,-0.653594,0
2017-11-13,sh.603167,12.1700,12.3900,12.1100,12.2700,12.1600,10231424,125648610.0000,3,2.125348,1,0.904610,0
2017-11-14,sh.603167,12.2200,12.2500,11.9200,12.0200,12.2700,9400244,113432128.0000,3,1.952689,1,-2.037490,0
2017-11-15,sh.603167,11.9600,12.0600,11.9000,11.9300,12.0200,5598032,67059000.0000,3,1.162865,1,-0.748753,0
2017-11-16,sh.603167,11.9000,12.1800,11.8800,12.1600,11.9300,8109962,97852141.0000,3,1.684662,1,1.927909,0
2017-11-17,sh.603167,12.1500,12.2400,11.4900,11.6100,12.1600,12527374,148077545.0000,3,2.602280,1,-4.523028,0
2017-11-20,sh.603167,11.5200,11.6100,11.3200,11.6000,11.6100,6388514,73123179.0000,3,1.327070,1,-0.086126,0
2017-11-21,sh.603167,11.5800,11.6300,11.3600,11.4700,11.6000,6348900,72952500.0000,3,1.318841,1,-1.120691,0
2017-11-22,sh.603167,11.4900,11.7100,11.4700,11.5500,11.4700,6269038,72588476.0000,3,1.302251,1,0.697471,0
2017-11-23,sh.603167,11.5500,11.5600,11.1400,11.2200,11.5500,6670873,75658914.0000,3,1.385724,1,-2.857142,0
2017-11-24,sh.603167,11.1700,11.2400,11.1100,11.2100,11.2200,4263225,47681598.0000,3,0.885589,1,-0.089129,0
2017-11-27,sh.603167,11.1300,11.2800,11.0500,11.0700,11.2100,3824000,42702367.0000,3,0.794350,1,-1.248888,0
2017-11-28,sh.603167,11.1300,11.2700,11.0700,11.2500,11.0700,3120358,34828827.0000,3,0.648184,1,1.626019,0
2017-11-29,sh.603167,11.2500,11.3800,11.1800,11.3700,11.2500,3746321,42241361.0000,3,0.778214,1,1.066666,0
2017-11-30,sh.603167,11.3500,11.3600,11.1500,11.1800,11.3700,3641187,40981397.0000,3,0.756375,1,-1.671061,0
2017-12-01,sh.603167,11.1600,11.6400,11.1500,11.5700,11.1800,10482312,120288224.0000,3,2.177464,1,3.488367,0
2017-12-04,sh.603167,11.4900,11.6300,11.4400,11.4900,11.5700,3719305,42848857.0000,3,0.772602,1,-0.691443,0
2017-12-05,sh.603167,11.4900,11.6000,11.2600,11.3800,11.4900,4988164,56964455.0000,3,1.036179,1,-0.957351,0
2017-12-06,sh.603167,11.3200,11.4300,11.1500,11.4000,11.3800,4702581,53032832.0000,3,0.976855,1,0.175743,0
2017-12-07,sh.603167,11.3700,11.5000,11.3300,11.4200,11.4000,3310411,37772306.0000,3,0.687663,1,0.175443,0
2017-12-08,sh.603167,11.4100,11.5500,11.3800,11.5200,11.4200,3506055,40297406.0000,3,0.728304,1,0.875660,0
2017-12-11,sh.603167,11.4800,11.6200,11.4300,11.6200,11.5200,3288194,37971796.0000,3,0.683048,1,0.868051,0
2017-12-12,sh.603167,11.5800,11.6000,11.5000,11.5000,11.6200,2640301,30473676.0000,3,0.548463,1,-1.032701,0
2017-12-13,sh.603167,11.4800,11.6500,11.4800,11.6300,11.5000,2607437,30156027.0000,3,0.541636,1,1.130436,0
2017-12-14,sh.603167,11.6200,11.7500,11.5000,11.7200,11.6300,5277796,61351683.0000,3,1.096343,1,0.773862,0
2017-12-15,sh.603167,11.7000,11.8000,11.6000,11.6400,11.7200,3421823,40055506.0000,3,0.710807,1,-0.682593,0
2017-12-18,sh.603167,11.6200,11.7800,11.5700,11.7600,11.6400,3606172,42228952.0000,3,0.749101,1,1.030927,0
2017-12-19,sh.603167,11.7600,11.8200,11.7200,11.7600,11.7600,2683994,31566704.0000,3,0.557539,1,0.000000,0
2017-12-20,sh.603167,11.7600,11.7700,11.5400,11.6800,11.7600,3156998,36777931.0000,3,0.655795,1,-0.680271,0
2017-12-21,sh.603167,11.6900,11.6900,11.4800,11.5800,11.6800,4333445,50206378.0000,3,0.900176,1,-0.856168,0
2017-12-22,sh.603167,11.5600,11.9200,11.5200,11.8600,11.5800,7146965,84292992.0000,3,1.484621,1,2.417960,0
2017-12-25,sh.603167,11.8000,11.9500,11.7700,11.8300,11.8600,4280223,50757782.0000,3,0.889120,1,-0.252949,0
2017-12-26,sh.603167,11.8200,11.9500,11.7800,11.9400,11.8300,4244641,50410624.0000,3,0.881729,1,0.929836,0
2017-12-27,sh.603167,11.9700,12.1000,11.4800,11.5300,11.9400,10392977,122375496.0000,3,2.158907,1,-3.433835,0
2017-12-28,sh.603167,11.4600,11.5700,11.3300,11.4200,11.5300,5885536,67377898.0000,3,1.222587,1,-0.954030,0
2017-12-29,sh.603167,11.4800,11.5400,11.3700,11.5200,11.4200,4419731,50600252.0000,3,0.918100,1,0.875660,0
2018-01-02,sh.603167,11.5000,11.5800,11.4000,11.5600,11.5200,6123701,70536022.0000,3,1.272061,1,0.347222,0
2018-01-03,sh.603167,11.5600,11.8500,11.5100,11.8000,11.5600,8557885,100281316.0000,3,1.777708,1,2.076123,0
2018-01-04,sh.603167,11.7700,11.9200,11.7500,11.8800,11.8000,7475951,88494770.0000,3,1.552960,1,0.677965,0
2018-01-05,sh.603167,11.8700,12.0900,11.7900,12.0500,11.8800,10132201,121328422.0000,3,2.104736,1,1.430977,0
2018-01-08,sh.603167,12.1000,12.1000,11.9500,12.0300,12.0500,7232566,86926913.0000,3,1.502403,1,-0.165979,0
2018-01-09,sh.603167,12.0200,12.0400,11.8800,12.0000,12.0300,6616903,79082702.0000,3,1.374512,1,-0.249374,0
2018-01-10,sh.603167,12.0200,12.2000,11.8200,12.1900,12.0000,10812008,129824531.0000,3,2.245951,1,1.583330,0
2018-01-11,sh.603167,12.1400,12.1800,11.9600,12.0000,12.1900,8424793,101588042.0000,3,1.750061,1,-1.558651,0
2018-01-12,sh.603167,12.0000,12.3200,11.9300,12.2100,12.0000,13255592,161330079.0000,3,2.753550,1,1.750000,0
2018-01-15,sh.603167,12.1800,12.1800,11.7300,11.8400,12.2100,11567500,138095595.0000,3,2.402887,1,-3.030302,0
2018-01-16,sh.603167,11.7800,11.9000,11.7500,11.8500,11.8400,6938539,82017776.0000,3,1.441325,1,0.084461,0
2018-01-17,sh.603167,11.8700,11.8800,11.5300,11.6400,11.8500,8953451,104445720.0000,3,1.859878,1,-1.772152,0
2018-01-18,sh.603167,11.6000,11.7500,11.5700,11.7000,11.6400,4720996,55051301.0000,3,0.980681,1,0.515459,0
2018-01-19,sh.603167,11.7100,11.8500,11.6400,11.7700,11.7000,5554026,65260406.0000,3,1.153724,1,0.598296,0
2018-01-22,sh.603167,11.7700,12.3500,11.7400,12.2700,11.7700,16765393,203909777.0000,3,3.482633,1,4.248088,0
2018-01-23,sh.603167,12.2900,12.3400,12.1500,12.3000,12.2700,12173669,149079965.0000,3,2.528805,1,0.244497,0
2018-01-24,sh.603167,12.3200,12.6500,12.2700,12.4000,12.3000,21807204,272509194.0000,3,4.529955,1,0.813003,0
2018-01-25,sh.603167,12.3700,13.1800,12.3700,12.8700,12.4000,29051674,373035681.0000,3,6.034830,1,3.790325,0
2018-01-26,sh.603167,12.8800,12.9800,12.7000,12.9100,12.8700,17018085,218202619.0000,3,3.535124,1,0.310800,0
2018-01-29,sh.603167,12.8800,13.1500,12.7000,12.7900,12.9100,16084005,207207102.0000,3,3.341090,1,-0.929511,0
2018-01-30,sh.603167,12.8300,13.0200,12.6600,12.8600,12.7900,12175130,156358955.0000,3,2.529109,1,0.547300,0
2018-01-31,sh.603167,12.7500,12.8200,12.4600,12.6300,12.8600,13893832,175334614.0000,3,2.886130,1,-1.788488,0
2018-02-01,sh.603167,12.7000,12.8400,12.0100,12.1800,12.6300,19446100,240814404.0000,3,4.039489,1,-3.562944,0
2018-02-02,sh.603167,12.0600,12.2300,11.8000,12.1900,12.1800,13370997,160572325.0000,3,2.777523,1,0.082096,0
2018-02-05,sh.603167,12.0000,12.3400,11.9200,12.3300,12.1900,11035387,134329581.0000,3,2.292353,1,1.148485,0
2018-02-06,sh.603167,12.0500,12.2400,11.1800,11.2800,12.3300,16175340,191177886.0000,3,3.360062,1,-8.515817,0
2018-02-07,sh.603167,11.5000,11.5800,10.8000,11.0600,11.2800,14389218,161771785.0000,3,2.989036,1,-1.950348,0
2018-02-08,sh.603167,11.0700,11.2500,11.0100,11.1700,11.0600,6550583,73067727.0000,3,1.360736,1,0.994572,0
2018-02-09,sh.603167,10.7700,10.8900,10.1100,10.3800,11.1700,12632524,133258319.0000,3,2.624122,1,-7.072515,0
2018-02-12,sh.603167,10.4300,10.7300,10.4300,10.6500,10.3800,5965076,63107773.0000,3,1.239110,1,2.601151,0
2018-02-13,sh.603167,10.6500,10.8500,10.6000,10.6200,10.6500,5746910,61597428.0000,3,1.193791,1,-0.281688,0
2018-02-14,sh.603167,10.6400,10.7200,10.5500,10.6900,10.6200,2682556,28558379.0000,3,0.557241,1,0.659131,0
2018-02-22,sh.603167,10.8000,10.9700,10.7300,10.9300,10.6900,5195400,56425159.0000,3,1.079227,1,2.245096,0
2018-02-23,sh.603167,10.9300,10.9600,10.7700,10.9000,10.9300,4935968,53654199.0000,3,1.025336,1,-0.274480,0
2018-02-26,sh.603167,10.9000,11.1200,10.8400,11.0800,10.9000,6671346,73332516.0000,3,1.385822,1,1.651379,0
2018-02-27,sh.603167,11.1000,11.1000,10.9100,10.9200,11.0800,4902653,53888752.0000,3,1.018416,1,-1.444042,0
2018-02-28,sh.603167,10.8600,11.0500,10.7500,11.0100,10.9200,5376600,58675604.0000,3,1.116867,1,0.824177,0
2018-03-01,sh.603167,10.9000,11.1200,10.8800,11.1000,11.0100,5450837,60108663.0000,3,1.132289,1,0.817440,0
2018-03-02,sh.603167,11.0000,11.0500,10.8900,10.9300,11.1000,4537694,49779707.0000,3,0.942604,1,-1.531532,0
2018-03-05,sh.603167,10.8800,10.9900,10.7900,10.8700,10.9300,4794515,52075734.0000,3,0.995952,1,-0.548952,0
2018-03-06,sh.603167,10.8700,11.0500,10.7500,11.0200,10.8700,6324479,68809696.0000,3,1.313768,1,1.379950,0
2018-03-07,sh.603167,11.0200,11.0200,10.8900,10.9000,11.0200,4111219,44965317.0000,3,0.854013,1,-1.088937,0
2018-03-08,sh.603167,10.9100,10.9600,10.8600,10.9300,10.9000,3462862,37779708.0000,3,0.719332,1,0.275236,0
2018-03-09,sh.603167,10.9400,11.0800,10.9000,11.0500,10.9300,4610476,50768318.0000,3,0.957722,1,1.097895,0
2018-03-12,sh.603167,11.0600,11.2600,11.0300,11.2500,11.0500,6523784,72991906.0000,3,1.355169,1,1.809953,0
2018-03-13,sh.603167,11.2200,11.2500,11.1100,11.1400,11.2500,4469400,49904836.0000,3,0.928417,1,-0.977775,0
2018-03-14,sh.603167,11.1200,11.2700,11.1200,11.1700,11.1400,4319556,48404286.0000,3,0.897290,1,0.269297,0
2018-03-15,sh.603167,11.1500,11.1500,10.9100,10.9800,11.1700,4779810,52636730.0000,3,0.992898,1,-1.700989,0
2018-03-16,sh.603167,11.0000,11.0500,10.9500,10.9600,10.9800,2953220,32482567.0000,3,0.613465,1,-0.182145,0
2018-03-19,sh.603167,10.9500,10.9700,10.8400,10.9200,10.9600,2665544,29104280.0000,3,0.553707,1,-0.364963,0
2018-03-20,sh.603167,10.9000,11.1300,10.8600,11.1200,10.9200,4061121,44676719.0000,3,0.843606,1,1.831500,0
2018-03-21,sh.603167,11.1500,11.1500,10.8100,10.8500,11.1200,7345096,80935368.0000,3,1.525778,1,-2.428053,0
2018-03-22,sh.603167,10.8200,10.8900,10.6800,10.7100,10.8500,5365847,57827360.0000,3,1.114634,1,-1.290326,0
2018-03-23,sh.603167,10.4000,10.4800,9.9100,10.0100,10.7100,9115142,93518133.0000,3,1.893465,1,-6.535946,0
2018-03-26,sh.603167,9.9900,10.1200,9.8000,10.1100,10.0100,4774991,47573047.0000,3,0.991897,1,0.998995,0
2018-03-27,sh.603167,10.2200,10.3500,10.1800,10.2800,10.1100,4623704,47438759.0000,3,0.960470,1,1.681504,0
2018-03-28,sh.603167,10.1900,10.2400,10.1000,10.1600,10.2800,3271166,33273060.0000,3,0.679511,1,-1.167314,0
2018-03-29,sh.603167,10.1500,10.3400,10.1500,10.3000,10.1600,3213227,32957363.0000,3,0.667475,1,1.377956,0
2018-03-30,sh.603167,10.3100,10.3900,10.2900,10.3100,10.3000,3393300,35055017.0000,3,0.704882,1,0.097090,0
2018-04-02,sh.603167,10.2900,10.3500,10.2300,10.3100,10.3100,4120615,42469917.0000,3,0.855965,1,0.000000,0
2018-04-03,sh.603167,10.1500,10.3100,10.0700,10.2900,10.3100,4570800,46393238.0000,3,0.949481,1,-0.193991,0
2018-04-04,sh.603167,10.2600,10.3300,10.1900,10.1900,10.2900,3257010,33410642.0000,3,0.676570,1,-0.971821,0
2018-04-09,sh.603167,10.1500,10.1700,10.0000,10.1300,10.1900,3784454,38209684.0000,3,0.786135,1,-0.588807,0
2018-04-10,sh.603167,10.1000,10.2300,10.0800,10.2300,10.1300,3694656,37516785.0000,3,0.767482,1,0.987161,0
2018-04-11,sh.603167,10.2400,10.3600,10.1900,10.3400,10.2300,4661979,48006680.0000,3,0.968421,1,1.075275,0
2018-04-12,sh.603167,10.3100,10.4400,10.2600,10.4200,10.3400,4715921,48848938.0000,3,0.979626,1,0.773694,0
2018-04-13,sh.603167,10.4100,10.4200,10.2800,10.3100,10.4200,3033649,31343676.0000,3,0.630172,1,-1.055659,0
2018-04-16,sh.603167,10.5900,11.3400,10.5100,10.8300,10.3100,30041798,329792276.0000,3,6.240506,1,5.043642,0
2018-04-17,sh.603167,10.5200,10.7000,10.2300,10.2900,10.8300,21148950,220078095.0000,3,4.393218,1,-4.986149,0
2018-04-18,sh.603167,10.3300,10.4000,10.0300,10.3200,10.2900,8759456,89758079.0000,3,1.819580,1,0.291543,0
2018-04-19,sh.603167,10.2800,10.3800,10.2300,10.2800,10.3200,4998837,51405314.0000,3,1.038396,1,-0.387597,0
2018-04-20,sh.603167,10.2600,10.3300,10.0600,10.0900,10.2800,4708674,47946050.0000,3,0.978121,1,-1.848245,0
2018-04-23,sh.603167,10.1600,10.2300,10.0200,10.1000,10.0900,3340373,33744315.0000,3,0.693887,1,0.099110,0
2018-04-24,sh.603167,10.1000,10.2800,10.1000,10.2800,10.1000,3404213,34754937.0000,3,0.707149,1,1.782172,0
2018-04-25,sh.603167,10.2200,10.3800,10.1800,10.3700,10.2800,3755654,38548768.0000,3,0.780152,1,0.875488,0
2018-04-26,sh.603167,10.3700,10.4400,10.1500,10.1700,10.3700,3403775,34905137.0000,3,0.707058,1,-1.928638,0
2018-04-27,sh.603167,10.2600,10.3000,10.1700,10.2900,10.1700,3226005,33022486.0000,3,0.670130,1,1.179940,0
2018-05-02,sh.603167,10.3000,10.5400,10.3000,10.4300,10.2900,8086925,84527143.0000,3,1.679876,1,1.360548,0
2018-05-03,sh.603167,10.3800,10.6500,10.3300,10.5900,10.4300,7198658,75487978.0000,3,1.495359,1,1.534035,0
2018-05-04,sh.603167,10.5900,10.6500,10.4700,10.6300,10.5900,8076802,85282874.0000,3,1.677774,1,0.377715,0
2018-05-07,sh.603167,10.6300,10.6700,10.5600,10.6400,10.6300,6093757,64721571.0000,3,1.265841,1,0.094076,0
2018-05-08,sh.603167,10.6500,10.6800,10.5600,10.6600,10.6400,6095321,64749827.0000,3,1.266166,1,0.187965,0
2018-05-09,sh.603167,10.6600,10.7400,10.4700,10.5100,10.6600,10657356,112711424.0000,3,2.213826,1,-1.407126,0
2018-05-10,sh.603167,10.5400,10.5400,10.4000,10.4800,10.5100,10087679,105508102.0000,3,2.095488,1,-0.285449,0
2018-05-11,sh.603167,10.4600,10.6200,10.4600,10.5500,10.4800,8538612,90176031.0000,3,1.773704,1,0.667945,0
2018-05-14,sh.603167,10.5400,10.5700,10.4500,10.4600,10.5500,5497600,57770092.0000,3,1.142002,1,-0.853082,0
2018-05-15,sh.603167,10.4800,10.5800,10.4100,10.5800,10.4600,5299599,55587767.0000,3,1.100872,1,1.147226,0
2018-05-16,sh.603167,10.5300,10.5600,10.4500,10.4600,10.5800,4481454,46999317.0000,3,0.930921,1,-1.134214,0
2018-05-17,sh.603167,10.4600,10.4900,10.3900,10.4200,10.4600,4026358,42001478.0000,3,0.836385,1,-0.382409,0
2018-05-18,sh.603167,10.4400,10.5500,10.4000,10.5400,10.4200,4327796,45390785.0000,3,0.899002,1,1.151630,0
2018-05-21,sh.603167,10.5900,10.7300,10.5500,10.6800,10.5400,6102694,65016425.0000,3,1.267697,1,1.328277,0
2018-05-22,sh.603167,10.6100,10.6700,10.5300,10.6600,10.6800,7078480,75037924.0000,3,1.470395,1,-0.187270,0
2018-05-23,sh.603167,10.6100,10.7200,10.5800,10.6200,10.6600,5233841,55760279.0000,3,1.087213,1,-0.375234,0
2018-05-24,sh.603167,10.6400,10.6800,10.5800,10.6500,10.6200,3789289,40282646.0000,3,0.787139,1,0.282483,0
2018-05-25,sh.603167,10.6000,10.6400,10.5000,10.5400,10.6500,4774518,50337216.0000,3,0.991799,1,-1.032861,0
2018-05-28,sh.603167,10.4900,10.5500,10.4100,10.5100,10.5400,4126636,43314731.0000,3,0.857216,1,-0.284627,0
2018-05-29,sh.603167,10.4800,10.7300,10.4700,10.7200,10.5100,7125925,75823221.0000,3,1.480250,1,1.998097,0
2018-05-30,sh.603167,10.5500,10.6600,10.3100,10.3400,10.7200,7386542,77757965.0000,3,1.534388,1,-3.544777,0
2018-05-31,sh.603167,10.3900,10.5900,10.3900,10.5700,10.3400,4186941,44009388.0000,3,0.869743,1,2.224367,0
2018-06-01,sh.603167,10.4800,11.0000,10.4800,10.7500,10.5700,8701230,93559367.0000,3,1.807484,1,1.702936,0
2018-06-04,sh.603167,10.7400,11.0800,10.7400,11.0800,10.7500,10226150,112161155.0000,3,2.124252,1,3.069767,0
2018-06-05,sh.603167,11.1100,11.1100,10.9500,11.0900,11.0800,7216717,79474748.0000,3,1.499110,1,0.090255,0
2018-06-06,sh.603167,11.0100,11.0600,10.9600,11.0200,11.0900,3762342,41410835.0000,3,0.781542,1,-0.631197,0
2018-06-07,sh.603167,11.0400,11.1700,10.9600,10.9800,11.0200,5901757,65165267.0000,3,1.225957,1,-0.362985,0
2018-06-08,sh.603167,11.0500,11.1400,10.7900,10.9000,10.9800,5944834,64960189.0000,3,1.234905,1,-0.728597,0
2018-06-11,sh.603167,10.7600,10.8500,10.6800,10.8000,10.9000,3886882,41836649.0000,3,0.807412,1,-0.917426,0
2018-06-12,sh.603167,10.8000,11.0000,10.6800,10.9800,10.8000,5082190,55184791.0000,3,1.055710,1,1.666661,0
2018-06-13,sh.603167,10.9200,11.1000,10.8100,10.8300,10.9800,5026611,55191011.0000,3,1.044165,1,-1.366117,0
2018-06-14,sh.603167,10.7900,10.9000,10.7500,10.8300,10.8300,3459725,37396747.0000,3,0.718680,1,0.000000,0
2018-06-15,sh.603167,10.7800,10.8300,10.5500,10.6300,10.8300,4627400,49388668.0000,3,0.961238,1,-1.846720,0
2018-06-19,sh.603167,10.5200,10.6300,9.9700,10.1600,10.6300,7737804,79484061.0000,3,1.607354,1,-4.421451,0
2018-06-20,sh.603167,10.1300,10.4300,10.0900,10.3400,10.1600,3751500,38563540.0000,3,0.779290,1,1.771657,0
2018-06-21,sh.603167,10.3500,10.3800,10.1200,10.1500,10.3400,3639000,37258739.0000,3,0.755920,1,-1.837529,0
2018-06-22,sh.603167,10.1500,10.3400,10.1200,10.3300,10.1500,4615300,47331114.0000,3,0.958725,1,1.773402,0
2018-06-25,sh.603167,9.9400,9.9800,9.4600,9.4800,9.9400,6895405,67051337.0000,3,1.432365,1,-4.627767,0
2018-06-26,sh.603167,9.3800,9.5000,9.2200,9.4700,9.4800,2926640,27425387.0000,3,0.607943,1,-0.105478,0
2018-06-27,sh.603167,9.5100,9.6400,9.4600,9.5200,9.4700,2898500,27672038.0000,3,0.602098,1,0.527985,0
2018-06-28,sh.603167,9.4700,9.5700,9.4500,9.4700,9.5200,1688600,16053481.0000,3,0.350769,1,-0.525212,0
2018-06-29,sh.603167,9.4700,9.6600,9.4700,9.6300,9.4700,2202140,21114126.0000,3,0.457445,1,1.689544,0
2018-07-02,sh.603167,9.6500,9.6500,9.4300,9.4500,9.6300,2201700,20981025.0000,3,0.457354,1,-1.869162,0
2018-07-03,sh.603167,9.4300,9.5600,9.3600,9.5400,9.4500,2230400,21076807.0000,3,0.463315,1,0.952383,0
2018-07-04,sh.603167,9.5000,9.5300,9.3100,9.3200,9.5400,1748600,16423453.0000,3,0.363232,1,-2.306082,0
2018-07-05,sh.603167,9.3100,9.3800,8.9100,8.9300,9.3200,3909390,35582772.0000,3,0.812088,1,-4.184543,0
2018-07-06,sh.603167,8.9700,9.0900,8.8000,9.0000,8.9300,2292890,20602758.0000,3,0.476296,1,0.783871,0
2018-07-09,sh.603167,9.0200,9.2400,9.0000,9.2100,9.0000,2286516,20826160.0000,3,0.474972,1,2.333334,0
2018-07-10,sh.603167,9.2200,9.2300,9.1200,9.2000,9.2100,1930374,17705331.0000,3,0.400992,1,-0.108580,0
2018-07-11,sh.603167,9.1000,9.1000,8.8600,8.9500,9.2000,2443488,21923357.0000,3,0.507580,1,-2.717391,0
2018-07-12,sh.603167,8.9300,9.1800,8.9300,9.1200,8.9500,2305945,20974969.0000,3,0.479008,1,1.899442,0
2018-07-13,sh.603167,9.1000,9.1600,9.0800,9.1600,9.1200,1292949,11806379.0000,3,0.268581,1,0.438596,0
2018-07-16,sh.603167,9.1600,9.2300,9.1200,9.2300,9.1600,1400700,12870908.0000,3,0.290964,1,0.764189,0
2018-07-17,sh.603167,9.2900,9.2900,9.1400,9.2200,9.2300,1327017,12201387.0000,3,0.275658,1,-0.108335,0
2018-07-18,sh.603167,9.2800,9.2800,9.1600,9.1800,9.2200,1522184,14024584.0000,3,0.316199,1,-0.433839,0
2018-07-19,sh.603167,9.1300,9.1700,9.0300,9.0500,9.1800,1524400,13861033.0000,3,0.316660,1,-1.416123,0
2018-07-20,sh.603167,9.0300,9.2000,9.0100,9.1700,9.0500,1400758,12785187.0000,3,0.290976,1,1.325966,0
2018-07-23,sh.603167,9.1700,9.3000,9.1500,9.2900,9.1700,2101584,19404902.0000,3,0.436557,1,1.308614,0
2018-07-24,sh.603167,9.3000,9.4300,9.2600,9.4200,9.2900,2604734,24430157.0000,3,0.541075,1,1.399355,0
2018-07-25,sh.603167,9.4200,9.4200,9.3400,9.3600,9.4200,1894733,17758880.0000,3,0.393588,1,-0.636947,0
2018-07-26,sh.603167,9.3900,9.4200,9.3300,9.3900,9.3600,1908494,17898042.0000,3,0.396447,1,0.320520,0
2018-07-27,sh.603167,9.3600,9.4200,9.3300,9.4100,9.3900,1852700,17374047.0000,3,0.384857,1,0.212987,0
2018-07-30,sh.603167,9.4100,9.4500,9.3600,9.4000,9.4100,1880370,17684127.0000,3,0.390604,1,-0.106272,0
2018-07-31,sh.603167,9.4000,9.4000,9.3200,9.3400,9.4000,2220870,20764667.0000,3,0.461336,1,-0.638292,0
2018-08-01,sh.603167,9.3500,9.4200,9.2200,9.2300,9.3400,1944071,18165423.0000,3,0.403837,1,-1.177737,0
2018-08-02,sh.603167,9.2000,9.2000,8.9200,9.0200,9.2300,2453901,22174803.0000,3,0.509743,1,-2.275180,0
2018-08-03,sh.603167,9.0000,9.0800,8.9600,9.0000,9.0200,1301600,11731790.0000,3,0.270378,1,-0.221735,0
2018-08-06,sh.603167,8.9500,9.0200,8.8000,8.8400,9.0000,2157654,19251169.0000,3,0.448204,1,-1.777776,0
2018-08-07,sh.603167,8.8100,9.0700,8.8100,9.0700,8.8400,1919601,17193119.0000,3,0.398754,1,2.601805,0
2018-08-08,sh.603167,9.0800,9.0800,8.8800,8.8900,9.0700,1728500,15530665.0000,3,0.359057,1,-1.984557,0
2018-08-09,sh.603167,8.8600,9.1200,8.8600,9.0900,8.8900,2090084,18914436.0000,3,0.434168,1,2.249717,0
2018-08-10,sh.603167,9.0900,9.1500,9.0500,9.1100,9.0900,1092985,9942554.0000,3,0.227043,1,0.220017,0
2018-08-13,sh.603167,9.0500,9.0800,8.9500,9.0700,9.1100,1712062,15429612.0000,3,0.355642,1,-0.439078,0
2018-08-14,sh.603167,9.0100,9.1000,9.0100,9.0900,9.0700,1200384,10872219.0000,3,0.249353,1,0.220512,0
2018-08-15,sh.603167,9.0500,9.1000,8.9600,8.9900,9.0900,1387400,12530739.0000,3,0.288201,1,-1.100114,0
2018-08-16,sh.603167,8.9200,8.9900,8.8300,8.9200,8.9900,1423600,12682420.0000,3,0.295721,1,-0.778640,0
2018-08-17,sh.603167,8.9600,8.9900,8.8000,8.8200,8.9200,1253224,11137359.0000,3,0.260329,1,-1.121081,0
2018-08-20,sh.603167,8.8300,8.9200,8.8000,8.9100,8.8200,933200,8253413.0000,3,0.193851,1,1.020410,0
2018-08-21,sh.603167,8.9000,9.0100,8.8800,8.9900,8.9100,1404843,12600903.0000,3,0.291824,1,0.897867,0
2018-08-22,sh.603167,8.9800,9.0000,8.9200,8.9400,8.9900,680090,6079142.0000,3,0.141273,1,-0.556176,0
2018-08-23,sh.603167,8.9200,8.9600,8.8800,8.9400,8.9400,1038160,9270933.0000,3,0.215654,1,0.000000,0
2018-08-24,sh.603167,8.9100,8.9600,8.8800,8.9300,8.9400,810773,7232796.0000,3,0.168420,1,-0.111849,0
2018-08-27,sh.603167,8.9800,9.1200,8.9600,9.0900,8.9300,1676532,15219376.0000,3,0.348262,1,1.791712,0
2018-08-28,sh.603167,9.1000,9.1600,9.0800,9.1200,9.0900,1551439,14157054.0000,3,0.322276,1,0.330030,0
2018-08-29,sh.603167,9.1200,9.2200,9.1200,9.1600,9.1200,2134900,19598420.0000,3,0.443477,1,0.438596,0
2018-08-30,sh.603167,9.1400,9.2000,9.0700,9.0700,9.1600,1445824,13213162.0000,3,0.300337,1,-0.982534,0
2018-08-31,sh.603167,9.0500,9.1100,9.0000,9.0900,9.0700,1087024,9853986.0000,3,0.225805,1,0.220512,0
2018-09-03,sh.603167,9.0200,9.0900,8.9100,9.0300,9.0900,1688170,15172763.0000,3,0.350679,1,-0.660071,0
2018-09-04,sh.603167,9.0400,9.1200,8.9700,9.0700,9.0300,1396773,12650716.0000,3,0.290148,1,0.442968,0
2018-09-05,sh.603167,9.0600,9.0600,8.8900,8.9000,9.0700,1539304,13818059.0000,3,0.319756,1,-1.874312,0
2018-09-06,sh.603167,8.9100,8.9700,8.8500,8.8800,8.9000,1201770,10705859.0000,3,0.249641,1,-0.224714,0
2018-09-07,sh.603167,8.8800,9.0300,8.8800,8.9100,8.8800,1021500,9135696.0000,3,0.212194,1,0.337835,0
2018-09-10,sh.603167,8.9100,8.9400,8.8700,8.8700,8.9100,1060002,9433700.0000,3,0.220192,1,-0.448933,0
2018-09-11,sh.603167,8.8700,8.9200,8.8200,8.8700,8.8700,947308,8387608.0000,3,0.196782,1,0.000000,0
2018-09-12,sh.603167,8.8400,8.8900,8.8000,8.8600,8.8700,948574,8391570.0000,3,0.197045,1,-0.112742,0
2018-09-13,sh.603167,8.9000,8.9600,8.8200,8.9200,8.8600,1391539,12368752.0000,3,0.289061,1,0.677206,0
2018-09-14,sh.603167,8.9300,8.9400,8.8600,8.8600,8.9200,893600,7946041.0000,3,0.185625,1,-0.672651,0
2018-09-17,sh.603167,8.8600,8.8700,8.6400,8.6600,8.8600,2172200,19017568.0000,3,0.451226,1,-2.257334,0
2018-09-18,sh.603167,8.6700,8.7400,8.6000,8.7200,8.6600,1989712,17252457.0000,3,0.413318,1,0.692846,0
2018-09-19,sh.603167,8.7300,8.8200,8.6800,8.7900,8.7200,1769062,15498793.0000,3,0.367483,1,0.802749,0
2018-09-20,sh.603167,8.7800,8.8200,8.7500,8.7800,8.7900,1005600,8827976.0000,3,0.208891,1,-0.113768,0
2018-09-21,sh.603167,8.9000,8.9300,8.8100,8.9200,8.7800,2187462,19426099.0000,3,0.454396,1,1.594537,0
2018-09-25,sh.603167,8.9000,8.9200,8.8400,8.8700,8.9200,1289700,11446855.0000,3,0.267906,1,-0.560540,0
2018-09-26,sh.603167,8.8700,8.9300,8.8500,8.8900,8.8700,1434491,12758280.0000,3,0.297983,1,0.225484,0
2018-09-27,sh.603167,8.8900,9.1500,8.8300,9.0000,8.8900,3842914,34476786.0000,3,0.798279,1,1.237341,0
2018-09-28,sh.603167,9.0000,9.0400,8.9000,8.9800,9.0000,3560149,31942082.0000,3,0.739541,1,-0.222227,0
2018-10-08,sh.603167,8.8400,8.8400,8.6800,8.6900,8.9800,2397300,20970533.0000,3,0.497985,1,-3.229398,0
2018-10-09,sh.603167,8.7000,8.7800,8.6900,8.7300,8.6900,867085,7583699.0000,3,0.180117,1,0.460299,0
2018-10-10,sh.603167,8.7900,8.7900,8.7000,8.7200,8.7300,877526,7666425.0000,3,0.182286,1,-0.114539,0
2018-10-11,sh.603167,8.5700,8.5700,8.0100,8.0400,8.7200,3551900,29452673.0000,3,0.737827,1,-7.798168,0
2018-10-12,sh.603167,7.9900,8.0800,7.8900,8.0400,8.0400,1996425,15963620.0000,3,0.414712,1,0.000000,0
2018-10-15,sh.603167,8.0500,8.0800,7.8000,7.8500,8.0400,1541843,12347819.0000,3,0.320283,1,-2.363185,0
2018-10-16,sh.603167,7.8900,7.9300,7.7400,7.7700,7.8500,1215042,9530606.0000,3,0.252398,1,-1.019107,0
2018-10-17,sh.603167,7.8700,7.9100,7.7000,7.8400,7.7700,1052504,8222670.0000,3,0.218634,1,0.900903,0
2018-10-18,sh.603167,7.7500,7.8000,7.6800,7.6800,7.8400,1282300,9902794.0000,3,0.266369,1,-2.040820,0
2018-10-19,sh.603167,7.6000,7.8200,7.5400,7.8100,7.6800,1405903,10835575.0000,3,0.292045,1,1.692710,0
2018-10-22,sh.603167,7.8500,8.2100,7.8400,8.1400,7.8100,2622303,21137373.0000,3,0.544724,1,4.225357,0
2018-10-23,sh.603167,8.1400,8.1700,7.9300,7.9800,8.1400,2032300,16381011.0000,3,0.422165,1,-1.965606,0
2018-10-24,sh.603167,7.9400,8.0900,7.9400,8.0300,7.9800,1177400,9461405.0000,3,0.244578,1,0.626563,0
2018-10-25,sh.603167,7.8200,8.0300,7.7900,7.9900,8.0300,1449736,11453639.0000,3,0.301150,1,-0.498132,0
2018-10-26,sh.603167,8.0000,8.1900,8.0000,8.1200,7.9900,1462166,11861527.0000,3,0.303732,1,1.627035,0
2018-10-29,sh.603167,8.8900,8.8900,8.3100,8.3200,8.1200,6870165,59158398.0000,3,1.427122,1,2.463052,0
2018-10-30,sh.603167,8.2700,8.5600,8.2200,8.4000,8.3200,3531541,29572332.0000,3,0.733598,1,0.961538,0
2018-10-31,sh.603167,8.3200,8.4700,8.3100,8.4000,8.4000,2834700,23742407.0000,3,0.588845,1,0.000000,0
2018-11-01,sh.603167,8.4300,8.5200,8.3700,8.3900,8.4000,3331096,28153219.0000,3,0.691960,1,-0.119039,0
2018-11-02,sh.603167,8.4600,8.5600,8.4600,8.5200,8.3900,2486728,21136424.0000,3,0.516562,1,1.549465,0
2018-11-05,sh.603167,8.4600,8.5400,8.3800,8.4600,8.5200,1990806,16811088.0000,3,0.413545,1,-0.704230,0
2018-11-06,sh.603167,8.4600,8.4900,8.3800,8.4700,8.4600,1931600,16284677.0000,3,0.401246,1,0.118206,0
2018-11-07,sh.603167,8.4300,8.5000,8.3800,8.3800,8.4700,1544800,13033819.0000,3,0.320897,1,-1.062576,0
2018-11-08,sh.603167,8.4200,8.4500,8.3300,8.3300,8.3800,1266513,10615451.0000,3,0.263090,1,-0.596661,0
2018-11-09,sh.603167,8.3300,8.3300,8.2400,8.2500,8.3300,1348401,11164306.0000,3,0.280100,1,-0.960383,0
2018-11-12,sh.603167,8.2800,8.4000,8.2300,8.4000,8.2500,1452867,12131535.0000,3,0.301800,1,1.818177,0
2018-11-13,sh.603167,8.3500,8.5300,8.2600,8.5200,8.4000,2631101,22286569.0000,3,0.546552,1,1.428581,0
2018-11-14,sh.603167,8.5700,8.6700,8.5100,8.5500,8.5200,3180267,27326307.0000,3,0.660629,1,0.352110,0
2018-11-15,sh.603167,8.5000,8.6200,8.4800,8.6100,8.5500,2545373,21779446.0000,3,0.528744,1,0.701748,0
2018-11-16,sh.603167,8.6200,8.6800,8.5900,8.6200,8.6100,2506430,21623373.0000,3,0.520654,1,0.116147,0
2018-11-19,sh.603167,8.5900,8.6900,8.5800,8.6900,8.6200,2282110,19714203.0000,3,0.474057,1,0.812061,0
2018-11-20,sh.603167,8.6900,8.6900,8.5000,8.5100,8.6900,2643600,22764399.0000,3,0.549148,1,-2.071339,0
2018-11-21,sh.603167,8.4600,8.6700,8.4200,8.6200,8.5100,2000973,17085173.0000,3,0.415657,1,1.292593,0
2018-11-22,sh.603167,8.6200,8.6600,8.5600,8.6300,8.6200,1250013,10770963.0000,3,0.259662,1,0.116012,0
2018-11-23,sh.603167,8.6200,8.6300,8.3300,8.3300,8.6300,1854000,15676886.0000,3,0.385127,1,-3.476248,0
2018-11-26,sh.603167,8.3300,8.4900,8.3200,8.4400,8.3300,1599192,13497051.0000,3,0.332196,1,1.320524,0
2018-11-27,sh.603167,8.5000,8.5400,8.4000,8.4400,8.4400,1220701,10351951.0000,3,0.253573,1,0.000000,0
2018-11-28,sh.603167,8.4400,8.5400,8.3700,8.5300,8.4400,1597458,13530764.0000,3,0.331836,1,1.066353,0
2018-11-29,sh.603167,8.5600,8.6100,8.3700,8.3700,8.5300,1809155,15390714.0000,3,0.375811,1,-1.875731,0
2018-11-30,sh.603167,8.4000,8.4000,8.2500,8.3800,8.3700,1228501,10252639.0000,3,0.255193,1,0.119477,0
2018-12-03,sh.603167,8.5100,8.6200,8.5100,8.5900,8.3800,2608854,22351820.0000,3,0.541931,1,2.505967,0
2018-12-04,sh.603167,8.5900,8.6700,8.5600,8.6600,8.5900,2027800,17474166.0000,3,0.421230,1,0.814898,0
2018-12-05,sh.603167,8.5000,8.6400,8.4600,8.5900,8.6600,1682492,14429892.0000,3,0.349500,1,-0.808311,0
2018-12-06,sh.603167,8.6000,8.6400,8.5200,8.5500,8.5900,1452205,12458898.0000,3,0.301663,1,-0.465657,0
2018-12-07,sh.603167,8.5200,8.6700,8.5200,8.5500,8.5500,1596200,13748826.0000,3,0.331575,1,0.000000,0
2018-12-10,sh.603167,8.4700,8.6100,8.4300,8.5200,8.5500,1227500,10450972.0000,3,0.254985,1,-0.350874,0
2018-12-11,sh.603167,8.5100,8.5800,8.4800,8.5000,8.5200,835992,7127489.0000,3,0.173658,1,-0.234747,0
2018-12-12,sh.603167,8.5600,8.6300,8.5300,8.5800,8.5000,1011500,8679302.0000,3,0.210116,1,0.941176,0
2018-12-13,sh.603167,8.5800,8.7000,8.5500,8.6500,8.5800,2386085,20638737.0000,3,0.495655,1,0.815847,0
2018-12-14,sh.603167,8.6400,8.7300,8.5900,8.5900,8.6500,2020699,17504512.0000,3,0.419755,1,-0.693635,0
2018-12-17,sh.603167,8.5400,8.6200,8.4600,8.5400,8.5900,1945814,16633454.0000,3,0.404199,1,-0.582074,0
2018-12-18,sh.603167,8.5400,8.6100,8.4100,8.5700,8.5400,1705783,14556487.0000,3,0.354338,1,0.351285,0
2018-12-19,sh.603167,8.6400,8.6800,8.5800,8.6100,8.5700,1737541,15001491.0000,3,0.360935,1,0.466744,0
2018-12-20,sh.603167,8.5900,8.6600,8.5000,8.6300,8.6100,1337246,11474824.0000,3,0.277783,1,0.232293,0
2018-12-21,sh.603167,8.6300,8.6500,8.5500,8.6200,8.6300,1112227,9568841.0000,3,0.231040,1,-0.115877,0
2018-12-24,sh.603167,8.6500,8.7500,8.5900,8.7500,8.6200,1690169,14722653.0000,3,0.351095,1,1.508122,0
2018-12-25,sh.603167,8.7200,8.9000,8.6100,8.8800,8.7500,4492153,39493815.0000,3,0.933144,1,1.485716,0
2018-12-26,sh.603167,8.8100,8.9200,8.7700,8.8300,8.8800,1834241,16192043.0000,3,0.381022,1,-0.563065,0
2018-12-27,sh.603167,8.9000,8.9000,8.6900,8.6900,8.8300,2067900,18198765.0000,3,0.429560,1,-1.585508,0
2018-12-28,sh.603167,8.6900,8.7700,8.6800,8.7600,8.6900,1361300,11896325.0000,3,0.282779,1,0.805531,0
2019-01-02,sh.603167,8.7800,8.7900,8.6500,8.6700,8.7600,1081200,9414695.0000,3,0.224595,1,-1.027399,0
2019-01-03,sh.603167,8.6300,8.7300,8.6100,8.6100,8.6700,1151300,9969031.0000,3,0.239157,1,-0.692046,0
2019-01-04,sh.603167,8.5800,8.7000,8.5200,8.7000,8.6100,1401100,12082025.0000,3,0.291047,1,1.045298,0
2019-01-07,sh.603167,8.7000,8.8000,8.6800,8.7900,8.7000,1734600,15171366.0000,3,0.360324,1,1.034485,0
2019-01-08,sh.603167,8.7900,8.8700,8.7500,8.8400,8.7900,1828485,16140293.0000,3,0.379827,1,0.568830,0
2019-01-09,sh.603167,8.8600,8.9000,8.8100,8.8200,8.8400,2060801,18245288.0000,3,0.428085,1,-0.226249,0
2019-01-10,sh.603167,8.7900,8.8300,8.7200,8.7500,8.8200,2211360,19389824.0000,3,0.459360,1,-0.793647,0
2019-01-11,sh.603167,8.7800,8.7800,8.6800,8.7500,8.7500,2188240,19096922.0000,3,0.454558,1,0.000000,0
2019-01-14,sh.603167,8.7100,8.7600,8.7000,8.7000,8.7500,990093,8631609.0000,3,0.205670,1,-0.571431,0
2019-01-15,sh.603167,8.7400,8.7500,8.6800,8.7500,8.7000,1097774,9565711.0000,3,0.228038,1,0.574715,0
2019-01-16,sh.603167,8.7200,8.7900,8.7100,8.7700,8.7500,1823701,15945355.0000,3,0.378833,1,0.228577,0
2019-01-17,sh.603167,8.7900,8.9000,8.7400,8.9000,8.7700,3097329,27375037.0000,3,0.643400,1,1.482316,0
2019-01-18,sh.603167,8.8900,8.9300,8.8100,8.8600,8.9000,2329501,20611661.0000,3,0.483901,1,-0.449438,0
2019-01-21,sh.603167,8.8500,8.9000,8.8200,8.8500,8.8600,1525939,13502607.0000,3,0.316979,1,-0.112859,0
2019-01-22,sh.603167,8.8700,8.8700,8.7300,8.7600,8.8500,2120765,18674398.0000,3,0.440541,1,-1.016951,0
2019-01-23,sh.603167,8.7500,8.8500,8.7200,8.8200,8.7600,1194078,10513218.0000,3,0.248043,1,0.684925,0
2019-01-24,sh.603167,8.8200,8.8900,8.8000,8.8700,8.8200,1380200,12221397.0000,3,0.286705,1,0.566896,0
2019-01-25,sh.603167,8.8400,8.8900,8.8100,8.8500,8.8700,1215707,10746311.0000,3,0.252536,1,-0.225473,0
2019-01-28,sh.603167,8.8800,9.0300,8.8400,8.8600,8.8500,3262000,29151972.0000,3,0.677607,1,0.112986,0
2019-01-29,sh.603167,8.8200,8.9200,8.7200,8.7900,8.8600,2074368,18272579.0000,3,0.430903,1,-0.790064,0
2019-01-30,sh.603167,8.7700,8.8200,8.6100,8.6200,8.7900,2477700,21588758.0000,3,0.514686,1,-1.934017,0
2019-01-31,sh.603167,8.6300,8.6600,8.4500,8.5000,8.6200,2261140,19289284.0000,3,0.469701,1,-1.392110,0
2019-02-01,sh.603167,8.5400,8.9200,8.5300,8.8200,8.5000,2240916,19515733.0000,3,0.465500,1,3.764702,0
2019-02-11,sh.603167,8.8400,8.9200,8.7800,8.9100,8.8200,3228468,28576007.0000,3,0.670641,1,1.020410,0
2019-02-12,sh.603167,8.8900,9.0300,8.8600,8.9900,8.9100,3489500,31244448.0000,3,0.724865,1,0.897867,0
2019-02-13,sh.603167,8.9900,9.1000,8.9700,9.0600,8.9900,2598100,23485047.0000,3,0.539697,1,0.778650,0
2019-02-14,sh.603167,9.0600,9.1300,9.0200,9.0700,9.0600,2085651,18926615.0000,3,0.433247,1,0.110367,0
2019-02-15,sh.603167,9.0900,9.1500,9.0500,9.1100,9.0700,2610968,23768186.0000,3,0.542370,1,0.441014,0
2019-02-18,sh.603167,9.1400,9.2400,9.1000,9.2100,9.1100,2980505,27365116.0000,3,0.619133,1,1.097699,0
2019-02-19,sh.603167,9.2100,9.2500,9.1200,9.1600,9.2100,3025162,27789390.0000,3,0.628409,1,-0.542890,0
2019-02-20,sh.603167,9.1600,9.2900,9.1300,9.2200,9.1600,2149932,19809552.0000,3,0.446600,1,0.655026,0
2019-02-21,sh.603167,9.2000,9.2800,9.1600,9.1700,9.2200,2475600,22836286.0000,3,0.514250,1,-0.542301,0
2019-02-22,sh.603167,9.1700,9.2200,9.1200,9.2000,9.1700,2768797,25375120.0000,3,0.575155,1,0.327151,0
2019-02-25,sh.603167,9.2200,9.5600,9.2200,9.4900,9.2000,6269300,58879642.0000,3,1.302306,1,3.152173,0
2019-02-26,sh.603167,9.4900,9.5800,9.3800,9.4400,9.4900,4697033,44572504.0000,3,0.975703,1,-0.526872,0
2019-02-27,sh.603167,9.4700,9.5400,9.3500,9.4300,9.4400,3153384,29796634.0000,3,0.655044,1,-0.105925,0
2019-02-28,sh.603167,9.4300,9.4600,9.3200,9.3700,9.4300,2965759,27861762.0000,3,0.616070,1,-0.636272,0
2019-03-01,sh.603167,9.3900,9.4000,9.3200,9.3600,9.3700,4123121,38582547.0000,3,0.856485,1,-0.106726,0
2019-03-04,sh.603167,9.4000,9.5400,9.3600,9.4000,9.3600,6748934,63687933.0000,3,1.401939,1,0.427350,0
2019-03-05,sh.603167,9.3900,9.4500,9.3100,9.4500,9.4000,5129783,48061448.0000,3,1.065597,1,0.531917,0
2019-03-06,sh.603167,9.4300,9.6000,9.4200,9.6000,9.4500,7417540,70591542.0000,3,1.540827,1,1.587308,0
2019-03-07,sh.603167,9.6000,9.7200,9.5400,9.6200,9.6000,6607912,63614988.0000,3,1.372645,1,0.208328,0
2019-03-08,sh.603167,9.5200,9.5300,9.2700,9.2700,9.6200,7493540,70408514.0000,3,1.556614,1,-3.638248,0
2019-03-11,sh.603167,9.2600,9.4900,9.2600,9.4700,9.2700,5242912,49374727.0000,3,1.089097,1,2.157495,0
2019-03-12,sh.603167,9.5200,9.7400,9.4700,9.7200,9.4700,8369754,80412950.0000,3,1.738628,1,2.639915,0
2019-03-13,sh.603167,9.7200,9.7200,9.5400,9.5500,9.7200,4878001,47046542.0000,3,1.013295,1,-1.748972,0
2019-03-14,sh.603167,9.5100,9.6100,9.3100,9.3800,9.5500,4007900,37771555.0000,3,0.832551,1,-1.780106,0
2019-03-15,sh.603167,9.4200,9.6900,9.3800,9.6700,9.3800,5436894,51939552.0000,3,1.129392,1,3.091684,0
2019-03-18,sh.603167,9.6500,10.0100,9.6500,9.9300,9.6700,7506134,74296991.0000,3,1.559230,1,2.688730,0
2019-03-19,sh.603167,9.9600,10.0800,9.8500,9.9700,9.9300,5997951,59879079.0000,3,1.245939,1,0.402819,0
2019-03-20,sh.603167,9.9700,10.7100,9.9200,10.6900,9.9700,16505960,171716572.0000,3,3.428741,1,7.221658,0
2019-03-21,sh.603167,11.1000,11.1000,10.3800,10.4500,10.6900,18890950,202115816.0000,3,3.924169,1,-2.245087,0
2019-03-22,sh.603167,10.5100,10.5400,10.1800,10.3100,10.4500,9721456,100150232.0000,3,2.019413,1,-1.339707,0
2019-03-25,sh.603167,10.2100,10.4600,10.0200,10.2300,10.3100,6013601,61504081.0000,3,1.249190,1,-0.775954,0
2019-03-26,sh.603167,10.2700,10.4700,10.1600,10.2900,10.2300,5836760,60280797.0000,3,1.212455,1,0.586514,0
2019-03-27,sh.603167,10.4200,10.7200,10.3000,10.7000,10.2900,9128918,95932870.0000,3,1.896327,1,3.984449,0
2019-03-28,sh.603167,10.7100,10.8900,10.5100,10.6100,10.7000,9479120,101507011.0000,3,1.969074,1,-0.841123,0
2019-03-29,sh.603167,10.5000,10.5500,10.1000,10.4300,10.6100,11332100,117763365.0000,3,2.353988,1,-1.696507,0
2019-04-01,sh.603167,10.4500,10.7000,10.3800,10.6400,10.4300,9668437,102137405.0000,3,2.008400,1,2.013423,0
2019-04-02,sh.603167,10.7500,10.7600,10.5500,10.6100,10.6400,7306904,77712790.0000,3,1.517845,1,-0.281961,0
2019-04-03,sh.603167,10.5600,10.9100,10.5100,10.8400,10.6100,8828027,94817403.0000,3,1.833824,1,2.167771,0
2019-04-04,sh.603167,10.8700,10.9800,10.7000,10.8400,10.8400,6975700,75415771.0000,3,1.449044,1,0.000000,0
2019-04-08,sh.603167,10.8300,10.9600,10.6900,10.9500,10.8400,7726496,83755325.0000,3,1.605005,1,1.014757,0
2019-04-09,sh.603167,10.9100,10.9500,10.8100,10.8900,10.9500,4668098,50772993.0000,3,0.969692,1,-0.547940,0
2019-04-10,sh.603167,10.7800,10.8500,10.7200,10.7700,10.8900,4819601,51918776.0000,3,1.001163,1,-1.101927,0
2019-04-11,sh.603167,10.7900,10.8400,10.5800,10.6100,10.7700,5030761,53859132.0000,3,1.045027,1,-1.485615,0
2019-04-12,sh.603167,10.6100,10.6800,10.5600,10.6700,10.6100,3735412,39645967.0000,3,0.775948,1,0.565508,0
2019-04-15,sh.603167,10.7800,10.9600,10.7000,10.7200,10.6700,6595979,71570966.0000,3,1.370166,1,0.468605,0
2019-04-16,sh.603167,10.7000,10.9200,10.6800,10.8900,10.7200,4408110,47690840.0000,3,0.915686,1,1.585822,0
2019-04-17,sh.603167,10.9200,10.9600,10.8200,10.9200,10.8900,3713753,40484831.0000,3,0.771448,1,0.275480,0
2019-04-18,sh.603167,10.8800,10.9300,10.7800,10.8000,10.9200,3102273,33667824.0000,3,0.644427,1,-1.098900,0
2019-04-19,sh.603167,10.8000,10.9200,10.7800,10.8900,10.8000,2576596,27953070.0000,3,0.535230,1,0.833335,0
2019-04-22,sh.603167,10.9600,11.0100,10.8200,10.9000,10.8900,4381534,47941444.0000,3,0.910165,1,0.091821,0
2019-04-23,sh.603167,10.9000,10.9100,10.7000,10.7000,10.9000,3183034,34366675.0000,3,0.661204,1,-1.834861,0
2019-04-24,sh.603167,10.7400,10.8300,10.6800,10.7800,10.7000,2438104,26224645.0000,3,0.506461,1,0.747663,0
2019-04-25,sh.603167,10.8000,10.8400,10.2700,10.2800,10.7800,4796700,50555458.0000,3,0.996406,1,-4.638219,0
2019-04-26,sh.603167,10.3900,10.4400,10.2700,10.2900,10.2800,3679601,38112223.0000,3,0.764354,1,0.097278,0
2019-04-29,sh.603167,10.9400,10.9400,10.3600,10.4100,10.2900,5713986,60264511.0000,3,1.186952,1,1.166180,0
2019-04-30,sh.603167,10.3500,10.8000,10.3400,10.6700,10.4100,4343426,46209736.0000,3,0.902249,1,2.497601,0
2019-05-06,sh.603167,10.5500,10.5500,9.9500,10.1400,10.6700,5572600,57086513.0000,3,1.157582,1,-4.967195,0
2019-05-07,sh.603167,10.1500,10.4300,10.1500,10.4000,10.1400,3954301,40677567.0000,3,0.821417,1,2.564095,0
2019-05-08,sh.603167,10.2200,10.3600,10.1800,10.2200,10.4000,3060620,31420816.0000,3,0.635775,1,-1.730763,0
2019-05-09,sh.603167,10.1000,10.3000,10.0800,10.1700,10.2200,2609991,26630827.0000,3,0.542167,1,-0.489239,0
2019-05-10,sh.603167,10.2600,10.3900,10.0300,10.3500,10.1700,4512395,46419710.0000,3,0.937348,1,1.769915,0
2019-05-13,sh.603167,10.3400,10.9800,10.2900,10.9700,10.3500,12731127,137053651.0000,3,2.644605,1,5.990337,0
2019-05-14,sh.603167,10.8300,11.0600,10.8100,10.9100,10.9700,8651276,94695223.0000,3,1.797108,1,-0.546950,0
2019-05-15,sh.603167,11.0400,11.1400,10.8800,11.0300,10.9100,6843300,75393765.0000,3,1.421541,1,1.099907,0
2019-05-16,sh.603167,11.0400,11.8000,10.9600,11.4300,11.0300,15278410,172448870.0000,3,3.173745,1,3.626478,0
2019-05-17,sh.603167,11.4200,11.8000,11.1600,11.4500,11.4300,17293188,197686270.0000,3,3.592270,1,0.174974,0
2019-05-20,sh.603167,11.4600,11.4600,10.9800,11.1500,11.4500,8631750,96055032.0000,3,1.793052,1,-2.620089,0
2019-05-21,sh.603167,11.2000,11.2000,10.9200,11.0300,11.1500,7954245,87848056.0000,3,1.652315,1,-1.076232,0
2019-05-22,sh.603167,11.0300,11.0300,10.7200,10.8000,11.0300,6587832,71317025.0000,3,1.429110,1,-2.085218,0
2019-05-23,sh.603167,10.7500,10.7500,10.1900,10.2000,10.8000,6924501,72354362.0000,3,1.502144,1,-5.555559,0
2019-05-24,sh.603167,10.2000,10.3000,10.1100,10.2000,10.2000,3134600,32005565.0000,3,0.679994,1,0.000000,0
2019-05-27,sh.603167,10.2000,10.4000,10.1500,10.3800,10.2000,3316080,34143573.0000,3,0.719363,1,1.764709,0
2019-05-28,sh.603167,10.3500,10.5400,10.3200,10.3700,10.3800,3767041,39382628.0000,3,0.817191,1,-0.096341,0
2019-05-29,sh.603167,10.3200,10.4000,10.2500,10.3300,10.3700,3300341,34023764.0000,3,0.715949,1,-0.385728,0
2019-05-30,sh.603167,10.3300,10.5400,10.1500,10.5100,10.3300,3979277,41392448.0000,3,0.863231,1,1.742501,0
2019-05-31,sh.603167,10.4500,10.5700,10.4000,10.4500,10.5100,2324975,24361333.0000,3,0.504361,1,-0.570889,0
2019-06-03,sh.603167,10.4000,10.5500,10.3700,10.4900,10.4500,2262515,23686244.0000,3,0.490811,1,0.382775,0
2019-06-04,sh.603167,10.4900,10.5000,10.2600,10.2700,10.4900,2088015,21686075.0000,3,0.452957,1,-2.097229,0
2019-06-05,sh.603167,10.4400,10.5400,10.2900,10.4600,10.2700,3186866,33202886.0000,3,0.691332,1,1.850044,0
2019-06-06,sh.603167,10.5000,10.5000,10.3100,10.4000,10.4600,1687234,17562668.0000,3,0.366015,1,-0.573618,0
2019-06-10,sh.603167,10.4000,10.5000,10.3500,10.4600,10.4000,1897884,19787331.0000,3,0.411711,1,0.576927,0
2019-06-11,sh.603167,10.4500,10.8000,10.4200,10.7900,10.4600,4250172,45104172.0000,3,0.921997,1,3.154875,0
2019-06-12,sh.603167,10.7900,10.8200,10.6800,10.7600,10.7900,4380285,47140551.0000,3,0.950223,1,-0.278033,0
2019-06-13,sh.603167,10.1600,10.1800,9.9800,10.0000,10.1600,4366071,43825317.0000,3,0.947139,1,-1.574802,0
2019-06-14,sh.603167,10.0200,10.0500,9.6500,9.6600,10.0000,3186300,31367644.0000,3,0.691209,1,-3.400002,0
2019-06-17,sh.603167,9.7400,9.7700,9.5800,9.6500,9.6600,1773151,17134382.0000,3,0.384653,1,-0.103522,0
2019-06-18,sh.603167,10.0100,10.4900,9.8700,10.2400,9.6500,13257335,134985509.0000,3,2.875936,1,6.113992,0
2019-06-19,sh.603167,10.2600,10.4200,10.1800,10.2500,10.2400,8947794,91967724.0000,3,1.941060,1,0.097658,0
2019-06-20,sh.603167,10.1900,10.2800,10.0200,10.2800,10.2500,5951846,60683128.0000,3,1.291144,1,0.292680,0
2019-06-21,sh.603167,10.2500,10.3700,10.1200,10.1700,10.2800,6520339,66753782.0000,3,1.414468,1,-1.070036,0
2019-06-24,sh.603167,10.1000,10.1800,10.0200,10.0700,10.1700,3273900,33001055.0000,3,0.710213,1,-0.983288,0
2019-06-25,sh.603167,10.0300,10.1500,10.0000,10.0800,10.0700,2937300,29554596.0000,3,0.637193,1,0.099307,0
2019-06-26,sh.603167,10.0800,10.0800,9.9400,9.9400,10.0800,2394065,23884562.0000,3,0.519349,1,-1.388892,0
2019-06-27,sh.603167,9.9600,10.0200,9.8500,9.9000,9.9400,3851297,38300929.0000,3,0.835468,1,-0.402414,0
2019-06-28,sh.603167,9.8800,9.9400,9.8000,9.8700,9.9000,2903900,28713897.0000,3,0.629948,1,-0.303028,0
2019-07-01,sh.603167,10.0000,10.0800,9.9900,10.0600,9.8700,4890002,49067368.0000,3,1.060796,1,1.925031,0
2019-07-02,sh.603167,10.0600,10.0600,9.9600,9.9900,10.0600,2962897,29620512.0000,3,0.642746,1,-0.695832,0
2019-07-03,sh.603167,9.9900,10.0000,9.9100,9.9400,9.9900,2035391,20241226.0000,3,0.441541,1,-0.500502,0
2019-07-04,sh.603167,9.9500,9.9800,9.8800,9.9000,9.9400,2402639,23829384.0000,3,0.521209,1,-0.402414,0
2019-07-05,sh.603167,9.9200,9.9700,9.8700,9.9700,9.9000,1907240,18953038.0000,3,0.413741,1,0.707077,0
2019-07-08,sh.603167,9.9900,9.9900,9.6600,9.6800,9.9700,3197482,31194007.0000,3,0.693635,1,-2.908726,0
2019-07-09,sh.603167,9.7000,9.7100,9.6300,9.6700,9.6800,1394300,13470035.0000,3,0.302468,1,-0.103308,0
2019-07-10,sh.603167,9.6800,9.7200,9.6300,9.6500,9.6700,996802,9652738.0000,3,0.216238,1,-0.206830,0
2019-07-11,sh.603167,9.6900,9.7200,9.6000,9.6200,9.6500,1201600,11607166.0000,3,0.260665,1,-0.310878,0
2019-07-12,sh.603167,9.6400,9.6700,9.6200,9.6700,9.6200,809097,7806076.0000,3,0.175519,1,0.519752,0
2019-07-15,sh.603167,9.6700,9.7100,9.5500,9.6900,9.6700,1433100,13823061.0000,3,0.310885,1,0.206820,0
2019-07-16,sh.603167,9.6400,9.7400,9.6300,9.6900,9.6900,1538760,14893789.0000,3,0.333806,1,0.000000,0
2019-07-17,sh.603167,9.6900,9.7000,9.6400,9.6900,9.6900,1179660,11416467.0000,3,0.255906,1,0.000000,0
2019-07-18,sh.603167,9.6800,9.6800,9.4800,9.4800,9.6900,2033600,19467825.0000,3,0.441152,1,-2.167183,0
2019-07-19,sh.603167,9.4900,9.6100,9.4900,9.5300,9.4800,1628900,15576048.0000,3,0.353360,1,0.527428,0
2019-07-22,sh.603167,9.5200,9.5600,9.2000,9.2400,9.5300,2843142,26484782.0000,3,0.616768,1,-3.043022,0
2019-07-23,sh.603167,9.3300,9.3300,9.1900,9.2400,9.2400,2046842,18894005.0000,3,0.444025,1,0.000000,0
2019-07-24,sh.603167,9.2600,9.3500,9.2600,9.2800,9.2400,2068210,19250079.0000,3,0.448660,1,0.432900,0
2019-07-25,sh.603167,9.3300,9.3300,9.2000,9.2800,9.2800,1962500,18180141.0000,3,0.425728,1,0.000000,0
2019-07-26,sh.603167,9.2600,9.3400,9.2300,9.3300,9.2800,1641600,15275235.0000,3,0.356100,1,0.538800,0
2019-07-29,sh.603167,9.3200,9.3600,9.2900,9.3300,9.3300,1079242,10065411.0000,3,0.234122,1,0.000000,0
2019-07-30,sh.603167,9.3500,9.4300,9.3100,9.4100,9.3300,1575655,14794227.0000,3,0.341800,1,0.857400,0
2019-07-31,sh.603167,9.4000,9.4300,9.3100,9.3100,9.4100,1653609,15488794.0000,3,0.358700,1,-1.062700,0
2019-08-01,sh.603167,9.3700,9.6300,9.3600,9.4700,9.3100,3665900,34894861.0000,3,0.795200,1,1.718600,0
2019-08-02,sh.603167,9.3200,9.3700,9.2700,9.3300,9.4700,2470891,23026917.0000,3,0.536000,1,-1.478400,0
2019-08-05,sh.603167,9.2900,9.3300,9.2000,9.2100,9.3300,1672400,15489940.0000,3,0.362800,1,-1.286200,0
2019-08-06,sh.603167,9.1000,9.1000,8.8500,8.9400,9.2100,3192713,28599094.0000,3,0.692600,1,-2.931600,0
2019-08-07,sh.603167,8.9400,9.0100,8.6800,8.7000,8.9400,3593510,31783305.0000,3,0.779500,1,-2.684600,0
2019-08-08,sh.603167,8.7200,8.8300,8.7100,8.7600,8.7000,1765943,15479230.0000,3,0.383100,1,0.689700,0
2019-08-09,sh.603167,8.7700,8.8200,8.5700,8.6300,8.7600,1880000,16353042.0000,3,0.407800,1,-1.484000,0
2019-08-12,sh.603167,8.6800,8.7300,8.6000,8.7200,8.6300,1023800,8884365.0000,3,0.222100,1,1.042900,0
2019-08-13,sh.603167,8.7200,8.7200,8.5700,8.6000,8.7200,1706500,14686346.0000,3,0.370200,1,-1.376100,0
2019-08-14,sh.603167,8.6800,8.7100,8.6300,8.6400,8.6000,1456493,12638984.0000,3,0.316000,1,0.465100,0
2019-08-15,sh.603167,8.5000,8.6600,8.4300,8.6300,8.6400,1347761,11510767.0000,3,0.292400,1,-0.115700,0
2019-08-16,sh.603167,8.6300,8.7800,8.6000,8.7400,8.6300,1625977,14155148.0000,3,0.352700,1,1.274600,0
2019-08-19,sh.603167,8.8100,9.1300,8.8100,9.0800,8.7400,3347594,30128354.0000,3,0.726200,1,3.890200,0
2019-08-20,sh.603167,9.0400,9.0700,8.9800,9.0000,9.0800,3163936,28534733.0000,3,0.686400,1,-0.881100,0
2019-08-21,sh.603167,8.9600,9.1700,8.9600,9.1100,9.0000,2849717,25958496.0000,3,0.618200,1,1.222200,0
2019-08-22,sh.603167,9.1000,9.1900,9.0900,9.1800,9.1100,2044250,18681043.0000,3,0.443500,1,0.768400,0
2019-08-23,sh.603167,9.1800,9.4100,9.1800,9.3400,9.1800,3523301,32911630.0000,3,0.764300,1,1.742900,0
2019-08-26,sh.603167,9.1500,9.2900,9.1500,9.1900,9.3400,2841498,26152028.0000,3,0.616400,1,-1.606000,0
2019-08-27,sh.603167,9.2800,9.3900,9.2200,9.2700,9.1900,2389600,22216338.0000,3,0.518400,1,0.870500,0
2019-08-28,sh.603167,9.2700,9.2800,9.1800,9.2100,9.2700,1742221,16058055.0000,3,0.377900,1,-0.647300,0
2019-08-29,sh.603167,9.2500,9.3200,9.1900,9.1900,9.2100,1390898,12846276.0000,3,0.301700,1,-0.217200,0
2019-08-30,sh.603167,9.2400,9.2400,9.0400,9.0500,9.1900,2659094,24313954.0000,3,0.576800,1,-1.523400,0
2019-09-02,sh.603167,9.1000,9.2800,9.0200,9.1900,9.0500,2375391,21854630.0000,3,0.515300,1,1.547000,0
2019-09-03,sh.603167,9.1900,9.3100,9.1700,9.2600,9.1900,1716251,15896946.0000,3,0.372300,1,0.761700,0
2019-09-04,sh.603167,9.3000,9.3300,9.2400,9.3300,9.2600,2221227,20623217.0000,3,0.481900,1,0.755900,0
2019-09-05,sh.603167,9.3500,9.4600,9.3500,9.3500,9.3300,2825700,26558335.0000,3,0.613000,1,0.214400,0
2019-09-06,sh.603167,9.3600,9.4200,9.2700,9.3400,9.3500,2427379,22669264.0000,3,0.526600,1,-0.107000,0
2019-09-09,sh.603167,9.4100,9.4400,9.3300,9.4200,9.3400,3280875,30805614.0000,3,0.711700,1,0.856500,0
2019-09-10,sh.603167,9.3800,9.4200,9.2000,9.3300,9.4200,2635600,24556319.0000,3,0.571700,1,-0.955400,0
2019-09-11,sh.603167,9.3600,9.3900,9.3100,9.3300,9.3300,2233900,20861964.0000,3,0.484600,1,0.000000,0
2019-09-12,sh.603167,9.3600,9.3800,9.3100,9.3500,9.3300,2239993,20911639.0000,3,0.485900,1,0.214400,0
2019-09-16,sh.603167,9.3600,9.4300,9.3500,9.4100,9.3500,2322231,21809102.0000,3,0.503800,1,0.641700,0
2019-09-17,sh.603167,9.3700,9.4200,9.2100,9.2800,9.4100,2668200,24783961.0000,3,0.578800,1,-1.381500,0
2019-09-18,sh.603167,9.2800,9.3100,9.2200,9.2500,9.2800,1646700,15238365.0000,3,0.357200,1,-0.323300,0
2019-09-19,sh.603167,9.2500,9.3300,9.2500,9.3000,9.2500,1628505,15114995.0000,3,0.353300,1,0.540500,0
2019-09-20,sh.603167,9.3000,9.4300,9.3000,9.4100,9.3000,3252211,30520668.0000,3,0.705500,1,1.182800,0
2019-09-23,sh.603167,9.4000,9.4200,9.1700,9.2800,9.4100,2691801,25012166.0000,3,0.583900,1,-1.381500,0
2019-09-24,sh.603167,9.2700,9.4000,9.2400,9.3500,9.2800,2975217,27748610.0000,3,0.645400,1,0.754300,0
2019-09-25,sh.603167,9.3700,9.3900,9.1900,9.2200,9.3500,1729602,15973005.0000,3,0.375200,1,-1.390400,0
2019-09-26,sh.603167,9.2400,9.2400,8.9800,9.0100,9.2200,2727833,24807861.0000,3,0.591800,1,-2.277700,0
2019-09-27,sh.603167,9.0000,9.0900,9.0000,9.0200,9.0100,1282366,11599397.0000,3,0.278200,1,0.111000,0
2019-09-30,sh.603167,9.0100,9.1000,9.0000,9.0000,9.0200,933900,8444292.0000,3,0.202600,1,-0.221700,0
2019-10-08,sh.603167,9.0000,9.0500,8.9200,8.9200,9.0000,1192300,10715183.0000,3,0.258600,1,-0.888900,0
2019-10-09,sh.603167,8.9000,8.9700,8.8400,8.9600,8.9200,1566606,13944095.0000,3,0.339800,1,0.448400,0
2019-10-10,sh.603167,8.9600,9.1800,8.9600,9.1500,8.9600,2088774,19028375.0000,3,0.453100,1,2.120500,0
2019-10-11,sh.603167,9.1800,9.2400,9.1200,9.2000,9.1500,1927605,17724273.0000,3,0.418200,1,0.546500,0
2019-10-14,sh.603167,9.2500,9.4400,9.2500,9.3300,9.2000,3530467,33064887.0000,3,0.765900,1,1.413000,0
2019-10-15,sh.603167,9.3700,9.3700,9.2700,9.3200,9.3300,1549106,14408570.0000,3,0.336100,1,-0.107200,0
2019-10-16,sh.603167,9.3200,9.3500,9.2600,9.2900,9.3200,1366600,12706050.0000,3,0.296500,1,-0.321900,0
2019-10-17,sh.603167,9.3000,9.3000,9.2200,9.2300,9.2900,926100,8569119.0000,3,0.200900,1,-0.645900,0
2019-10-18,sh.603167,9.2800,9.3500,9.1300,9.1600,9.2300,1768600,16332915.0000,3,0.383700,1,-0.758400,0
2019-10-21,sh.603167,9.0800,9.1600,9.0300,9.0700,9.1600,1574296,14271064.0000,3,0.341500,1,-0.982500,0
2019-10-22,sh.603167,9.0400,9.1200,9.0300,9.1100,9.0700,1244300,11286918.0000,3,0.269900,1,0.441000,0
2019-10-23,sh.603167,9.0900,9.1200,9.0400,9.0700,9.1100,1042505,9463063.0000,3,0.226200,1,-0.439100,0
2019-10-24,sh.603167,9.0500,9.1100,9.0300,9.1100,9.0700,1347805,12239390.0000,3,0.292400,1,0.441000,0
2019-10-25,sh.603167,9.0600,9.3500,9.0600,9.2900,9.1100,2371593,21884821.0000,3,0.514500,1,1.975900,0
2019-10-28,sh.603167,9.2900,9.3400,9.2500,9.3000,9.2900,2436530,22651232.0000,3,0.528600,1,0.107600,0
2019-10-29,sh.603167,9.3000,9.3000,9.2000,9.2200,9.3000,1545600,14287418.0000,3,0.335300,1,-0.860200,0
2019-10-30,sh.603167,9.1900,9.2400,9.1300,9.1900,9.2200,1780200,16355801.0000,3,0.386200,1,-0.325400,0
2019-10-31,sh.603167,9.1500,9.1900,9.0600,9.1100,9.1900,1702030,15533448.0000,3,0.369200,1,-0.870500,0
2019-11-01,sh.603167,9.1000,9.1900,9.0600,9.1500,9.1100,1204230,10992360.0000,3,0.261200,1,0.439100,0
2019-11-04,sh.603167,9.1800,9.2600,9.1600,9.2300,9.1500,1441842,13278449.0000,3,0.312800,1,0.874300,0
2019-11-05,sh.603167,9.2100,9.2900,9.1900,9.2900,9.2300,1739901,16083088.0000,3,0.377400,1,0.650100,0
2019-11-06,sh.603167,9.3100,9.3200,9.1200,9.1500,9.2900,1825401,16767560.0000,3,0.396000,1,-1.507000,0
2019-11-07,sh.603167,9.1500,9.1900,9.0800,9.1200,9.1500,1204749,10987560.0000,3,0.261300,1,-0.327900,0
2019-11-08,sh.603167,9.1700,9.1700,9.0800,9.1100,9.1200,1552900,14150137.0000,3,0.336900,1,-0.109700,0
2019-11-11,sh.603167,9.0900,9.0900,8.9300,8.9500,9.1100,2145200,19303917.0000,3,0.465400,1,-1.756300,0
2019-11-12,sh.603167,8.9500,9.0100,8.8900,9.0000,8.9500,1320982,11825807.0000,3,0.286600,1,0.558700,0
2019-11-13,sh.603167,9.0300,9.0300,8.8800,8.9200,9.0000,1019890,9114253.0000,3,0.221200,1,-0.888900,0
2019-11-14,sh.603167,8.9600,9.0000,8.8700,8.9300,8.9200,1163862,10394070.0000,3,0.252500,1,0.112100,0
2019-11-15,sh.603167,8.9800,9.0300,8.9100,8.9800,8.9300,1510800,13571312.0000,3,0.327700,1,0.559900,0
2019-11-18,sh.603167,9.0000,9.2700,8.9500,9.2700,8.9800,4050261,37125581.0000,3,0.878600,1,3.229400,0
2019-11-19,sh.603167,9.2000,9.3500,9.2000,9.3500,9.2700,3572190,33193031.0000,3,0.774900,1,0.863000,0
2019-11-20,sh.603167,9.3200,9.5700,9.2900,9.4200,9.3500,6956867,65781201.0000,3,1.509200,1,0.748700,0
2019-11-21,sh.603167,9.4000,9.6200,9.4000,9.5900,9.4200,7055849,66983012.0000,3,1.530600,1,1.804700,0
2019-11-22,sh.603167,9.5400,9.6400,9.4500,9.4800,9.5900,6063906,58016894.0000,3,1.315500,1,-1.147000,0
2019-11-25,sh.603167,9.4800,9.5900,9.4500,9.5800,9.4800,3717716,35380820.0000,3,0.806500,1,1.054900,0
2019-11-26,sh.603167,9.5800,9.6600,9.5400,9.5800,9.5800,2947600,28268151.0000,3,0.639400,1,0.000000,0
2019-11-27,sh.603167,9.5900,9.6600,9.5600,9.5900,9.5800,2782100,26726457.0000,3,0.603500,1,0.104400,0
2019-11-28,sh.603167,9.6500,9.6500,9.4700,9.5600,9.5900,2116960,20206968.0000,3,0.459200,1,-0.312800,0
2019-11-29,sh.603167,9.6000,9.6400,9.5000,9.5300,9.5600,1802011,17216929.0000,3,0.390900,1,-0.313800,0
2019-12-02,sh.603167,9.5700,9.6200,9.5200,9.6000,9.5300,2330911,22336408.0000,3,0.505600,1,0.734500,0
2019-12-03,sh.603167,9.5800,9.8300,9.5600,9.8300,9.6000,4975350,48373220.0000,3,1.079300,1,2.395800,0
2019-12-04,sh.603167,9.8300,9.8600,9.7500,9.7700,9.8300,2840035,27829792.0000,3,0.616100,1,-0.610400,0
2019-12-05,sh.603167,9.7700,9.8800,9.7300,9.8600,9.7700,2693031,26453758.0000,3,0.584200,1,0.921200,0
2019-12-06,sh.603167,9.8300,9.9700,9.8300,9.9500,9.8600,3407199,33725762.0000,3,0.739100,1,0.912800,0
2019-12-09,sh.603167,9.9700,10.3300,9.9300,10.1200,9.9500,8506315,86344868.0000,3,1.845300,1,1.708500,0
2019-12-10,sh.603167,10.1200,10.1300,9.9200,10.0100,10.1200,5164733,51624856.0000,3,1.120400,1,-1.087000,0
2019-12-11,sh.603167,9.9900,10.1100,9.9500,10.1000,10.0100,6879165,69061278.0000,3,1.492300,1,0.899100,0
2019-12-12,sh.603167,10.1000,10.3300,10.1000,10.3100,10.1000,9524019,97512232.0000,3,2.066100,1,2.079200,0
2019-12-13,sh.603167,10.3600,10.4600,10.2900,10.4200,10.3100,9244252,96196546.0000,3,2.005400,1,1.066900,0
2019-12-16,sh.603167,10.4300,10.6200,10.4300,10.5700,10.4200,10219831,108081914.0000,3,2.217000,1,1.439500,0
2019-12-17,sh.603167,10.6300,10.6800,10.4500,10.5600,10.5700,8287068,87223570.0000,3,1.797700,1,-0.094600,0
2019-12-18,sh.603167,10.5000,10.5900,10.4700,10.5700,10.5600,7888751,83145145.0000,3,1.711300,1,0.094700,0
2019-12-19,sh.603167,10.5500,10.7300,10.4800,10.6600,10.5700,8803677,93434960.0000,3,1.909800,1,0.851500,0
2019-12-20,sh.603167,10.6400,10.8000,10.5800,10.7600,10.6600,8889322,95421698.0000,3,1.928400,1,0.938100,0
2019-12-23,sh.603167,10.7600,10.8600,10.3500,10.4400,10.7600,11841837,125121918.0000,3,2.568900,1,-2.974000,0
2019-12-24,sh.603167,10.5200,10.5300,9.8300,10.2100,10.4400,16623719,167097019.0000,3,3.606200,1,-2.203100,0
2019-12-25,sh.603167,10.1500,10.2700,10.0100,10.1600,10.2100,9522619,96646678.0000,3,2.065800,1,-0.489700,0
2019-12-26,sh.603167,10.2000,10.2300,10.0700,10.1700,10.1600,3232961,32883853.0000,3,0.701300,1,0.098400,0
2019-12-27,sh.603167,10.1800,10.2200,10.1000,10.1100,10.1700,3531900,35907145.0000,3,0.766200,1,-0.590000,0
2019-12-30,sh.603167,10.1300,10.7500,10.0700,10.6000,10.1100,13921817,147313558.0000,3,3.020100,1,4.846700,0
2019-12-31,sh.603167,10.5900,10.9500,10.5200,10.7900,10.6000,14163130,152237192.0000,3,3.072400,1,1.792400,0
2020-01-02,sh.603167,10.8300,10.8900,10.7000,10.7500,10.7900,6345711,68524470.0000,3,1.376600,1,-0.370700,0
2020-01-03,sh.603167,10.8100,10.8200,10.6600,10.7400,10.7500,3698544,39642956.0000,3,0.802300,1,-0.093000,0
2020-01-06,sh.603167,10.8000,11.1200,10.6000,10.7700,10.7400,14343930,156489189.0000,3,3.111700,1,0.279300,0
2020-01-07,sh.603167,10.8600,10.8900,10.7500,10.8000,10.7700,4725467,51056921.0000,3,1.025100,1,0.278500,0
2020-01-08,sh.603167,10.7900,10.8800,10.7500,10.8100,10.8000,8218575,88611426.0000,3,1.782900,1,0.092600,0
2020-01-09,sh.603167,10.8100,11.0500,10.6200,10.7800,10.8100,8463761,90994898.0000,3,1.836100,1,-0.277500,0
2020-01-10,sh.603167,10.7800,10.8000,10.5500,10.6800,10.7800,5635687,59937767.0000,3,1.222600,1,-0.927600,0
2020-01-13,sh.603167,10.6300,10.6300,10.4800,10.6300,10.6800,3533982,37274142.0000,3,0.766600,1,-0.468200,0
2020-01-14,sh.603167,10.7900,10.8400,10.5400,10.6100,10.6300,5335911,56610179.0000,3,1.157500,1,-0.188200,0
2020-01-15,sh.603167,10.6200,10.6200,10.4700,10.6000,10.6100,2831663,29834746.0000,3,0.614300,1,-0.094200,0
2020-01-16,sh.603167,10.5700,10.6100,10.3700,10.3700,10.6000,3471968,36333529.0000,3,0.753200,1,-2.169800,0
2020-01-17,sh.603167,10.4600,10.5700,10.4000,10.4700,10.3700,4885300,51383205.0000,3,1.059800,1,0.964300,0
2020-01-20,sh.603167,10.5000,10.5300,10.4200,10.4900,10.4700,3207728,33570747.0000,3,0.695900,1,0.191000,0
2020-01-21,sh.603167,10.4700,10.4700,10.3100,10.4000,10.4900,2531359,26315846.0000,3,0.549100,1,-0.858000,0
2020-01-22,sh.603167,10.4000,10.4200,10.2800,10.4200,10.4000,2032100,21028406.0000,3,0.440800,1,0.192300,0
2020-01-23,sh.603167,10.3500,10.4600,10.0200,10.0900,10.4200,3582882,36701989.0000,3,0.777200,1,-3.167000,0
2020-02-03,sh.603167,9.0800,9.0800,9.0800,9.0800,10.0900,1020100,9262508.0000,3,0.221300,1,-10.009900,0
2020-02-04,sh.603167,8.1700,8.7900,8.1700,8.4400,9.0800,20617515,171253377.0000,3,4.472600,1,-7.048500,0
2020-02-05,sh.603167,8.1800,8.5900,8.1800,8.4100,8.4400,11687263,98491997.0000,3,2.535300,1,-0.355400,0
2020-02-06,sh.603167,8.3900,8.5400,8.2700,8.4500,8.4100,8034721,67503046.0000,3,1.743000,1,0.475600,0
2020-02-07,sh.603167,8.4600,8.6400,8.4000,8.6000,8.4500,6856807,58551204.0000,3,1.487500,1,1.775200,0
2020-02-10,sh.603167,8.5700,8.7600,8.3700,8.7500,8.6000,7878486,67590802.0000,3,1.709100,1,1.744200,0
2020-02-11,sh.603167,8.7600,8.8400,8.7000,8.7500,8.7500,6321241,55340538.0000,3,1.371300,1,0.000000,0
2020-02-12,sh.603167,8.7100,8.8200,8.6900,8.8000,8.7500,4243141,37177318.0000,3,0.920500,1,0.571400,0
2020-02-13,sh.603167,8.7900,8.8500,8.6200,8.6600,8.8000,4397779,38423774.0000,3,0.954000,1,-1.590900,0
2020-02-14,sh.603167,8.6300,8.7100,8.6200,8.6600,8.6600,2413300,20898082.0000,3,0.523500,1,0.000000,0
2020-02-17,sh.603167,8.6800,8.9800,8.6500,8.8800,8.6600,7509139,66367096.0000,3,1.629000,1,2.540400,0
2020-02-18,sh.603167,8.8800,8.9500,8.8300,8.8800,8.8800,6016452,53405383.0000,3,1.305200,1,0.000000,0
2020-02-19,sh.603167,8.8400,9.0200,8.8000,8.9700,8.8800,7224701,64347989.0000,3,1.567300,1,1.013500,0
2020-02-20,sh.603167,8.9300,9.1600,8.9100,9.1400,8.9700,8195841,74270017.0000,3,1.777900,1,1.895200,0
2020-02-21,sh.603167,9.1200,9.1600,9.0600,9.1000,9.1400,6149675,56008957.0000,3,1.334100,1,-0.437600,0
2020-02-24,sh.603167,9.0900,9.0900,8.8400,8.9000,9.1000,7216036,64353818.0000,3,1.565400,1,-2.197800,0
2020-02-25,sh.603167,8.7900,8.7900,8.5000,8.7200,8.9000,8468657,73391744.0000,3,1.837100,1,-2.022500,0
2020-02-26,sh.603167,8.6000,8.8200,8.5700,8.6800,8.7200,7033017,61404462.0000,3,1.525700,1,-0.458700,0
2020-02-27,sh.603167,8.7100,8.7600,8.6700,8.6800,8.6800,4795100,41745480.0000,3,1.040200,1,0.000000,0
2020-02-28,sh.603167,8.5100,8.5900,8.3200,8.3500,8.6800,6864775,57925077.0000,3,1.489200,1,-3.801800,0
2020-03-02,sh.603167,8.3700,8.5800,8.3600,8.5600,8.3500,4059989,34518019.0000,3,0.880700,1,2.515000,0
2020-03-03,sh.603167,8.6500,8.8900,8.5800,8.7000,8.5600,8358567,72845349.0000,3,1.813200,1,1.635500,0
2020-03-04,sh.603167,8.6200,8.7500,8.6100,8.7200,8.7000,4700809,40818424.0000,3,1.019800,1,0.229900,0
2020-03-05,sh.603167,8.7700,8.8900,8.7300,8.8900,8.7200,8512406,74941238.0000,3,1.846600,1,1.949500,0
2020-03-06,sh.603167,8.8000,8.8500,8.7400,8.8400,8.8900,5325601,46843496.0000,3,1.155300,1,-0.562400,0
2020-03-09,sh.603167,8.7700,9.0000,8.7500,8.8400,8.8400,9815100,86971853.0000,3,2.129200,1,0.000000,0
2020-03-10,sh.603167,8.7600,8.9000,8.6100,8.9000,8.8400,8120554,71206961.0000,3,1.761600,1,0.678700,0
2020-03-11,sh.603167,8.9300,9.2600,8.9200,9.0400,8.9000,12843058,117044914.0000,3,2.786100,1,1.573000,0
2020-03-12,sh.603167,8.9800,8.9800,8.7900,8.8000,9.0400,7629901,67585290.0000,3,1.655200,1,-2.654900,0
2020-03-13,sh.603167,8.3400,8.6900,8.2000,8.6200,8.8000,9462461,80620824.0000,3,2.052700,1,-2.045500,0
2020-03-16,sh.603167,8.6800,8.7100,8.2600,8.4500,8.6200,5346600,45624697.0000,3,1.159800,1,-1.972200,0
2020-03-17,sh.603167,8.4100,8.5000,8.2200,8.3500,8.4500,4476057,37384666.0000,3,0.971000,1,-1.183400,0
2020-03-18,sh.603167,8.4100,8.4700,8.2000,8.2000,8.3500,4726700,39599930.0000,3,1.025400,1,-1.796400,0
2020-03-19,sh.603167,8.2400,8.2400,7.9000,8.0300,8.2000,6014708,48357195.0000,3,1.304800,1,-2.073200,0
2020-03-20,sh.603167,8.1000,8.1100,7.9600,8.0500,8.0300,4146400,33278908.0000,3,0.899500,1,0.249100,0
2020-03-23,sh.603167,7.8500,7.9100,7.6100,7.6400,8.0500,6166997,47874257.0000,3,1.337800,1,-5.093200,0
2020-03-24,sh.603167,7.7800,7.8700,7.6400,7.7700,7.6400,3009802,23286524.0000,3,0.652900,1,1.701600,0
2020-03-25,sh.603167,7.9100,8.0300,7.8700,7.9900,7.7700,4250570,33785492.0000,3,0.922100,1,2.831400,0
2020-03-26,sh.603167,7.9800,8.0500,7.9300,7.9500,7.9900,3002601,23977054.0000,3,0.651400,1,-0.500600,0
2020-03-27,sh.603167,8.0400,8.0600,7.9200,7.9300,7.9500,3047300,24333092.0000,3,0.661100,1,-0.251600,0
2020-03-30,sh.603167,7.9200,7.9200,7.7500,7.8000,7.9300,2174298,16986994.0000,3,0.471700,1,-1.639300,0
2020-03-31,sh.603167,7.8600,7.9800,7.7800,7.8100,7.8000,3405757,26773062.0000,3,0.738800,1,0.128200,0
2020-04-01,sh.603167,7.8200,7.9200,7.7500,7.7500,7.8100,2398418,18752255.0000,3,0.520300,1,-0.768200,0
2020-04-02,sh.603167,7.7500,7.8800,7.7100,7.8700,7.7500,2214900,17294074.0000,3,0.480500,1,1.548400,0
2020-04-03,sh.603167,7.8500,7.8900,7.7600,7.8100,7.8700,2065997,16147926.0000,3,0.448200,1,-0.762400,0
2020-04-07,sh.603167,7.8800,8.0000,7.8800,7.9600,7.8100,4188350,33268060.0000,3,0.908600,1,1.920600,0
2020-04-08,sh.603167,7.9400,8.0100,7.9200,7.9800,7.9600,2433022,19398136.0000,3,0.527800,1,0.251300,0
2020-04-09,sh.603167,8.0000,8.0600,7.9800,8.0100,7.9800,2770419,22207665.0000,3,0.601000,1,0.375900,0
2020-04-10,sh.603167,8.0400,8.0400,7.8500,7.8900,8.0100,2762900,21877890.0000,3,0.599400,1,-1.498100,0
2020-04-13,sh.603167,7.8900,7.9300,7.8100,7.8200,7.8900,1813100,14215859.0000,3,0.393300,1,-0.887200,0
2020-04-14,sh.603167,7.8700,7.9000,7.7700,7.8900,7.8200,2231501,17496501.0000,3,0.484100,1,0.895100,0
2020-04-15,sh.603167,7.9000,7.9700,7.8600,7.9400,7.8900,3255399,25800641.0000,3,0.706200,1,0.633700,0
2020-04-16,sh.603167,7.9100,7.9100,7.8000,7.8500,7.9400,3612100,28335205.0000,3,0.783600,1,-1.133500,0
2020-04-17,sh.603167,7.8900,7.9200,7.8500,7.8700,7.8500,2783300,21944282.0000,3,0.603800,1,0.254800,0
2020-04-20,sh.603167,7.8500,7.8800,7.7900,7.8300,7.8700,2647197,20716089.0000,3,0.574300,1,-0.508300,0
2020-04-21,sh.603167,7.8500,7.9000,7.7500,7.7600,7.8300,3991300,31228954.0000,3,0.865800,1,-0.894000,0
2020-04-22,sh.603167,7.7600,7.7700,7.6600,7.7600,7.7600,4037340,31120238.0000,3,0.875800,1,0.000000,0
2020-04-23,sh.603167,7.6600,7.6600,7.5100,7.5500,7.7600,7465229,56536879.0000,3,1.619400,1,-2.706200,0
2020-04-24,sh.603167,7.5100,7.5100,7.1400,7.1800,7.5500,8190634,59703128.0000,3,1.776800,1,-4.900700,0
2020-04-27,sh.603167,7.1800,7.2000,7.0300,7.0800,7.1800,3845148,27306603.0000,3,0.834100,1,-1.392800,0
2020-04-28,sh.603167,7.0800,7.2000,7.0000,7.1100,7.0800,4501584,32059370.0000,3,0.976500,1,0.423700,0
2020-04-29,sh.603167,7.1400,7.6700,7.1100,7.5800,7.1100,13091829,98340829.0000,3,2.840000,1,6.610400,0
2020-04-30,sh.603167,7.7900,7.9400,7.6500,7.8900,7.5800,8509685,66568585.0000,3,1.846000,1,4.089700,0
2020-05-06,sh.603167,7.8500,8.1900,7.8000,8.1500,7.8900,9282731,75096862.0000,3,2.013700,1,3.295300,0
2020-05-07,sh.603167,8.1200,8.2100,8.0200,8.0400,8.1500,3733938,30288767.0000,3,0.810000,1,-1.349700,0
2020-05-08,sh.603167,8.2300,8.3300,8.0400,8.3000,8.0400,8580189,70575972.0000,3,1.861300,1,3.233800,0
2020-05-11,sh.603167,8.3300,8.6000,8.3300,8.5800,8.3000,8730551,74286018.0000,3,1.893900,1,3.373500,0
2020-05-12,sh.603167,8.5400,8.7000,8.3500,8.4600,8.5800,4612100,38993388.0000,3,1.000500,1,-1.398600,0
2020-05-13,sh.603167,8.4600,8.5500,8.4200,8.5300,8.4600,2637600,22375230.0000,3,0.572200,1,0.827400,0
2020-05-14,sh.603167,8.4500,8.5800,8.3000,8.3500,8.5300,3513121,29523185.0000,3,0.762100,1,-2.110200,0
2020-05-15,sh.603167,8.4000,8.4300,8.0800,8.1600,8.3500,5134515,42190013.0000,3,1.113800,1,-2.275500,0
2020-05-18,sh.603167,8.1900,8.1900,7.9700,7.9700,8.1600,2970443,23893975.0000,3,0.644400,1,-2.328400,0
2020-05-19,sh.603167,8.0300,8.1800,7.9500,8.0100,7.9700,3536340,28484756.0000,3,0.767100,1,0.501900,0
2020-05-20,sh.603167,7.9900,7.9900,7.8600,7.8900,8.0100,2608827,20627456.0000,3,0.565900,1,-1.498100,0
2020-05-21,sh.603167,7.9000,8.1700,7.8900,8.0200,7.8900,3831731,30899217.0000,3,0.831200,1,1.647700,0
2020-05-22,sh.603167,8.0900,8.1000,7.8700,8.0300,8.0200,2575299,20612787.0000,3,0.558700,1,0.124700,0
2020-05-25,sh.603167,7.9800,8.0500,7.7800,7.8300,8.0300,2236328,17603669.0000,3,0.485100,1,-2.490700,0
2020-05-26,sh.603167,7.8400,7.9900,7.8100,7.9000,7.8300,2865301,22610912.0000,3,0.621600,1,0.894000,0
2020-05-27,sh.603167,7.9600,7.9800,7.8200,7.9000,7.9000,2212956,17438547.0000,3,0.475200,1,0.000000,0
2020-05-28,sh.603167,7.8700,7.9000,7.6500,7.7200,7.9000,2529256,19633258.0000,3,0.543100,1,-2.278500,0
2020-05-29,sh.603167,7.6900,7.8000,7.6800,7.7900,7.7200,1902300,14740465.0000,3,0.408500,1,0.906700,0
2020-06-01,sh.603167,7.7700,8.3200,7.7200,8.1900,7.7900,5186944,42028291.0000,3,1.113800,1,5.134800,0
2020-06-02,sh.603167,8.2500,8.3300,8.1100,8.2600,8.1900,4479456,36848902.0000,3,0.961900,1,0.854700,0
2020-06-03,sh.603167,8.2400,8.3000,8.0700,8.0700,8.2600,3426889,28011875.0000,3,0.735800,1,-2.300200,0
2020-06-04,sh.603167,8.1500,8.1500,8.0300,8.0600,8.0700,1668800,13477541.0000,3,0.358300,1,-0.123900,0
2020-06-05,sh.603167,8.0800,8.1400,7.9900,8.0800,8.0600,2091401,16842921.0000,3,0.449100,1,0.248100,0
2020-06-08,sh.603167,8.1000,8.1700,8.0200,8.1100,8.0800,2020125,16340311.0000,3,0.433800,1,0.371300,0
2020-06-09,sh.603167,8.1100,8.1600,8.0000,8.0500,8.1100,2159200,17380533.0000,3,0.463600,1,-0.739800,0
2020-06-10,sh.603167,8.0700,8.0700,7.9700,7.9800,8.0500,1187800,9495075.0000,3,0.255100,1,-0.869600,0
2020-06-11,sh.603167,7.9700,7.9700,7.8500,7.8700,7.9800,1612500,12757191.0000,3,0.346200,1,-1.378400,0
2020-06-12,sh.603167,7.7500,8.1000,7.7000,8.0900,7.8700,3899633,30965064.0000,3,0.837400,1,2.795400,0
2020-06-15,sh.603167,7.9500,7.9900,7.7500,7.8300,8.0900,4251821,33466681.0000,3,0.913000,1,-3.213800,0
2020-06-16,sh.603167,7.8200,7.8700,7.7900,7.8500,7.8300,1818555,14229681.0000,3,0.390500,1,0.255400,0
2020-06-17,sh.603167,7.8100,7.8300,7.7200,7.7600,7.8500,2704587,21028436.0000,3,0.580700,1,-1.146500,0
2020-06-18,sh.603167,7.7500,7.8300,7.7300,7.7900,7.7600,1494033,11620852.0000,3,0.320800,1,0.386600,0
2020-06-19,sh.603167,7.7900,7.8500,7.7200,7.7300,7.7900,3593493,27875275.0000,3,0.771600,1,-0.770200,0
2020-06-22,sh.603167,7.7300,7.8000,7.7300,7.7400,7.7300,2000000,15507871.0000,3,0.429500,1,0.129400,0
2020-06-23,sh.603167,7.7400,7.8300,7.7200,7.8100,7.7400,1766855,13757545.0000,3,0.379400,1,0.904400,0
2020-06-24,sh.603167,7.8200,7.8900,7.7300,7.7700,7.8100,1664900,13000253.0000,3,0.357500,1,-0.512200,0
2020-06-29,sh.603167,7.7800,7.8000,7.7300,7.7600,7.7700,1441551,11199124.0000,3,0.309500,1,-0.128700,0
2020-06-30,sh.603167,7.8200,7.8700,7.7700,7.8400,7.7600,2302149,17980350.0000,3,0.494300,1,1.030900,0
2020-07-01,sh.603167,7.9500,7.9700,7.8300,7.9200,7.8400,2569641,20292324.0000,3,0.551800,1,1.020400,0
2020-07-02,sh.603167,7.9300,8.1600,7.9100,8.1000,7.9200,3752397,30108485.0000,3,0.805700,1,2.272700,0
2020-07-03,sh.603167,8.1900,8.3400,8.1100,8.1900,8.1000,6023164,49398353.0000,3,1.293300,1,1.111100,0
2020-07-06,sh.603167,8.2100,8.5100,8.2000,8.4900,8.1900,8124447,67992288.0000,3,1.744500,1,3.663000,0
2020-07-07,sh.603167,8.5300,8.6300,8.3800,8.4900,8.4900,8273863,70084706.0000,3,1.776600,1,0.000000,0
2020-07-08,sh.603167,8.0400,8.0700,7.8600,8.0400,8.0900,7441225,59279307.0000,3,1.597800,1,-0.618000,0
2020-07-09,sh.603167,8.0500,8.1700,8.0100,8.1600,8.0400,6145356,49738727.0000,3,1.319600,1,1.492500,0
2020-07-10,sh.603167,8.1600,8.3700,8.1000,8.1800,8.1600,6272302,51675734.0000,3,1.346800,1,0.245100,0
2020-07-13,sh.603167,8.3600,8.6200,8.2000,8.5300,8.1800,8893416,75004217.0000,3,1.909700,1,4.278700,0
2020-07-14,sh.603167,8.5300,8.5400,8.2200,8.3000,8.5300,6113002,50925044.0000,3,1.312600,1,-2.696400,0
2020-07-15,sh.603167,8.3500,8.3800,8.0700,8.1900,8.3000,4711646,38635490.0000,3,1.011700,1,-1.325300,0
2020-07-16,sh.603167,8.1700,8.2400,8.0000,8.0100,8.1900,4950349,40087020.0000,3,1.063000,1,-2.197800,0
2020-07-17,sh.603167,8.0300,8.0600,7.9000,7.9800,8.0100,3659160,29186557.0000,3,0.785700,1,-0.374500,0
2020-07-20,sh.603167,8.0000,8.2200,7.9700,8.1700,7.9800,5047527,40891051.0000,3,1.083800,1,2.381000,0
2020-07-21,sh.603167,8.1500,8.2800,8.1100,8.2200,8.1700,4212410,34459844.7000,3,0.904500,1,0.612000,0
2020-07-22,sh.603167,8.2200,8.3200,8.1300,8.2000,8.2200,4607818,37818267.9900,3,0.989400,1,-0.243300,0
2020-07-23,sh.603167,8.1800,8.2100,7.9500,8.1800,8.2000,4807756,38799217.0400,3,1.032400,1,-0.243900,0
2020-07-24,sh.603167,8.1200,8.1600,7.3600,7.7400,8.1800,5689904,44990624.9200,3,1.221800,1,-5.379000,0
2020-07-27,sh.603167,7.7400,7.8100,7.5700,7.6200,7.7400,3944477,30214090.5800,3,0.847000,1,-1.550400,0
2020-07-28,sh.603167,7.6600,7.9200,7.5600,7.8400,7.6200,7156031,55129292.6100,3,1.536600,1,2.887100,0
2020-07-29,sh.603167,7.7800,8.3700,7.7600,8.3300,7.8400,12529386,102760160.4900,3,2.690400,1,6.250000,0
2020-07-30,sh.603167,8.4700,8.8800,8.2700,8.6800,8.3300,17491612,151506462.8200,3,3.755900,1,4.201700,0
2020-07-31,sh.603167,8.6800,8.7500,8.4700,8.6100,8.6800,11717800,100881580.8000,3,2.516100,1,-0.806500,0
2020-08-03,sh.603167,8.7800,9.1200,8.7700,8.9600,8.6100,12290325,110028087.7000,3,2.639100,1,4.065000,0
2020-08-04,sh.603167,9.1000,9.4800,8.6800,9.2500,8.9600,21220287,192988079.9300,3,4.556600,1,3.236600,0
2020-08-05,sh.603167,9.2300,10.1100,9.2100,9.8800,9.2500,26828323,260603866.6800,3,5.760800,1,6.810800,0
2020-08-06,sh.603167,9.8800,10.4900,9.8800,10.1500,9.8800,25988991,265855564.5400,3,5.580500,1,2.732800,0
2020-08-07,sh.603167,10.0900,11.1700,9.3000,11.1700,10.1500,65584514,677316646.5100,3,14.082800,1,10.049300,0
2020-08-10,sh.603167,12.2900,12.2900,12.2900,12.2900,11.1700,3417855,42005437.9500,3,0.733900,1,10.026900,0
2020-08-11,sh.603167,12.9900,13.5200,12.7500,13.5200,12.2900,16753130,221536226.2100,3,3.597400,1,10.008100,0
2020-08-12,sh.603167,14.1100,14.8700,12.1700,13.2100,13.5200,64029660,851040532.5800,3,13.748900,1,-2.292900,0
2020-08-13,sh.603167,12.9500,14.5300,12.9500,14.5300,13.2100,77939059,1117025544.6300,3,16.735600,1,9.992400,0
2020-08-14,sh.603167,14.2000,14.3400,13.0800,13.0800,14.5300,49599844,655824676.9200,3,10.650400,1,-9.979400,0
2020-08-17,sh.603167,13.5500,14.3900,13.0000,14.3900,13.0800,33706544,469799226.9500,3,7.237700,1,10.015300,0
2020-08-18,sh.603167,15.1800,15.8300,15.1800,15.8300,14.3900,19870559,312209765.4900,3,4.266700,1,10.006900,0
2020-08-19,sh.603167,17.4000,17.4100,15.0000,17.0000,15.8300,62164533,1042785383.9400,3,13.348400,1,7.391000,0
2020-08-20,sh.603167,17.0000,18.7000,16.0300,16.0300,17.0000,76541691,1368915517.9100,3,16.435600,1,-5.705900,0
2020-08-21,sh.603167,16.0000,17.6300,16.0000,17.6300,16.0300,51510718,891323900.3900,3,11.060700,1,9.981300,0
2020-08-24,sh.603167,19.3900,19.3900,19.0100,19.3900,17.6300,17717071,343381282.4100,3,3.804300,1,9.983000,0
2020-08-25,sh.603167,20.8000,21.3300,19.4300,21.0000,19.3900,61250906,1278443833.5400,3,13.152200,1,8.303200,0
2020-08-26,sh.603167,20.9600,21.5800,18.9000,18.9000,21.0000,52326319,1040683699.3600,3,11.235900,1,-10.000000,0
2020-08-27,sh.603167,19.0900,19.2900,17.6400,18.4600,18.9000,39627933,724077929.9200,3,8.509200,1,-2.328000,0
2020-08-28,sh.603167,19.0000,19.3900,17.8000,19.3000,18.4600,35123342,658213277.7800,3,7.541900,1,4.550400,0
2020-08-31,sh.603167,19.0000,19.0500,17.3700,17.6000,19.3000,47659730,840531839.7700,3,10.233800,1,-8.808300,0
2020-09-01,sh.603167,17.2500,17.7500,16.2900,17.1500,17.6000,31317958,529907768.6800,3,6.724800,1,-2.556800,0
2020-09-02,sh.603167,17.2700,18.0500,16.7000,17.8400,17.1500,35068769,616474119.8800,3,7.530200,1,4.023300,0
2020-09-03,sh.603167,17.3000,17.3100,16.0600,16.0600,17.8400,27297911,454209427.2300,3,5.861600,1,-9.977600,0
2020-09-04,sh.603167,15.8000,15.8400,14.4500,14.5000,16.0600,53477665,792306326.8100,3,11.483100,1,-9.713600,0
2020-09-07,sh.603167,14.6000,14.6900,13.1900,13.3900,14.5000,42565533,593971560.9500,3,9.140000,1,-7.655200,0
2020-09-08,sh.603167,13.5900,13.6700,13.0600,13.2600,13.3900,28296309,377593500.8000,3,6.076000,1,-0.970900,0
2020-09-09,sh.603167,13.1000,13.2500,11.9800,12.1600,13.2600,47780150,596067649.7400,3,10.259700,1,-8.295600,0
2020-09-10,sh.603167,12.3200,12.4500,11.7000,11.8800,12.1600,28333900,342436988.0000,3,6.084100,1,-2.302600,0
2020-09-11,sh.603167,11.9500,12.0100,11.6500,11.9000,11.8800,24116633,285893731.1000,3,5.178500,1,0.168400,0
2020-09-14,sh.603167,11.9000,11.9700,11.5900,11.8600,11.9000,22593984,266342989.6600,3,4.851500,1,-0.336100,0
2020-09-15,sh.603167,11.8100,12.2600,11.6600,12.0800,11.8600,28686363,343479501.0600,3,6.159700,1,1.855000,0
2020-09-16,sh.603167,12.0700,12.2900,11.5500,11.6000,12.0800,29867633,354557200.3800,3,6.413400,1,-3.973500,0
2020-09-17,sh.603167,11.6000,11.6700,11.1900,11.4600,11.6000,24452485,279954809.2100,3,5.250600,1,-1.206900,0
2020-09-18,sh.603167,11.4900,12.1000,11.3200,11.7900,11.4600,33114362,389626360.0200,3,7.110600,1,2.879600,0
2020-09-21,sh.603167,11.7500,11.9200,11.5000,11.7600,11.7900,19018530,222448577.6700,3,4.083800,1,-0.254500,0
2020-09-22,sh.603167,11.6500,11.6900,11.3200,11.3200,11.7600,16412494,188627773.6700,3,3.524200,1,-3.741500,0
2020-09-23,sh.603167,11.4300,12.1000,11.2400,11.8500,11.3200,26791178,314316637.5700,3,5.752800,1,4.682000,0
2020-09-24,sh.603167,12.0300,12.1400,11.1100,11.3600,11.8500,27474370,315207139.4100,3,5.899500,1,-4.135000,0
2020-09-25,sh.603167,11.5500,12.2000,11.4000,11.4300,11.3600,29263436,343387126.5500,3,6.283700,1,0.616200,0
2020-09-28,sh.603167,11.3900,11.5700,10.8000,11.0900,11.4300,24289851,270272103.9500,3,5.215700,1,-2.974600,0
2020-09-29,sh.603167,11.0800,11.1400,10.8500,11.0900,11.0900,15291531,168197402.4300,3,3.283500,1,0.000000,0
2020-09-30,sh.603167,11.1500,11.2000,10.6900,10.7600,11.0900,15135512,164518875.5300,3,3.250000,1,-2.975700,0
2020-10-09,sh.603167,10.9000,11.3600,10.8600,11.1500,10.7600,20045549,223510163.9900,3,4.304300,1,3.624500,0
2020-10-12,sh.603167,11.3100,11.6100,11.1100,11.4500,11.1500,21196162,241517646.6600,3,4.551400,1,2.690600,0
2020-10-13,sh.603167,11.5500,11.6000,11.3300,11.5000,11.4500,13210797,151428544.6400,3,2.836700,1,0.436700,0
2020-10-14,sh.603167,11.5000,11.8100,11.2000,11.2200,11.5000,26373850,303056461.1600,3,5.663200,1,-2.434800,0
2020-10-15,sh.603167,11.2100,11.2200,10.7300,10.8000,11.2200,23003394,251420932.7700,3,4.939500,1,-3.743300,0
2020-10-16,sh.603167,10.7500,10.8300,10.4700,10.6100,10.8000,17875057,189623788.9900,3,3.838300,1,-1.759300,0
2020-10-19,sh.603167,10.6100,10.7700,10.2900,10.3800,10.6100,16007497,168736024.3000,3,3.437200,1,-2.167800,0
2020-10-20,sh.603167,10.3900,10.5500,10.2500,10.5000,10.3800,10678700,111330956.0000,3,2.293000,1,1.156100,0
2020-10-21,sh.603167,10.5200,10.5500,10.1800,10.2100,10.5000,10771348,111058195.2800,3,2.312900,1,-2.761900,0
2020-10-22,sh.603167,10.2700,10.4300,10.1100,10.3300,10.2100,9468814,97228642.9400,3,2.033200,1,1.175300,0
2020-10-23,sh.603167,10.3300,10.4000,9.9800,10.0500,10.3300,12722981,129201992.0800,3,2.732000,1,-2.710600,0
2020-10-26,sh.603167,10.1000,10.1400,9.7500,9.8900,10.0500,12555382,124710361.0900,3,2.696000,1,-1.592000,0
2020-10-27,sh.603167,9.8900,10.0700,9.7000,9.8800,9.8900,10350531,102280690.4000,3,2.222500,1,-0.101100,0
2020-10-28,sh.603167,9.8400,9.9100,9.6300,9.8600,9.8800,8751450,85637180.0000,3,1.879200,1,-0.202400,0
2020-10-29,sh.603167,9.7000,9.8800,9.6500,9.7600,9.8600,7135601,69647189.7700,3,1.532200,1,-1.014200,0
2020-10-30,sh.603167,9.7800,9.8200,9.3100,9.3500,9.7600,15859500,150733826.9200,3,3.405500,1,-4.200800,0
2020-11-02,sh.603167,9.3600,9.5200,9.2400,9.4900,9.3500,12038588,113292490.9600,3,2.585000,1,1.497300,0
2020-11-03,sh.603167,9.5400,9.8800,9.5000,9.7300,9.4900,10726478,104283786.4600,3,2.303300,1,2.529000,0
2020-11-04,sh.603167,9.7700,9.8000,9.5700,9.6600,9.7300,7376871,71212565.7300,3,1.584000,1,-0.719400,0
2020-11-05,sh.603167,9.8000,9.9600,9.7100,9.8200,9.6600,13022502,127833336.6200,3,2.796300,1,1.656300,0
2020-11-06,sh.603167,9.8400,10.0700,9.5000,9.6200,9.8200,16581491,162036265.8800,3,3.560500,1,-2.036700,0
2020-11-09,sh.603167,9.6300,10.2800,9.5400,10.1100,9.6200,22212127,222614899.2500,3,4.769500,1,5.093600,0
2020-11-10,sh.603167,10.5000,10.5600,9.7600,9.7700,10.1100,30577381,310947134.0900,3,6.565800,1,-3.363000,0
2020-11-11,sh.603167,9.6800,9.7000,9.1100,9.1500,9.7700,24723176,231353368.4200,3,5.308700,1,-6.346000,0
2020-11-12,sh.603167,9.2100,10.0700,9.1300,10.0700,9.1500,25761741,247493276.1900,3,5.531700,1,10.054600,0
2020-11-13,sh.603167,10.3500,10.8800,10.2000,10.3900,10.0700,58501999,613107509.2400,3,12.562000,1,3.177800,0
2020-11-16,sh.603167,11.4300,11.4300,11.2800,11.4300,10.3900,22798351,260510007.9300,3,4.895400,1,10.009600,0
2020-11-17,sh.603167,11.4000,12.5700,10.9900,11.9800,11.4300,99455216,1193347883.0000,3,21.355700,1,4.811900,0
2020-11-18,sh.603167,11.7000,12.0300,11.1300,11.2600,11.9800,68750758,791333990.6700,3,14.762700,1,-6.010000,0
2020-11-19,sh.603167,10.8700,10.8800,10.2900,10.3400,11.2600,52044314,546829604.9700,3,11.175300,1,-8.170500,0
2020-11-20,sh.603167,9.8500,10.5800,9.8000,10.3700,10.3400,46811285,474439130.3800,3,10.051700,1,0.290100,0
2020-11-23,sh.603167,10.3000,10.4900,10.1100,10.1500,10.3700,32130253,328957043.4200,3,6.899200,1,-2.121500,0
2020-11-24,sh.603167,10.1100,10.2300,9.9800,9.9900,10.1500,23134991,233016137.4900,3,4.967700,1,-1.576400,0
2020-11-25,sh.603167,10.1200,10.1400,9.8000,9.8000,9.9900,19224018,190811920.9200,3,4.127900,1,-1.901900,0
2020-11-26,sh.603167,9.7000,9.7600,9.5200,9.5800,9.8000,17855206,171724234.1200,3,3.834000,1,-2.244900,0
2020-11-27,sh.603167,9.5900,9.6000,9.2300,9.4200,9.5800,18478626,173701149.4700,3,3.967900,1,-1.670100,0
2020-11-30,sh.603167,9.4200,9.5700,9.3400,9.3400,9.4200,13966525,131691984.2500,3,2.999000,1,-0.849300,0
2020-12-01,sh.603167,9.3200,9.5700,9.2400,9.4800,9.3400,18210468,171374592.2100,3,3.910300,1,1.498900,0
2020-12-02,sh.603167,9.4500,9.6200,9.3600,9.4000,9.4800,14645545,138460148.1000,3,3.144800,1,-0.843900,0
2020-12-03,sh.603167,9.3700,9.3800,9.2500,9.2800,9.4000,11163200,103857390.7000,3,2.397000,1,-1.276600,0
2020-12-04,sh.603167,9.2600,9.7900,9.2400,9.5500,9.2800,23438987,223758166.1500,3,5.033000,1,2.909500,0
2020-12-07,sh.603167,9.5100,9.5400,9.3500,9.3500,9.5500,11847118,111502638.2000,3,2.543900,1,-2.094200,0
2020-12-08,sh.603167,9.3200,9.4600,9.2200,9.3400,9.3500,9439721,88067803.7000,3,2.027000,1,-0.107000,0
2020-12-09,sh.603167,9.3500,9.4100,9.1700,9.1800,9.3400,8893621,82333034.2900,3,1.909700,1,-1.713100,0
2020-12-10,sh.603167,9.2000,9.2000,8.9300,8.9300,9.1800,13144867,118763924.1500,3,2.822600,1,-2.723300,0
2020-12-11,sh.603167,8.8900,8.9400,8.3800,8.6600,8.9300,18935789,162839483.9700,3,4.066000,1,-3.023500,0
2020-12-14,sh.603167,8.5700,8.8200,8.4900,8.6700,8.6600,9281186,80321710.7400,3,1.992900,1,0.115500,0
2020-12-15,sh.603167,8.6500,8.8400,8.6100,8.7000,8.6700,6930602,60369744.6900,3,1.488200,1,0.346000,0
2020-12-16,sh.603167,8.7100,8.7900,8.5400,8.6000,8.7000,7653125,66298889.7500,3,1.643300,1,-1.149400,0
2020-12-17,sh.603167,8.6600,8.8800,8.5600,8.7500,8.6000,11891782,104317098.1400,3,2.553500,1,1.744200,0
2020-12-18,sh.603167,8.7000,8.7500,8.5700,8.5700,8.7500,8772486,75925404.9800,3,1.883700,1,-2.057100,0
2020-12-21,sh.603167,8.5300,8.6400,8.4800,8.5500,8.5700,6531553,55906152.8000,3,1.402500,1,-0.233400,0
2020-12-22,sh.603167,8.5100,8.7700,8.3600,8.5400,8.5500,12964727,111091058.1800,3,2.783900,1,-0.117000,0
2020-12-23,sh.603167,8.5100,8.8900,8.4600,8.7700,8.5400,13350116,115674674.9900,3,2.866600,1,2.693200,0
2020-12-24,sh.603167,8.7100,9.0100,8.6700,8.8700,8.7700,17775086,158214129.8900,3,3.816800,1,1.140300,0
2020-12-25,sh.603167,8.8100,9.2300,8.7500,9.1300,8.8700,17346474,157011075.2900,3,3.724800,1,2.931200,0
2020-12-28,sh.603167,9.1500,9.1500,8.6500,8.7400,9.1300,15141007,134276519.3000,3,3.251200,1,-4.271600,0
2020-12-29,sh.603167,8.6800,9.1700,8.5300,8.9100,8.7400,13739141,121435282.4700,3,2.950200,1,1.945100,0
2020-12-30,sh.603167,8.8600,9.1600,8.8000,8.8000,8.9100,10489200,93591595.0000,3,2.252300,1,-1.234600,0
2020-12-31,sh.603167,8.8800,9.0700,8.7300,8.8000,8.8000,10083598,89169320.4200,3,2.165200,1,0.000000,0
2021-01-04,sh.603167,8.7800,8.8400,8.6100,8.6300,8.8000,12888347,111886481.0900,3,2.767500,1,-1.931800,0
2021-01-05,sh.603167,8.5500,8.6900,8.4800,8.5500,8.6300,10243765,87717412.4200,3,2.199600,1,-0.927000,0
2021-01-06,sh.603167,8.4600,8.4800,8.1000,8.1400,8.5500,14725677,121717230.7500,3,3.162000,1,-4.795300,0
2021-01-07,sh.603167,8.0900,8.3500,8.0000,8.0200,8.1400,10933382,88965049.2600,3,2.347700,1,-1.474200,0
2021-01-08,sh.603167,7.9500,8.0600,7.6700,7.9500,8.0200,9327552,73657602.0300,3,2.002900,1,-0.872800,0
2021-01-11,sh.603167,7.9400,7.9400,7.6300,7.6600,7.9500,9555424,74226958.6900,3,2.051800,1,-3.647800,0
2021-01-12,sh.603167,7.6600,8.4300,7.6300,8.4300,7.6600,10413901,83943982.9600,3,2.236100,1,10.052200,0
2021-01-13,sh.603167,8.5000,8.6700,8.2800,8.3600,8.4300,17496193,148248081.0900,3,3.756900,1,-0.830400,0
2021-01-14,sh.603167,8.1200,8.2200,7.9800,8.0700,8.3600,9702472,78469704.0500,3,2.083400,1,-3.468900,0
2021-01-15,sh.603167,8.0700,8.8800,7.9800,8.8800,8.0700,30006300,261819735.7700,3,6.443200,1,10.037200,0
2021-01-18,sh.603167,8.8500,9.7400,8.7300,9.2500,8.8800,40219855,364588408.2400,3,8.636300,1,4.166700,0
2021-01-19,sh.603167,8.9600,9.0300,8.7500,8.8100,9.2500,21566219,191227624.9700,3,4.630900,1,-4.756800,0
2021-01-20,sh.603167,8.7700,8.9700,8.6700,8.8300,8.8100,10978069,96783217.5300,3,2.357300,1,0.227000,0
2021-01-21,sh.603167,8.8300,8.8700,8.6700,8.6900,8.8300,10358605,90768847.4000,3,2.224300,1,-1.585500,0
2021-01-22,sh.603167,8.6200,9.0800,8.4200,8.8800,8.6900,19333188,169566359.6700,3,4.151400,1,2.186400,0
2021-01-25,sh.603167,8.7500,8.7800,8.0300,8.0600,8.8800,19437224,161036977.4600,3,4.173700,1,-9.234200,0
2021-01-26,sh.603167,8.0000,8.8700,7.9700,8.8700,8.0600,12245340,107400264.8000,3,2.629400,1,10.049600,0
2021-01-27,sh.603167,9.0000,9.1000,8.5600,8.7100,8.8700,23164621,203817942.0000,3,4.974100,1,-1.803800,0
2021-01-28,sh.603167,8.6800,8.7500,8.2600,8.4000,8.7100,15225966,128000455.8200,3,3.269400,1,-3.559100,0
2021-01-29,sh.603167,8.4000,8.5000,8.2000,8.4500,8.4000,11863575,99110154.8200,3,2.547400,1,0.595200,0
2021-02-01,sh.603167,8.3400,8.3900,8.0500,8.1600,8.4500,8909958,73109265.0700,3,1.913200,1,-3.432000,0
2021-02-02,sh.603167,8.1700,8.9800,8.0500,8.5500,8.1600,22839529,199507379.4100,3,4.904300,1,4.779400,0
2021-02-03,sh.603167,8.3600,8.4000,8.1900,8.2400,8.5500,14066629,116457826.9300,3,3.020500,1,-3.625700,0
2021-02-04,sh.603167,8.2500,8.5300,8.0800,8.2000,8.2400,9687794,80085606.8400,3,2.080200,1,-0.485400,0
2021-02-05,sh.603167,8.1600,8.4600,8.1600,8.2900,8.2000,8216375,67864896.0200,3,1.764300,1,1.097600,0
2021-02-08,sh.603167,8.2600,8.6000,8.2600,8.3900,8.2900,6937908,58309859.3600,3,1.489800,1,1.206300,0
2021-02-09,sh.603167,8.3300,8.4200,8.2100,8.3600,8.3900,8625800,71802696.0000,3,1.852200,1,-0.357600,0
2021-02-10,sh.603167,8.3700,8.5400,8.2900,8.3400,8.3600,7820504,65811464.6000,3,1.679300,1,-0.239200,0
2021-02-18,sh.603167,8.4300,8.6900,8.4300,8.6300,8.3400,13165944,113192677.5000,3,2.827100,1,3.477200,0
2021-02-19,sh.603167,8.6600,9.0000,8.6300,8.8700,8.6300,13351717,117499740.1100,3,2.867000,1,2.781000,0
2021-02-22,sh.603167,8.8800,9.1800,8.8500,8.9800,8.8700,17271134,155782541.8500,3,3.708600,1,1.240100,0
2021-02-23,sh.603167,8.8700,9.1000,8.7500,8.7900,8.9800,12323062,109553037.8000,3,2.646100,1,-2.115800,0
2021-02-24,sh.603167,8.8500,9.0800,8.8100,8.8600,8.7900,11431400,102227435.0000,3,2.454600,1,0.796400,0
2021-02-25,sh.603167,9.0100,9.1200,8.7900,8.8000,8.8600,10208628,91127828.1200,3,2.192100,1,-0.677200,0
2021-02-26,sh.603167,8.6600,8.7800,8.5900,8.6700,8.8000,9510200,82462938.0000,3,2.042100,1,-1.477300,0
2021-03-01,sh.603167,8.7100,8.9600,8.6800,8.8800,8.6700,7972509,70447625.5800,3,1.711900,1,2.422100,0
2021-03-02,sh.603167,8.9400,8.9600,8.6500,8.7200,8.8800,9033263,79118189.5500,3,1.939700,1,-1.801800,0
2021-03-03,sh.603167,8.6500,8.8600,8.6300,8.8400,8.7200,7627031,66849985.5800,3,1.637700,1,1.376100,0
2021-03-04,sh.603167,8.7900,8.9100,8.7500,8.7500,8.8400,6946190,61345937.8600,3,1.491500,1,-1.018100,0
2021-03-05,sh.603167,8.7700,9.0200,8.7400,8.9700,8.7500,11328972,101127482.0600,3,2.432600,1,2.514300,0
2021-03-08,sh.603167,9.0200,9.1300,8.8800,8.9000,8.9700,10495843,94400750.8900,3,2.253700,1,-0.780400,0
2021-03-09,sh.603167,8.9700,9.7900,8.9300,9.5800,8.9000,51965990,495403013.2300,3,11.158500,1,7.640400,0
2021-03-10,sh.603167,9.3500,9.3500,8.8700,8.9000,9.5800,39310195,357680149.2800,3,8.441000,1,-7.098100,0
2021-03-11,sh.603167,8.8000,8.8800,8.4700,8.8200,8.9000,23481796,204312150.7100,3,5.042200,1,-0.898900,0
2021-03-12,sh.603167,8.8000,8.8700,8.5100,8.5700,8.8200,16610000,144071292.0000,3,3.566600,1,-2.834500,0
2021-03-15,sh.603167,8.5300,8.9200,8.5300,8.7700,8.5700,14326216,125184752.7300,3,3.076200,1,2.333700,0
2021-03-16,sh.603167,8.7300,8.8700,8.6900,8.8000,8.7700,11444624,100609066.4000,3,2.457500,1,0.342100,0
2021-03-17,sh.603167,8.8500,9.3300,8.8300,9.1300,8.8000,24242445,220628269.0800,3,5.205500,1,3.750000,0
2021-03-18,sh.603167,9.1700,9.2500,9.0000,9.0600,9.1300,15179713,138184380.1800,3,3.259500,1,-0.766700,0
2021-03-19,sh.603167,9.0300,9.2000,8.9700,9.0300,9.0600,11910941,108072947.4600,3,2.557600,1,-0.331100,0
2021-03-22,sh.603167,9.0600,9.2200,9.0300,9.1800,9.0300,12928900,117809390.0000,3,2.776200,1,1.661100,0
2021-03-23,sh.603167,9.3000,9.3800,8.8400,8.8800,9.1800,16042529,144713116.3500,3,3.444800,1,-3.268000,0
2021-03-24,sh.603167,8.8100,8.8900,8.7000,8.8400,8.8800,9338000,81900778.2300,3,2.005100,1,-0.450500,0
2021-03-25,sh.603167,8.8000,9.0900,8.7500,8.8100,8.8400,11221265,100268712.1800,3,2.409500,1,-0.339400,0
2021-03-26,sh.603167,8.8200,8.9200,8.7800,8.8600,8.8100,7267663,64365695.8700,3,1.560600,1,0.567500,0
2021-03-29,sh.603167,8.9200,8.9600,8.7000,8.7400,8.8600,8051794,70842607.5900,3,1.728900,1,-1.354400,0
2021-03-30,sh.603167,8.7100,8.7600,8.5200,8.5600,8.7400,8140200,70122717.0000,3,1.747900,1,-2.059500,0
2021-03-31,sh.603167,8.5700,8.7200,8.5200,8.6700,8.5600,5230300,45246275.0000,3,1.123100,1,1.285000,0
2021-04-01,sh.603167,8.6700,8.6900,8.5500,8.5900,8.6700,4908999,42180896.4400,3,1.054100,1,-0.922700,0
2021-04-02,sh.603167,8.6300,8.6300,8.5400,8.5900,8.5900,4263863,36557350.6400,3,0.915600,1,0.000000,0
2021-04-06,sh.603167,8.6400,8.7800,8.6200,8.7000,8.5900,4839592,42187244.4200,3,1.039200,1,1.280600,0
2021-04-07,sh.603167,8.9800,9.3000,8.8500,8.8600,8.7000,18115837,163473053.0500,3,3.890000,1,1.839100,0
2021-04-08,sh.603167,8.8000,8.9400,8.7100,8.7500,8.8600,11310600,99412528.0000,3,2.428700,1,-1.241500,0
2021-04-09,sh.603167,8.6900,8.9400,8.6500,8.7500,8.7500,7582198,66759429.2200,3,1.628100,1,0.000000,0
2021-04-12,sh.603167,8.7300,8.7300,8.5200,8.5300,8.7500,9044580,77879731.4000,3,1.942100,1,-2.514300,0
2021-04-13,sh.603167,8.5100,8.5100,8.3100,8.3900,8.5300,6863035,57627984.4700,3,1.473700,1,-1.641300,0
2021-04-14,sh.603167,8.4000,8.4800,8.3500,8.4700,8.3900,3624833,30574953.8900,3,0.778300,1,0.953500,0
2021-04-15,sh.603167,8.4700,8.5200,8.4000,8.4700,8.4700,3772700,31880548.3500,3,0.810100,1,0.000000,0
2021-04-16,sh.603167,8.4600,8.5400,8.4500,8.5300,8.4700,3984970,33885516.4000,3,0.855700,1,0.708400,0
2021-04-19,sh.603167,8.5300,8.6600,8.5000,8.6200,8.5300,5346676,45915250.3200,3,1.148100,1,1.055100,0
2021-04-20,sh.603167,8.5800,8.6500,8.4000,8.4000,8.6200,8969131,76337395.3900,3,1.925900,1,-2.552200,0
2021-04-21,sh.603167,8.2300,8.3500,8.1700,8.2600,8.4000,7437901,61473734.6300,3,1.597100,1,-1.666700,0
2021-04-22,sh.603167,8.2700,8.3800,8.2600,8.2800,8.2600,4251650,35302720.5500,3,0.912900,1,0.242100,0
2021-04-23,sh.603167,8.2900,8.3700,8.2400,8.3500,8.2800,4836831,40194218.2400,3,1.038600,1,0.845400,0
2021-04-26,sh.603167,8.3600,8.4300,8.1500,8.1800,8.3500,7971742,65908020.1900,3,1.711700,1,-2.035900,0
2021-04-27,sh.603167,8.2000,8.2400,8.0500,8.2200,8.1800,5043647,40998304.0100,3,1.083000,1,0.489000,0
2021-04-28,sh.603167,8.2100,8.2400,8.1300,8.2100,8.2200,3075004,25200111.0200,3,0.660300,1,-0.121700,0
2021-04-29,sh.603167,8.2200,8.3200,8.1600,8.2200,8.2100,3557300,29304581.0000,3,0.763800,1,0.121800,0
2021-04-30,sh.603167,8.2500,8.2700,8.0900,8.1200,8.2200,3917838,31900931.1900,3,0.841300,1,-1.216500,0
2021-05-06,sh.603167,8.1200,8.2700,8.1000,8.1400,8.1200,3844500,31444453.0000,3,0.825500,1,0.246300,0
2021-05-07,sh.603167,8.1800,8.2300,8.1200,8.1600,8.1400,4145720,33927121.5000,3,0.890200,1,0.245700,0
2021-05-10,sh.603167,8.1800,8.2100,8.1000,8.1800,8.1600,3468521,28303816.2200,3,0.744800,1,0.245100,0
2021-05-11,sh.603167,8.1400,8.1800,8.0300,8.1600,8.1800,4866476,39469058.8000,3,1.045000,1,-0.244500,0
2021-05-12,sh.603167,8.1300,8.2700,8.1000,8.2300,8.1600,3883009,31848887.0300,3,0.833800,1,0.857800,0
2021-05-13,sh.603167,8.1700,8.2600,8.1300,8.1500,8.2300,3761704,30769213.5300,3,0.807700,1,-0.972100,0
2021-05-14,sh.603167,8.2000,8.2500,8.1500,8.2200,8.1500,4764373,39085085.5300,3,1.023000,1,0.858900,0
2021-05-17,sh.603167,8.2000,8.2200,8.1000,8.1200,8.2200,4565082,37178529.0500,3,0.980200,1,-1.216500,0
2021-05-18,sh.603167,8.1300,8.1400,8.0700,8.0900,8.1200,3714096,30070277.6400,3,0.797500,1,-0.369500,0
2021-05-19,sh.603167,8.0700,8.1300,8.0300,8.0700,8.0900,3803080,30732871.6000,3,0.816600,1,-0.247200,0
2021-05-20,sh.603167,8.0800,8.0900,8.0200,8.0200,8.0700,3700561,29749980.6600,3,0.794600,1,-0.619600,0
2021-05-21,sh.603167,8.0400,8.3700,8.0100,8.2300,8.0200,8957280,73278154.4800,3,1.923400,1,2.618500,0
2021-05-24,sh.603167,8.1900,8.2100,8.1000,8.1400,8.2300,4947080,40216274.8000,3,1.062300,1,-1.093600,0
2021-05-25,sh.603167,8.1300,8.2100,8.0800,8.1800,8.1400,4427480,36121745.4000,3,0.943700,1,0.491400,0
2021-05-26,sh.603167,8.1800,8.3100,8.1600,8.2200,8.1800,5196300,42856839.0000,3,1.107600,1,0.489000,0
2021-05-27,sh.603167,8.2100,8.3200,8.1900,8.2800,8.2200,4379300,36263293.9400,3,0.933500,1,0.729900,0
2021-05-28,sh.603167,8.2600,8.3100,8.2100,8.2600,8.2800,3898800,32143028.0000,3,0.831000,1,-0.241500,0
2021-05-31,sh.603167,8.2100,8.2500,8.1800,8.2300,8.2600,3515697,28888696.3100,3,0.749400,1,-0.363200,0
2021-06-01,sh.603167,8.2300,9.0500,8.2200,8.8400,8.2300,43719949,386894411.6500,3,9.319100,1,7.411900,0
2021-06-02,sh.603167,8.5700,8.5900,8.4100,8.4500,8.8400,23230906,197609863.3300,3,4.951800,1,-4.411800,0
2021-06-03,sh.603167,8.5000,8.5000,8.3800,8.3900,8.4500,8666900,73124633.0000,3,1.847400,1,-0.710100,0
2021-06-04,sh.603167,8.3300,8.4400,8.3100,8.3200,8.3900,9015709,75315578.9700,3,1.921700,1,-0.834300,0
2021-06-07,sh.603167,8.3300,8.4700,8.2700,8.3800,8.3200,6549200,54889725.0000,3,1.396000,1,0.721200,0
2021-06-08,sh.603167,8.4900,8.5200,8.3800,8.3900,8.3800,6606219,55726124.2200,3,1.408100,1,0.119300,0
2021-06-09,sh.603167,8.3600,8.4600,8.3200,8.4600,8.3900,5304596,44537758.5400,3,1.130700,1,0.834300,0
2021-06-10,sh.603167,8.4500,8.6000,8.4400,8.4800,8.4600,10258251,87517703.0000,3,2.186600,1,0.236400,0
2021-06-11,sh.603167,8.4500,8.5000,8.3300,8.3400,8.4800,7195800,60483146.0000,3,1.533800,1,-1.650900,0
2021-06-15,sh.603167,8.6000,8.7800,8.5300,8.5400,8.3400,17614880,151906116.3000,3,3.754700,1,2.398100,0
2021-06-16,sh.603167,8.4500,8.7400,8.4500,8.6000,8.5400,10209725,87566047.9200,3,2.176200,1,0.702600,0
2021-06-17,sh.603167,8.5500,8.7600,8.5400,8.5800,8.6000,10580150,91405181.5000,3,2.255200,1,-0.232600,0
2021-06-18,sh.603167,8.5300,8.5400,8.4200,8.5200,8.5800,7541724,64002378.0000,3,1.607500,1,-0.699300,0
2021-06-21,sh.603167,8.4600,8.5500,8.4600,8.5000,8.5200,5501032,46740791.5300,3,1.172600,1,-0.234700,0
2021-06-22,sh.603167,8.5100,8.6500,8.4800,8.5800,8.5000,7361576,63034770.8400,3,1.569100,1,0.941200,0
2021-06-23,sh.603167,8.6000,8.7600,8.5600,8.7600,8.5800,12171157,105800042.1800,3,2.594300,1,2.097900,0
2021-06-24,sh.603167,8.7100,8.8000,8.6700,8.6700,8.7600,7685100,66944671.0000,3,1.638100,1,-1.027400,0
2021-06-25,sh.603167,8.7200,8.9100,8.7000,8.8200,8.6700,11152487,98359923.8600,3,2.377200,1,1.730100,0
2021-06-28,sh.603167,8.8600,8.8800,8.5600,8.5900,8.8200,11590881,100133883.3600,3,2.470600,1,-2.607700,0
2021-06-29,sh.603167,8.5900,8.6300,8.5300,8.6000,8.5900,5834196,50033407.6400,3,1.243600,1,0.116400,0
2021-06-30,sh.603167,8.6100,8.6500,8.4400,8.4700,8.6000,7243200,61628129.7300,3,1.543900,1,-1.511600,0
2021-07-01,sh.603167,8.4500,8.4700,8.3100,8.3300,8.4700,6281200,52751994.0000,3,1.338900,1,-1.652900,0
2021-07-02,sh.603167,8.3200,8.5100,8.3200,8.4500,8.3300,6916301,58210320.3400,3,1.474200,1,1.440600,0
2021-07-05,sh.603167,8.4000,8.5900,8.4000,8.4800,8.4500,4974900,42216952.0000,3,1.060400,1,0.355000,0
2021-07-06,sh.603167,8.3700,8.4400,8.2900,8.3500,8.3700,5157995,43145197.5400,3,1.099400,1,-0.238900,0
2021-07-07,sh.603167,8.2000,8.2600,8.1200,8.2400,8.3500,9089466,74326512.3000,3,1.937500,1,-1.317400,0
2021-07-08,sh.603167,8.2200,8.2900,8.1400,8.2500,8.2400,5275328,43400287.1700,3,1.124500,1,0.121400,0
2021-07-09,sh.603167,8.2500,8.2700,8.1700,8.2600,8.2500,3135300,25813633.0000,3,0.668300,1,0.121200,0
2021-07-12,sh.603167,8.2700,8.3600,8.2500,8.2700,8.2600,4112734,34133574.2200,3,0.876600,1,0.121100,0
2021-07-13,sh.603167,9.1000,9.1000,8.6400,8.7400,8.2700,40216047,357639121.1000,3,8.572200,1,5.683200,0
2021-07-14,sh.603167,8.6800,9.0800,8.6600,8.7700,8.7400,26219273,233243876.1800,3,5.588700,1,0.343200,0
2021-07-15,sh.603167,8.7300,8.8500,8.6200,8.6300,8.7700,16201401,141267782.7000,3,3.453400,1,-1.596400,0
2021-07-16,sh.603167,8.5800,8.6900,8.5100,8.5200,8.6300,13282488,113776395.8300,3,2.831200,1,-1.274600,0
2021-07-19,sh.603167,8.5200,8.6300,8.4200,8.5600,8.5200,10143970,86462419.5000,3,2.162200,1,0.469500,0
2021-07-20,sh.603167,8.4900,8.5000,8.3900,8.4400,8.5600,7487128,63187856.0400,3,1.595900,1,-1.401900,0
2021-07-21,sh.603167,8.4100,8.6400,8.4100,8.5900,8.4400,10635512,90703814.9800,3,2.267000,1,1.777300,0
2021-07-22,sh.603167,8.5500,8.7000,8.5500,8.6100,8.5900,8599654,73975721.7400,3,1.833100,1,0.232800,0
2021-07-23,sh.603167,8.6100,8.7500,8.5800,8.7000,8.6100,10803748,93612693.5700,3,2.302900,1,1.045300,0
2021-07-26,sh.603167,8.6800,8.6800,8.3600,8.3700,8.7000,11162017,94469974.6300,3,2.379200,1,-3.793100,0
2021-07-27,sh.603167,8.3800,8.4500,8.2800,8.3000,8.3700,8487009,70741807.1500,3,1.809000,1,-0.836300,0
2021-07-28,sh.603167,8.2500,8.3000,8.0000,8.0300,8.3000,9279191,75052360.7300,3,1.977900,1,-3.253000,0
2021-07-29,sh.603167,8.0800,8.1100,8.0500,8.0900,8.0300,5480926,44269896.8200,3,1.168300,1,0.747200,0
2021-07-30,sh.603167,8.0700,8.1500,8.0000,8.1300,8.0900,4919452,39673993.6300,3,1.048600,1,0.494400,0
2021-08-02,sh.603167,8.1000,8.2100,8.0300,8.1700,8.1300,5875179,47697126.6500,3,1.252300,1,0.492000,0
2021-08-03,sh.603167,8.1300,8.2500,8.1200,8.2000,8.1700,5323375,43544647.6200,3,1.134700,1,0.367200,0
2021-08-04,sh.603167,8.1600,8.1900,8.1000,8.1700,8.2000,4791734,39002294.7800,3,1.021400,1,-0.365900,0
2021-08-05,sh.603167,8.1600,8.1600,8.0400,8.0600,8.1700,6061718,48956737.5000,3,1.292100,1,-1.346400,0
2021-08-06,sh.603167,8.0700,8.1100,8.0100,8.0600,8.0600,4801334,38643006.4200,3,1.023400,1,0.000000,0
2021-08-09,sh.603167,7.8900,8.0900,7.8900,8.0800,8.0600,4443100,35746986.4000,3,0.947100,1,0.248100,0
2021-08-10,sh.603167,8.0700,8.1300,8.0500,8.1000,8.0800,4181150,33850099.0000,3,0.891200,1,0.247500,0
2021-08-11,sh.603167,8.1000,8.1500,8.0800,8.1400,8.1000,5274720,42800509.2000,3,1.124300,1,0.493800,0
2021-08-12,sh.603167,8.1100,8.2600,8.1100,8.2200,8.1400,6693600,54967047.0000,3,1.426800,1,0.982800,0
2021-08-13,sh.603167,8.2300,8.2500,8.1700,8.2300,8.2200,4802191,39440754.0200,3,1.023600,1,0.121700,0
2021-08-16,sh.603167,8.2600,8.4000,8.2100,8.3900,8.2300,6687225,55563544.7500,3,1.425400,1,1.944100,0
2021-08-17,sh.603167,8.3900,8.4800,8.2200,8.2300,8.3900,6632293,55360265.4100,3,1.413700,1,-1.907000,0
2021-08-18,sh.603167,8.2300,8.4100,8.1800,8.4000,8.2300,5787843,48221156.3900,3,1.233700,1,2.065600,0
2021-08-19,sh.603167,8.4500,8.5500,8.3200,8.5300,8.4000,7494998,63276783.3600,3,1.597600,1,1.547600,0
2021-08-20,sh.603167,8.5600,8.5600,8.2700,8.3000,8.5300,8188500,68536044.8000,3,1.745400,1,-2.696400,0
2021-08-23,sh.603167,8.3000,8.3900,8.2000,8.2200,8.3000,9250257,76386299.1200,3,1.971700,1,-0.963900,0
2021-08-24,sh.603167,8.2200,8.2600,8.2000,8.2200,8.2200,4937392,40585576.8500,3,1.052400,1,0.000000,0
2021-08-25,sh.603167,8.2200,8.3100,8.1600,8.2700,8.2200,6905011,56994843.8500,3,1.471800,1,0.608300,0
2021-08-26,sh.603167,8.2500,8.4100,8.2300,8.3000,8.2700,7113801,59302839.3100,3,1.516300,1,0.362800,0
2021-08-27,sh.603167,8.3000,8.3100,8.1400,8.1500,8.3000,7591101,62205451.1500,3,1.618100,1,-1.807200,0
2021-08-30,sh.603167,8.1300,8.2800,8.1300,8.1800,8.1500,5204007,42713018.4100,3,1.109300,1,0.368100,0
2021-08-31,sh.603167,8.2100,8.2600,8.1600,8.2200,8.1800,5182500,42550412.0000,3,1.104700,1,0.489000,0
2021-09-01,sh.603167,8.2200,8.3800,8.1800,8.3600,8.2200,9292283,76949906.1700,3,1.980700,1,1.703200,0
2021-09-02,sh.603167,8.3500,8.4200,8.2800,8.4000,8.3600,7736108,64630833.1200,3,1.649000,1,0.478500,0
2021-09-03,sh.603167,8.3900,8.4700,8.3500,8.4400,8.4000,7848578,66061688.6400,3,1.673000,1,0.476200,0
2021-09-06,sh.603167,8.4700,8.5100,8.3700,8.4400,8.4400,7417366,62576467.1700,3,1.581000,1,0.000000,0
2021-09-07,sh.603167,8.4400,8.7900,8.4200,8.7100,8.4400,18254990,158064269.6200,3,3.891100,1,3.199100,0
2021-09-08,sh.603167,8.6500,8.8100,8.6400,8.7400,8.7100,10657524,92881863.6200,3,2.271700,1,0.344400,0
2021-09-09,sh.603167,8.7200,8.9500,8.6700,8.8800,8.7400,13679293,120867356.4900,3,2.915800,1,1.601800,0
2021-09-10,sh.603167,8.8800,8.9900,8.7500,8.8000,8.8800,12416976,109917066.4000,3,2.646700,1,-0.900900,0
2021-09-13,sh.603167,8.7500,9.0900,8.6900,9.0800,8.8000,15958870,143366166.8400,3,3.401700,1,3.181800,0
2021-09-14,sh.603167,9.1200,9.1600,8.8800,8.9100,9.0800,12505505,112570163.9900,3,2.665600,1,-1.872200,0
2021-09-15,sh.603167,8.8900,9.0000,8.7800,8.9000,8.9100,7728382,68712141.9000,3,1.647300,1,-0.112200,0
2021-09-16,sh.603167,8.8500,9.2200,8.7700,8.7800,8.9000,11138818,100150729.2200,3,2.374300,1,-1.348300,0
2021-09-17,sh.603167,8.8800,8.9600,8.6200,8.7800,8.7800,8228700,72309156.0000,3,1.754000,1,0.000000,0
2021-09-22,sh.603167,8.7600,9.3200,8.6700,9.2600,8.7800,17856729,162289642.6300,3,3.806200,1,5.467000,0
2021-09-23,sh.603167,9.2400,9.3200,9.0700,9.2000,9.2600,12213196,112101040.0000,3,2.603300,1,-0.647900,0
2021-09-24,sh.603167,9.2400,9.2400,8.8200,8.9000,9.2000,11397600,102548004.9200,3,2.429400,1,-3.260900,0
2021-09-27,sh.603167,8.9000,8.9600,8.2900,8.3300,8.9000,13604345,115918727.1500,3,2.899800,1,-6.404500,0
2021-09-28,sh.603167,8.3500,8.4600,8.2800,8.4300,8.3300,6895323,57711410.4000,3,1.469800,1,1.200500,0
2021-09-29,sh.603167,8.3400,8.3900,8.1600,8.1700,8.4300,9288400,76602629.0000,3,1.979900,1,-3.084200,0
2021-09-30,sh.603167,8.2000,8.3000,8.1900,8.2600,8.1700,6741800,55628533.0000,3,1.437000,1,1.101600,0
2021-10-08,sh.603167,8.4100,8.8200,8.3600,8.5200,8.2600,10686203,91512053.5900,3,2.277800,1,3.147700,0
2021-10-11,sh.603167,8.6000,8.6600,8.4200,8.5500,8.5200,6599702,56258038.5700,3,1.406800,1,0.352100,0
2021-10-12,sh.603167,8.5000,8.5400,8.2900,8.3400,8.5500,6312400,52947854.0000,3,1.345500,1,-2.456100,0
2021-10-13,sh.603167,8.3000,8.3800,8.2200,8.2900,8.3400,5201300,43060998.0000,3,1.108700,1,-0.599500,0
2021-10-14,sh.603167,8.2600,8.3300,8.2200,8.2800,8.2900,4034000,33391681.4700,3,0.859900,1,-0.120600,0
2021-10-15,sh.603167,8.3200,8.3200,8.0500,8.0800,8.2800,9147100,74525833.0000,3,1.949700,1,-2.415500,0
2021-10-18,sh.603167,8.0900,8.1800,8.0800,8.1400,8.0800,5566076,45197549.9800,3,1.186400,1,0.742600,0
2021-10-19,sh.603167,8.1200,8.1400,8.0400,8.1400,8.1400,5883162,47568616.4400,3,1.254000,1,0.000000,0
2021-10-20,sh.603167,8.1300,8.1600,8.0800,8.1400,8.1400,4151017,33687070.3800,3,0.884800,1,0.000000,0
2021-10-21,sh.603167,8.1600,8.1700,8.0600,8.1100,8.1400,4342483,35208102.7700,3,0.925600,1,-0.368600,0
2021-10-22,sh.603167,8.1100,8.1200,8.0000,8.0000,8.1100,5067798,40717240.0000,3,1.080200,1,-1.356400,0
2021-10-25,sh.603167,8.0000,8.0200,7.9300,7.9700,8.0000,4174808,33261666.6000,3,0.889900,1,-0.375000,0
2021-10-26,sh.603167,7.9700,7.9900,7.8900,7.9100,7.9700,4935400,39113638.4100,3,1.052000,1,-0.752800,0
2021-10-27,sh.603167,7.9100,7.9200,7.7100,7.8300,7.9100,4477610,34892847.4600,3,0.954400,1,-1.011400,0
2021-10-28,sh.603167,7.7100,7.8100,7.5300,7.5600,7.8300,7954496,60690997.8000,3,1.695500,1,-3.448300,0
2021-10-29,sh.603167,7.5500,7.6900,7.5300,7.6600,7.5600,2895153,22096699.4500,3,0.617100,1,1.322800,0
2021-11-01,sh.603167,7.6600,7.7100,7.5700,7.6500,7.6600,3774913,28851388.2400,3,0.804600,1,-0.130500,0
2021-11-02,sh.603167,7.6300,7.7100,7.5300,7.5800,7.6500,4916600,37460414.0000,3,1.048000,1,-0.915000,0
2021-11-03,sh.603167,7.5500,7.6600,7.5500,7.6100,7.5800,2242400,17051714.9200,3,0.478000,1,0.395800,0
2021-11-04,sh.603167,7.6600,7.7200,7.6400,7.6800,7.6100,2590801,19883415.6700,3,0.552200,1,0.919800,0
2021-11-05,sh.603167,7.6700,7.6800,7.5900,7.6200,7.6800,2352483,17928228.4600,3,0.501400,1,-0.781300,0
2021-11-08,sh.603167,7.6500,7.7000,7.5800,7.6400,7.6200,3243355,24714368.4000,3,0.691300,1,0.262500,0
2021-11-09,sh.603167,7.6700,7.7500,7.6300,7.7300,7.6400,3340188,25654779.0900,3,0.712000,1,1.178000,0
2021-11-10,sh.603167,7.7100,7.7300,7.6200,7.7200,7.7300,2793189,21436394.7800,3,0.595400,1,-0.129400,0
2021-11-11,sh.603167,7.7000,7.8200,7.6700,7.7900,7.7200,3633883,28247998.0800,3,0.774600,1,0.906700,0
2021-11-12,sh.603167,7.8100,7.8200,7.7200,7.7900,7.7900,2775897,21558397.8700,3,0.591700,1,0.000000,0
2021-11-15,sh.603167,7.7900,7.8600,7.7300,7.8500,7.7900,2978400,23234348.9100,3,0.634900,1,0.770200,0
2021-11-16,sh.603167,7.8100,7.8900,7.7400,7.7600,7.8500,3664200,28598173.0000,3,0.781000,1,-1.146500,0
2021-11-17,sh.603167,7.7900,7.8100,7.7200,7.7800,7.7600,2661709,20679867.9300,3,0.567400,1,0.257700,0
2021-11-18,sh.603167,7.7900,7.8700,7.7500,7.7800,7.7800,3212200,25052659.0000,3,0.684700,1,0.000000,0
2021-11-19,sh.603167,7.7700,7.8400,7.7400,7.8300,7.7800,2388367,18594827.2600,3,0.509100,1,0.642700,0
2021-11-22,sh.603167,7.8300,7.8400,7.7600,7.7700,7.8300,3187797,24828231.7300,3,0.679500,1,-0.766300,0
2021-11-23,sh.603167,7.7700,7.8200,7.7600,7.8200,7.7700,2502300,19511889.0000,3,0.533400,1,0.643500,0
2021-11-24,sh.603167,7.8100,7.8300,7.7700,7.7900,7.8200,2685190,20921997.1000,3,0.572400,1,-0.383600,0
2021-11-25,sh.603167,7.7700,7.8200,7.7600,7.7900,7.7900,2777494,21623216.3800,3,0.592000,1,0.000000,0
2021-11-26,sh.603167,7.8100,7.8700,7.7700,7.8600,7.7900,4288384,33494784.3700,3,0.914100,1,0.898600,0
2021-11-29,sh.603167,7.7800,7.8100,7.7300,7.7500,7.8600,3967897,30820851.8300,3,0.845800,1,-1.399500,0
2021-11-30,sh.603167,7.7600,7.9200,7.7500,7.8600,7.7500,5691440,44630377.9900,3,1.213200,1,1.419400,0
2021-12-01,sh.603167,7.8500,7.9300,7.8200,7.9000,7.8600,4175966,32925515.4400,3,0.890100,1,0.508900,0
2021-12-02,sh.603167,7.9100,7.9500,7.8100,7.8300,7.9000,5457694,42962514.0800,3,1.163300,1,-0.886100,0
2021-12-03,sh.603167,7.8800,8.0500,7.8600,7.9400,7.8300,9251500,73461347.0000,3,1.972000,1,1.404900,0
2021-12-06,sh.603167,7.8800,7.9100,7.7400,7.7700,7.9400,8984188,70338214.1300,3,1.915000,1,-2.141100,0
2021-12-07,sh.603167,7.7800,7.8200,7.6500,7.7000,7.7700,6960597,53646770.9300,3,1.483700,1,-0.900900,0
2021-12-08,sh.603167,7.7300,7.7400,7.6500,7.7100,7.7000,5303337,40759755.4200,3,1.130400,1,0.129900,0
2021-12-09,sh.603167,7.6900,7.7600,7.6700,7.7600,7.7100,5558303,42934862.2200,3,1.184800,1,0.648500,0
2021-12-10,sh.603167,7.7600,7.9000,7.6400,7.9000,7.7600,11829700,91470687.0000,3,2.521500,1,1.804100,0
2021-12-13,sh.603167,7.8200,7.8500,7.7500,7.7700,7.9000,7573348,58952593.5600,3,1.614300,1,-1.645600,0
2021-12-14,sh.603167,7.7500,7.9600,7.7200,7.8600,7.7700,9583100,75136483.0800,3,2.042700,1,1.158300,0
2021-12-15,sh.603167,7.8700,7.9500,7.8300,7.9100,7.8600,7669200,60577910.0000,3,1.634700,1,0.636100,0
2021-12-16,sh.603167,7.8800,7.9300,7.8200,7.9200,7.9100,6546242,51576530.6400,3,1.395400,1,0.126400,0
2021-12-17,sh.603167,7.9100,7.9400,7.8500,7.8500,7.9200,5384660,42418482.0000,3,1.147800,1,-0.883800,0
2021-12-20,sh.603167,7.8700,7.9200,7.8300,7.8700,7.8500,6054227,47679043.3100,3,1.290500,1,0.254800,0
2021-12-21,sh.603167,7.8800,7.9700,7.8500,7.9700,7.8700,8287942,65744159.3800,3,1.766600,1,1.270600,0
2021-12-22,sh.603167,7.9800,8.0400,7.9300,8.0200,7.9700,8338300,66632722.0000,3,1.777300,1,0.627400,0
2021-12-23,sh.603167,8.0000,8.0100,7.8700,7.8800,8.0200,6583503,52231818.7600,3,1.403300,1,-1.745600,0
2021-12-24,sh.603167,7.8800,7.9200,7.7700,7.8200,7.8800,5904142,46233150.3400,3,1.258500,1,-0.761400,0
2021-12-27,sh.603167,7.8000,7.8500,7.7700,7.8200,7.8200,3927400,30675624.5800,3,0.837100,1,0.000000,0
2021-12-28,sh.603167,7.8300,7.8600,7.7800,7.8500,7.8200,3528542,27620741.4400,3,0.752100,1,0.383600,0
2021-12-29,sh.603167,7.8500,7.9400,7.8300,7.8800,7.8500,4913717,38777353.9600,3,1.047400,1,0.382200,0
2021-12-30,sh.603167,7.9000,7.9300,7.8700,7.8900,7.8800,4838200,38217226.0000,3,1.031300,1,0.126900,0
2021-12-31,sh.603167,7.8800,7.9500,7.8800,7.9400,7.8900,5237503,41468510.6700,3,1.116400,1,0.633700,0
2022-01-04,sh.603167,8.0800,8.2700,8.0100,8.1700,7.9400,20369333,165947230.7800,3,4.341800,1,2.896700,0
2022-01-05,sh.603167,8.1500,8.2300,8.0700,8.1500,8.1700,9414526,76726547.6700,3,2.006700,1,-0.244800,0
2022-01-06,sh.603167,8.0500,8.1900,8.0500,8.1300,8.1500,5218230,42475587.2400,3,1.112300,1,-0.245400,0
2022-01-07,sh.603167,8.1800,8.2000,8.0400,8.0600,8.1300,6504900,52782861.0000,3,1.386500,1,-0.861000,0
2022-01-10,sh.603167,8.0700,8.1500,8.0000,8.1500,8.0600,5254100,42542985.1000,3,1.119900,1,1.116600,0
2022-01-11,sh.603167,8.1300,8.2100,8.1100,8.1300,8.1500,5430800,44336346.0000,3,1.157600,1,-0.245400,0
2022-01-12,sh.603167,8.1400,8.1800,8.0900,8.1500,8.1300,4471850,36406346.0000,3,0.953200,1,0.246000,0
2022-01-13,sh.603167,8.1500,8.3000,8.1500,8.1600,8.1500,6449398,53036788.6400,3,1.374700,1,0.122700,0
2022-01-14,sh.603167,8.1100,8.1600,7.9600,7.9900,8.1600,9610658,77412027.4800,3,2.048500,1,-2.083300,0
2022-01-17,sh.603167,8.0000,8.1400,8.0000,8.0600,7.9900,6249458,50378054.0600,3,1.332100,1,0.876100,0
2022-01-18,sh.603167,8.0900,8.1200,7.9400,7.9600,8.0600,7299900,58420838.0000,3,1.556000,1,-1.240700,0
2022-01-19,sh.603167,7.9600,8.0600,7.9600,8.0400,7.9600,5295585,42509182.7000,3,1.128800,1,1.005000,0
2022-01-20,sh.603167,8.4000,8.4000,8.0100,8.0100,8.0400,13806110,112301903.7000,3,2.942800,1,-0.373100,0
2022-01-21,sh.603167,8.0100,8.1400,8.0100,8.0900,8.0100,8317917,67178339.3400,3,1.773000,1,0.998800,0
2022-01-24,sh.603167,8.1500,8.1700,8.0100,8.0400,8.0900,6345500,51128602.0000,3,1.352600,1,-0.618000,0
2022-01-25,sh.603167,7.9900,8.0400,7.7100,7.7100,8.0400,8785887,68861182.0500,3,1.872700,1,-4.104500,0
2022-01-26,sh.603167,7.7400,7.8100,7.6500,7.7500,7.7100,4575300,35402506.0000,3,0.975200,1,0.518800,0
2022-01-27,sh.603167,7.7500,7.8100,7.6200,7.6700,7.7500,4626200,35653741.0000,3,0.986100,1,-1.032300,0
2022-01-28,sh.603167,7.6900,7.8300,7.6500,7.7800,7.6700,4651142,36020003.9200,3,0.991400,1,1.434200,0
2022-02-07,sh.603167,7.8500,7.8800,7.7600,7.7900,7.7800,6814901,53324489.8100,3,1.452600,1,0.128500,0
2022-02-08,sh.603167,7.8400,8.0900,7.8300,8.0600,7.7900,10041119,80372892.0000,3,2.140300,1,3.466000,0
2022-02-09,sh.603167,8.0400,8.1300,8.0200,8.0900,8.0600,6401527,51682568.3300,3,1.364500,1,0.372200,0
2022-02-10,sh.603167,8.0500,8.1400,8.0500,8.1300,8.0900,5327100,43196790.0000,3,1.135500,1,0.494400,0
2022-02-11,sh.603167,8.1000,8.1700,8.0400,8.1000,8.1300,5155701,41790467.0900,3,1.099000,1,-0.369000,0
2022-02-14,sh.603167,8.0300,8.2200,8.0000,8.1300,8.1000,6401365,51905309.1800,3,1.364500,1,0.370400,0
2022-02-15,sh.603167,8.1000,8.1400,7.9900,8.0200,8.1300,5006150,40255690.0000,3,1.067100,1,-1.353000,0
2022-02-16,sh.603167,8.0600,8.1500,8.0300,8.0600,8.0200,3999701,32325028.0600,3,0.852600,1,0.498800,0
2022-02-17,sh.603167,8.0500,8.1000,8.0000,8.0000,8.0600,4431700,35628921.0000,3,0.944600,1,-0.744400,0
2022-02-18,sh.603167,7.9600,8.0700,7.9500,8.0500,8.0000,4217201,33808233.9900,3,0.898900,1,0.625000,0
2022-02-21,sh.603167,8.0700,8.1400,8.0400,8.1200,8.0500,4935613,39943749.1700,3,1.052000,1,0.869600,0
2022-02-22,sh.603167,8.0600,8.0900,7.9700,8.0000,8.1200,4449400,35688730.0000,3,0.948400,1,-1.477800,0
2022-02-23,sh.603167,8.0400,8.0500,7.9800,8.0300,8.0000,3227500,25894901.0000,3,0.688000,1,0.375000,0
2022-02-24,sh.603167,8.0300,8.0300,7.7300,7.7800,8.0300,7613800,59949483.0000,3,1.622900,1,-3.113300,0
2022-02-25,sh.603167,7.8400,8.0800,7.8200,7.9200,7.7800,6593901,52203961.9100,3,1.405500,1,1.799500,0
2022-02-28,sh.603167,7.9900,8.1200,7.8400,8.0900,7.9200,10452416,83950773.0000,3,2.228000,1,2.146500,0
2022-03-01,sh.603167,8.0700,8.1800,8.0500,8.1300,8.0900,8435096,68519870.0000,3,1.798000,1,0.494400,0
2022-03-02,sh.603167,8.0800,8.2300,8.0800,8.2100,8.1300,10042392,82139531.0000,3,2.140600,1,0.984000,0
2022-03-03,sh.603167,8.2400,8.4500,8.2100,8.3600,8.2100,17423192,145185525.0000,3,3.713800,1,1.827000,0
2022-03-04,sh.603167,8.2500,8.3100,8.1800,8.2200,8.3600,9602492,79138874.0000,3,2.046800,1,-1.674600,0
2022-03-07,sh.603167,8.1600,8.2500,8.0900,8.1200,8.2200,7682442,62636005.0000,3,1.637500,1,-1.216500,0
2022-03-08,sh.603167,8.0800,8.1300,7.8800,7.9200,8.1200,8060637,64427524.0000,3,1.718200,1,-2.463100,0
2022-03-09,sh.603167,7.9200,7.9700,7.4900,7.7300,7.9200,11232001,86705196.0000,3,2.394100,1,-2.399000,0
2022-03-10,sh.603167,7.8700,7.9300,7.7300,7.7500,7.7300,7111200,55732825.0000,3,1.515800,1,0.258700,0
2022-03-11,sh.603167,7.7000,7.9800,7.5700,7.9300,7.7500,8106904,62986749.0000,3,1.728000,1,2.322600,0
2022-03-14,sh.603167,7.9100,7.9200,7.7200,7.7400,7.9300,5624807,43988795.0000,3,1.198900,1,-2.396000,0
2022-03-15,sh.603167,7.7000,7.7200,7.2900,7.3200,7.7400,9489300,71275903.0000,3,2.022700,1,-5.426400,0
2022-03-16,sh.603167,7.4500,7.5000,7.1700,7.4700,7.3200,5258700,38749837.0000,3,1.120900,1,2.049200,0
2022-03-17,sh.603167,7.5000,7.6100,7.4700,7.4800,7.4700,4708316,35520523.0000,3,1.003600,1,0.133900,0
2022-03-18,sh.603167,7.4300,7.5600,7.4300,7.5400,7.4800,3734200,28074759.0000,3,0.796000,1,0.802100,0
2022-03-21,sh.603167,7.5300,7.5800,7.4800,7.5400,7.5400,3931041,29595909.0900,3,0.837900,1,0.000000,0
2022-03-22,sh.603167,7.5600,7.6500,7.5200,7.5700,7.5400,3979048,30189611.5300,3,0.848100,1,0.397900,0
2022-03-23,sh.603167,7.5900,7.5900,7.5300,7.5400,7.5700,2494698,18851781.4700,3,0.531800,1,-0.396300,0
2022-03-24,sh.603167,7.5300,7.5500,7.3900,7.4100,7.5400,3842900,28666768.0000,3,0.819100,1,-1.724100,0
2022-03-25,sh.603167,7.4700,7.5500,7.4400,7.5000,7.4100,4625910,34696988.0000,3,0.986000,1,1.214600,0
2022-03-28,sh.603167,7.4800,7.5200,7.3700,7.5000,7.5000,3837800,28593279.0000,3,0.818000,1,0.000000,0
2022-03-29,sh.603167,7.5000,7.5700,7.4100,7.4400,7.5000,3728330,27879383.5000,3,0.794700,1,-0.800000,0
2022-03-30,sh.603167,7.4500,7.5300,7.4400,7.5300,7.4400,4000991,29952431.0600,3,0.852800,1,1.209700,0
2022-03-31,sh.603167,7.5100,7.5800,7.4900,7.5700,7.5300,5252449,39695110.4500,3,1.119600,1,0.531200,0
2022-04-01,sh.603167,7.5100,7.8700,7.5000,7.7000,7.5700,11180500,86198353.0400,3,2.383200,1,1.717300,0
2022-04-06,sh.603167,7.6500,7.9000,7.6200,7.8600,7.7000,9741904,76151441.4400,3,2.076500,1,2.077900,0
2022-04-07,sh.603167,7.8600,7.9000,7.7100,7.7100,7.8600,7262715,56648288.1500,3,1.548100,1,-1.908400,0
2022-04-08,sh.603167,7.7200,7.8100,7.5900,7.7100,7.7100,4405500,33817961.0000,3,0.939000,1,0.000000,0
2022-04-11,sh.603167,7.7200,7.8700,7.6100,7.6600,7.7100,7075975,54814940.8600,3,1.508300,1,-0.648500,0
2022-04-12,sh.603167,7.6200,8.0200,7.5900,7.9600,7.6600,11784000,92543607.0000,3,2.511800,1,3.916400,0
2022-04-13,sh.603167,7.9600,8.0800,7.8400,7.9300,7.9600,12647515,101113990.7000,3,2.695900,1,-0.376900,0
2022-04-14,sh.603167,7.9600,8.0400,7.8900,7.9400,7.9300,6597070,52546107.8700,3,1.406200,1,0.126100,0
2022-04-15,sh.603167,7.9000,7.9400,7.7600,7.7800,7.9400,7180301,56147417.8100,3,1.530500,1,-2.015100,0
2022-04-18,sh.603167,7.7300,7.8200,7.6600,7.8000,7.7800,4223800,32774760.0000,3,0.900300,1,0.257100,0
2022-04-19,sh.603167,7.8100,7.9600,7.7400,7.9200,7.8000,6765200,53119066.0000,3,1.442000,1,1.538500,0
2022-04-20,sh.603167,7.8700,8.0300,7.8600,7.9300,7.9200,5938571,47233253.6000,3,1.265800,1,0.126300,0
2022-04-21,sh.603167,7.8800,7.8900,7.6200,7.6300,7.9300,6301401,48763427.8200,3,1.343200,1,-3.783100,0
2022-04-22,sh.603167,7.6100,7.7700,7.5800,7.7300,7.6300,5157418,39596417.3800,3,1.099300,1,1.310600,0
2022-04-25,sh.603167,7.6300,7.6400,7.0900,7.1100,7.7300,9977830,73049533.6100,3,2.126800,1,-8.020700,0
2022-04-26,sh.603167,6.9800,7.1000,6.5800,6.6300,7.1100,10436290,71042687.8600,3,2.224500,1,-6.751100,0
2022-04-27,sh.603167,6.5400,6.7000,6.3800,6.6800,6.6300,8265514,53938417.6300,3,1.761800,1,0.754100,0
2022-04-28,sh.603167,6.6600,6.8800,6.4900,6.5900,6.6800,6054200,40489154.0000,3,1.290500,1,-1.347300,0
2022-04-29,sh.603167,6.6500,6.8200,6.6000,6.8100,6.5900,5148713,34641539.8000,3,1.097500,1,3.338400,0
2022-05-05,sh.603167,6.8200,6.8900,6.7400,6.8200,6.8100,4745615,32376113.4000,3,1.011500,1,0.146800,0
2022-05-06,sh.603167,6.7300,6.7300,6.6200,6.6700,6.8200,3614719,24120485.5400,3,0.770500,1,-2.199400,0
2022-05-09,sh.603167,6.6400,6.7800,6.6400,6.7300,6.6700,3208324,21562093.2800,3,0.683900,1,0.899600,0
2022-05-10,sh.603167,6.6800,6.7600,6.5900,6.7400,6.7300,3660476,24478822.7200,3,0.780200,1,0.148600,0
2022-05-11,sh.603167,6.7400,6.8500,6.7000,6.7100,6.7400,5662097,38465435.1400,3,1.206900,1,-0.445100,0
2022-05-12,sh.603167,6.6700,6.7500,6.6200,6.7500,6.7100,4698100,31450158.0000,3,1.001400,1,0.596100,0
2022-05-13,sh.603167,6.7400,6.8400,6.7200,6.8000,6.7500,4581601,31073603.7500,3,0.976600,1,0.740700,0
2022-05-16,sh.603167,6.8000,6.9900,6.7700,6.9900,6.8000,6625008,45605970.4400,3,1.412100,1,2.794100,0
2022-05-17,sh.603167,6.9100,6.9300,6.7100,6.8100,6.9900,7387398,50162532.4600,3,1.574700,1,-2.575100,0
2022-05-18,sh.603167,6.8000,6.8500,6.7800,6.8100,6.8100,3455298,23564884.3800,3,0.736500,1,0.000000,0
2022-05-19,sh.603167,6.8300,6.8400,6.7500,6.8200,6.8100,3324011,22596871.4700,3,0.708500,1,0.146800,0
2022-05-20,sh.603167,6.8000,6.9000,6.7900,6.8600,6.8200,5083700,34846628.0000,3,1.083600,1,0.586500,0
2022-05-23,sh.603167,6.8700,6.9600,6.8500,6.9500,6.8600,4077802,28231481.8400,3,0.869200,1,1.312000,0
2022-05-24,sh.603167,6.9400,7.0300,6.7300,6.7500,6.9500,5017900,34521156.0000,3,1.069600,1,-2.877700,0
2022-05-25,sh.603167,6.7500,7.0200,6.7500,6.9700,6.7500,5380400,37298767.0000,3,1.146900,1,3.259300,0
2022-05-26,sh.603167,6.9900,7.0300,6.8800,7.0100,6.9700,3425200,23898746.0000,3,0.730100,1,0.573900,0
2022-05-27,sh.603167,7.0400,7.0900,6.9700,7.0400,7.0100,3897685,27419891.5500,3,0.830800,1,0.428000,0
2022-05-30,sh.603167,7.0400,7.1800,7.0200,7.1600,7.0400,4685100,33329347.0000,3,0.998600,1,1.704500,0
2022-05-31,sh.603167,7.1600,7.1800,7.1100,7.1700,7.1600,3417700,24437586.0900,3,0.728500,1,0.139700,0
2022-06-01,sh.603167,7.1400,7.8900,7.1400,7.5600,7.1700,28377867,217358727.3900,3,6.048900,1,5.439300,0
2022-06-02,sh.603167,7.4000,7.6500,7.3900,7.4100,7.5600,19884002,148847739.8500,3,4.238400,1,-1.984100,0
2022-06-06,sh.603167,7.4200,7.4800,7.2400,7.2400,7.4100,11046484,80599390.9400,3,2.354600,1,-2.294200,0
2022-06-07,sh.603167,7.2700,7.3800,7.2200,7.2900,7.2400,8282276,60463359.7900,3,1.765400,1,0.690600,0
2022-06-08,sh.603167,7.2500,7.3100,7.0700,7.2300,7.2900,8227109,59194507.0700,3,1.753600,1,-0.823000,0
2022-06-09,sh.603167,7.2400,7.2400,7.0800,7.1100,7.2300,4978500,35539185.8100,3,1.061200,1,-1.659800,0
2022-06-10,sh.603167,7.0900,7.2100,7.0500,7.1900,7.1100,4158220,29803977.6000,3,0.886300,1,1.125200,0
2022-06-13,sh.603167,7.1700,7.1800,7.0800,7.1400,7.1900,4504200,32074612.0000,3,0.960100,1,-0.695400,0
2022-06-14,sh.603167,7.1300,7.1400,6.9600,7.1400,7.1400,5835040,41144999.7500,3,1.243800,1,0.000000,0
2022-06-15,sh.603167,7.1500,7.2200,7.1200,7.1900,7.1400,6736580,48335524.6000,3,1.435900,1,0.700300,0
2022-06-16,sh.603167,7.0600,7.0700,6.9800,7.0200,7.0400,4145800,29108781.0000,3,0.883700,1,-0.284100,0
2022-06-17,sh.603167,7.0100,7.0100,6.8900,6.9500,7.0200,4375582,30388519.0400,3,0.932700,1,-0.997200,0
2022-06-20,sh.603167,6.9500,6.9900,6.9200,6.9900,6.9500,3713600,25862717.0000,3,0.791600,1,0.575500,0
2022-06-21,sh.603167,6.9800,7.0300,6.9200,6.9700,6.9900,3375500,23578755.0000,3,0.719500,1,-0.286100,0
2022-06-22,sh.603167,6.9900,7.0200,6.8900,6.9000,6.9700,3224881,22369665.1400,3,0.687400,1,-1.004300,0
2022-06-23,sh.603167,6.8800,6.9600,6.8300,6.9400,6.9000,3691700,25427070.0000,3,0.786900,1,0.579700,0
2022-06-24,sh.603167,6.9300,7.0500,6.9100,7.0200,6.9400,5348000,37304956.7600,3,1.139900,1,1.152700,0
2022-06-27,sh.603167,7.0500,7.0600,7.0000,7.0100,7.0200,4236580,29758205.8000,3,0.903000,1,-0.142500,0
2022-06-28,sh.603167,7.0200,7.1600,6.9800,7.1100,7.0100,6253032,44245402.2900,3,1.332900,1,1.426500,0
2022-06-29,sh.603167,7.1500,7.3100,7.1200,7.1400,7.1100,9137925,65930571.8500,3,1.947800,1,0.421900,0
2022-06-30,sh.603167,7.2500,7.4900,7.2100,7.3200,7.1400,12162198,89614985.5800,3,2.592400,1,2.521000,0
2022-07-01,sh.603167,7.3200,7.3800,7.2000,7.2300,7.3200,5458224,39664219.2800,3,1.163400,1,-1.229500,0
2022-07-04,sh.603167,7.2000,7.2600,7.1100,7.1600,7.2300,3830361,27425680.9300,3,0.816500,1,-0.968200,0
2022-07-05,sh.603167,7.1600,7.2200,7.0800,7.1000,7.1600,4464873,31834370.5700,3,0.951700,1,-0.838000,0
2022-07-06,sh.603167,7.0900,7.1200,7.0200,7.0900,7.1000,3292600,23243598.0000,3,0.701800,1,-0.140800,0
2022-07-07,sh.603167,7.0600,7.1300,7.0600,7.0900,7.0900,2269524,16096351.9200,3,0.483800,1,0.000000,0
2022-07-08,sh.603167,7.1400,7.1500,7.0700,7.0900,7.0900,2512800,17867472.0000,3,0.535600,1,0.000000,0
2022-07-11,sh.603167,7.0600,7.1200,6.9800,7.0400,7.0900,3480701,24452242.0000,3,0.741900,1,-0.705200,0
2022-07-12,sh.603167,7.0600,7.0600,6.9900,7.0000,7.0400,2522301,17704925.1400,3,0.537600,1,-0.568200,0
2022-07-13,sh.603167,7.0300,7.1200,7.0000,7.1100,7.0000,2986144,21152508.3200,3,0.636500,1,1.571400,0
2022-07-14,sh.603167,7.0800,7.1200,7.0000,7.0200,7.1100,4268700,30019314.0000,3,0.909900,1,-1.265800,0
2022-07-15,sh.603167,7.0000,7.0300,6.8600,6.8800,7.0200,3860900,26721102.9100,3,0.823000,1,-1.994300,0
2022-07-18,sh.603167,6.8600,7.0500,6.8600,7.0400,6.8800,3654992,25581779.4200,3,0.779100,1,2.325600,0
2022-07-19,sh.603167,7.0400,7.1100,7.0200,7.1000,7.0400,3153000,22319351.0000,3,0.672100,1,0.852300,0
2022-07-20,sh.603167,7.1200,7.1700,7.0800,7.1500,7.1000,3192843,22759521.5900,3,0.680600,1,0.704200,0
2022-07-21,sh.603167,7.1500,7.1900,7.1000,7.1100,7.1500,3101100,22168624.0000,3,0.661000,1,-0.559400,0
2022-07-22,sh.603167,7.1100,7.2300,7.1100,7.1800,7.1100,3343800,23959465.9900,3,0.712700,1,0.984500,0
2022-07-25,sh.603167,7.1900,7.2500,7.1400,7.1600,7.1800,2927100,21050865.0000,3,0.623900,1,-0.278600,0
2022-07-26,sh.603167,7.2000,7.2100,7.1200,7.1900,7.1600,2509659,17983686.4400,3,0.534900,1,0.419000,0
2022-07-27,sh.603167,7.1600,7.1800,7.1300,7.1500,7.1900,1995102,14269938.1200,3,0.425300,1,-0.556300,0
2022-07-28,sh.603167,7.1900,7.2100,7.1500,7.1600,7.1500,2249699,16164412.8200,3,0.479500,1,0.139900,0
2022-07-29,sh.603167,7.1800,7.1900,7.1100,7.1100,7.1600,2115130,15081502.3000,3,0.450800,1,-0.698300,0
2022-08-01,sh.603167,7.1200,7.1500,7.0800,7.1300,7.1100,2231380,15887014.4000,3,0.475600,1,0.281300,0
2022-08-02,sh.603167,7.1500,7.1500,6.8300,6.9400,7.1300,5535531,38477464.6400,3,1.179900,1,-2.664800,0
2022-08-03,sh.603167,6.8800,7.0100,6.8600,6.9000,6.9400,2735294,19029868.6600,3,0.583000,1,-0.576400,0
2022-08-04,sh.603167,6.9300,6.9700,6.8600,6.9600,6.9000,2166320,14999250.0000,3,0.461800,1,0.869600,0
2022-08-05,sh.603167,6.9700,7.0100,6.9300,7.0000,6.9600,1673460,11665806.0000,3,0.356700,1,0.574700,0
2022-08-08,sh.603167,7.0100,7.0300,6.9500,7.0000,7.0000,3037902,21240386.0000,3,0.647500,1,0.000000,0
2022-08-09,sh.603167,7.0100,7.0900,6.9500,7.0400,7.0000,4194451,29459986.0000,3,0.894100,1,0.571400,0
2022-08-10,sh.603167,7.0400,7.0500,6.9700,7.0000,7.0400,1843800,12897835.0000,3,0.393000,1,-0.568200,0
2022-08-11,sh.603167,7.0100,7.1000,7.0100,7.0900,7.0000,3473400,24513942.0000,3,0.740400,1,1.285700,0
2022-08-12,sh.603167,7.1000,7.1600,7.0700,7.1200,7.0900,2805447,19990557.0000,3,0.598000,1,0.423100,0
2022-08-15,sh.603167,7.1200,7.1500,7.0500,7.1200,7.1200,2799494,19885131.7700,3,0.596700,1,0.000000,0
