date,code,open,high,low,close,preclose,volume,amount,adjustflag,turn,tradestatus,pctChg,isST
2012-05-18,sh.603002,8.0100,8.7700,8.0100,8.5600,3.6000,68880207,573951279.0000,3,86.100259,1,137.777800,0
2012-05-21,sh.603002,7.8500,7.9700,7.7000,7.7100,8.5600,42884888,331825903.0000,3,53.606110,1,-9.929900,0
2012-05-22,sh.603002,7.6100,7.9500,7.4100,7.6700,7.7100,30493343,235193392.0000,3,38.116679,1,-0.518800,0
2012-05-23,sh.603002,7.6000,7.7200,7.1000,7.2700,7.6700,32273374,237280165.0000,3,40.341718,1,-5.215100,0
2012-05-24,sh.603002,7.2300,7.2600,7.0400,7.1200,7.2700,15825383,112942538.0000,3,19.781729,1,-2.063300,0
2012-05-25,sh.603002,7.0100,7.0800,6.6400,6.7300,7.1200,19224001,131500475.0000,3,24.030001,1,-5.477500,0
2012-05-28,sh.603002,6.6700,7.0400,6.5000,6.9100,6.7300,21110214,144570685.0000,3,26.387767,1,2.674600,0
2012-05-29,sh.603002,6.7900,7.1200,6.7200,7.0400,6.9100,20696663,144383948.0000,3,25.870829,1,1.881300,0
2012-05-30,sh.603002,7.0000,7.0400,6.8200,6.8600,7.0400,13991737,96878394.0000,3,17.489671,1,-2.556800,0
2012-05-31,sh.603002,6.7700,7.5500,6.6900,7.5500,6.8600,37674928,275372098.0000,3,47.093660,1,10.058300,0
2012-06-01,sh.603002,7.4000,7.5700,7.3100,7.4500,7.5500,25327080,188245548.0000,3,31.658850,1,-1.324500,0
2012-06-04,sh.603002,7.3500,7.5900,7.1800,7.5200,7.4500,19617140,144679661.0000,3,24.521425,1,0.939600,0
2012-06-05,sh.603002,7.4000,7.7000,7.3600,7.5900,7.5200,19174664,144707333.0000,3,23.968330,1,0.930900,0
2012-06-06,sh.603002,7.5900,7.7700,7.2300,7.2800,7.5900,18201172,135708727.0000,3,22.751465,1,-4.084300,0
2012-06-07,sh.603002,7.3200,7.4400,7.0600,7.2800,7.2800,15198286,110273547.0000,3,18.997858,1,0.000000,0
2012-06-08,sh.603002,7.2800,7.3500,6.8800,6.9600,7.2800,12767178,91455340.0000,3,15.958972,1,-4.395600,0
2012-06-11,sh.603002,6.9100,7.0600,6.7300,7.0000,6.9600,10858291,75119981.0000,3,13.572864,1,0.574700,0
2012-06-12,sh.603002,6.9200,6.9400,6.7100,6.7600,7.0000,8529129,58301071.0000,3,10.661411,1,-3.428600,0
2012-06-13,sh.603002,6.8000,7.0000,6.7300,6.9800,6.7600,10563752,72865194.0000,3,13.204690,1,3.254400,0
2012-06-14,sh.603002,6.9200,7.1800,6.8700,6.9600,6.9800,11804631,83173973.0000,3,14.755789,1,-0.286500,0
2012-06-15,sh.603002,6.9800,7.0600,6.7600,6.9300,6.9600,8381840,57906920.0000,3,10.477300,1,-0.431000,0
2012-06-18,sh.603002,6.9700,7.2200,6.8100,7.1400,6.9300,12440328,87859037.0000,3,15.550410,1,3.030300,0
2012-06-19,sh.603002,7.0700,7.1400,7.0100,7.0500,7.1400,7281998,51508286.0000,3,9.102498,1,-1.260500,0
2012-06-20,sh.603002,7.0700,7.3500,6.9700,7.1800,7.0500,15136595,109110916.0000,3,18.920744,1,1.844000,0
2012-06-21,sh.603002,7.1300,7.1800,6.8800,6.9800,7.1800,10998724,76981875.0000,3,13.748405,1,-2.785500,0
2012-06-25,sh.603002,6.9000,6.9500,6.6500,6.6900,6.9800,6810620,46150884.0000,3,8.513275,1,-4.154700,0
2012-06-26,sh.603002,6.6200,6.7900,6.5500,6.7500,6.6900,4405584,29464009.0000,3,5.506980,1,0.896900,0
2012-06-27,sh.603002,6.7100,6.9300,6.6800,6.7800,6.7500,5310240,36126688.0000,3,6.637800,1,0.444400,0
2012-06-28,sh.603002,6.8500,6.9000,6.6400,6.6500,6.7800,6199219,41891726.0000,3,7.749024,1,-1.917400,0
2012-06-29,sh.603002,6.6000,6.7700,6.5100,6.7500,6.6500,4768048,31742336.0000,3,5.960060,1,1.503800,0
2012-07-02,sh.603002,6.7800,6.8600,6.7100,6.7700,6.7500,4844031,32818807.0000,3,6.055039,1,0.296300,0
2012-07-03,sh.603002,6.7600,6.9700,6.6600,6.9000,6.7700,9644172,66003690.0000,3,12.055215,1,1.920200,0
2012-07-04,sh.603002,6.8800,6.9000,6.7400,6.8400,6.9000,5957061,40584326.0000,3,7.446326,1,-0.869600,0
2012-07-05,sh.603002,6.7600,6.7800,6.5200,6.5200,6.8400,6430319,42713290.0000,3,8.037899,1,-4.678400,0
2012-07-06,sh.603002,6.5500,6.6500,6.3600,6.5900,6.5200,6110264,39711243.0000,3,7.637830,1,1.073600,0
2012-07-09,sh.603002,6.5100,6.5100,6.0800,6.1600,6.5900,6727823,42636739.0000,3,8.409779,1,-6.525000,0
2012-07-10,sh.603002,6.1200,6.1600,5.9800,6.0000,6.1600,4420320,26732283.0000,3,5.525400,1,-2.597400,0
2012-07-11,sh.603002,5.9700,6.0600,5.9400,6.0400,6.0000,3903364,23460396.0000,3,4.879205,1,0.666700,0
2012-07-12,sh.603002,6.0300,6.1200,5.8700,6.0700,6.0400,4840765,29112713.0000,3,6.050956,1,0.496700,0
2012-07-13,sh.603002,6.0000,6.0700,5.8100,5.8300,6.0700,5707844,33834242.0000,3,7.134805,1,-3.953900,0
2012-07-16,sh.603002,5.8400,5.8400,5.2700,5.2900,5.8300,6716028,37096862.0000,3,8.395035,1,-9.262400,0
2012-07-17,sh.603002,5.2300,5.3900,5.2200,5.3500,5.2900,4217890,22435370.0000,3,5.272363,1,1.134200,0
2012-07-18,sh.603002,5.3500,5.4700,5.2600,5.4700,5.3500,4746107,25440351.0000,3,5.932634,1,2.243000,0
2012-07-19,sh.603002,5.4100,5.6800,5.3800,5.5300,5.4700,5195019,28757752.0000,3,6.493774,1,1.096900,0
2012-07-20,sh.603002,5.5300,5.6000,5.4200,5.4300,5.5300,3542287,19415011.0000,3,4.427859,1,-1.808300,0
2012-07-23,sh.603002,5.3500,5.4600,5.2600,5.4300,5.4300,2723116,14633685.0000,3,3.403895,1,0.000000,0
2012-07-24,sh.603002,5.3400,5.5500,5.3400,5.5200,5.4300,2693584,14720847.0000,3,3.366980,1,1.657500,0
2012-07-25,sh.603002,5.5000,6.0700,5.4400,5.8100,5.5200,17424366,103169639.0000,3,21.780458,1,5.253600,0
2012-07-26,sh.603002,5.7500,5.9400,5.6500,5.7300,5.8100,12076335,70010908.0000,3,15.095419,1,-1.376900,0
2012-07-27,sh.603002,5.7100,5.7800,5.5400,5.5900,5.7300,5026868,28354792.0000,3,6.283585,1,-2.443300,0
2012-07-30,sh.603002,5.5500,5.6900,5.4700,5.5000,5.5900,3407657,18994692.0000,3,4.259571,1,-1.610000,0
2012-07-31,sh.603002,5.4500,5.5700,5.3900,5.4000,5.5000,3176256,17372346.0000,3,3.970320,1,-1.818200,0
2012-08-01,sh.603002,5.4100,5.5900,5.4000,5.5800,5.4000,3734773,20580386.0000,3,4.668466,1,3.333300,0
2012-08-02,sh.603002,5.5500,5.6400,5.4400,5.4600,5.5800,2857987,15803984.0000,3,3.572484,1,-2.150500,0
2012-08-03,sh.603002,5.4700,5.6500,5.4000,5.6300,5.4600,4493796,24962286.0000,3,5.617245,1,3.113600,0
2012-08-06,sh.603002,5.5800,5.7800,5.5500,5.7500,5.6300,5111620,29011691.0000,3,6.389525,1,2.131400,0
2012-08-07,sh.603002,5.7200,5.8200,5.6900,5.8000,5.7500,4846728,27920342.0000,3,6.058410,1,0.869600,0
2012-08-08,sh.603002,5.7800,5.8100,5.6500,5.6900,5.8000,4422241,25298571.0000,3,5.527801,1,-1.896600,0
2012-08-09,sh.603002,5.7000,5.9300,5.6200,5.8600,5.6900,7409166,43266780.0000,3,9.261458,1,2.987700,0
2012-08-10,sh.603002,5.8400,5.9600,5.7600,5.7900,5.8600,4925732,28658836.0000,3,6.157165,1,-1.194500,0
2012-08-13,sh.603002,5.7900,5.7900,5.5100,5.5200,5.7900,4700506,26415250.0000,3,5.875633,1,-4.663200,0
2012-08-14,sh.603002,5.5000,5.5700,5.3500,5.5600,5.5200,3757116,20541745.0000,3,4.696395,1,0.724600,0
2012-08-15,sh.603002,5.5400,5.6200,5.4300,5.4600,5.5600,2780000,15315597.0000,3,3.475000,1,-1.798600,0
2012-08-16,sh.603002,5.4400,5.4800,5.3800,5.4100,5.4600,2182714,11830195.0000,3,2.728392,1,-0.915800,0
2012-08-17,sh.603002,5.3500,5.4600,5.3500,5.4100,5.4100,2079979,11233613.0000,3,2.599974,1,0.000000,0
2012-08-20,sh.603002,5.3000,5.3000,4.9800,5.1100,5.4100,17191797,87155802.0000,3,17.191797,1,-5.545300,0
2012-08-21,sh.603002,5.0600,5.6200,5.0500,5.6200,5.1100,15575316,84404547.0000,3,15.575316,1,9.980400,0
2012-08-22,sh.603002,5.9700,6.1800,5.7900,6.1800,5.6200,43738200,265261574.0000,3,43.738200,1,9.964400,0
2012-08-23,sh.603002,6.2000,6.8000,6.1000,6.8000,6.1800,50307396,329857864.0000,3,50.307396,1,10.032400,0
2012-08-24,sh.603002,6.8000,6.8000,6.8000,6.8000,6.8000,0,0.0000,3,,0,0.000000,0
2012-08-27,sh.603002,6.4800,6.6200,6.3000,6.5900,6.8000,36421428,234756546.0000,3,36.421428,1,-3.088200,0
2012-08-28,sh.603002,6.4200,6.8800,6.2900,6.6200,6.5900,41869851,275397561.0000,3,41.869851,1,0.455200,0
2012-08-29,sh.603002,6.5000,7.2800,6.4100,7.1500,6.6200,63396400,448370737.0000,3,63.396400,1,8.006000,0
2012-08-30,sh.603002,6.8000,6.8500,6.4400,6.4400,7.1500,34831177,226833630.0000,3,34.831177,1,-9.930071,0
2012-08-31,sh.603002,6.1700,6.4200,6.0300,6.2900,6.4400,30393322,189809937.0000,3,30.393322,1,-2.329200,0
2012-09-03,sh.603002,6.2100,6.6200,6.2100,6.4500,6.2900,32339350,207812771.0000,3,32.339350,1,2.543700,0
2012-09-04,sh.603002,6.3700,7.1000,6.3600,7.1000,6.4500,52133447,359133432.0000,3,52.133447,1,10.077500,0
2012-09-05,sh.603002,7.0000,7.7000,6.8800,7.2000,7.1000,52994438,386433436.0000,3,52.994438,1,1.408500,0
2012-09-06,sh.603002,7.2600,7.9200,7.2400,7.9200,7.2000,35756090,276088888.0000,3,35.756090,1,10.000000,0
2012-09-07,sh.603002,8.7100,8.7100,7.9500,7.9800,7.9200,58827967,482239700.0000,3,58.827967,1,0.757600,0
2012-09-10,sh.603002,7.7800,8.7800,7.7500,8.7800,7.9800,49641710,411616847.0000,3,49.641710,1,10.025100,0
2012-09-11,sh.603002,8.5100,8.6200,8.0800,8.2200,8.7800,37712046,312519037.0000,3,37.712046,1,-6.378100,0
2012-09-12,sh.603002,8.2100,8.4200,8.0300,8.1500,8.2200,25021708,205239719.0000,3,25.021708,1,-0.851600,0
2012-09-13,sh.603002,8.1000,8.2600,7.9200,8.0300,8.1500,22396264,181203123.0000,3,22.396264,1,-1.472400,0
2012-09-14,sh.603002,8.1000,8.1000,7.4300,7.6300,8.0300,29908560,230908754.0000,3,29.908560,1,-4.981300,0
2012-09-17,sh.603002,7.6200,7.7000,7.4200,7.6300,7.6300,15399953,116652221.0000,3,15.399953,1,0.000000,0
2012-09-18,sh.603002,7.6200,7.9800,7.5200,7.7500,7.6300,25975835,202493172.0000,3,25.975835,1,1.572700,0
2012-09-19,sh.603002,7.6000,7.6900,7.4200,7.5500,7.7500,18878734,142498134.0000,3,18.878734,1,-2.580600,0
2012-09-20,sh.603002,7.4700,7.4900,6.9100,7.0100,7.5500,21683565,155003359.0000,3,21.683565,1,-7.152300,0
2012-09-21,sh.603002,7.0000,7.0700,6.6700,6.7200,7.0100,15734445,107988165.0000,3,15.734445,1,-4.136900,0
2012-09-24,sh.603002,6.6800,6.9400,6.6300,6.8600,6.7200,14553174,98972047.0000,3,14.553174,1,2.083300,0
2012-09-25,sh.603002,6.7500,6.9800,6.7400,6.8300,6.8600,14881215,101919439.0000,3,14.881215,1,-0.437300,0
2012-09-26,sh.603002,6.7400,7.3000,6.6600,6.9000,6.8300,27048350,190134814.0000,3,27.048350,1,1.024900,0
2012-09-27,sh.603002,6.6900,7.0800,6.4800,6.9400,6.9000,21382475,145775075.0000,3,21.382475,1,0.579700,0
2012-09-28,sh.603002,6.8500,6.9600,6.7100,6.7900,6.9400,15707781,107022521.0000,3,15.707781,1,-2.161400,0
2012-10-08,sh.603002,6.8100,7.1300,6.7900,7.1000,6.7900,18735310,131235942.0000,3,18.735310,1,4.565500,0
2012-10-09,sh.603002,7.0300,7.7400,7.0000,7.5000,7.1000,29251671,215741205.0000,3,29.251671,1,5.633800,0
2012-10-10,sh.603002,7.4300,7.9500,7.3500,7.7300,7.5000,31065553,237847811.0000,3,31.065553,1,3.066700,0
2012-10-11,sh.603002,7.6300,7.7000,7.1000,7.1400,7.7300,22022072,161592529.0000,3,22.022072,1,-7.632600,0
2012-10-12,sh.603002,7.1000,7.2800,6.9000,7.0500,7.1400,12308367,86807405.0000,3,12.308367,1,-1.260500,0
2012-10-15,sh.603002,7.1000,7.1600,6.8500,6.9500,7.0500,7838570,54812390.0000,3,7.838570,1,-1.418400,0
2012-10-16,sh.603002,6.9400,6.9900,6.8400,6.9200,6.9500,6676093,46229412.0000,3,6.676093,1,-0.431700,0
2012-10-17,sh.603002,6.9600,6.9600,6.7100,6.8500,6.9200,8065549,55082186.0000,3,8.065549,1,-1.011600,0
2012-10-18,sh.603002,6.8400,7.1500,6.8000,7.0900,6.8500,11822840,83117168.0000,3,11.822840,1,3.503600,0
2012-10-19,sh.603002,7.0700,7.4500,6.9400,7.2700,7.0900,17483820,125949308.0000,3,17.483820,1,2.538785,0
2012-10-22,sh.603002,7.1700,7.3100,7.0900,7.1900,7.2700,9657230,69430236.0000,3,9.657230,1,-1.100400,0
2012-10-23,sh.603002,7.2000,7.2800,7.0400,7.0600,7.1900,9871391,70732158.0000,3,9.871391,1,-1.808100,0
2012-10-24,sh.603002,6.9700,7.0100,6.8600,6.9100,7.0600,8183647,56693415.0000,3,8.183647,1,-2.124600,0
2012-10-25,sh.603002,6.8900,6.9700,6.7100,6.7300,6.9100,6653878,45389189.0000,3,6.653878,1,-2.604900,0
2012-10-26,sh.603002,6.7300,6.7700,6.4600,6.4800,6.7300,6487860,42673245.0000,3,6.487860,1,-3.714700,0
2012-10-29,sh.603002,6.4500,6.5600,6.4000,6.4900,6.4800,3593057,23275411.0000,3,3.593057,1,0.154300,0
2012-10-30,sh.603002,6.5300,6.6600,6.4500,6.5100,6.4900,4276730,28035412.0000,3,4.276730,1,0.308200,0
2012-10-31,sh.603002,6.4700,6.5400,6.4100,6.5300,6.5100,3806993,24661031.0000,3,3.806993,1,0.307200,0
2012-11-01,sh.603002,6.5400,6.6700,6.5000,6.6500,6.5300,5770235,38181671.0000,3,5.770235,1,1.837700,0
2012-11-02,sh.603002,6.6000,6.6800,6.5200,6.6100,6.6500,4978501,32850343.0000,3,4.978501,1,-0.601500,0
2012-11-05,sh.603002,6.5800,6.6400,6.3500,6.3600,6.6100,6436458,41488769.0000,3,6.436458,1,-3.782100,0
2012-11-06,sh.603002,6.3100,6.5300,6.2600,6.5000,6.3600,7658456,49134134.0000,3,7.658456,1,2.201300,0
2012-11-07,sh.603002,6.5100,6.5500,6.4200,6.4700,6.5000,4511558,29295599.0000,3,4.511558,1,-0.461500,0
2012-11-08,sh.603002,6.4100,6.4100,6.0800,6.0800,6.4700,6106009,38056661.0000,3,6.106009,1,-6.027800,0
2012-11-09,sh.603002,6.0100,6.1600,5.8900,5.9500,6.0500,4242146,25471450.0000,3,4.242146,1,-1.652900,0
2012-11-12,sh.603002,5.9200,6.0300,5.8200,5.9800,5.9500,4925515,29195030.0000,3,4.925515,1,0.504200,0
2012-11-13,sh.603002,5.9500,5.9800,5.7100,5.7300,5.9800,4264046,24749916.0000,3,4.264046,1,-4.180600,0
2012-11-14,sh.603002,5.7500,5.9500,5.6700,5.8600,5.7300,5252393,30709721.0000,3,5.252393,1,2.268800,0
2012-11-15,sh.603002,5.7900,5.8300,5.6800,5.6800,5.8600,3372023,19385740.0000,3,3.372023,1,-3.071700,0
2012-11-16,sh.603002,5.6700,5.7500,5.6200,5.7400,5.6800,3392615,19324122.0000,3,3.392615,1,1.056300,0
2012-11-19,sh.603002,5.7400,5.9500,5.6700,5.8900,5.7400,5580202,32457757.0000,3,5.580202,1,2.613200,0
2012-11-20,sh.603002,5.8700,5.9300,5.7500,5.7600,5.8900,4594183,26859097.0000,3,4.594183,1,-2.207100,0
2012-11-21,sh.603002,5.7500,5.9500,5.7200,5.9400,5.7600,6314536,36976475.0000,3,6.314536,1,3.125000,0
2012-11-22,sh.603002,5.9100,6.1500,5.8300,5.9400,5.9400,10254046,61500174.0000,3,10.254046,1,0.000000,0
2012-11-23,sh.603002,5.9300,6.0000,5.8800,5.9300,5.9400,4929098,29200480.0000,3,4.929098,1,-0.168400,0
2012-11-26,sh.603002,5.8900,5.9600,5.8400,5.8600,5.9300,3696089,21736386.0000,3,3.696089,1,-1.180400,0
2012-11-27,sh.603002,5.8000,5.8400,5.3100,5.3900,5.8600,5482133,30403632.0000,3,5.482133,1,-8.020500,0
2012-11-28,sh.603002,5.2600,5.3600,5.2100,5.2500,5.3900,3824663,20139431.0000,3,3.824663,1,-2.597400,0
2012-11-29,sh.603002,5.2700,5.4500,5.2000,5.2300,5.2500,4266812,22653709.0000,3,4.266812,1,-0.381000,0
2012-11-30,sh.603002,5.2100,5.3300,5.1300,5.2900,5.2300,4141020,21784238.0000,3,4.141020,1,1.147200,0
2012-12-03,sh.603002,5.2500,5.2900,5.0500,5.0800,5.2900,4535291,23446618.0000,3,4.535291,1,-3.969800,0
2012-12-04,sh.603002,5.0700,5.4700,5.0200,5.4200,5.0800,9584380,50836702.0000,3,9.584380,1,6.692900,0
2012-12-05,sh.603002,5.3500,5.6600,5.2900,5.5300,5.4200,12519105,68919260.0000,3,12.519105,1,2.029500,0
2012-12-06,sh.603002,5.4800,5.5400,5.3900,5.4400,5.5300,6459824,35286267.0000,3,6.459824,1,-1.627500,0
2012-12-07,sh.603002,5.4300,5.7500,5.4300,5.6400,5.4400,10098437,56663954.0000,3,10.098437,1,3.676500,0
2012-12-10,sh.603002,5.7500,6.2000,5.7100,6.2000,5.6400,11940213,71783539.0000,3,11.940213,1,9.929100,0
2012-12-11,sh.603002,6.4400,6.7200,6.2800,6.4600,6.2000,28674072,186555395.0000,3,28.674072,1,4.193500,0
2012-12-12,sh.603002,6.5100,6.5700,6.1900,6.3500,6.4600,15942655,101240765.0000,3,15.942655,1,-1.702800,0
2012-12-13,sh.603002,6.2000,6.3200,6.0800,6.1300,6.3500,11329432,70074662.0000,3,11.329432,1,-3.464600,0
2012-12-14,sh.603002,6.0700,6.5700,6.0700,6.4300,6.1300,18029179,114418472.0000,3,18.029179,1,4.894000,0
2012-12-17,sh.603002,6.5500,6.6800,6.3800,6.5300,6.4300,15066002,98131096.0000,3,15.066002,1,1.555200,0
2012-12-18,sh.603002,6.4100,6.5400,6.2900,6.3500,6.5300,9569852,61385504.0000,3,9.569852,1,-2.756500,0
2012-12-19,sh.603002,6.5200,6.9900,6.5100,6.9900,6.3500,15437425,105418030.0000,3,15.437425,1,10.078700,0
2012-12-20,sh.603002,7.3100,7.3100,6.8200,6.9800,6.9900,29919764,211110467.0000,3,29.919764,1,-0.143100,0
2012-12-21,sh.603002,6.8000,6.9500,6.7400,6.8600,6.9800,16939689,115633750.0000,3,16.939689,1,-1.719200,0
2012-12-24,sh.603002,6.8900,6.9200,6.6800,6.8100,6.8600,10407636,70333585.0000,3,10.407636,1,-0.728900,0
2012-12-25,sh.603002,6.7200,7.0300,6.7000,6.9200,6.8100,14458103,99527162.0000,3,14.458103,1,1.615300,0
2012-12-26,sh.603002,6.8600,7.0500,6.8000,7.0200,6.9200,13188406,91739952.0000,3,13.188406,1,1.445100,0
2012-12-27,sh.603002,7.0100,7.1300,6.6700,6.7100,7.0200,10736564,73711862.0000,3,10.736564,1,-4.416000,0
2012-12-28,sh.603002,6.6200,6.8700,6.5900,6.7300,6.7100,7755285,52254285.0000,3,7.755285,1,0.298100,0
2012-12-31,sh.603002,6.7300,6.9800,6.6700,6.8800,6.7300,9267284,63278637.0000,3,9.267284,1,2.228800,0
2013-01-04,sh.603002,6.9800,6.9800,6.6800,6.7500,6.8800,7600579,51504535.0000,3,7.600579,1,-1.889500,0
2013-01-07,sh.603002,6.7000,6.9800,6.6300,6.9700,6.7500,10970483,74904219.0000,3,10.970483,1,3.259300,0
2013-01-08,sh.603002,6.9100,7.6100,6.8500,7.1700,6.9700,21401302,154202391.0000,3,21.401302,1,2.869400,0
2013-01-09,sh.603002,7.1600,7.1600,6.8700,6.9700,7.1700,13282224,93100902.0000,3,13.282224,1,-2.789400,0
2013-01-10,sh.603002,7.0400,7.1700,6.9200,7.0100,6.9700,8795608,61979225.0000,3,8.795608,1,0.573900,0
2013-01-11,sh.603002,7.1000,7.4700,6.9700,7.0100,7.0100,22309410,161059933.0000,3,22.309410,1,0.000000,0
2013-01-14,sh.603002,6.8600,7.5500,6.8500,7.3600,7.0100,22118444,159801179.0000,3,22.118444,1,4.992900,0
2013-01-15,sh.603002,7.3900,7.9300,7.3100,7.5300,7.3600,24891818,189966508.0000,3,24.891818,1,2.309800,0
2013-01-16,sh.603002,7.4000,8.2500,7.4000,8.1000,7.5300,29935565,237735431.0000,3,29.935565,1,7.569700,0
2013-01-17,sh.603002,8.0000,8.0000,7.5700,7.7500,8.1000,19334694,149896595.0000,3,19.334694,1,-4.321000,0
2013-01-18,sh.603002,8.1700,8.5300,8.1000,8.5300,7.7500,35811152,301127927.0000,3,35.811152,1,10.064500,0
2013-01-21,sh.603002,9.0000,9.3800,8.9000,9.3800,8.5300,52486265,484687337.0000,3,52.486265,1,9.964800,0
2013-01-22,sh.603002,8.8000,9.0400,8.5000,8.7300,9.3800,39566832,348380109.0000,3,39.566832,1,-6.929600,0
2013-01-23,sh.603002,8.6000,9.3800,8.5500,9.0400,8.7300,34968688,316861808.0000,3,34.968688,1,3.551000,0
2013-01-24,sh.603002,8.7800,8.8800,8.2700,8.5300,9.0400,29795748,255771403.0000,3,29.795748,1,-5.641600,0
2013-01-25,sh.603002,8.4000,8.5800,8.1200,8.1700,8.5300,15922217,131939079.0000,3,15.922217,1,-4.220400,0
2013-01-28,sh.603002,8.1700,8.4000,8.1500,8.3800,8.1700,14851349,123255565.0000,3,14.851349,1,2.570400,0
2013-01-29,sh.603002,8.3000,8.9600,8.2400,8.5800,8.3800,24287115,210507656.0000,3,24.287115,1,2.386600,0
2013-01-30,sh.603002,8.5000,8.8200,8.3200,8.6400,8.5800,19587830,168599491.0000,3,19.587830,1,0.699300,0
2013-01-31,sh.603002,8.4300,8.5400,8.1900,8.3000,8.6400,13716715,114124513.0000,3,13.716715,1,-3.935200,0
2013-02-01,sh.603002,8.2400,8.6600,8.2100,8.3900,8.3000,12506749,105819431.0000,3,12.506749,1,1.084300,0
2013-02-04,sh.603002,8.3000,8.5100,8.1100,8.3300,8.3900,12004394,99708927.0000,3,12.004394,1,-0.715100,0
2013-02-05,sh.603002,8.2800,8.6400,8.2100,8.6200,8.3300,12755249,107724551.0000,3,12.755249,1,3.481400,0
2013-02-06,sh.603002,8.5100,8.9500,8.5100,8.5300,8.6200,15102712,131993640.0000,3,15.102712,1,-1.044100,0
2013-02-07,sh.603002,8.5000,8.8100,8.4800,8.7400,8.5300,12264550,106652348.0000,3,12.264550,1,2.461900,0
2013-02-08,sh.603002,8.7900,8.7900,8.6000,8.6900,8.7400,9065893,78631404.0000,3,9.065893,1,-0.572100,0
2013-02-18,sh.603002,8.6600,8.6600,8.3900,8.4700,8.6900,9511058,80752665.0000,3,9.511058,1,-2.531600,0
2013-02-19,sh.603002,8.5200,8.7000,8.3800,8.4100,8.4700,8446120,72214091.0000,3,8.446120,1,-0.708400,0
2013-02-20,sh.603002,8.3500,8.4500,8.1600,8.4400,8.4100,8775326,72719429.0000,3,8.775326,1,0.356700,0
2013-02-21,sh.603002,8.3000,8.3400,8.1200,8.1700,8.4400,6991215,57491608.0000,3,6.991215,1,-3.199100,0
2013-02-22,sh.603002,8.3300,8.5900,8.2900,8.3700,8.1700,14402962,121615901.0000,3,14.402962,1,2.448000,0
2013-02-25,sh.603002,8.3000,9.2000,8.2500,9.0700,8.3700,27329166,241468057.0000,3,27.329166,1,8.363200,0
2013-02-26,sh.603002,8.7800,8.9800,8.6500,8.6600,9.0700,17219885,151545839.0000,3,17.219885,1,-4.520400,0
2013-02-27,sh.603002,8.6600,9.4600,8.5900,9.3100,8.6600,28730486,260160954.0000,3,28.730486,1,7.505800,0
2013-02-28,sh.603002,9.2000,9.3500,8.9400,9.2900,9.3100,18937716,173262154.0000,3,18.937716,1,-0.214800,0
2013-03-01,sh.603002,9.1800,9.6800,9.1800,9.2500,9.2900,19322551,181569057.0000,3,19.322551,1,-0.430600,0
2013-03-04,sh.603002,9.0500,9.1000,8.5800,8.6600,9.2500,16562044,146113119.0000,3,16.562044,1,-6.378400,0
2013-03-05,sh.603002,8.5300,8.9600,8.5300,8.8600,8.6600,10149371,89177492.0000,3,10.149371,1,2.309500,0
2013-03-06,sh.603002,8.8600,9.0500,8.6600,8.8900,8.8600,11705325,103899630.0000,3,11.705325,1,0.338600,0
2013-03-07,sh.603002,8.8400,8.8500,8.3400,8.4100,8.8900,11699602,100577970.0000,3,11.699602,1,-5.399300,0
2013-03-08,sh.603002,8.4200,8.5600,8.3600,8.4100,8.4100,5395524,45606508.0000,3,5.395524,1,0.000000,0
2013-03-11,sh.603002,8.3800,8.5600,8.3500,8.4400,8.4100,3789200,32054096.0000,3,3.789200,1,0.356700,0
2013-03-12,sh.603002,8.4300,8.4900,7.9600,8.1100,8.4400,8053749,65858901.0000,3,8.053749,1,-3.910000,0
2013-03-13,sh.603002,8.1300,8.1500,7.8300,7.9700,8.1100,5632012,44765335.0000,3,5.632012,1,-1.726300,0
2013-03-14,sh.603002,7.9500,8.0700,7.8900,7.9900,7.9700,3380229,27049942.0000,3,3.380229,1,0.250900,0
2013-03-15,sh.603002,7.9800,8.3000,7.6300,8.1100,7.9900,7832426,63408908.0000,3,7.832426,1,1.501900,0
2013-03-18,sh.603002,8.0100,8.1000,7.9500,8.0000,8.1100,3566244,28571588.0000,3,3.566244,1,-1.356400,0
2013-03-19,sh.603002,8.0300,8.1900,7.8600,8.1400,8.0000,5207210,42048964.0000,3,5.207210,1,1.750000,0
2013-03-20,sh.603002,8.1300,8.3900,8.1200,8.3500,8.1400,7545890,62548680.0000,3,7.545890,1,2.579900,0
2013-03-21,sh.603002,8.3000,8.5800,8.3000,8.4900,8.3500,9401646,79600424.0000,3,9.401646,1,1.676600,0
2013-03-22,sh.603002,8.4700,8.4900,8.2800,8.3400,8.4900,5451119,45555152.0000,3,5.451119,1,-1.766800,0
2013-03-25,sh.603002,8.3600,8.3900,8.1100,8.2200,8.3400,4995904,40993056.0000,3,4.995904,1,-1.438800,0
2013-03-26,sh.603002,8.1300,8.3500,8.0100,8.3000,8.2200,6558243,53461404.0000,3,6.558243,1,0.973200,0
2013-03-27,sh.603002,8.2500,8.3600,8.1300,8.2100,8.3000,4177633,34503384.0000,3,4.177633,1,-1.084300,0
2013-03-28,sh.603002,8.1100,8.1100,7.7900,7.8000,8.2100,5787799,45715424.0000,3,5.787799,1,-4.993900,0
2013-03-29,sh.603002,7.8400,8.5800,7.8400,8.4200,7.8000,20567592,171829088.0000,3,20.567592,1,7.948700,0
2013-04-01,sh.603002,8.4200,9.1800,8.2600,8.7000,8.4200,25033011,217611040.0000,3,25.033011,1,3.325400,0
2013-04-02,sh.603002,8.6100,9.0400,8.3700,8.4700,8.7000,16447333,141542528.0000,3,16.447333,1,-2.643700,0
2013-04-03,sh.603002,8.3800,8.4100,7.8600,8.0200,8.4700,9797897,78982112.0000,3,9.797897,1,-5.312900,0
2013-04-08,sh.603002,7.8500,8.2500,7.5600,8.1500,8.0200,8011086,63049624.0000,3,8.011086,1,1.620900,0
2013-04-09,sh.603002,8.0300,8.2000,8.0300,8.1000,8.1500,5164169,41833496.0000,3,5.164169,1,-0.613500,0
2013-04-10,sh.603002,8.1100,8.3200,8.0500,8.2500,8.1000,7123411,58405784.0000,3,7.123411,1,1.851800,0
2013-04-11,sh.603002,8.2400,8.4000,8.0600,8.1700,8.2500,8407048,69457768.0000,3,8.407048,1,-0.969700,0
2013-04-12,sh.603002,8.1800,8.2500,7.8900,7.9300,8.1700,5921575,47621140.0000,3,5.921575,1,-2.937580,0
2013-04-15,sh.603002,7.7500,7.9000,7.7000,7.7800,7.9300,2971790,23182852.0000,3,2.971790,1,-1.891500,0
2013-04-16,sh.603002,7.7500,7.9300,7.6600,7.9000,7.7800,2405454,18857374.0000,3,2.405454,1,1.542415,0
2013-04-17,sh.603002,7.9800,7.9800,7.8000,7.9100,7.9000,2594204,20478536.0000,3,2.594204,1,0.126600,0
2013-04-18,sh.603002,7.8200,8.0400,7.7900,8.0000,7.9100,3919701,31119972.0000,3,3.919701,1,1.137800,0
2013-04-19,sh.603002,7.9800,8.2200,7.9100,8.1700,8.0000,6003426,48838392.0000,3,6.003426,1,2.125001,0
2013-04-22,sh.603002,8.0800,8.1200,7.9900,8.1100,8.1700,4195508,33779952.0000,3,4.195508,1,-0.734400,0
2013-04-23,sh.603002,8.1100,8.1100,7.7000,7.7500,8.1100,4506756,35490088.0000,3,4.506756,1,-4.439000,0
2013-04-24,sh.603002,7.8200,7.9700,7.7900,7.8900,7.7500,3822162,30148204.0000,3,3.822162,1,1.806400,0
2013-04-25,sh.603002,7.8200,7.9000,7.6600,7.6700,7.8900,4815738,37495804.0000,3,4.815738,1,-2.788300,0
2013-04-26,sh.603002,7.6200,7.7300,7.0600,7.0800,7.6700,7147661,52444508.0000,3,7.147661,1,-7.692309,0
2013-05-02,sh.603002,7.0800,7.2200,7.0600,7.1300,7.0800,3185168,22732844.0000,3,3.185168,1,0.706200,0
2013-05-03,sh.603002,7.1500,7.3600,7.1500,7.2500,7.1300,3652395,26618052.0000,3,3.652395,1,1.683028,0
2013-05-06,sh.603002,7.3000,7.4900,7.2400,7.4500,7.2500,3923671,28943084.0000,3,3.923671,1,2.758600,0
2013-05-07,sh.603002,7.4500,7.6600,7.3700,7.5800,7.4500,4935424,37263776.0000,3,4.935424,1,1.745000,0
2013-05-08,sh.603002,7.7100,7.7300,7.4400,7.5900,7.5800,4697649,35631276.0000,3,4.697649,1,0.131900,0
2013-05-09,sh.603002,7.6300,8.2100,7.6100,8.0100,7.5900,18001548,143011904.0000,3,18.001548,1,5.533600,0
2013-05-10,sh.603002,7.9100,8.2000,7.8100,7.9200,8.0100,12223851,97789440.0000,3,12.223851,1,-1.123600,0
2013-05-13,sh.603002,7.8400,7.9200,7.6200,7.7900,7.9200,7226978,55919136.0000,3,7.226978,1,-1.641400,0
2013-05-14,sh.603002,7.7000,7.7100,7.4300,7.4900,7.7900,6338688,47776052.0000,3,6.338688,1,-3.851100,0
2013-05-15,sh.603002,7.5400,7.9300,7.5400,7.8200,7.4900,10302147,80312864.0000,3,10.302147,1,4.405900,0
2013-05-16,sh.603002,7.8000,8.0900,7.5800,7.9400,7.8200,12822229,101644448.0000,3,12.822229,1,1.534500,0
2013-05-17,sh.603002,7.9000,8.0100,7.7700,7.9200,7.9400,8878785,70077512.0000,3,8.878785,1,-0.251900,0
2013-05-20,sh.603002,7.8900,8.7000,7.8500,8.6200,7.9200,23818574,198470560.0000,3,12.536092,1,8.838400,0
2013-05-21,sh.603002,8.4800,8.6700,8.3500,8.6100,8.6200,30986645,263756800.0000,3,16.308761,1,-0.116012,0
2013-05-22,sh.603002,8.5100,8.6200,8.3500,8.4800,8.6100,14478981,122830688.0000,3,7.620516,1,-1.509900,0
2013-05-23,sh.603002,8.3800,8.8500,8.3600,8.4900,8.4800,23992533,206044160.0000,3,12.627649,1,0.117900,0
2013-05-24,sh.603002,8.5100,8.7000,8.2500,8.6600,8.4900,21233278,179755952.0000,3,11.175409,1,2.002400,0
2013-05-27,sh.603002,8.7500,8.7800,8.5300,8.6600,8.6600,14155568,122416704.0000,3,7.450299,1,0.000000,0
2013-05-28,sh.603002,8.6100,8.6300,8.2800,8.4500,8.6600,12821623,107761160.0000,3,6.748223,1,-2.424900,0
2013-05-29,sh.603002,8.4000,8.5700,8.4000,8.5100,8.4500,10070706,85682304.0000,3,5.300372,1,0.710100,0
2013-05-30,sh.603002,8.7000,9.0800,8.6000,8.6500,8.5100,27277598,239344224.0000,3,14.356631,1,1.645100,0
2013-05-31,sh.603002,8.5800,8.6000,8.3500,8.3600,8.6500,17435678,147132848.0000,3,9.176673,1,-3.352601,0
2013-06-03,sh.603002,8.3100,8.4100,8.2500,8.2900,8.3600,7880383,65615848.0000,3,4.147570,1,-0.837300,0
2013-06-04,sh.603002,8.2500,8.3700,7.9600,8.0600,8.2900,9698004,79371088.0000,3,5.104213,1,-2.774400,0
2013-06-05,sh.603002,8.1500,8.3700,8.1300,8.2800,8.0600,9933569,82214736.0000,3,5.228194,1,2.729500,0
2013-06-06,sh.603002,8.2000,8.2400,7.9600,8.0000,8.2800,7898668,63712208.0000,3,4.157194,1,-3.381600,0
2013-06-07,sh.603002,8.0100,8.1000,7.6400,7.7700,8.0000,6568655,51318896.0000,3,3.457187,1,-2.875000,0
2013-06-13,sh.603002,7.5900,7.5900,7.1800,7.3900,7.7700,4864512,35856400.0000,3,2.560269,1,-4.890600,0
2013-06-14,sh.603002,7.4000,7.5700,7.4000,7.5600,7.3900,4364758,32819422.0000,3,2.297241,1,2.300400,0
2013-06-17,sh.603002,7.5300,7.6100,7.4200,7.4900,7.5600,4609315,34634984.0000,3,2.425955,1,-0.925900,0
2013-06-18,sh.603002,7.5300,7.5500,7.3300,7.4000,7.4900,4117036,30582184.0000,3,2.166861,1,-1.201600,0
2013-06-19,sh.603002,7.3500,7.6200,7.2600,7.5800,7.4000,6745039,50606656.0000,3,3.550021,1,2.432400,0
2013-06-20,sh.603002,7.5400,7.5400,7.1500,7.1800,7.5400,5713692,41735976.0000,3,3.007206,1,-4.774500,0
2013-06-21,sh.603002,7.0000,7.0500,6.6800,7.0200,7.1800,4831562,33317948.0000,3,2.542927,1,-2.228400,0
2013-06-24,sh.603002,6.9800,6.9800,6.3200,6.3200,7.0200,5964969,39155924.0000,3,3.139457,1,-9.971500,0
2013-06-25,sh.603002,6.2100,6.4200,5.6900,6.2900,6.3200,9597557,57946404.0000,3,5.051346,1,-0.474700,0
2013-06-26,sh.603002,6.2500,6.3900,6.0900,6.3700,6.2900,7219295,45218952.0000,3,3.799629,1,1.271900,0
2013-06-27,sh.603002,6.3700,6.7500,6.3500,6.4200,6.3700,10791996,70385720.0000,3,5.679998,1,0.784900,0
2013-06-28,sh.603002,6.2700,6.5200,6.1600,6.3200,6.4200,5577689,35312384.0000,3,2.935626,1,-1.557600,0
2013-07-01,sh.603002,6.3400,6.4500,6.2200,6.4400,6.3200,4301088,27296232.0000,3,2.263731,1,1.898700,0
2013-07-02,sh.603002,6.4400,6.5900,6.4100,6.5800,6.4400,6848760,44645552.0000,3,3.604611,1,2.173900,0
2013-07-03,sh.603002,6.5600,6.5600,6.3000,6.4800,6.5800,5828085,37448680.0000,3,3.067413,1,-1.519800,0
2013-07-04,sh.603002,6.3900,6.7600,6.3500,6.5700,6.4800,7806853,51507724.0000,3,4.108870,1,1.388900,0
2013-07-05,sh.603002,6.5600,6.6400,6.5200,6.5500,6.5700,5483646,36024308.0000,3,2.886129,1,-0.304400,0
2013-07-08,sh.603002,6.3900,6.3900,6.1200,6.1700,6.5500,5398161,33732244.0000,3,2.841137,1,-5.801500,0
2013-07-09,sh.603002,6.1100,6.2300,6.0800,6.1500,6.1700,2838766,17488876.0000,3,1.494087,1,-0.324100,0
2013-07-10,sh.603002,6.1800,6.4000,6.1400,6.3900,6.1500,6684251,42082420.0000,3,3.518027,1,3.902400,0
2013-07-11,sh.603002,6.4100,6.7700,6.3300,6.6400,6.3900,9337353,61419816.0000,3,4.914396,1,3.912400,0
2013-07-12,sh.603002,6.6100,6.8100,6.5200,6.5500,6.6400,8086700,53912636.0000,3,4.256158,1,-1.355400,0
2013-07-15,sh.603002,6.6000,6.7400,6.5700,6.6900,6.5500,5886598,39229448.0000,3,3.098209,1,2.137400,0
2013-07-16,sh.603002,6.7000,6.9700,6.5900,6.9200,6.6900,11409857,77899152.0000,3,6.005188,1,3.438000,0
2013-07-17,sh.603002,6.9000,6.9600,6.6300,6.6900,6.9200,9248615,62937748.0000,3,4.867692,1,-3.323700,0
2013-07-18,sh.603002,6.6200,6.9500,6.5900,6.8300,6.6900,8974618,61193212.0000,3,4.723483,1,2.092700,0
2013-07-19,sh.603002,6.8000,6.8600,6.4200,6.4300,6.8300,7044892,47112720.0000,3,3.707838,1,-5.856500,0
2013-07-22,sh.603002,6.3600,6.6300,6.2400,6.5900,6.4300,4849944,31531868.0000,3,2.552602,1,2.488300,0
2013-07-23,sh.603002,6.5900,6.8500,6.5500,6.8200,6.5900,7828197,52864676.0000,3,4.120104,1,3.490100,0
2013-07-24,sh.603002,6.8500,6.9800,6.7500,6.9600,6.8200,10505725,72384784.0000,3,5.529329,1,2.052800,0
2013-07-25,sh.603002,6.9000,6.9500,6.6800,6.7100,6.9600,6987523,47510832.0000,3,3.677644,1,-3.592000,0
2013-07-26,sh.603002,6.6900,6.8800,6.6400,6.8500,6.7100,6061642,40995092.0000,3,3.190338,1,2.086400,0
2013-07-29,sh.603002,6.8800,7.0600,6.6700,6.7100,6.8500,9282363,63614232.0000,3,4.885454,1,-2.043800,0
2013-07-30,sh.603002,6.6800,6.8000,6.4500,6.6000,6.7100,5362136,35552680.0000,3,2.822177,1,-1.639300,0
2013-07-31,sh.603002,6.6300,6.8200,6.6000,6.6600,6.6000,5309483,35570876.0000,3,2.794465,1,0.909100,0
2013-08-01,sh.603002,6.7100,7.0000,6.6400,6.9000,6.6600,10278348,70412464.0000,3,5.409657,1,3.603600,0
2013-08-02,sh.603002,6.9100,7.2500,6.8900,7.1200,6.9000,18323994,129928224.0000,3,9.644207,1,3.188400,0
2013-08-05,sh.603002,7.1500,7.1900,7.0800,7.1300,7.1200,11278596,80480008.0000,3,5.936103,1,0.140400,0
2013-08-06,sh.603002,7.0900,7.1500,7.0300,7.1200,7.1300,8166476,57903440.0000,3,4.298145,1,-0.140300,0
2013-08-07,sh.603002,7.0600,7.2400,6.9400,6.9700,7.1200,8579882,60932416.0000,3,4.515727,1,-2.106700,0
2013-08-08,sh.603002,6.9700,7.1300,6.9300,7.0900,6.9700,6625050,46632252.0000,3,3.486868,1,1.721700,0
2013-08-09,sh.603002,7.1000,7.1600,6.9000,7.0200,7.0900,6038046,42327176.0000,3,3.177919,1,-0.987300,0
2013-08-12,sh.603002,7.0800,7.1800,7.0200,7.1600,7.0200,7844117,55616788.0000,3,4.128483,1,1.994300,0
2013-08-13,sh.603002,7.1600,7.3600,7.1100,7.3000,7.1600,11154494,80758360.0000,3,5.870786,1,1.955300,0
2013-08-14,sh.603002,7.2800,7.3200,7.1300,7.1600,7.3000,7424240,53524540.0000,3,3.907495,1,-1.917800,0
2013-08-15,sh.603002,7.1600,7.1900,6.9900,7.0100,7.1600,5966019,42201280.0000,3,3.140010,1,-2.095000,0
2013-08-16,sh.603002,6.9500,7.1900,6.8200,6.8500,7.0100,5710056,39946600.0000,3,3.005293,1,-2.282500,0
2013-08-19,sh.603002,6.7900,6.9800,6.7700,6.9800,6.8500,3470906,23927332.0000,3,1.826793,1,1.897800,0
2013-08-20,sh.603002,6.9500,7.0600,6.9000,6.9400,6.9800,3452452,24086024.0000,3,1.817080,1,-0.573100,0
2013-08-21,sh.603002,6.9500,7.0600,6.8100,7.0400,6.9400,5781202,40076216.0000,3,3.042738,1,1.440900,0
2013-08-22,sh.603002,7.0200,7.1200,6.9900,7.0500,7.0400,5445514,38453648.0000,3,2.866060,1,0.142000,0
2013-08-23,sh.603002,7.1100,7.2000,6.8800,7.0400,7.0500,7874390,55693548.0000,3,4.144416,1,-0.141800,0
2013-08-26,sh.603002,7.0100,7.2700,7.0000,7.2600,7.0400,10334521,74124456.0000,3,5.439222,1,3.125000,0
2013-08-27,sh.603002,7.2600,7.3100,7.1300,7.2800,7.2600,8641662,62558096.0000,3,4.548243,1,0.275500,0
2013-08-28,sh.603002,7.2000,7.2100,6.9800,7.0000,7.2800,13407809,94995176.0000,3,7.056742,1,-3.846200,0
2013-08-29,sh.603002,7.0100,7.1100,6.9600,7.0400,7.0000,6039626,42468024.0000,3,3.178751,1,0.571400,0
2013-08-30,sh.603002,7.0400,7.0500,6.6800,6.7200,7.0400,10136107,69933968.0000,3,5.334793,1,-4.545500,0
2013-09-02,sh.603002,6.7100,6.8300,6.6200,6.7900,6.7200,4055535,27412078.0000,3,2.134492,1,1.041700,0
2013-09-03,sh.603002,6.7700,6.9200,6.7500,6.9100,6.7900,4644804,31928708.0000,3,2.444634,1,1.767300,0
2013-09-04,sh.603002,6.8900,6.9300,6.8400,6.8800,6.9100,4508097,31000968.0000,3,2.372683,1,-0.434200,0
2013-09-05,sh.603002,6.8700,7.3000,6.8200,7.0900,6.8800,10193248,71341816.0000,3,5.364867,1,3.052300,0
2013-09-06,sh.603002,7.0200,7.2700,7.0200,7.2000,7.0900,16475722,118611296.0000,3,8.671433,1,1.551500,0
2013-09-09,sh.603002,7.1100,7.2200,7.0800,7.1800,7.2000,8890218,63494048.0000,3,4.679062,1,-0.277800,0
2013-09-10,sh.603002,7.1700,7.3100,7.1100,7.2800,7.1800,10414495,75114960.0000,3,5.481313,1,1.392800,0
2013-09-11,sh.603002,7.2200,7.5600,7.0700,7.5300,7.2800,22556282,164988761.0000,3,11.871727,1,3.434100,0
2013-09-12,sh.603002,7.4000,7.4900,7.3300,7.3800,7.5300,11589912,85843784.0000,3,6.099954,1,-1.992000,0
2013-09-13,sh.603002,7.3500,7.4500,7.2300,7.2500,7.3800,6252489,45566258.0000,3,3.290784,1,-1.761500,0
2013-09-16,sh.603002,7.2500,7.4900,7.2200,7.4300,7.2500,9999876,73766212.0000,3,5.263093,1,2.482800,0
2013-09-17,sh.603002,7.4000,7.6600,7.1800,7.1900,7.4300,9966803,74025205.0000,3,5.245686,1,-3.230100,0
2013-09-18,sh.603002,7.1400,7.2900,7.1400,7.1600,7.1900,5642250,40522238.0000,3,2.969605,1,-0.417200,0
2013-09-23,sh.603002,7.1700,7.2800,7.1500,7.2600,7.1600,4432728,32001499.0000,3,2.333015,1,1.396600,0
2013-09-24,sh.603002,7.2800,7.3200,7.2000,7.2500,7.2600,4577855,33186576.0000,3,2.409397,1,-0.137700,0
2013-09-25,sh.603002,7.2600,7.3200,7.1200,7.1300,7.2500,5750740,41501842.0000,3,3.026705,1,-1.655200,0
2013-09-26,sh.603002,7.1200,7.1300,6.9300,6.9400,7.1300,6088078,42673526.0000,3,3.204252,1,-2.664800,0
2013-09-27,sh.603002,6.9900,7.3000,6.9600,6.9900,6.9400,6366555,44979652.0000,3,3.350818,1,0.720500,0
2013-09-30,sh.603002,7.0000,7.0700,6.9800,7.0400,6.9900,2994706,21016863.0000,3,1.576161,1,0.715300,0
2013-10-08,sh.603002,7.0400,7.2000,6.9800,7.1600,7.0400,5385094,38309715.0000,3,2.834260,1,1.704500,0
2013-10-09,sh.603002,7.1400,7.2300,7.0900,7.1900,7.1600,4616308,33137273.0000,3,2.429636,1,0.419000,0
2013-10-10,sh.603002,7.1900,7.2200,7.0400,7.0700,7.1900,4694375,33391464.0000,3,2.470724,1,-1.669000,0
2013-10-11,sh.603002,7.1000,7.3500,7.0700,7.2900,7.0700,9849304,71110832.0000,3,5.183844,1,3.111700,0
2013-10-14,sh.603002,7.2500,7.3400,7.1900,7.2900,7.2900,7905999,57493331.0000,3,4.161052,1,0.000000,0
2013-10-15,sh.603002,7.2800,7.3400,7.1700,7.2300,7.2900,6711927,48565906.0000,3,3.532593,1,-0.823000,0
2013-10-16,sh.603002,7.1800,7.6600,7.1300,7.3900,7.2300,19217291,142729985.0000,3,10.114364,1,2.213000,0
2013-10-17,sh.603002,7.3700,7.5300,7.3200,7.4000,7.3900,13959039,103539318.0000,3,7.346863,1,0.135300,0
2013-10-18,sh.603002,7.4000,7.7700,7.3500,7.6300,7.4000,20042246,152536974.0000,3,10.548551,1,3.108100,0
2013-10-21,sh.603002,7.6300,8.1800,7.5100,7.9400,7.6300,24298311,190986822.0000,3,12.788585,1,4.062900,0
2013-10-22,sh.603002,7.9000,8.0800,7.7800,7.8800,7.9400,16421394,130006081.0000,3,8.642839,1,-0.755700,0
2013-10-23,sh.603002,7.9800,8.0000,7.4600,7.4800,7.8800,14204393,109182578.0000,3,7.475996,1,-5.076100,0
2013-10-24,sh.603002,7.4100,7.5200,7.2700,7.3400,7.4800,10820663,79665169.0000,3,5.695086,1,-1.871700,0
2013-10-25,sh.603002,7.3600,7.4200,7.1500,7.2400,7.3400,6848250,49852434.0000,3,3.604342,1,-1.362400,0
2013-10-28,sh.603002,7.2500,7.2900,7.1500,7.2800,7.2400,4260166,30732463.0000,3,2.242193,1,0.552500,0
2013-10-29,sh.603002,7.2700,7.3000,6.5500,6.7200,7.2800,11177588,76195811.0000,3,5.882941,1,-7.692300,0
2013-10-30,sh.603002,6.7100,6.8100,6.6300,6.7900,6.7200,5787736,38916291.0000,3,3.046177,1,1.041700,0
2013-10-31,sh.603002,6.7600,6.7600,6.6300,6.6500,6.7900,4866292,32515786.0000,3,2.561206,1,-2.061900,0
2013-11-01,sh.603002,6.6000,6.6800,6.5000,6.6200,6.6500,3815399,25109088.0000,3,2.008105,1,-0.451100,0
2013-11-04,sh.603002,6.6400,6.7200,6.6000,6.6600,6.6200,3781456,25182065.0000,3,1.990240,1,0.604200,0
2013-11-05,sh.603002,6.6900,6.7500,6.4900,6.7400,6.6600,4781242,31746280.0000,3,2.516443,1,1.201200,0
2013-11-06,sh.603002,6.6900,6.8200,6.6800,6.6900,6.7400,5135921,34615462.0000,3,2.703116,1,-0.741800,0
2013-11-07,sh.603002,6.6500,6.7000,6.5100,6.5100,6.6900,3648825,24016471.0000,3,1.920434,1,-2.690600,0
2013-11-08,sh.603002,6.4800,6.4800,6.2500,6.2800,6.5100,4082640,25942149.0000,3,2.148758,1,-3.533000,0
2013-11-11,sh.603002,6.2600,6.4000,6.2200,6.3500,6.2800,2670001,16872435.0000,3,1.405264,1,1.114600,0
2013-11-12,sh.603002,6.3000,6.8100,6.2900,6.7600,6.3500,8493515,56238926.0000,3,4.470271,1,6.456700,0
2013-11-13,sh.603002,6.6900,6.7400,6.4200,6.4600,6.7600,5577601,36572095.0000,3,2.935579,1,-4.437900,0
2013-11-14,sh.603002,6.4300,6.5800,6.3100,6.5400,6.4600,3656489,23612751.0000,3,1.924468,1,1.238400,0
2013-11-15,sh.603002,6.5200,6.7400,6.5000,6.6400,6.5400,5184684,34467774.0000,3,2.728781,1,1.529100,0
2013-11-18,sh.603002,6.6700,6.8800,6.6200,6.8200,6.6400,5524352,37408952.0000,3,2.907554,1,2.710800,0
2013-11-19,sh.603002,6.8000,6.8500,6.7100,6.7500,6.8200,4632281,31370752.0000,3,2.438043,1,-1.026400,0
2013-11-20,sh.603002,6.7600,6.8700,6.7400,6.8600,6.7500,4543799,30992440.0000,3,2.391473,1,1.629600,0
2013-11-21,sh.603002,6.8600,6.8600,6.6700,6.7500,6.8600,4270007,28777523.0000,3,2.247372,1,-1.603500,0
2013-11-22,sh.603002,6.7400,6.8300,6.7000,6.7700,6.7500,2970256,20123637.0000,3,1.563293,1,0.296300,0
2013-11-25,sh.603002,6.7900,6.9000,6.7500,6.8100,6.7700,4790063,32783433.0000,3,2.521086,1,0.590800,0
2013-11-26,sh.603002,6.8300,7.2300,6.8300,7.1700,6.8100,17046631,120700081.0000,3,8.971911,1,5.286300,0
2013-11-27,sh.603002,7.1000,7.2700,7.0500,7.2400,7.1700,12119952,86862217.0000,3,6.378922,1,0.976300,0
2013-11-28,sh.603002,7.2300,7.4400,7.1500,7.1900,7.2400,9708637,70802752.0000,3,5.109809,1,-0.690600,0
2013-11-29,sh.603002,7.2900,7.3900,7.1800,7.2300,7.1900,13960918,101456605.0000,3,7.347852,1,0.556300,0
2013-12-02,sh.603002,6.9900,7.0000,6.5600,6.6300,7.2300,12685423,85419168.0000,3,6.676538,1,-8.298800,0
2013-12-03,sh.603002,6.5700,6.8400,6.5500,6.8000,6.6300,6047852,40734928.0000,3,3.183080,1,2.564100,0
2013-12-04,sh.603002,6.7800,6.9400,6.7300,6.8700,6.8000,6245186,42961885.0000,3,3.286940,1,1.029400,0
2013-12-05,sh.603002,6.8700,7.0600,6.8000,6.9600,6.8700,6531263,45246464.0000,3,3.437507,1,1.310000,0
2013-12-06,sh.603002,6.9300,6.9700,6.8500,6.9000,6.9600,3821887,26351369.0000,3,2.011519,1,-0.862100,0
2013-12-09,sh.603002,6.9100,7.0200,6.9000,6.9800,6.9000,4038747,28090707.0000,3,2.125656,1,1.159400,0
2013-12-10,sh.603002,6.9800,7.0200,6.9200,6.9600,6.9800,4840077,33680160.0000,3,2.547409,1,-0.286500,0
2013-12-11,sh.603002,6.9600,6.9600,6.7300,6.7800,6.9600,4758029,32361607.0000,3,2.504226,1,-2.586200,0
2013-12-12,sh.603002,6.7300,6.8500,6.7300,6.7900,6.7800,2387329,16230285.0000,3,1.256489,1,0.147500,0
2013-12-13,sh.603002,6.7500,7.0500,6.7300,6.9600,6.7900,8360476,57969153.0000,3,4.400251,1,2.503700,0
2013-12-16,sh.603002,6.9600,6.9700,6.7300,6.7900,6.9600,4983501,34029873.0000,3,2.622895,1,-2.442500,0
2013-12-17,sh.603002,6.7900,6.8200,6.6400,6.6900,6.7900,3562554,23946474.0000,3,1.875028,1,-1.472800,0
2013-12-18,sh.603002,6.7100,6.8200,6.6800,6.7500,6.6900,2381981,16108362.0000,3,1.253674,1,0.896900,0
2013-12-19,sh.603002,6.7700,6.8200,6.5500,6.5700,6.7500,4173167,27900540.0000,3,2.196404,1,-2.666700,0
2013-12-20,sh.603002,6.5600,6.5700,6.3300,6.3900,6.5700,4156134,26786051.0000,3,2.187439,1,-2.739700,0
2013-12-23,sh.603002,6.3700,6.4300,6.2000,6.3400,6.3900,2377836,15107619.0000,3,1.251493,1,-0.782500,0
2013-12-24,sh.603002,6.3500,6.4500,6.2600,6.3500,6.3400,2617878,16680771.0000,3,1.377831,1,0.157700,0
2013-12-25,sh.603002,6.3700,6.4200,6.3300,6.4100,6.3500,3553775,22635446.0000,3,1.870408,1,0.944900,0
2013-12-26,sh.603002,6.4000,6.4100,6.2300,6.2400,6.4100,3886704,24570340.0000,3,2.045634,1,-2.652100,0
2013-12-27,sh.603002,6.2300,6.4800,6.2300,6.4300,6.2400,4587306,29304595.0000,3,2.414372,1,3.044900,0
2013-12-30,sh.603002,6.4300,6.6400,6.4000,6.5400,6.4300,5830206,38119257.0000,3,3.068529,1,1.710700,0
2013-12-31,sh.603002,6.5000,6.5000,6.2800,6.4400,6.5400,3891540,24980739.0000,3,2.048179,1,-1.529100,0
2014-01-02,sh.603002,6.4300,6.6000,6.4100,6.5800,6.4400,3926641,25593726.0000,3,2.066653,1,2.173900,0
2014-01-03,sh.603002,6.5900,6.7900,6.5400,6.5900,6.5800,6676072,44423259.0000,3,3.513722,1,0.152000,0
2014-01-06,sh.603002,6.5200,6.5400,6.2800,6.3100,6.5900,4210712,26755915.0000,3,2.216164,1,-4.248900,0
2014-01-07,sh.603002,6.2600,6.4000,6.2300,6.3900,6.3100,2653419,16841251.0000,3,1.396536,1,1.267800,0
2014-01-08,sh.603002,6.3800,6.4400,6.3100,6.3800,6.3900,2386662,15213152.0000,3,1.256138,1,-0.156500,0
2014-01-09,sh.603002,6.3800,6.5200,6.3200,6.4000,6.3800,4652898,29976051.0000,3,2.448894,1,0.313500,0
2014-01-10,sh.603002,6.4000,6.4000,6.1400,6.1800,6.4000,3867913,24161152.0000,3,2.035744,1,-3.437500,0
2014-01-13,sh.603002,6.1500,6.2300,5.9900,6.0900,6.1800,3003145,18335674.0000,3,1.580603,1,-1.456300,0
2014-01-14,sh.603002,6.1100,6.2300,6.0700,6.2200,6.0900,3157604,19478176.0000,3,1.661897,1,2.134600,0
2014-01-15,sh.603002,6.2000,6.6400,6.1900,6.4000,6.2200,6412318,41138264.0000,3,3.374904,1,2.893900,0
2014-01-16,sh.603002,6.3500,6.4100,6.3000,6.3600,6.4000,3401765,21604439.0000,3,1.790403,1,-0.625000,0
2014-01-17,sh.603002,6.3100,6.4300,6.2800,6.3000,6.3600,3089954,19644623.0000,3,1.626292,1,-0.943400,0
2014-01-20,sh.603002,6.2600,6.3400,6.2000,6.2400,6.3000,2528871,15820370.0000,3,1.330985,1,-0.952400,0
2014-01-21,sh.603002,6.2200,6.3600,6.2200,6.3500,6.2400,2659464,16782898.0000,3,1.399718,1,1.762800,0
2014-01-22,sh.603002,6.3900,6.4800,6.3300,6.4800,6.3500,4675200,30077893.0000,3,2.460632,1,2.047200,0
2014-01-23,sh.603002,6.4700,6.5200,6.4400,6.4900,6.4800,3935496,25538184.0000,3,2.071314,1,0.154300,0
2014-01-24,sh.603002,6.4700,6.7700,6.4300,6.7100,6.4900,9352537,62364232.0000,3,4.922388,1,3.389800,0
2014-01-27,sh.603002,6.6400,6.7700,6.6400,6.7300,6.7100,5469170,36640703.0000,3,2.878511,1,0.298100,0
2014-01-28,sh.603002,6.7300,6.7300,6.5100,6.6500,6.7300,3324384,21995371.0000,3,1.749676,1,-1.188700,0
2014-01-29,sh.603002,6.6400,6.8400,6.6100,6.6600,6.6500,4774745,32011735.0000,3,2.513024,1,0.150400,0
2014-01-30,sh.603002,6.6600,6.7100,6.4000,6.4100,6.6600,5629210,36609529.0000,3,2.962742,1,-3.753800,0
2014-02-07,sh.603002,6.3400,6.5500,6.3000,6.5400,6.4100,3676312,23705001.0000,3,1.934901,1,2.028100,0
2014-02-10,sh.603002,6.5600,6.7800,6.5400,6.7300,6.5400,6614266,44299701.0000,3,3.481193,1,2.905200,0
2014-02-11,sh.603002,6.7500,6.8100,6.6600,6.8100,6.7300,7069173,47764742.0000,3,3.720617,1,1.188700,0
2014-02-12,sh.603002,6.8100,7.0300,6.7000,6.9400,6.8100,9581244,65957141.0000,3,5.042760,1,1.909000,0
2014-02-13,sh.603002,6.9100,7.0800,6.8100,6.8200,6.9400,8937338,62171249.0000,3,4.703862,1,-1.729100,0
2014-02-14,sh.603002,6.8400,7.1200,6.8300,7.1100,6.8200,10193661,71468434.0000,3,5.365085,1,4.252200,0
2014-02-17,sh.603002,7.1200,7.1500,7.0400,7.1200,7.1100,7912716,56150677.0000,3,4.164587,1,0.140600,0
2014-02-18,sh.603002,7.1200,7.1200,6.9800,7.0500,7.1200,7567004,53247765.0000,3,3.982634,1,-0.983100,0
2014-02-19,sh.603002,7.0500,7.3100,6.9900,7.1500,7.0500,12872049,92554196.0000,3,6.774763,1,1.418400,0
2014-02-20,sh.603002,7.1000,7.1500,6.9700,6.9900,7.1500,8163596,57413805.0000,3,4.296629,1,-2.237800,0
2014-02-21,sh.603002,6.9500,7.0600,6.8800,6.9400,6.9900,5177235,36036220.0000,3,2.724861,1,-0.715300,0
2014-02-24,sh.603002,6.9300,7.1100,6.8900,7.0900,6.9400,4638373,32349864.0000,3,2.441249,1,2.161400,0
2014-02-25,sh.603002,7.0700,7.2500,6.8400,6.9500,7.0900,8653781,61444939.0000,3,4.554622,1,-1.974600,0
2014-02-26,sh.603002,6.8900,6.9800,6.7400,6.9700,6.9500,4165640,28593424.0000,3,2.192442,1,0.287800,0
2014-02-27,sh.603002,6.9500,7.1900,6.8700,6.9000,6.9700,5860411,41359030.0000,3,3.084427,1,-1.004300,0
2014-02-28,sh.603002,6.8700,6.9700,6.7400,6.9700,6.9000,3866163,26490169.0000,3,2.034823,1,1.014500,0
2014-03-03,sh.603002,6.9800,7.2800,6.9600,7.1900,6.9700,7974698,57027367.0000,3,4.197209,1,3.156400,0
2014-03-04,sh.603002,7.1300,7.5000,7.1000,7.3100,7.1900,12263316,89938023.0000,3,6.454377,1,1.669000,0
2014-03-05,sh.603002,7.2500,7.3700,7.1700,7.2000,7.3100,6430649,46595839.0000,3,3.384552,1,-1.504800,0
2014-03-06,sh.603002,7.2000,7.4500,7.1000,7.3900,7.2000,13200610,96771475.0000,3,6.947689,1,2.638900,0
2014-03-07,sh.603002,7.3700,7.5400,7.2600,7.5100,7.3900,16602175,123257369.0000,3,8.737987,1,1.623800,0
2014-03-10,sh.603002,7.4500,7.5000,7.1600,7.4500,7.5100,10676349,77911331.0000,3,5.619131,1,-0.798900,0
2014-03-11,sh.603002,7.3500,7.4400,7.2600,7.3300,7.4500,6647186,48861656.0000,3,3.498519,1,-1.610700,0
2014-03-12,sh.603002,7.3200,7.5000,7.0800,7.4500,7.3300,16042901,117646199.0000,3,8.443632,1,1.637100,0
2014-03-13,sh.603002,7.4000,7.6300,7.3100,7.5500,7.4500,21347878,160462940.0000,3,11.235725,1,1.342300,0
2014-03-14,sh.603002,7.5000,7.5000,7.3600,7.3900,7.5500,6919939,51319473.0000,3,3.642073,1,-2.119200,0
2014-03-17,sh.603002,7.3900,7.7300,7.2800,7.7100,7.3900,20299433,153887391.0000,3,10.683912,1,4.330200,0
2014-03-18,sh.603002,7.6500,7.8600,7.5500,7.6300,7.7100,23310935,179956232.0000,3,12.268913,1,-1.037600,0
2014-03-19,sh.603002,7.6000,7.7000,7.4700,7.6500,7.6300,8114635,61507058.0000,3,4.270861,1,0.262100,0
2014-03-20,sh.603002,7.5800,7.6700,7.3800,7.4600,7.6500,8659712,64916164.0000,3,4.557743,1,-2.483700,0
2014-03-21,sh.603002,7.3800,7.7500,7.3300,7.7000,7.4600,18512634,140779591.0000,3,9.743492,1,3.217200,0
2014-03-24,sh.603002,7.6700,7.7400,7.5800,7.6600,7.7000,8263603,63137539.0000,3,4.349265,1,-0.519500,0
2014-03-25,sh.603002,7.6500,7.8000,7.4800,7.7200,7.6600,15859144,121185289.0000,3,8.346918,1,0.783300,0
2014-03-26,sh.603002,7.6900,7.8600,7.5300,7.5900,7.7200,6883024,52661906.0000,3,3.622644,1,-1.683900,0
2014-03-27,sh.603002,7.5300,7.6100,7.2000,7.3200,7.5900,7989645,59618852.0000,3,4.205076,1,-3.557300,0
2014-03-28,sh.603002,7.2800,7.4200,7.1200,7.3600,7.3200,9757741,70764853.0000,3,5.135653,1,0.546400,0
2014-03-31,sh.603002,7.3200,7.6500,7.2200,7.4400,7.3600,15095760,112762469.0000,3,7.945137,1,1.087000,0
2014-04-01,sh.603002,7.4300,7.7400,7.4100,7.6900,7.4400,27074784,206811980.0000,3,14.249886,1,3.360200,0
2014-04-02,sh.603002,7.6900,7.7600,7.5100,7.6300,7.6900,16483267,125871594.0000,3,8.675404,1,-0.780200,0
2014-04-03,sh.603002,7.5900,7.8500,7.5700,7.7900,7.6300,26728830,206949886.0000,3,14.067805,1,2.097000,0
2014-04-04,sh.603002,7.7400,8.0000,7.6200,7.7100,7.7900,26262628,204263809.0000,3,13.822436,1,-1.027000,0
2014-04-08,sh.603002,7.6500,7.7000,7.4100,7.6900,7.7100,17670215,134203017.0000,3,9.300113,1,-0.259400,0
2014-04-09,sh.603002,7.6100,7.8300,7.6100,7.7900,7.6900,18943103,147061577.0000,3,9.970054,1,1.300400,0
2014-04-10,sh.603002,7.8300,7.9700,7.7400,7.8200,7.7900,28768053,226538733.0000,3,15.141081,1,0.385100,0
2014-04-11,sh.603002,7.7500,7.8500,7.6300,7.8200,7.8200,17175061,133002459.0000,3,9.039506,1,0.000000,0
2014-04-14,sh.603002,7.7400,8.0000,7.7400,7.8400,7.8200,23622847,186639936.0000,3,12.433077,1,0.255800,0
2014-04-15,sh.603002,7.8100,7.8400,7.5200,7.6200,7.8400,14229698,108897547.0000,3,7.489315,1,-2.806100,0
2014-04-16,sh.603002,7.5800,7.6300,7.4500,7.6100,7.6200,6229480,47020767.0000,3,3.278674,1,-0.131200,0
2014-04-17,sh.603002,7.6100,7.7300,7.5500,7.5800,7.6100,10668202,81805076.0000,3,5.614843,1,-0.394200,0
2014-04-18,sh.603002,7.5300,7.5300,7.3000,7.3400,7.5800,12097959,89562993.0000,3,6.367347,1,-3.166200,0
2014-04-21,sh.603002,7.3000,7.3600,7.1500,7.1600,7.3400,7042356,51109601.0000,3,3.706503,1,-2.452300,0
2014-04-22,sh.603002,7.1200,7.2200,6.9900,7.1000,7.1600,6268347,44397064.0000,3,3.299130,1,-0.838000,0
2014-04-23,sh.603002,7.1300,7.1300,7.0200,7.1300,7.1000,3733580,26444982.0000,3,1.965042,1,0.422500,0
2014-04-24,sh.603002,7.1000,7.1100,6.9500,6.9600,7.1300,3544228,24873740.0000,3,1.865383,1,-2.384300,0
2014-04-25,sh.603002,7.0000,7.0100,6.7600,6.8000,6.9600,4672109,32113565.0000,3,2.459005,1,-2.298800,0
2014-04-28,sh.603002,6.7600,6.8200,6.5200,6.5500,6.8000,4112140,27459676.0000,3,2.164284,1,-3.676500,0
2014-04-29,sh.603002,6.5500,6.6600,6.5400,6.6000,6.5500,3255405,21505581.0000,3,1.713371,1,0.763400,0
2014-04-30,sh.603002,6.6200,6.6500,6.5800,6.6400,6.6000,2546159,16862508.0000,3,1.340084,1,0.606100,0
2014-05-05,sh.603002,6.6400,6.7600,6.5800,6.7500,6.6400,3159565,21085655.0000,3,1.662929,1,1.656600,0
2014-05-06,sh.603002,6.7500,6.8100,6.7000,6.7400,6.7500,2964192,20026822.0000,3,1.560101,1,-0.148200,0
2014-05-07,sh.603002,6.7500,6.8600,6.7000,6.7100,6.7400,4645255,31574867.0000,3,2.444871,1,-0.445100,0
2014-05-08,sh.603002,6.7100,6.7600,6.5800,6.6500,6.7100,3596884,24010062.0000,3,1.893097,1,-0.894200,0
2014-05-09,sh.603002,6.6400,6.6600,6.4000,6.4700,6.6500,4334030,28195022.0000,3,2.281068,1,-2.706800,0
2014-05-12,sh.603002,6.5600,6.6300,6.4900,6.6100,6.4700,3817727,25128060.0000,3,2.009330,1,2.163800,0
2014-05-13,sh.603002,6.6100,6.7000,6.6000,6.6700,6.6100,2902251,19319956.0000,3,1.527501,1,0.907700,0
2014-05-14,sh.603002,6.6700,6.6700,6.6100,6.6200,6.6700,2115242,14030388.0000,3,1.113285,1,-0.749600,0
2014-05-15,sh.603002,6.6300,6.6300,6.4000,6.4200,6.6200,2784615,18121728.0000,3,1.465587,1,-3.021100,0
2014-05-16,sh.603002,6.4200,6.4900,6.3600,6.4800,6.4200,2173762,13982581.0000,3,1.144085,1,0.934600,0
2014-05-19,sh.603002,6.4600,6.4700,6.3900,6.4400,6.4800,1484830,9532824.0000,3,0.781489,1,-0.617300,0
2014-05-20,sh.603002,6.4900,6.5500,6.4600,6.4800,6.4400,2048925,13325813.0000,3,1.078382,1,0.621100,0
2014-05-21,sh.603002,6.5000,6.5500,6.3000,6.5400,6.4800,1872866,12136799.0000,3,0.985719,1,0.925900,0
2014-05-22,sh.603002,6.5200,6.6200,6.5000,6.5100,6.5400,2153998,14148606.0000,3,1.133683,1,-0.458700,0
2014-05-23,sh.603002,6.5200,6.5600,6.4800,6.5600,6.5100,2521608,16422503.0000,3,1.327162,1,0.768000,0
2014-05-26,sh.603002,6.5800,6.6500,6.5600,6.6400,6.5600,2734270,18057279.0000,3,1.439089,1,1.219500,0
2014-05-27,sh.603002,6.6400,6.6400,6.5500,6.5900,6.6400,2518486,16604951.0000,3,1.325519,1,-0.753000,0
2014-05-28,sh.603002,6.5600,6.6800,6.5400,6.6600,6.5900,3824667,25326026.0000,3,2.012983,1,1.062200,0
2014-05-29,sh.603002,6.6700,6.6700,6.5200,6.5300,6.6600,2731015,18026365.0000,3,1.437376,1,-1.951900,0
2014-05-30,sh.603002,6.5400,6.6000,6.5100,6.5800,6.5300,2093289,13724091.0000,3,1.101731,1,0.765700,0
2014-06-03,sh.603002,6.5600,6.6300,6.5500,6.5500,6.5800,1991875,13134030.0000,3,1.048355,1,-0.455900,0
2014-06-04,sh.603002,6.5500,6.5500,6.3900,6.4300,6.5500,2751808,17720814.0000,3,1.448320,1,-1.832100,0
2014-06-05,sh.603002,6.4200,6.5100,6.4200,6.5100,6.4300,1690906,10938642.0000,3,0.889951,1,1.244200,0
2014-06-06,sh.603002,6.5100,6.6200,6.5000,6.5500,6.5100,3228114,21180789.0000,3,1.699007,1,0.614400,0
2014-06-09,sh.603002,6.5100,6.5400,6.4600,6.4800,6.5500,1833100,11911448.0000,3,0.964789,1,-1.068700,0
2014-06-10,sh.603002,6.4800,6.5800,6.4600,6.5800,6.4800,2602819,17015116.0000,3,1.369905,1,1.543200,0
2014-06-11,sh.603002,6.5600,6.6400,6.5400,6.6200,6.5800,3594592,23706182.0000,3,1.891891,1,0.607900,0
2014-06-12,sh.603002,6.6200,6.6700,6.5800,6.6400,6.6200,3575602,23691349.0000,3,1.881896,1,0.302100,0
2014-06-13,sh.603002,6.6500,7.3000,6.6400,7.3000,6.6400,19658917,139189918.0000,3,10.346798,1,9.939800,0
2014-06-16,sh.603002,7.3000,7.3100,7.1200,7.2700,7.3000,19786761,142792917.0000,3,10.414085,1,-0.411000,0
2014-06-17,sh.603002,7.2500,7.3100,7.1400,7.2100,7.2700,10156299,73170675.0000,3,5.345421,1,-0.825300,0
2014-06-18,sh.603002,7.1900,7.9000,7.1500,7.3500,7.2100,30568388,226055868.0000,3,16.088625,1,1.941700,0
2014-06-19,sh.603002,7.1800,7.5400,6.8000,6.8900,7.3500,20701328,148761374.0000,3,10.895436,1,-6.258500,0
2014-06-20,sh.603002,6.9200,7.0300,6.7400,7.0000,6.8900,12229799,84006125.0000,3,6.436736,1,1.596500,0
2014-06-23,sh.603002,6.9900,7.0300,6.9200,6.9900,7.0000,8003188,55808166.0000,3,4.212204,1,-0.142900,0
2014-06-24,sh.603002,6.9800,7.0300,6.9300,6.9900,6.9900,6387699,44579429.0000,3,3.361947,1,0.000000,0
2014-06-25,sh.603002,7.0000,7.0800,6.9000,7.0200,6.9900,6979756,48846471.0000,3,3.673556,1,0.429200,0
2014-06-26,sh.603002,6.9900,7.1300,6.9600,7.0900,7.0200,8182954,57787090.0000,3,4.306818,1,0.997200,0
2014-06-27,sh.603002,7.0400,7.1800,7.0200,7.1300,7.0900,7386462,52448142.0000,3,3.887612,1,0.564200,0
2014-06-30,sh.603002,7.1900,7.2500,7.0600,7.1300,7.1300,6542550,46577483.0000,3,3.443447,1,0.000000,0
2014-07-01,sh.603002,7.1300,7.1500,7.0400,7.1100,7.1300,5999603,42538226.0000,3,3.157686,1,-0.280500,0
2014-07-02,sh.603002,7.1500,7.2500,7.1100,7.1700,7.1100,7213286,51758177.0000,3,3.796466,1,0.843900,0
2014-07-03,sh.603002,7.1500,7.1900,7.0900,7.1600,7.1700,6345693,45345663.0000,3,3.339838,1,-0.139500,0
2014-07-04,sh.603002,7.1300,7.1400,6.9900,7.0100,7.1100,5734776,40328879.0000,3,3.018303,1,-1.406500,0
2014-07-07,sh.603002,7.0200,7.0900,6.9300,7.0700,7.0100,4965571,34815122.0000,3,2.613458,1,0.855900,0
2014-07-08,sh.603002,7.0600,7.1400,7.0100,7.1300,7.0700,4700771,33301993.0000,3,2.474090,1,0.848700,0
2014-07-09,sh.603002,7.1400,7.1500,6.9300,6.9300,7.1300,5095954,35847960.0000,3,2.682081,1,-2.805100,0
2014-07-10,sh.603002,6.9200,7.0100,6.9200,6.9300,6.9300,3012142,20964032.0000,3,1.585338,1,0.000000,0
2014-07-11,sh.603002,6.9200,7.1300,6.9200,7.1000,6.9300,5949182,42090352.0000,3,3.131148,1,2.453100,0
2014-07-14,sh.603002,7.1100,7.2400,7.0700,7.2000,7.1000,6907563,49500507.0000,3,3.635559,1,1.408400,0
2014-07-15,sh.603002,7.1800,7.2100,7.0900,7.1700,7.2000,4259766,30445036.0000,3,2.241982,1,-0.416700,0
2014-07-16,sh.603002,7.1700,7.2100,7.0900,7.1100,7.1700,4225874,30158067.0000,3,2.224144,1,-0.836800,0
2014-07-17,sh.603002,7.1100,7.1600,7.0100,7.0700,7.1100,3243916,22984531.0000,3,1.707324,1,-0.562600,0
2014-07-18,sh.603002,7.0600,7.1400,7.0500,7.1100,7.0700,3278623,23293706.0000,3,1.725591,1,0.565800,0
2014-07-21,sh.603002,7.1400,7.2900,7.1200,7.2200,7.1100,8162384,58862758.0000,3,4.295992,1,1.547100,0
2014-07-22,sh.603002,7.2000,7.2500,7.1500,7.2300,7.2200,6109822,44021169.0000,3,3.215696,1,0.138500,0
2014-07-23,sh.603002,7.2300,7.2400,7.0600,7.1000,7.2300,5695286,40673458.0000,3,2.997519,1,-1.798100,0
2014-07-24,sh.603002,7.1200,7.1200,6.9700,7.0500,7.1000,4862745,34242255.0000,3,2.559339,1,-0.704200,0
2014-07-25,sh.603002,7.0400,7.1200,7.0200,7.1000,7.0500,4022787,28466629.0000,3,2.117256,1,0.709200,0
2014-07-28,sh.603002,7.1200,7.2200,7.0900,7.1900,7.1000,6986116,50031450.0000,3,3.676903,1,1.267600,0
2014-07-29,sh.603002,7.1900,7.2800,7.1600,7.2700,7.1900,8055244,58241586.0000,3,4.239602,1,1.112700,0
2014-07-30,sh.603002,7.3000,7.3000,7.1700,7.2900,7.2700,7209076,52170053.0000,3,3.794251,1,0.275100,0
2014-07-31,sh.603002,7.2600,7.4700,7.2400,7.4400,7.2900,12139598,89857067.0000,3,6.389262,1,2.057600,0
2014-08-01,sh.603002,7.4100,7.4100,7.2200,7.2400,7.4400,8423434,61782682.0000,3,4.433386,1,-2.688200,0
2014-08-04,sh.603002,7.2100,7.3400,7.2000,7.3300,7.2400,5438399,39656532.0000,3,2.862315,1,1.243100,0
2014-08-05,sh.603002,7.3300,7.3900,7.2600,7.3800,7.3300,5505218,40352017.0000,3,2.897483,1,0.682100,0
2014-08-06,sh.603002,7.3300,7.3800,7.2800,7.3600,7.3800,4737053,34774888.0000,3,2.493186,1,-0.271000,0
2014-08-07,sh.603002,7.3500,7.4100,7.2200,7.2400,7.3600,5858659,42868248.0000,3,3.083505,1,-1.630400,0
2014-08-08,sh.603002,7.2400,7.3000,7.2300,7.2600,7.2400,3488364,25341023.0000,3,1.835981,1,0.276200,0
2014-08-11,sh.603002,7.2700,7.4500,7.2700,7.4400,7.2600,8808359,65171659.0000,3,4.635978,1,2.479300,0
2014-08-12,sh.603002,7.4300,7.5200,7.3900,7.4800,7.4400,7320042,54577137.0000,3,3.852654,1,0.537600,0
2014-08-13,sh.603002,7.4600,7.4800,7.2900,7.4200,7.4800,6001987,44341170.0000,3,3.158941,1,-0.802100,0
2014-08-14,sh.603002,7.4100,7.5100,7.3400,7.3600,7.4200,7142930,53228320.0000,3,3.759437,1,-0.808600,0
2014-08-15,sh.603002,7.3900,7.5700,7.3600,7.5300,7.3600,8681552,65063391.0000,3,4.569238,1,2.309800,0
2014-08-18,sh.603002,7.5400,7.6600,7.4800,7.6400,7.5300,8360271,63426872.0000,3,4.400143,1,1.460800,0
2014-08-19,sh.603002,7.6400,7.7200,7.5300,7.6100,7.6400,8877131,67724486.0000,3,4.672174,1,-0.392700,0
2014-08-20,sh.603002,7.6400,7.6700,7.5600,7.6500,7.6100,6690918,50956055.0000,3,3.521536,1,0.525600,0
2014-08-21,sh.603002,7.6500,7.6500,7.5000,7.5700,7.6500,7150164,54019810.0000,3,3.763244,1,-1.045800,0
2014-08-22,sh.603002,7.5700,7.7000,7.5400,7.6900,7.5700,7392134,56385358.0000,3,3.890597,1,1.585200,0
2014-08-25,sh.603002,7.7100,7.7100,7.5200,7.5600,7.6900,7087374,53769770.0000,3,3.730197,1,-1.690500,0
2014-08-26,sh.603002,7.5200,7.5600,7.2500,7.2800,7.5600,8666589,64052291.0000,3,4.561363,1,-3.703700,0
2014-08-27,sh.603002,7.2800,7.3500,7.2600,7.3200,7.2800,3856138,28145493.0000,3,2.029546,1,0.549400,0
2014-08-28,sh.603002,7.2900,7.3400,7.1600,7.2200,7.3200,5479063,39647382.0000,3,2.883717,1,-1.366100,0
2014-08-29,sh.603002,7.2000,7.3600,7.1800,7.3500,7.2200,3640466,26517214.0000,3,1.916035,1,1.800600,0
2014-09-01,sh.603002,7.3700,7.4500,7.3300,7.4400,7.3500,4217363,31219181.0000,3,2.219665,1,1.224500,0
2014-09-02,sh.603002,7.4500,7.5300,7.4200,7.5000,7.4400,6332149,47351228.0000,3,3.332710,1,0.806500,0
2014-09-03,sh.603002,7.5300,7.7500,7.4800,7.6000,7.5000,12553179,95664971.0000,3,6.606936,1,1.333300,0
2014-09-04,sh.603002,7.5800,7.6700,7.5500,7.6400,7.6000,8868246,67595843.0000,3,4.667498,1,0.526300,0
2014-09-05,sh.603002,7.6300,7.7900,7.6100,7.7200,7.6400,10475860,80769868.0000,3,5.513611,1,1.047100,0
2014-09-09,sh.603002,7.7200,8.0000,7.6100,7.9700,7.7200,20137792,158258671.0000,3,10.598838,1,3.238300,0
2014-09-10,sh.603002,7.9000,8.2700,7.8500,8.2100,7.9700,23365229,189133067.0000,3,12.297489,1,3.011300,0
2014-09-11,sh.603002,8.2000,9.0000,8.1100,8.4300,8.2100,47254168,402683808.0000,3,24.870615,1,2.679700,0
2014-09-12,sh.603002,8.3000,8.5000,8.2300,8.3800,8.4300,22108081,184795607.0000,3,11.635832,1,-0.593100,0
2014-09-15,sh.603002,8.3900,8.7100,8.3900,8.5700,8.3800,19620511,167857932.0000,3,10.326585,1,2.267300,0
2014-09-16,sh.603002,8.5300,8.5600,8.1300,8.2500,8.5700,19875499,165643487.0000,3,10.460789,1,-3.734000,0
2014-09-17,sh.603002,8.2400,8.3800,8.1600,8.3600,8.2500,11764731,97390510.0000,3,6.191964,1,1.333300,0
2014-09-18,sh.603002,8.2900,8.4000,8.2600,8.3400,8.3600,6787020,56516696.0000,3,3.572116,1,-0.239200,0
2014-09-19,sh.603002,8.3400,8.5700,8.3100,8.4900,8.3400,15205322,128924073.0000,3,8.002801,1,1.798600,0
2014-09-22,sh.603002,8.4400,8.4500,8.2000,8.2100,8.4900,9619281,80066640.0000,3,5.062779,1,-3.298000,0
2014-09-23,sh.603002,8.3000,8.3900,8.2100,8.3200,8.2100,7974352,66183448.0000,3,4.197027,1,1.339800,0
2014-09-24,sh.603002,8.2900,8.5500,8.2600,8.5000,8.3200,12433174,105362850.0000,3,6.543776,1,2.163500,0
2014-09-25,sh.603002,8.5200,8.6200,8.3700,8.4600,8.5000,10946344,93064661.0000,3,5.761234,1,-0.470600,0
2014-09-26,sh.603002,8.4300,8.5300,8.3900,8.4800,8.4600,7015740,59345127.0000,3,3.692495,1,0.236400,0
2014-09-29,sh.603002,8.5700,9.0000,8.5100,8.8100,8.4800,19426144,170463004.0000,3,10.224286,1,3.891500,0
2014-09-30,sh.603002,8.8000,8.8900,8.7200,8.7600,8.8100,9541051,83885287.0000,3,5.021606,1,-0.567500,0
2014-10-08,sh.603002,8.7600,8.8100,8.6500,8.7800,8.7600,7534313,65818528.0000,3,3.965428,1,0.228300,0
2014-10-09,sh.603002,8.7800,8.8900,8.5600,8.6900,8.7800,10338957,90106091.0000,3,5.441556,1,-1.025100,0
2014-10-10,sh.603002,8.6600,8.6900,8.4500,8.5300,8.6900,9596611,82068363.0000,3,5.050848,1,-1.841200,0
2014-10-13,sh.603002,8.4500,8.4800,8.2600,8.4400,8.5300,7622608,63788991.0000,3,4.011899,1,-1.055100,0
2014-10-14,sh.603002,8.3800,8.5700,8.3500,8.4600,8.4400,6242091,52875847.0000,3,3.285311,1,0.237000,0
2014-10-15,sh.603002,8.4500,8.5100,8.3200,8.4600,8.4600,5028400,42397290.0000,3,2.646526,1,0.000000,0
2014-10-16,sh.603002,8.4000,8.5500,8.2700,8.2800,8.4600,6709902,56616609.0000,3,3.531527,1,-2.127700,0
2014-10-17,sh.603002,8.2900,8.4000,7.9200,8.1100,8.2800,7764420,63266709.0000,3,4.086537,1,-2.053100,0
2014-10-20,sh.603002,8.1300,8.2600,8.1100,8.2400,8.1100,4176453,34215564.0000,3,2.198133,1,1.603000,0
2014-10-21,sh.603002,8.2600,8.2900,8.1500,8.1500,8.2400,3703524,30405951.0000,3,1.949223,1,-1.092200,0
2014-10-22,sh.603002,8.1600,8.2600,8.0500,8.0600,8.1500,4817574,39293513.0000,3,2.535565,1,-1.104300,0
2014-10-23,sh.603002,8.0600,8.0900,7.8600,7.9800,8.0600,5045043,40098604.0000,3,2.655286,1,-0.992600,0
2014-10-24,sh.603002,7.9800,8.0300,7.9300,7.9900,7.9800,4322532,34514293.0000,3,2.275017,1,0.125300,0
2014-10-27,sh.603002,7.9800,8.0600,7.8900,8.0500,7.9900,4379971,34972410.0000,3,2.305248,1,0.750900,0
2014-10-28,sh.603002,8.0700,8.2600,8.0500,8.2500,8.0500,7631108,62237269.0000,3,4.016373,1,2.484500,0
2014-10-29,sh.603002,8.2600,8.3300,8.2000,8.2900,8.2500,10773406,89093377.0000,3,5.670214,1,0.484800,0
2014-10-30,sh.603002,8.2800,8.3600,8.1800,8.2400,8.2900,10104255,83652494.0000,3,5.318029,1,-0.603100,0
2014-10-31,sh.603002,8.2800,8.4600,8.1900,8.4100,8.2400,11835734,98408531.0000,3,6.229334,1,2.063100,0
2014-11-03,sh.603002,8.4100,8.4700,8.3800,8.4400,8.4100,8654370,72890744.0000,3,4.554932,1,0.356700,0
2014-11-04,sh.603002,8.4200,8.5800,8.3700,8.5600,8.4400,10292896,87264778.0000,3,5.417314,1,1.421800,0
2014-11-05,sh.603002,8.5600,8.5600,8.3600,8.3800,8.5600,7095331,59851677.0000,3,3.734385,1,-2.102800,0
2014-11-06,sh.603002,8.3600,8.4500,8.2900,8.4300,8.3800,6574827,55015451.0000,3,3.460435,1,0.596700,0
2014-11-07,sh.603002,8.4300,8.5400,8.2100,8.2400,8.4300,9518197,80178316.0000,3,5.009577,1,-2.253900,0
2014-11-10,sh.603002,8.2400,8.3500,8.2200,8.3100,8.2400,5754606,47685183.0000,3,3.028740,1,0.849500,0
2014-11-11,sh.603002,8.3100,8.3200,7.7800,7.8900,8.3100,10286882,82832453.0000,3,5.414148,1,-5.054200,0
2014-11-12,sh.603002,7.8400,8.0200,7.8300,8.0100,7.8900,4318271,34273789.0000,3,2.272774,1,1.520900,0
2014-11-13,sh.603002,8.0200,8.0300,7.7700,7.8500,8.0100,4832152,38090303.0000,3,2.543238,1,-1.997500,0
2014-11-14,sh.603002,7.8500,7.8800,7.7700,7.8100,7.8500,4256706,33288790.0000,3,2.240372,1,-0.509600,0
2014-11-17,sh.603002,7.8100,8.0300,7.8000,7.9400,7.8100,4259936,33798473.0000,3,2.242072,1,1.664500,0
2014-11-18,sh.603002,7.9400,8.0200,7.9200,7.9700,7.9400,3085631,24587621.0000,3,1.624016,1,0.377800,0
2014-11-19,sh.603002,7.9800,8.0800,7.9200,8.0500,7.9700,3923437,31437361.0000,3,2.064967,1,1.003800,0
2014-11-20,sh.603002,8.0400,8.0900,7.9800,8.0700,8.0500,2991654,24063803.0000,3,1.574555,1,0.248400,0
2014-11-21,sh.603002,8.0500,8.2500,8.0500,8.2300,8.0700,6992544,57299571.0000,3,3.680286,1,1.982600,0
2014-11-24,sh.603002,8.2800,8.3200,8.2000,8.2400,8.2300,5693900,46993009.0000,3,2.996789,1,0.121500,0
2014-11-25,sh.603002,8.2500,8.4000,8.2400,8.3700,8.2400,7539186,62823552.0000,3,3.967993,1,1.577700,0
2014-11-26,sh.603002,8.3900,8.4200,8.2100,8.3100,8.3700,6994403,58041451.0000,3,3.681265,1,-0.716800,0
2014-11-27,sh.603002,8.3200,8.4800,8.3000,8.4600,8.3100,9994176,83683398.0000,3,5.260093,1,1.805000,0
2014-11-28,sh.603002,8.4500,8.8300,8.4100,8.7000,8.4600,24625827,213423336.0000,3,12.960962,1,2.836900,0
2014-12-01,sh.603002,8.6900,8.8800,8.4500,8.5100,8.7000,16534217,142854961.0000,3,8.702219,1,-2.183900,0
2014-12-02,sh.603002,8.5400,8.6400,8.4800,8.5700,8.5100,9158366,78351987.0000,3,4.820193,1,0.705000,0
2014-12-03,sh.603002,8.5900,8.6000,8.3800,8.5900,8.5700,12760535,108415416.0000,3,6.716071,1,0.233400,0
2014-12-04,sh.603002,8.5800,8.7200,8.5300,8.5900,8.5900,11979612,103222905.0000,3,6.305059,1,0.000000,0
2014-12-05,sh.603002,8.5600,8.5800,8.1300,8.2900,8.5900,14439681,120591989.0000,3,7.599832,1,-3.492400,0
2014-12-08,sh.603002,8.2300,8.3800,8.1600,8.2900,8.2900,8622411,71319444.0000,3,4.538111,1,0.000000,0
2014-12-09,sh.603002,8.2900,8.2900,7.8500,7.9000,8.2900,12488664,100916509.0000,3,6.572981,1,-4.704500,0
2014-12-10,sh.603002,7.9000,8.1900,7.8900,8.1500,7.9000,6080978,49072130.0000,3,3.200515,1,3.164600,0
2014-12-11,sh.603002,8.2000,8.3800,8.2000,8.2800,8.1500,10471819,86793967.0000,3,5.511484,1,1.595100,0
2014-12-12,sh.603002,8.2900,8.5400,8.2400,8.4800,8.2800,11777297,98980446.0000,3,6.198577,1,2.415500,0
2014-12-15,sh.603002,8.4300,8.6200,8.4100,8.6000,8.4800,12510147,106937338.0000,3,6.584288,1,1.415100,0
2014-12-16,sh.603002,8.6200,8.6400,8.4600,8.5300,8.6000,8218251,69992895.0000,3,4.325395,1,-0.814000,0
2014-12-17,sh.603002,8.5000,8.7300,8.3500,8.7200,8.5300,16555504,141383159.0000,3,8.713423,1,2.227400,0
2014-12-18,sh.603002,8.6600,8.7700,8.5000,8.5200,8.7200,10703950,92181194.0000,3,5.633658,1,-2.293600,0
2014-12-19,sh.603002,8.4600,8.5800,8.0900,8.2400,8.5200,11232916,92953531.0000,3,5.912061,1,-3.286400,0
2014-12-22,sh.603002,8.1900,8.1900,7.6600,7.7800,8.2400,10498836,82789253.0000,3,5.525703,1,-5.582500,0
2014-12-23,sh.603002,7.7500,7.9500,7.7000,7.7200,7.7800,5533710,43270232.0000,3,2.912479,1,-0.771200,0
2014-12-24,sh.603002,7.7400,8.0100,7.7400,7.9800,7.7200,6019445,47548097.0000,3,3.168129,1,3.367900,0
2014-12-25,sh.603002,7.9000,8.1800,7.9000,8.1400,7.9800,6185003,49996474.0000,3,3.255265,1,2.005000,0
2014-12-26,sh.603002,8.1200,8.1200,7.9600,8.0700,8.1400,4687742,37728484.0000,3,2.467233,1,-0.860000,0
2014-12-29,sh.603002,8.0700,8.0700,7.8100,7.8300,8.0700,6372077,50291112.0000,3,3.353725,1,-2.974000,0
2014-12-30,sh.603002,7.7700,7.8900,7.7400,7.7600,7.8300,3347060,26131981.0000,3,1.761611,1,-0.894000,0
2014-12-31,sh.603002,7.7600,7.8700,7.7000,7.8300,7.7600,3646442,28390310.0000,3,1.919180,1,0.902100,0
2015-01-05,sh.603002,7.8200,7.9700,7.7300,7.9400,7.8300,4374301,34380306.0000,3,2.302264,1,1.404900,0
2015-01-06,sh.603002,7.9000,8.0800,7.8500,8.0500,7.9400,5472923,43650841.0000,3,2.880486,1,1.385400,0
2015-01-07,sh.603002,8.0100,8.1200,7.9200,7.9700,8.0500,4426319,35393711.0000,3,2.329642,1,-0.993800,0
2015-01-08,sh.603002,7.9700,8.0500,7.8800,8.0000,7.9700,4924800,39299813.0000,3,2.592000,1,0.376400,0
2015-01-09,sh.603002,8.0000,8.0600,7.8600,7.8600,8.0000,4383711,34955310.0000,3,2.307216,1,-1.750000,0
2015-01-12,sh.603002,7.7900,7.7900,7.5200,7.5600,7.8600,5228105,39962273.0000,3,2.751634,1,-3.816800,0
2015-01-13,sh.603002,7.6000,7.7100,7.5600,7.6700,7.5600,2931702,22347438.0000,3,1.543001,1,1.455000,0
2015-01-14,sh.603002,7.6600,7.7000,7.5400,7.5900,7.6700,3042274,23138019.0000,3,1.601197,1,-1.043000,0
2015-01-15,sh.603002,7.5900,7.7000,7.5600,7.6700,7.5900,2463422,18793118.0000,3,1.296538,1,1.054000,0
2015-01-16,sh.603002,7.6500,7.7600,7.6400,7.7500,7.6700,3173133,24453315.0000,3,1.670070,1,1.043000,0
2015-01-19,sh.603002,7.5800,7.7800,7.4300,7.5000,7.7500,4871221,37064863.0000,3,2.563801,1,-3.225800,0
2015-01-20,sh.603002,7.5300,7.7900,7.5300,7.7900,7.5000,4341347,33376352.0000,3,2.284919,1,3.866700,0
2015-01-21,sh.603002,7.7600,7.9600,7.7600,7.9200,7.7900,5906738,46569134.0000,3,3.108809,1,1.668800,0
2015-01-22,sh.603002,7.9300,8.0400,7.8600,8.0300,7.9200,6138606,48885288.0000,3,3.230845,1,1.388900,0
2015-01-23,sh.603002,8.0400,8.0700,7.9100,7.9200,8.0300,4487801,35684137.0000,3,2.362001,1,-1.369900,0
2015-01-26,sh.603002,7.8800,8.0700,7.8800,8.0600,7.9200,4940597,39493478.0000,3,2.600314,1,1.767700,0
2015-01-27,sh.603002,8.0600,8.1000,7.9300,8.0300,8.0600,4750922,38115550.0000,3,2.500485,1,-0.372200,0
2015-01-28,sh.603002,8.0100,8.1600,7.9100,8.0700,8.0300,6401389,51770710.0000,3,3.369152,1,0.498100,0
2015-01-29,sh.603002,8.0100,8.1400,7.9600,8.1100,8.0700,4098031,33151709.0000,3,2.156858,1,0.495700,0
2015-01-30,sh.603002,8.1000,8.1400,7.9500,7.9600,8.1100,3630684,29130653.0000,3,1.910886,1,-1.849600,0
2015-02-02,sh.603002,7.8900,7.9700,7.8100,7.9000,7.9600,2616657,20643749.0000,3,1.377188,1,-0.753800,0
2015-02-03,sh.603002,7.9500,8.0500,7.9200,8.0400,7.9000,3009589,24087400.0000,3,1.583994,1,1.772200,0
2015-02-04,sh.603002,8.0300,8.1900,8.0100,8.1800,8.0400,9342355,75908947.0000,3,4.917029,1,1.741300,0
2015-02-05,sh.603002,8.2000,8.2200,7.9800,8.0000,8.1800,6122358,49703323.0000,3,3.222294,1,-2.200500,0
2015-02-06,sh.603002,7.9500,8.0000,7.8100,7.8300,8.0000,4124200,32585399.0000,3,2.170632,1,-2.125000,0
2015-02-09,sh.603002,7.8400,7.8800,7.7500,7.7800,7.8300,2441115,19102976.0000,3,1.284797,1,-0.638600,0
2015-02-10,sh.603002,7.8000,7.8300,7.7400,7.8300,7.7800,2695411,20987430.0000,3,1.418637,1,0.642700,0
2015-02-11,sh.603002,7.8300,7.9300,7.8300,7.9000,7.8300,2871004,22659149.0000,3,1.511055,1,0.894000,0
2015-02-12,sh.603002,7.9400,8.0600,7.8800,8.0300,7.9000,3868579,30864695.0000,3,2.036094,1,1.645600,0
2015-02-13,sh.603002,8.0400,8.3100,8.0300,8.2000,8.0300,10871335,89010896.0000,3,5.721755,1,2.117100,0
2015-02-16,sh.603002,8.1800,8.2900,8.1700,8.2600,8.2000,5545698,45811727.0000,3,2.918788,1,0.731700,0
2015-02-17,sh.603002,8.2900,8.2900,8.1900,8.2200,8.2600,5456388,44869160.0000,3,2.871783,1,-0.484300,0
2015-02-25,sh.603002,8.2000,8.5900,8.1500,8.4200,8.2200,15111209,127224002.0000,3,7.953268,1,2.433100,0
2015-02-26,sh.603002,8.3900,8.4900,8.3400,8.4400,8.4200,9528287,80339034.0000,3,5.014888,1,0.237500,0
2015-02-27,sh.603002,8.4500,8.4500,8.3600,8.4200,8.4400,5251150,44173852.0000,3,2.763763,1,-0.237000,0
2015-03-02,sh.603002,8.4700,8.6800,8.4300,8.5800,8.4200,10110680,86729521.0000,3,5.321411,1,1.900200,0
2015-03-03,sh.603002,8.5200,8.7800,8.5000,8.5600,8.5800,12480626,107806390.0000,3,6.568751,1,-0.233100,0
2015-03-04,sh.603002,8.5500,8.7400,8.5200,8.6600,8.5600,7680580,66226407.0000,3,4.042411,1,1.168200,0
2015-03-05,sh.603002,8.6400,8.7300,8.5500,8.6900,8.6600,7668120,66192754.0000,3,4.035853,1,0.346400,0
2015-03-06,sh.603002,8.6800,9.1900,8.6700,9.0300,8.6900,21622763,193720766.0000,3,11.380402,1,3.912500,0
2015-03-09,sh.603002,9.0000,9.1400,8.9200,9.1000,9.0300,14955795,135230361.0000,3,7.871471,1,0.775200,0
2015-03-10,sh.603002,9.0700,9.3600,8.9500,9.1900,9.1000,14633097,134432122.0000,3,7.701630,1,0.989000,0
2015-03-11,sh.603002,9.1900,9.2900,9.0400,9.1400,9.1900,9191514,84022430.0000,3,4.837639,1,-0.544100,0
2015-03-12,sh.603002,9.1100,9.1700,8.8200,8.9600,9.1400,12546003,112215903.0000,3,6.603159,1,-1.969400,0
2015-03-13,sh.603002,8.9500,9.0500,8.9000,9.0300,8.9600,6906149,62123635.0000,3,3.634815,1,0.781200,0
2015-03-16,sh.603002,9.0400,9.3400,9.0400,9.2900,9.0300,10386800,95972678.0000,3,5.466737,1,2.879300,0
2015-03-17,sh.603002,9.4100,9.4200,9.1100,9.2200,9.2900,14370455,132897819.0000,3,7.563397,1,-0.753500,0
2015-03-18,sh.603002,9.2200,10.1400,9.2000,10.1400,9.2200,23011504,220732370.0000,3,12.111318,1,9.978300,0
2015-03-19,sh.603002,10.1100,10.4000,9.9600,10.2300,10.1400,23178205,235883560.0000,3,12.199055,1,0.887600,0
2015-03-20,sh.603002,10.3500,10.8800,10.2000,10.2800,10.2300,22276090,233773839.0000,3,11.724258,1,0.488800,0
2015-03-23,sh.603002,10.1800,10.6700,10.1800,10.5100,10.2800,16832340,175274814.0000,3,8.859126,1,2.237400,0
2015-03-24,sh.603002,10.4100,10.4500,9.9000,10.2900,10.5100,17899640,182731400.0000,3,9.420863,1,-2.093200,0
2015-03-25,sh.603002,10.3000,10.6000,10.1000,10.4400,10.2900,14637094,150868615.0000,3,7.703734,1,1.457700,0
2015-03-26,sh.603002,10.3300,10.5400,10.1600,10.4100,10.4400,13491649,140151159.0000,3,7.100868,1,-0.287400,0
2015-03-27,sh.603002,10.4000,11.1500,10.3500,10.8300,10.4100,20319563,218892266.0000,3,10.694507,1,4.034600,0
2015-03-30,sh.603002,10.8300,10.9700,10.5700,10.8100,10.8300,13544220,145761818.0000,3,7.128537,1,-0.184700,0
2015-03-31,sh.603002,10.7900,10.8000,10.4500,10.4800,10.8100,13434957,142263627.0000,3,7.071030,1,-3.052700,0
2015-04-01,sh.603002,10.4800,10.8400,10.4500,10.8000,10.4800,11426431,121997978.0000,3,6.013911,1,3.053400,0
2015-04-02,sh.603002,10.7900,11.1000,10.6700,10.9800,10.8000,16418388,178648292.0000,3,8.641257,1,1.666700,0
2015-04-03,sh.603002,10.9000,11.1200,10.8100,11.1000,10.9800,13893218,152597326.0000,3,7.312220,1,1.092900,0
2015-04-07,sh.603002,11.2000,11.4400,11.0600,11.2000,11.1000,14773672,164912555.0000,3,7.775617,1,0.900900,0
2015-04-08,sh.603002,11.1700,11.1700,10.2000,10.8100,11.2000,20572942,221740401.0000,3,10.827864,1,-3.482100,0
2015-04-09,sh.603002,10.8100,10.8400,10.3000,10.5800,10.8100,14401679,151314223.0000,3,7.579831,1,-2.127700,0
2015-04-10,sh.603002,10.6000,11.0500,10.5000,11.0300,10.5800,14246736,154388565.0000,3,7.498282,1,4.253300,0
2015-04-13,sh.603002,11.1100,11.5300,11.0000,11.3100,11.0300,15874821,179657762.0000,3,8.355169,1,2.538500,0
2015-04-14,sh.603002,11.3100,12.0200,11.2100,11.7800,11.3100,19585817,228537499.0000,3,10.308325,1,4.155600,0
2015-04-15,sh.603002,11.6000,11.6700,10.9000,11.0300,11.7800,13923876,157490077.0000,3,7.328356,1,-6.366700,0
2015-04-16,sh.603002,10.8600,11.3000,10.7600,11.1700,11.0300,11953268,131831555.0000,3,6.291194,1,1.269300,0
2015-04-17,sh.603002,11.6200,11.8000,11.2700,11.3000,11.1700,17229763,198122532.0000,3,9.068296,1,1.163800,0
2015-04-20,sh.603002,11.1100,11.1800,10.6100,10.6500,11.3000,16870975,184484403.0000,3,8.879461,1,-5.752200,0
2015-04-21,sh.603002,10.5300,10.9800,10.5200,10.9600,10.6500,10322346,111569576.0000,3,5.432814,1,2.910800,0
2015-04-22,sh.603002,11.0300,11.6100,10.9800,11.5400,10.9600,17186751,194402704.0000,3,9.045658,1,5.292000,0
2015-04-23,sh.603002,11.6000,12.6900,11.5500,12.3100,11.5400,44890615,552013344.0000,3,23.626639,1,6.672400,0
2015-04-24,sh.603002,11.8900,12.2300,11.7000,12.1000,12.3100,28190534,336575344.0000,3,14.837123,1,-1.705900,0
2015-04-27,sh.603002,12.1200,12.6000,11.8000,12.1500,12.1000,21925132,266756748.0000,3,11.539543,1,0.413200,0
2015-04-28,sh.603002,12.1200,12.1500,11.3100,11.5300,12.1500,17286725,202067163.0000,3,9.098276,1,-5.102900,0
2015-04-29,sh.603002,11.5000,12.1400,11.4200,12.0000,11.5300,14428116,171278119.0000,3,7.593745,1,4.076300,0
2015-04-30,sh.603002,12.0000,12.5300,11.7500,12.2500,12.0000,19841976,239713300.0000,3,10.443145,1,2.083300,0
2015-05-04,sh.603002,12.2500,12.9500,12.1900,12.6000,12.2500,23902400,300535088.0000,3,12.580211,1,2.857100,0
2015-05-05,sh.603002,12.5000,12.5000,11.6300,11.8100,12.6000,16725896,202201197.0000,3,8.803103,1,-6.269800,0
2015-05-06,sh.603002,11.9800,12.3700,11.6000,11.7600,11.8100,15809798,190512079.0000,3,8.320946,1,-0.423400,0
2015-05-07,sh.603002,11.6000,11.9500,11.3000,11.3400,11.7600,11587603,134886183.0000,3,6.098738,1,-3.571400,0
2015-05-08,sh.603002,11.5400,11.8700,11.4100,11.8500,11.3400,11401860,132692238.0000,3,6.000979,1,4.497400,0
2015-05-11,sh.603002,12.0400,12.9600,11.8500,12.8500,11.8500,24274010,304587088.0000,3,12.775795,1,8.438800,0
2015-05-12,sh.603002,13.0300,13.6300,12.7000,13.4000,12.8500,29092575,380695184.0000,3,15.311882,1,4.280100,0
2015-05-13,sh.603002,13.0800,13.8500,13.0100,13.1900,13.4000,22128565,296519776.0000,3,11.646613,1,-1.567200,0
2015-05-14,sh.603002,13.0500,14.1200,13.0100,13.7800,13.1900,20831365,283312768.0000,3,10.963876,1,4.473100,0
2015-05-15,sh.603002,13.6800,13.6800,13.1800,13.3500,13.7800,14943624,200445162.0000,3,7.865065,1,-3.120500,0
2015-05-18,sh.603002,13.2000,14.1200,13.1100,13.4500,13.3500,16403084,223388440.0000,3,8.633202,1,0.749100,0
2015-05-19,sh.603002,13.5600,14.0900,13.3700,13.9100,13.4500,16804639,230216994.0000,3,4.201160,1,3.420100,0
2015-05-20,sh.603002,13.9100,14.9500,13.8000,14.2000,13.9100,19702829,283171616.0000,3,4.925707,1,2.084800,0
2015-05-21,sh.603002,14.2600,14.7500,14.1900,14.5900,14.2000,13997684,201754314.0000,3,3.499421,1,2.746500,0
2015-05-22,sh.603002,14.3800,15.1800,13.8800,15.0800,14.5900,35536899,510711504.0000,3,8.884225,1,3.358500,0
2015-05-25,sh.603002,14.6200,15.8600,14.6200,15.5800,15.0800,24568516,376010848.0000,3,6.142129,1,3.315600,0
2015-05-26,sh.603002,15.6000,16.7500,15.4300,16.6500,15.5800,20670090,334831888.0000,3,5.167522,1,6.867800,0
2015-05-27,sh.603002,16.7600,16.7900,15.8800,16.4300,16.6500,16395175,269795040.0000,3,4.098794,1,-1.321300,0
2015-05-28,sh.603002,16.3000,17.5100,15.8500,16.0600,16.4300,26205348,439079168.0000,3,6.551337,1,-2.252000,0
2015-05-29,sh.603002,16.1500,16.8200,15.1800,16.4900,16.0600,18621598,301859440.0000,3,4.655399,1,2.677500,0
2015-06-01,sh.603002,16.5600,18.1400,16.5100,18.1400,16.4900,25551667,456227568.0000,3,6.387917,1,10.006100,0
2015-06-02,sh.603002,18.0000,18.0000,17.2300,17.8600,18.1400,29955350,530245152.0000,3,7.488837,1,-1.543500,0
2015-06-03,sh.603002,17.7000,17.8900,17.0500,17.4000,17.8600,16190951,282743824.0000,3,4.047738,1,-2.575600,0
2015-06-04,sh.603002,17.4000,17.8000,15.6600,16.5800,17.4000,22738620,375319600.0000,3,5.684655,1,-4.712600,0
2015-06-05,sh.603002,16.7000,17.0000,16.0500,16.7200,16.5800,20117939,335440272.0000,3,5.029485,1,0.844400,0
2015-06-08,sh.603002,16.7200,16.7200,16.7200,16.7200,16.7200,0,0.0000,3,,0,0.000000,0
2015-06-09,sh.603002,16.7200,16.7200,16.7200,16.7200,16.7200,0,0.0000,3,,0,0.000000,0
2015-06-10,sh.603002,16.9500,17.0600,15.9500,16.6700,16.7200,16297303,272512816.0000,3,4.074326,1,-0.299000,0
2015-06-11,sh.603002,16.6700,16.9900,16.3000,16.9700,16.6700,15616646,259424946.0000,3,3.904162,1,1.799600,0
2015-06-12,sh.603002,16.9700,17.3800,16.7500,17.2400,16.9700,19768372,338184352.0000,3,4.942093,1,1.591000,0
2015-06-15,sh.603002,17.5200,18.2600,17.3000,17.5400,17.2400,22044156,392461152.0000,3,5.511039,1,1.740100,0
2015-06-16,sh.603002,17.3800,17.3800,15.8400,16.2000,17.5400,16811985,278736016.0000,3,4.202996,1,-7.639700,0
2015-06-17,sh.603002,16.1500,16.4900,15.1600,16.2500,16.2000,13774759,218524011.0000,3,3.443690,1,0.308600,0
2015-06-18,sh.603002,16.2300,16.4000,15.5200,15.6000,16.2500,9549800,153340529.0000,3,2.387450,1,-4.000000,0
2015-06-19,sh.603002,15.2900,15.2900,14.0400,14.0400,15.6000,10692152,155727122.0000,3,2.673038,1,-10.000000,0
2015-06-23,sh.603002,13.7300,14.2500,12.7100,14.0300,14.0400,10275175,140618928.0000,3,2.568794,1,-0.071200,0
2015-06-24,sh.603002,14.2000,14.5500,13.8800,14.3800,14.0300,11037882,157175901.0000,3,2.759470,1,2.494700,0
2015-06-25,sh.603002,14.3400,14.4000,13.1300,13.4100,14.3800,10381803,144957037.0000,3,2.595451,1,-6.745500,0
2015-06-26,sh.603002,13.1000,13.1000,12.0700,12.0700,13.4100,13241194,165448547.0000,3,3.310299,1,-9.992500,0
2015-06-29,sh.603002,12.5300,12.6500,10.8600,10.9500,12.0700,14787028,170237364.0000,3,3.696757,1,-9.279200,0
2015-06-30,sh.603002,11.2000,11.9000,9.9900,11.7100,10.9500,15181855,168040787.0000,3,3.795464,1,6.940600,0
2015-07-01,sh.603002,11.5500,11.9700,10.7000,10.7100,11.7100,12858498,149161822.0000,3,3.214624,1,-8.539700,0
2015-07-02,sh.603002,10.9500,11.0300,9.8400,9.9700,10.7100,12991409,135718709.0000,3,3.247852,1,-6.909400,0
2015-07-03,sh.603002,9.9400,10.2800,8.9700,8.9700,9.9700,15911768,151955059.0000,3,3.977942,1,-10.030100,0
2015-07-06,sh.603002,9.8100,9.8100,8.2500,8.5900,8.9200,16349539,147183628.0000,3,4.087385,1,-3.699600,0
2015-07-07,sh.603002,8.3600,8.4200,7.7300,7.7300,8.5900,11578713,91925271.0000,3,2.894678,1,-10.011600,0
2015-07-08,sh.603002,6.9600,7.3200,6.9600,6.9600,7.7300,21421676,150395637.0000,3,5.355419,1,-9.961200,0
2015-07-09,sh.603002,6.8100,7.6600,6.8100,7.6600,6.9600,17314186,129109140.0000,3,4.328546,1,10.057500,0
2015-07-10,sh.603002,8.3000,8.4300,7.8000,8.4300,7.6600,8374700,69685415.0000,3,2.093675,1,10.052200,0
2015-07-13,sh.603002,9.2200,9.2700,8.8400,9.2700,8.4300,20441832,188030562.0000,3,5.110458,1,9.964400,0
2015-07-14,sh.603002,9.4800,10.1200,9.2800,9.5600,9.2700,33981331,330037200.0000,3,8.495333,1,3.128400,0
2015-07-15,sh.603002,9.2000,9.4500,8.6000,8.6000,9.5600,19845054,176015071.0000,3,4.961264,1,-10.041800,0
2015-07-16,sh.603002,8.3100,9.3000,8.0200,9.0400,8.6000,19145914,167831617.0000,3,4.786479,1,5.116300,0
2015-07-17,sh.603002,9.1300,9.8900,8.9900,9.7400,9.0400,16291567,154376969.0000,3,4.072892,1,7.743400,0
2015-07-20,sh.603002,9.7000,10.0500,9.5200,9.7900,9.7400,19706354,192666859.0000,3,4.926589,1,0.513300,0
2015-07-21,sh.603002,9.5500,10.0300,9.4100,9.9100,9.7900,15572874,152741123.0000,3,3.893219,1,1.225700,0
2015-07-22,sh.603002,9.8100,10.0900,9.7000,10.0100,9.9100,17777260,176427599.0000,3,4.444315,1,1.009100,0
2015-07-23,sh.603002,10.0600,10.6800,9.9600,10.5800,10.0100,20208802,209713068.0000,3,5.052201,1,5.694300,0
2015-07-24,sh.603002,10.6000,10.6600,9.8000,10.1100,10.5800,19567295,203914800.0000,3,4.891824,1,-4.442300,0
2015-07-27,sh.603002,9.8500,10.1800,9.1000,9.1000,10.1100,17124091,166228514.0000,3,4.281023,1,-9.990100,0
2015-07-28,sh.603002,8.5200,9.0800,8.1900,8.5000,9.1000,16722883,142567262.0000,3,4.180721,1,-6.593400,0
2015-07-29,sh.603002,8.7500,9.3500,8.3600,9.3500,8.5000,13829667,121904157.0000,3,3.457417,1,10.000000,0
2015-07-30,sh.603002,9.1100,9.6800,9.0100,9.0700,9.3500,14249310,133284723.0000,3,3.562328,1,-2.994700,0
2015-07-31,sh.603002,9.0700,9.0700,9.0700,9.0700,9.0700,0,0.0000,3,,0,0.000000,0
2015-08-03,sh.603002,9.0700,9.0700,9.0700,9.0700,9.0700,0,0.0000,3,,0,0.000000,0
2015-08-04,sh.603002,9.0700,9.0700,9.0700,9.0700,9.0700,0,0.0000,3,,0,0.000000,0
2015-08-05,sh.603002,9.8700,9.8700,9.2300,9.3600,9.0700,16430988,156537877.0000,3,4.107747,1,3.197400,0
2015-08-06,sh.603002,8.9100,9.2900,8.7600,9.1000,9.3600,11015100,99618270.0000,3,2.753775,1,-2.777800,0
2015-08-07,sh.603002,9.5600,10.0100,9.5200,10.0100,9.1000,10257888,101102705.0000,3,2.564472,1,10.000000,0
2015-08-10,sh.603002,10.5000,10.9500,10.3000,10.8700,10.0100,32641776,346670784.0000,3,8.160444,1,8.591400,0
2015-08-11,sh.603002,10.6200,11.1000,10.6200,10.9400,10.8700,28252252,306932800.0000,3,7.063063,1,0.644000,0
2015-08-12,sh.603002,10.7200,11.3700,10.6500,10.9700,10.9400,20872264,229301705.0000,3,5.218066,1,0.274200,0
2015-08-13,sh.603002,11.0600,12.0700,11.0000,12.0700,10.9700,31898013,372890000.0000,3,7.974503,1,10.027300,0
2015-08-14,sh.603002,12.3200,12.6200,11.8600,12.0900,12.0700,29988905,366592336.0000,3,7.497226,1,0.165700,0
2015-08-17,sh.603002,12.0100,12.3100,11.6800,12.2900,12.0900,16307796,195489328.0000,3,4.076949,1,1.654300,0
2015-08-18,sh.603002,12.1500,12.2700,11.0600,11.0600,12.2900,19822779,229570748.0000,3,4.955695,1,-10.008100,0
2015-08-19,sh.603002,10.6000,12.1000,10.0100,11.6900,11.0600,17645240,190966478.0000,3,4.411310,1,5.696200,0
2015-08-20,sh.603002,11.3600,12.1200,11.2500,11.3500,11.6900,16612576,193382743.0000,3,4.153144,1,-2.908500,0
2015-08-21,sh.603002,11.1000,11.3400,10.3000,10.3400,11.3500,15252769,163785947.0000,3,3.813192,1,-8.898700,0
2015-08-24,sh.603002,10.0700,10.2800,9.3100,9.3100,10.3400,15876024,152130544.0000,3,3.969006,1,-9.961300,0
2015-08-25,sh.603002,8.5200,8.8500,8.3800,8.3800,9.3100,15878040,135306822.0000,3,3.969510,1,-9.989300,0
2015-08-26,sh.603002,8.5900,9.0100,7.8800,8.3600,8.3800,18589926,158342567.0000,3,4.647482,1,-0.238700,0
2015-08-27,sh.603002,8.6000,8.9900,8.2100,8.9700,8.3600,14273328,123243887.0000,3,3.568332,1,7.296700,0
2015-08-28,sh.603002,9.1000,9.6500,8.8000,9.5900,8.9700,19852238,181370840.0000,3,4.963059,1,6.911900,0
2015-08-31,sh.603002,9.3400,9.4100,8.8100,8.8500,9.5900,13788404,125159328.0000,3,3.447101,1,-7.716400,0
2015-09-01,sh.603002,8.8100,8.8100,7.9700,7.9900,8.8500,12803125,105770215.0000,3,3.200781,1,-9.717500,0
2015-09-02,sh.603002,7.5500,8.3900,7.4000,7.6300,7.9900,10479294,82837657.0000,3,2.619823,1,-4.505600,0
2015-09-07,sh.603002,7.8700,8.1900,7.8700,7.9700,7.6300,9080914,73153443.0000,3,2.270228,1,4.456100,0
2015-09-08,sh.603002,8.0000,8.5500,7.8800,8.5100,7.9700,8152822,66839693.0000,3,2.038206,1,6.775400,0
2015-09-09,sh.603002,8.6100,9.0200,8.5200,8.9000,8.5100,12614767,111121939.0000,3,3.153692,1,4.582800,0
2015-09-10,sh.603002,8.7000,8.8700,8.5600,8.6000,8.9000,8570902,74883977.0000,3,2.142726,1,-3.370800,0
2015-09-11,sh.603002,8.6000,8.9400,8.6000,8.8200,8.6000,7415131,64871991.0000,3,1.853783,1,2.558100,0
2015-09-14,sh.603002,8.8200,8.8800,7.9400,7.9400,8.8200,9129336,76075672.0000,3,2.282334,1,-9.977300,0
2015-09-15,sh.603002,7.9700,8.0600,7.3600,7.4400,7.9400,7539680,58638290.0000,3,1.884920,1,-6.297200,0
2015-09-16,sh.603002,7.5600,8.1800,7.4800,8.1700,7.4400,9718820,76251621.0000,3,2.429705,1,9.811800,0
2015-09-17,sh.603002,8.1100,8.5000,8.0100,8.0600,8.1700,11025700,91342610.0000,3,2.756425,1,-1.346400,0
2015-09-18,sh.603002,8.1600,8.3700,8.0500,8.3000,8.0600,6028838,49484505.0000,3,1.507210,1,2.977700,0
2015-09-21,sh.603002,8.1800,8.6600,8.1000,8.6300,8.3000,7108026,60120647.0000,3,1.777007,1,3.975900,0
2015-09-22,sh.603002,8.6300,8.7800,8.5100,8.6900,8.6300,6856663,59407385.0000,3,1.714166,1,0.695200,0
2015-09-23,sh.603002,8.5200,8.6000,8.3200,8.4300,8.6900,6957969,58976241.0000,3,1.739492,1,-2.991900,0
2015-09-24,sh.603002,8.4400,8.7300,8.4400,8.6800,8.4300,7033240,60734969.0000,3,1.758310,1,2.965600,0
2015-09-25,sh.603002,8.6000,8.6900,8.0800,8.1900,8.6800,7159460,59945565.0000,3,1.789865,1,-5.645200,0
2015-09-28,sh.603002,8.2600,8.5000,8.1000,8.4700,8.1900,4582124,38100482.0000,3,1.145531,1,3.418800,0
2015-09-29,sh.603002,8.3300,8.3500,8.1800,8.2600,8.4700,4720424,39013009.0000,3,1.180106,1,-2.479300,0
2015-09-30,sh.603002,8.3000,8.3600,8.2300,8.2700,8.2600,2844966,23616571.0000,3,0.711242,1,0.121100,0
2015-10-08,sh.603002,8.6800,8.9300,8.6800,8.8300,8.2700,10519809,92566458.0000,3,2.629952,1,6.771500,0
2015-10-09,sh.603002,8.8000,8.9700,8.7200,8.9400,8.8300,6819541,60498499.0000,3,1.704885,1,1.245700,0
2015-10-12,sh.603002,9.0100,9.6000,9.0100,9.5300,8.9400,11968050,112006259.0000,3,2.992012,1,6.599600,0
2015-10-13,sh.603002,9.4100,9.7400,9.3800,9.6300,9.5300,9904516,94254590.0000,3,2.476129,1,1.049300,0
2015-10-14,sh.603002,9.5600,9.6400,9.3600,9.4000,9.6300,7144045,67861544.0000,3,1.786011,1,-2.388400,0
2015-10-15,sh.603002,9.3900,9.7800,9.3900,9.7700,9.4000,9378174,90486786.0000,3,2.344543,1,3.936200,0
2015-10-16,sh.603002,9.8100,9.9500,9.6300,9.8700,9.7700,10031092,98187442.0000,3,2.507773,1,1.023500,0
2015-10-19,sh.603002,9.8900,10.2300,9.4100,10.0600,9.8700,23340241,227365430.0000,3,5.835060,1,1.925000,0
2015-10-20,sh.603002,9.9100,10.2200,9.8300,10.1200,10.0600,16599846,166878432.0000,3,4.149961,1,0.596400,0
2015-10-21,sh.603002,10.0500,10.3500,9.1100,9.1100,10.1200,15697395,152481786.0000,3,3.924349,1,-9.980200,0
2015-10-22,sh.603002,9.1600,9.5500,9.0500,9.4400,9.1100,9782222,91055562.0000,3,2.445556,1,3.622400,0
2015-10-23,sh.603002,9.5000,9.8700,9.4400,9.8000,9.4400,10023011,96654576.0000,3,2.505753,1,3.813600,0
2015-10-26,sh.603002,9.9800,10.1000,9.7800,9.8500,9.8000,12686879,125792488.0000,3,3.171720,1,0.510200,0
2015-10-27,sh.603002,9.7900,10.3300,9.2000,10.2500,9.8500,15527772,152900577.0000,3,3.881943,1,4.060900,0
2015-10-28,sh.603002,10.0000,10.4400,9.8500,9.9900,10.2500,15236595,154942237.0000,3,3.809149,1,-2.536600,0
2015-10-29,sh.603002,10.0800,10.3300,9.9400,10.2400,9.9900,13124394,133160467.0000,3,3.281099,1,2.502500,0
2015-10-30,sh.603002,10.2300,10.3800,9.9200,10.0100,10.2400,11975524,121596431.0000,3,2.993881,1,-2.246100,0
2015-11-02,sh.603002,9.8700,10.1200,9.7000,9.7600,10.0100,8176686,81011647.0000,3,2.044172,1,-2.497500,0
2015-11-03,sh.603002,9.8300,9.9500,9.7000,9.8600,9.7600,6114950,60357153.0000,3,1.528738,1,1.024600,0
2015-11-04,sh.603002,10.1300,10.8500,10.1000,10.8500,9.8600,15717369,166983556.0000,3,3.929342,1,10.040600,0
2015-11-05,sh.603002,11.2300,11.3600,10.7200,10.7600,10.8500,32627064,360689728.0000,3,8.156766,1,-0.829500,0
2015-11-06,sh.603002,10.5400,11.0000,10.5400,10.9600,10.7600,17175533,186768717.0000,3,4.293883,1,1.858700,0
2015-11-09,sh.603002,10.7500,11.1800,10.7300,11.0300,10.9600,16204729,178021580.0000,3,4.051182,1,0.638700,0
2015-11-10,sh.603002,10.9400,11.2000,10.9200,11.0800,11.0300,12885186,142532549.0000,3,3.221297,1,0.453300,0
2015-11-11,sh.603002,11.0900,11.3800,11.0000,11.3700,11.0800,15073455,168905420.0000,3,3.768364,1,2.617300,0
2015-11-12,sh.603002,11.4700,11.5500,11.0000,11.2300,11.3700,13203083,148189570.0000,3,3.300771,1,-1.231300,0
2015-11-13,sh.603002,11.0700,11.1700,10.9000,11.0100,11.2300,9659290,106808263.0000,3,2.414823,1,-1.959000,0
2015-11-16,sh.603002,10.7800,11.5300,10.6800,11.4900,11.0100,14872340,166126959.0000,3,3.718085,1,4.359700,0
2015-11-17,sh.603002,11.5800,11.8800,11.4000,11.6600,11.4900,18443726,214644442.0000,3,4.610931,1,1.479500,0
2015-11-18,sh.603002,11.6800,11.8900,11.4000,11.5500,11.6600,12800420,147977311.0000,3,3.200105,1,-0.943400,0
2015-11-19,sh.603002,11.5700,11.9800,11.4900,11.9600,11.5500,13819706,161602902.0000,3,3.454927,1,3.549800,0
2015-11-20,sh.603002,11.9000,12.5800,11.8300,12.4700,11.9600,17440340,214629617.0000,3,4.360085,1,4.264200,0
2015-11-23,sh.603002,12.4100,12.7500,12.1400,12.2100,12.4700,15302796,190438924.0000,3,3.825699,1,-2.085000,0
2015-11-24,sh.603002,12.2100,12.5900,12.0100,12.5600,12.2100,11137699,136298698.0000,3,2.784425,1,2.866500,0
2015-11-25,sh.603002,12.4300,12.8300,12.4300,12.6100,12.5600,12193663,154430974.0000,3,3.048416,1,0.398100,0
2015-11-26,sh.603002,12.6600,12.6700,12.4000,12.4100,12.6100,10599649,132705251.0000,3,2.649912,1,-1.586000,0
2015-11-27,sh.603002,12.3100,12.3500,11.2000,11.3700,12.4100,15042251,178638912.0000,3,3.760563,1,-8.380300,0
2015-11-30,sh.603002,11.3300,11.6000,10.7500,11.5800,11.3700,11798883,133733386.0000,3,2.949721,1,1.847000,0
2015-12-01,sh.603002,11.4500,11.6600,11.3400,11.4700,11.5800,7374848,84613742.0000,3,1.843712,1,-0.949900,0
2015-12-02,sh.603002,11.4900,11.5000,10.8100,11.2300,11.4700,6183361,69104054.0000,3,1.545840,1,-2.092400,0
2015-12-03,sh.603002,11.2900,11.6000,11.2300,11.5700,11.2300,6375705,72827521.0000,3,1.593926,1,3.027600,0
2015-12-04,sh.603002,11.4600,11.7200,11.4200,11.6900,11.5700,8850516,102480958.0000,3,2.212629,1,1.037200,0
2015-12-07,sh.603002,11.6900,11.9400,11.6200,11.8100,11.6900,8045980,94995714.0000,3,2.011495,1,1.026500,0
2015-12-08,sh.603002,11.7500,11.8400,11.3600,11.3700,11.8100,7766023,90083758.0000,3,1.941506,1,-3.725700,0
2015-12-09,sh.603002,11.2500,11.4300,11.1200,11.3200,11.3700,5327736,60144767.0000,3,1.331934,1,-0.439800,0
2015-12-10,sh.603002,11.3100,11.4800,11.1600,11.2000,11.3200,4288000,48539924.0000,3,1.072000,1,-1.060100,0
2015-12-11,sh.603002,11.2000,11.2700,11.1000,11.1400,11.2000,4000179,44728251.0000,3,1.000045,1,-0.535700,0
2015-12-14,sh.603002,11.1000,11.4400,10.9200,11.3600,11.1400,6209953,69467457.0000,3,1.552488,1,1.974900,0
2015-12-15,sh.603002,11.3500,11.5300,11.3000,11.4100,11.3600,6998538,79950823.0000,3,1.749634,1,0.440100,0
2015-12-16,sh.603002,11.4600,11.8400,11.3500,11.7200,11.4100,15944825,184710903.0000,3,3.986206,1,2.716900,0
2015-12-17,sh.603002,12.0000,12.7700,11.8900,12.5500,11.7200,26576018,325875168.0000,3,6.644005,1,7.081900,0
2015-12-18,sh.603002,12.4900,12.5000,12.1200,12.1800,12.5500,14762202,181329283.0000,3,3.690550,1,-2.948200,0
2015-12-21,sh.603002,12.1900,12.6000,12.1900,12.3000,12.1800,16315143,201489911.0000,3,4.078786,1,0.985200,0
2015-12-22,sh.603002,12.3300,12.4500,12.1400,12.1600,12.3000,14264175,174654457.0000,3,3.566044,1,-1.138200,0
2015-12-23,sh.603002,8.2600,8.3200,7.8800,7.9000,8.1100,14476000,117048332.0000,3,2.412667,1,-2.589400,0
2015-12-24,sh.603002,7.7000,7.7800,7.4600,7.6600,7.9000,19698618,149807326.0000,3,3.283103,1,-3.038000,0
2015-12-25,sh.603002,7.7000,8.2800,7.6200,8.1600,7.6600,23573681,187428454.0000,3,3.928947,1,6.527400,0
2015-12-28,sh.603002,8.1300,8.2700,7.7700,7.7900,8.1600,22306604,179975475.0000,3,3.717767,1,-4.534300,0
2015-12-29,sh.603002,7.7500,7.9700,7.6200,7.9500,7.7900,13194210,102345853.0000,3,2.199035,1,2.053900,0
2015-12-30,sh.603002,7.9300,7.9800,7.7800,7.8800,7.9500,11721524,92466443.0000,3,1.953587,1,-0.880500,0
2015-12-31,sh.603002,7.9100,7.9700,7.6600,7.6900,7.8800,10880144,85180525.0000,3,1.813357,1,-2.411200,0
2016-01-04,sh.603002,7.6400,7.7400,6.9200,6.9200,7.6900,12320890,88903928.0000,3,2.053482,1,-10.013000,0
2016-01-05,sh.603002,6.5000,6.8900,6.3000,6.6800,6.9200,14216181,94600191.0000,3,2.369363,1,-3.468200,0
2016-01-06,sh.603002,6.7200,6.8800,6.6000,6.8700,6.6800,10100809,68464934.0000,3,1.683468,1,2.844300,0
2016-01-07,sh.603002,6.7000,6.7000,6.1800,6.1800,6.8700,3328100,21347355.0000,3,0.554683,1,-10.043700,0
2016-01-08,sh.603002,6.3600,6.4500,5.8800,6.2700,6.1800,11674511,73126680.0000,3,1.945752,1,1.456300,0
2016-01-11,sh.603002,6.1000,6.3200,5.7300,5.7900,6.2700,11147063,67632681.0000,3,1.857844,1,-7.655500,0
2016-01-12,sh.603002,5.7900,5.9800,5.7000,5.8500,5.7900,9450076,55259560.0000,3,1.575013,1,1.036300,0
2016-01-13,sh.603002,5.9000,5.9800,5.5000,5.6200,5.8500,7841838,45776276.0000,3,1.306973,1,-3.931600,0
2016-01-14,sh.603002,5.5000,5.8800,5.3200,5.8400,5.6200,11669484,65730083.0000,3,1.944914,1,3.914600,0
2016-01-15,sh.603002,5.7900,5.9300,5.4900,5.5900,5.8400,8589576,49307128.0000,3,1.431596,1,-4.280800,0
2016-01-18,sh.603002,5.4200,5.7700,5.3800,5.6600,5.5900,8296854,46489368.0000,3,1.382809,1,1.252200,0
2016-01-19,sh.603002,5.6100,5.9400,5.5900,5.8900,5.6600,10500337,60770053.0000,3,1.750056,1,4.063600,0
2016-01-20,sh.603002,5.8500,5.9500,5.7800,5.8500,5.8900,8195741,48076889.0000,3,1.365957,1,-0.679100,0
2016-01-21,sh.603002,5.7400,5.9300,5.6100,5.6300,5.8500,7756689,44987367.0000,3,1.292782,1,-3.760700,0
2016-01-22,sh.603002,5.6900,5.7600,5.5100,5.7000,5.6300,7641109,43124227.0000,3,1.273518,1,1.243300,0
2016-01-25,sh.603002,5.7600,5.9700,5.7100,5.9600,5.7000,10612369,61834170.0000,3,1.768728,1,4.561400,0
2016-01-26,sh.603002,5.8400,6.0900,5.4900,5.6200,5.9600,17190959,100031990.0000,3,2.865160,1,-5.704700,0
2016-01-27,sh.603002,5.5600,5.8400,5.1600,5.7400,5.6200,17382613,95305591.0000,3,2.897102,1,2.135200,0
2016-01-28,sh.603002,5.6100,5.9300,5.3500,5.3800,5.7400,12272125,69404689.0000,3,2.045354,1,-6.271800,0
2016-01-29,sh.603002,5.3000,5.5900,5.1700,5.5400,5.3800,11007569,59763896.0000,3,1.834595,1,2.974000,0
2016-02-01,sh.603002,5.5300,5.5600,5.2800,5.3800,5.5400,6548483,35559563.0000,3,1.091414,1,-2.888100,0
2016-02-02,sh.603002,5.4200,5.6200,5.3700,5.5700,5.3800,6740166,37406542.0000,3,1.123361,1,3.531600,0
2016-02-03,sh.603002,5.4600,5.5900,5.4000,5.5600,5.5700,6492049,35588310.0000,3,1.082008,1,-0.179500,0
2016-02-04,sh.603002,5.5800,5.8500,5.5800,5.7600,5.5600,10292233,58986380.0000,3,1.715372,1,3.597100,0
2016-02-05,sh.603002,5.8100,5.8500,5.6700,5.6900,5.7600,8007327,45987425.0000,3,1.334555,1,-1.215300,0
2016-02-15,sh.603002,5.4300,5.6500,5.4100,5.5900,5.6900,6755708,37316780.0000,3,1.125951,1,-1.757500,0
2016-02-16,sh.603002,5.6200,5.8900,5.6100,5.8500,5.5900,10568596,61235814.0000,3,1.761433,1,4.651200,0
2016-02-17,sh.603002,5.8300,5.9500,5.7500,5.9300,5.8500,11842381,69332622.0000,3,1.973730,1,1.367500,0
2016-02-18,sh.603002,5.9800,6.0100,5.9000,5.9400,5.9300,13310379,79271499.0000,3,2.218396,1,0.168600,0
2016-02-19,sh.603002,5.8900,5.9600,5.8400,5.9400,5.9400,8500558,50209293.0000,3,1.416760,1,0.000000,0
2016-02-22,sh.603002,5.9900,6.1300,5.9500,6.1200,5.9400,13484039,81406281.0000,3,2.247340,1,3.030300,0
2016-02-23,sh.603002,6.1100,6.1100,5.9100,6.0200,6.1200,13181124,79208060.0000,3,2.196854,1,-1.634000,0
2016-02-24,sh.603002,5.9800,6.0500,5.8700,6.0400,6.0200,8878389,52994425.0000,3,1.479731,1,0.332200,0
2016-02-25,sh.603002,6.0100,6.0200,5.4400,5.4400,6.0400,14702982,83708039.0000,3,2.450497,1,-9.933800,0
2016-02-26,sh.603002,5.5100,5.5200,5.2600,5.4100,5.4400,9295889,50349007.0000,3,1.549315,1,-0.551500,0
2016-02-29,sh.603002,5.3700,5.3900,4.9000,4.9700,5.4100,10049537,50530554.0000,3,1.674923,1,-8.133100,0
2016-03-01,sh.603002,5.0200,5.1700,4.9600,5.1200,4.9700,6621168,33436269.0000,3,1.103528,1,3.018100,0
2016-03-02,sh.603002,5.1200,5.4100,5.0900,5.3800,5.1200,9517340,50084544.0000,3,1.586223,1,5.078100,0
2016-03-03,sh.603002,5.3500,5.5300,5.3200,5.3600,5.3800,10856709,58990352.0000,3,1.809451,1,-0.371700,0
2016-03-04,sh.603002,5.3500,5.4000,5.0600,5.1400,5.3600,8588484,45089239.0000,3,1.431414,1,-4.104500,0
2016-03-07,sh.603002,5.1900,5.3300,5.1900,5.3200,5.1400,7970263,42065446.0000,3,1.328377,1,3.502000,0
2016-03-08,sh.603002,5.3100,5.4000,5.1000,5.3800,5.3200,9288155,48452323.0000,3,1.548026,1,1.127800,0
2016-03-09,sh.603002,5.2400,5.3300,5.2100,5.2500,5.3800,5451237,28652606.0000,3,0.908539,1,-2.416400,0
2016-03-10,sh.603002,5.2400,5.3100,5.1500,5.1800,5.2500,5723023,29977844.0000,3,0.953837,1,-1.333300,0
2016-03-11,sh.603002,5.1500,5.2100,5.0500,5.1600,5.1800,4263369,21881123.0000,3,0.710561,1,-0.386100,0
2016-03-14,sh.603002,5.2100,5.4500,5.2100,5.3200,5.1600,8611105,45928053.0000,3,1.435184,1,3.100800,0
2016-03-15,sh.603002,5.3200,5.3700,5.2500,5.3000,5.3200,6138974,32627815.0000,3,1.023162,1,-0.375900,0
2016-03-16,sh.603002,5.3200,5.4300,5.2800,5.3200,5.3000,7853219,42049060.0000,3,1.308870,1,0.377400,0
2016-03-17,sh.603002,5.3400,5.5300,5.3200,5.5100,5.3200,11271948,61181870.0000,3,1.878658,1,3.571400,0
2016-03-18,sh.603002,5.5300,5.7100,5.4900,5.6700,5.5100,13431917,75650089.0000,3,2.238653,1,2.903800,0
2016-03-21,sh.603002,5.7200,5.8500,5.6700,5.8200,5.6700,12705096,73151466.0000,3,2.117516,1,2.645500,0
2016-03-22,sh.603002,5.7300,5.8700,5.7000,5.8000,5.8200,11494313,66373990.0000,3,1.915719,1,-0.343600,0
2016-03-23,sh.603002,5.7600,5.8300,5.7300,5.8200,5.8000,7341924,42523809.0000,3,1.223654,1,0.344800,0
2016-03-24,sh.603002,5.8100,5.8100,5.6400,5.6600,5.8200,11074265,63426101.0000,3,1.845711,1,-2.749100,0
2016-03-25,sh.603002,5.6400,5.7400,5.6300,5.7300,5.6600,8536215,48547206.0000,3,1.422702,1,1.236800,0
2016-03-28,sh.603002,5.7300,5.9000,5.7100,5.7200,5.7300,10978293,63788546.0000,3,1.829715,1,-0.174500,0
2016-03-29,sh.603002,5.7400,5.7700,5.5000,5.5800,5.7200,8605837,48257932.0000,3,1.434306,1,-2.447600,0
2016-03-30,sh.603002,5.6100,5.8700,5.6100,5.8400,5.5800,11810286,67953660.0000,3,1.968381,1,4.659500,0
2016-03-31,sh.603002,5.8700,6.1300,5.8300,6.0700,5.8400,28956908,174219592.0000,3,4.826151,1,3.938400,0
2016-04-01,sh.603002,6.0000,6.0400,5.8600,6.0100,6.0700,16603908,98921937.0000,3,2.767318,1,-0.988500,0
2016-04-05,sh.603002,5.9700,6.3200,5.9700,6.2300,6.0100,22819465,141930237.0000,3,3.803244,1,3.660600,0
2016-04-06,sh.603002,6.2200,6.2700,6.1200,6.1800,6.2300,17244843,106725520.0000,3,2.874141,1,-0.802600,0
2016-04-07,sh.603002,6.2200,6.2200,6.0100,6.0300,6.1800,13943603,85045013.0000,3,2.323934,1,-2.427200,0
2016-04-08,sh.603002,6.0100,6.0300,5.8400,5.9400,6.0300,10701262,63485836.0000,3,1.783544,1,-1.492500,0
2016-04-11,sh.603002,5.9900,6.1500,5.9800,6.1100,5.9400,13088201,79457572.0000,3,2.181367,1,2.862000,0
2016-04-12,sh.603002,6.0600,6.1200,5.9500,6.0200,6.1100,8562246,51484755.0000,3,1.427041,1,-1.473000,0
2016-04-13,sh.603002,6.0600,6.2100,6.0500,6.1300,6.0200,14993721,92424874.0000,3,2.498953,1,1.827200,0
2016-04-14,sh.603002,6.2000,6.2500,6.1200,6.2500,6.1300,13777366,85289254.0000,3,2.296228,1,1.957600,0
2016-04-15,sh.603002,6.2600,6.3100,6.1900,6.2800,6.2500,12668166,79269384.0000,3,2.111361,1,0.480000,0
2016-04-18,sh.603002,6.2400,6.4600,6.2000,6.3700,6.2800,20429880,130119239.0000,3,3.404980,1,1.433100,0
2016-04-19,sh.603002,6.4000,6.6600,6.3900,6.6500,6.3700,26684115,174724159.0000,3,4.447353,1,4.395600,0
2016-04-20,sh.603002,6.7000,6.7700,6.0100,6.2900,6.6500,31196474,197291399.0000,3,5.199412,1,-5.413500,0
2016-04-21,sh.603002,6.1600,6.3400,6.1000,6.1700,6.2900,18698121,116204520.0000,3,3.116353,1,-1.907800,0
2016-04-22,sh.603002,6.1100,6.2900,6.0500,6.2600,6.1700,12712787,78498172.0000,3,2.118798,1,1.458700,0
2016-04-25,sh.603002,6.1800,6.2200,6.0400,6.1000,6.2600,13490282,82478220.0000,3,2.248380,1,-2.555900,0
2016-04-26,sh.603002,6.0600,6.1500,6.0100,6.1500,6.1000,12328242,75138594.0000,3,2.054707,1,0.819700,0
2016-04-27,sh.603002,6.1200,6.2600,6.1100,6.1900,6.1500,13511648,83658783.0000,3,2.251941,1,0.650400,0
2016-04-28,sh.603002,6.1800,6.2000,5.9600,6.1100,6.1900,11321939,68661912.0000,3,1.886990,1,-1.292400,0
2016-04-29,sh.603002,6.0500,6.1800,6.0100,6.1400,6.1100,9513192,57854619.0000,3,1.585532,1,0.491000,0
2016-05-03,sh.603002,6.1500,6.3400,6.0800,6.3400,6.1400,11664037,72900495.0000,3,1.944006,1,3.257300,0
2016-05-04,sh.603002,6.2900,6.5100,6.2900,6.4000,6.3400,14084813,90566907.0000,3,2.347469,1,0.946400,0
2016-05-05,sh.603002,6.4000,6.4500,6.2900,6.4000,6.4000,8726321,55561156.0000,3,1.454387,1,0.000000,0
2016-05-06,sh.603002,6.4000,6.4200,6.0700,6.0800,6.4000,14033124,87232632.0000,3,2.338854,1,-5.000000,0
2016-05-09,sh.603002,5.9800,6.0500,5.8300,5.8800,6.0800,8676895,51456761.0000,3,1.446149,1,-3.289500,0
2016-05-10,sh.603002,5.8500,5.9900,5.8500,5.9300,5.8800,5626794,33299279.0000,3,0.937799,1,0.850300,0
2016-05-11,sh.603002,5.9600,6.0200,5.7600,5.7700,5.9300,5971101,35024851.0000,3,0.995183,1,-2.698100,0
2016-05-12,sh.603002,5.6700,5.7100,5.5200,5.6800,5.7700,6699732,37668710.0000,3,1.116622,1,-1.559800,0
2016-05-13,sh.603002,5.6300,5.7400,5.5100,5.5500,5.6800,6327182,35613997.0000,3,1.054530,1,-2.288700,0
2016-05-16,sh.603002,5.5400,5.6700,5.4700,5.6600,5.5500,6621808,36947426.0000,3,1.103635,1,1.982000,0
2016-05-17,sh.603002,5.6600,5.6900,5.5500,5.6000,5.6600,5898539,33189466.0000,3,0.983090,1,-1.060100,0
2016-05-18,sh.603002,5.5500,5.5700,5.3700,5.4300,5.6000,5945315,32427466.0000,3,0.990886,1,-3.035700,0
2016-05-19,sh.603002,5.4600,5.9700,5.4000,5.8000,5.4300,23380736,136937930.0000,3,3.896789,1,6.814000,0
2016-05-20,sh.603002,5.7000,6.2900,5.6100,6.0900,5.8000,34403921,207094016.0000,3,5.733987,1,5.000000,0
2016-05-23,sh.603002,6.1300,6.2300,5.9700,6.1400,6.0900,21742554,132243847.0000,3,3.623759,1,0.821000,0
2016-05-24,sh.603002,6.0600,6.0900,5.9100,5.9500,6.1400,13646785,81655018.0000,3,2.274464,1,-3.094500,0
2016-05-25,sh.603002,6.0100,6.0800,5.8200,5.8900,5.9500,12027240,71537360.0000,3,2.004540,1,-1.008400,0
2016-05-26,sh.603002,5.9000,5.9500,5.6600,5.8800,5.8900,12493795,72584253.0000,3,2.082299,1,-0.169800,0
2016-05-27,sh.603002,5.8300,6.4700,5.8200,6.4100,5.8800,49639563,311472176.0000,3,8.273260,1,9.013600,0
2016-05-30,sh.603002,6.2800,6.3000,6.1000,6.1800,6.4100,33511293,207764816.0000,3,5.585216,1,-3.588100,0
2016-05-31,sh.603002,6.1300,6.4000,6.1300,6.3800,6.1800,29712008,187149084.0000,3,4.952001,1,3.236300,0
2016-06-01,sh.603002,6.3100,6.6500,6.3100,6.5200,6.3800,30824926,198338765.0000,3,5.137488,1,2.194400,0
2016-06-02,sh.603002,6.4600,6.6700,6.4300,6.6100,6.5200,28394505,186226015.0000,3,4.732418,1,1.380400,0
2016-06-03,sh.603002,6.6600,6.6800,6.3800,6.4000,6.6100,22534069,145975744.0000,3,3.755678,1,-3.177000,0
2016-06-06,sh.603002,6.4100,6.4600,6.3200,6.4100,6.4000,12767671,81774101.0000,3,2.127945,1,0.156200,0
2016-06-07,sh.603002,6.4300,6.4500,6.3300,6.4200,6.4100,12358814,78937832.0000,3,2.059802,1,0.156000,0
2016-06-08,sh.603002,6.4100,6.4100,6.2300,6.3200,6.4200,13725251,86857409.0000,3,2.287542,1,-1.557600,0
2016-06-13,sh.603002,6.2000,6.2700,5.9000,5.9100,6.3200,12941562,79709283.0000,3,2.156927,1,-6.487300,0
2016-06-14,sh.603002,5.8500,5.9700,5.8400,5.9400,5.9100,8666348,51213734.0000,3,1.444391,1,0.507600,0
2016-06-15,sh.603002,5.8400,6.2400,5.8200,6.1800,5.9400,11776224,71870187.0000,3,1.962704,1,4.040400,0
2016-06-16,sh.603002,6.1800,6.3500,6.1400,6.2300,6.1800,11867548,73834215.0000,3,1.977925,1,0.809100,0
2016-06-17,sh.603002,6.1600,6.2900,6.1000,6.1700,6.1800,10526857,65356327.0000,3,1.754476,1,-0.161800,0
2016-06-20,sh.603002,6.1500,6.1800,5.9000,6.1000,6.1700,19360895,116144475.0000,3,3.226816,1,-1.134500,0
2016-06-21,sh.603002,6.1100,6.2600,6.0300,6.0900,6.1000,14648585,90165600.0000,3,2.441431,1,-0.163900,0
2016-06-22,sh.603002,6.0600,6.2500,6.0200,6.2100,6.0900,10984416,67597968.0000,3,1.830736,1,1.970400,0
2016-06-23,sh.603002,6.1700,6.3500,6.1500,6.2800,6.2100,15507225,97031010.0000,3,2.584538,1,1.127200,0
2016-06-24,sh.603002,6.2600,6.3000,5.9000,6.1200,6.2800,14764570,90741687.0000,3,2.460762,1,-2.547800,0
2016-06-27,sh.603002,6.0500,6.6000,6.0400,6.5700,6.1200,32691452,208776740.0000,3,5.448575,1,7.352900,0
2016-06-28,sh.603002,6.8600,7.2300,6.7100,7.2300,6.5700,62719879,445617552.0000,3,10.453313,1,10.045700,0
2016-06-29,sh.603002,7.6000,7.7000,7.1800,7.6800,7.2300,86463925,643004864.0000,3,14.410654,1,6.224100,0
2016-06-30,sh.603002,7.4900,7.7800,7.4400,7.6800,7.6800,53763275,408975264.0000,3,8.960546,1,0.000000,0
2016-07-01,sh.603002,7.5800,7.6400,7.3200,7.4600,7.6800,34848641,259804818.0000,3,5.808107,1,-2.864600,0
2016-07-04,sh.603002,7.3800,7.4600,7.2500,7.4400,7.4600,33010094,242763902.0000,3,5.501682,1,-0.268100,0
2016-07-05,sh.603002,7.4200,7.5600,7.3300,7.5300,7.4400,31217320,232390332.0000,3,5.202887,1,1.209700,0
2016-07-06,sh.603002,7.4600,7.4900,7.3500,7.4500,7.5300,19666792,145770160.0000,3,3.277799,1,-1.062400,0
2016-07-07,sh.603002,7.3800,7.7400,7.3700,7.5000,7.4500,38758938,293086048.0000,3,6.459823,1,0.671100,0
2016-07-08,sh.603002,7.4300,7.5000,7.3000,7.3200,7.5000,18848121,138830950.0000,3,3.141354,1,-2.400000,0
2016-07-11,sh.603002,7.3700,7.5400,7.2900,7.3500,7.3200,17542600,129435418.0000,3,2.923767,1,0.409800,0
2016-07-12,sh.603002,7.3100,7.3500,6.9300,7.1900,7.3500,29091828,206858851.0000,3,4.848638,1,-2.176900,0
2016-07-13,sh.603002,7.2000,7.2800,7.0900,7.2300,7.1900,16558348,118901044.0000,3,2.759725,1,0.556300,0
2016-07-14,sh.603002,7.2000,7.2100,7.1100,7.1600,7.2300,12564778,89831072.0000,3,2.094130,1,-0.968200,0
2016-07-15,sh.603002,7.1900,7.3000,7.1300,7.2700,7.1600,14694401,105813451.0000,3,2.449067,1,1.536300,0
2016-07-18,sh.603002,7.2500,7.2600,7.0300,7.0700,7.2700,16007357,113956455.0000,3,2.667893,1,-2.751000,0
2016-07-19,sh.603002,7.0400,7.1400,6.9800,7.1200,7.0700,11581846,81806877.0000,3,1.930308,1,0.707200,0
2016-07-20,sh.603002,7.1100,7.5800,7.0600,7.4500,7.1200,35109399,258480963.0000,3,5.851567,1,4.634800,0
2016-07-21,sh.603002,7.4000,7.4700,7.2700,7.3000,7.4500,17696061,129987470.0000,3,2.949343,1,-2.013400,0
2016-07-22,sh.603002,7.3100,7.3400,7.1100,7.1800,7.3000,11449707,82278449.0000,3,1.908285,1,-1.643800,0
2016-07-25,sh.603002,7.1500,7.2700,7.1100,7.1900,7.1800,7865621,56537592.0000,3,1.310937,1,0.139300,0
2016-07-26,sh.603002,7.1900,7.2600,7.1500,7.2300,7.1900,9149525,66045740.0000,3,1.524921,1,0.556300,0
2016-07-27,sh.603002,7.2400,7.2400,6.5500,6.5800,7.2300,28770036,196832924.0000,3,4.795006,1,-8.990300,0
2016-07-28,sh.603002,6.6100,6.7500,6.4800,6.6800,6.5800,13053499,86308612.0000,3,2.175583,1,1.519800,0
2016-07-29,sh.603002,6.6500,6.7100,6.5100,6.5700,6.6800,7364620,48656387.0000,3,1.227437,1,-1.646700,0
2016-08-01,sh.603002,6.5500,6.5700,6.2500,6.3700,6.5700,8848037,56113030.0000,3,1.474673,1,-3.044100,0
2016-08-02,sh.603002,6.3300,6.4400,6.3300,6.4200,6.3700,5466294,34945910.0000,3,0.911049,1,0.784900,0
2016-08-03,sh.603002,6.4200,6.4800,6.3900,6.4300,6.4200,5403593,34774371.0000,3,0.900599,1,0.155800,0
2016-08-04,sh.603002,6.4600,6.5900,6.4400,6.5300,6.4300,8100604,52835788.0000,3,1.350101,1,1.555200,0
2016-08-05,sh.603002,6.4800,6.5200,6.4100,6.4200,6.5300,6212525,40092042.0000,3,1.035421,1,-1.684500,0
2016-08-08,sh.603002,6.3500,6.6800,6.3400,6.6700,6.4200,11062692,72371911.0000,3,1.843782,1,3.894100,0
2016-08-09,sh.603002,6.6400,6.7300,6.5700,6.6900,6.6700,9145458,60908770.0000,3,1.524243,1,0.299800,0
2016-08-10,sh.603002,6.6800,6.7300,6.6000,6.6900,6.6900,7959870,52993103.0000,3,1.326645,1,0.000000,0
2016-08-11,sh.603002,6.6500,6.6600,6.4500,6.4500,6.6900,7949731,51925124.0000,3,1.324955,1,-3.587400,0
2016-08-12,sh.603002,6.4600,6.5600,6.4400,6.5500,6.4500,5174867,33626722.0000,3,0.862478,1,1.550400,0
2016-08-15,sh.603002,6.5600,6.7100,6.5500,6.6900,6.5500,11821565,78629038.0000,3,1.970261,1,2.137400,0
2016-08-16,sh.603002,6.7000,6.7800,6.6400,6.7500,6.6900,13471033,90279704.0000,3,2.245172,1,0.896900,0
2016-08-17,sh.603002,6.7000,6.7100,6.5600,6.6500,6.7500,17592897,116538056.0000,3,2.932149,1,-1.481500,0
2016-08-18,sh.603002,6.6200,6.7300,6.5800,6.7000,6.6500,13209616,88087759.0000,3,2.201603,1,0.751900,0
2016-08-19,sh.603002,6.6800,6.7200,6.5800,6.6400,6.7000,8300565,55059102.0000,3,1.383428,1,-0.895500,0
2016-08-22,sh.603002,6.6200,6.6800,6.5300,6.5500,6.6400,7210309,47652854.0000,3,1.201718,1,-1.355400,0
2016-08-23,sh.603002,6.5400,6.5900,6.4300,6.5100,6.5500,7062542,46148907.0000,3,1.177090,1,-0.610700,0
2016-08-24,sh.603002,6.5400,6.5900,6.5000,6.5500,6.5100,5557671,36437090.0000,3,0.926279,1,0.614400,0
2016-08-25,sh.603002,6.5600,6.5600,6.3500,6.4700,6.5500,8675025,55752390.0000,3,1.445838,1,-1.221400,0
2016-08-26,sh.603002,6.5000,6.5800,6.4500,6.5100,6.4700,6904812,45014401.0000,3,1.150802,1,0.618200,0
2016-08-29,sh.603002,6.4500,6.6800,6.4500,6.6200,6.5100,8431628,55617632.0000,3,1.405271,1,1.689700,0
2016-08-30,sh.603002,6.6200,6.6800,6.5600,6.6400,6.6200,6872542,45532871.0000,3,1.145424,1,0.302100,0
2016-08-31,sh.603002,6.5800,6.6300,6.5000,6.6100,6.6400,6927277,45416279.0000,3,1.154546,1,-0.451800,0
2016-09-01,sh.603002,6.6100,6.6600,6.5600,6.5700,6.6100,8312829,55095854.0000,3,1.385471,1,-0.605100,0
2016-09-02,sh.603002,6.5500,6.7200,6.5100,6.6300,6.5700,10743664,71468229.0000,3,1.790611,1,0.913200,0
2016-09-05,sh.603002,6.6300,6.7400,6.6100,6.7100,6.6300,10568157,70847403.0000,3,1.761359,1,1.206635,0
2016-09-06,sh.603002,6.7200,7.0400,6.6900,6.9800,6.7100,24950713,171851162.0000,3,4.158452,1,4.023845,0
2016-09-07,sh.603002,6.9000,6.9700,6.8100,6.8300,6.9800,15777887,108607868.0000,3,2.629648,1,-2.148998,0
2016-09-08,sh.603002,6.8300,6.9800,6.8000,6.8900,6.8300,11090575,76384834.0000,3,1.848429,1,0.878476,0
2016-09-09,sh.603002,6.8800,6.8800,6.7300,6.7400,6.8900,12062800,81899946.0000,3,2.010467,1,-2.177070,0
2016-09-12,sh.603002,6.6000,6.6100,6.3900,6.4100,6.7400,11257715,73178946.0000,3,1.876286,1,-4.896142,0
2016-09-13,sh.603002,6.4600,6.5500,6.4300,6.5400,6.4100,6395133,41575013.0000,3,1.065856,1,2.028083,0
2016-09-14,sh.603002,6.4800,6.6800,6.4500,6.5800,6.5400,11261823,74359588.0000,3,1.876971,1,0.611620,0
2016-09-19,sh.603002,6.6100,6.6400,6.5300,6.6200,6.5800,9082670,59720742.0000,3,1.513778,1,0.607902,0
2016-09-20,sh.603002,6.6300,6.6500,6.5500,6.5800,6.6200,7369644,48663561.0000,3,1.228274,1,-0.604229,0
2016-09-21,sh.603002,6.5900,6.6300,6.5300,6.6000,6.5800,8077398,53109675.0000,3,1.346233,1,0.303951,0
2016-09-22,sh.603002,6.6200,6.6400,6.5500,6.6100,6.6000,10159974,67039301.0000,3,1.693329,1,0.151519,0
2016-09-23,sh.603002,6.6200,6.6200,6.4900,6.5200,6.6100,7860651,51649765.0000,3,1.310109,1,-1.361576,0
2016-09-26,sh.603002,6.5000,6.5700,6.2500,6.2700,6.5200,13340046,85770920.0000,3,2.223341,1,-3.834356,0
2016-09-27,sh.603002,6.2700,6.3000,6.1500,6.2900,6.2700,12008674,74810009.0000,3,2.001446,1,0.318979,0
2016-09-28,sh.603002,6.2500,6.2600,6.1700,6.2200,6.2900,8830387,54835610.0000,3,1.471731,1,-1.112880,0
2016-09-29,sh.603002,6.2200,6.3200,6.2100,6.2800,6.2200,6870245,43145974.0000,3,1.145041,1,0.964637,0
2016-09-30,sh.603002,6.2800,6.4200,6.2700,6.3600,6.2800,7409085,47218877.0000,3,1.234847,1,1.273884,0
2016-10-10,sh.603002,6.3900,6.5200,6.3900,6.5100,6.3600,7997556,51833583.0000,3,1.332926,1,2.358492,0
2016-10-11,sh.603002,6.4900,6.5800,6.4700,6.5700,6.5100,8571755,55952277.0000,3,1.428626,1,0.921658,0
2016-10-12,sh.603002,6.5400,6.6500,6.5000,6.6300,6.5700,9868709,65134323.0000,3,1.644785,1,0.913241,0
2016-10-13,sh.603002,6.6300,6.6500,6.5700,6.5900,6.6300,6849353,45148171.0000,3,1.141559,1,-0.603318,0
2016-10-14,sh.603002,6.5600,6.6500,6.5500,6.6300,6.5900,6701121,44243130.0000,3,1.116853,1,0.606980,0
2016-10-17,sh.603002,6.6500,6.7000,6.5400,6.5700,6.6300,8201872,54487145.0000,3,1.366979,1,-0.904976,0
2016-10-18,sh.603002,6.5600,6.6400,6.5200,6.6400,6.5700,6514913,42916485.0000,3,1.085819,1,1.065444,0
2016-10-19,sh.603002,6.6500,6.7300,6.6300,6.6500,6.6400,6569487,43784118.0000,3,1.094915,1,0.150606,0
2016-10-20,sh.603002,6.6500,6.6900,6.6300,6.6600,6.6500,4746282,31617701.0000,3,0.791047,1,0.150372,0
2016-10-21,sh.603002,6.6600,6.7400,6.5500,6.5900,6.6600,7324424,48668895.0000,3,1.220737,1,-1.051046,0
2016-10-24,sh.603002,6.6000,6.7300,6.5900,6.7100,6.5900,8886610,59310101.0000,3,1.481102,1,1.820939,0
2016-10-25,sh.603002,6.7400,6.7500,6.6700,6.7400,6.7100,6195583,41524898.0000,3,1.032597,1,0.447090,0
2016-10-26,sh.603002,6.7200,6.8100,6.6800,6.7800,6.7400,9965856,67331462.0000,3,1.660976,1,0.593478,0
2016-10-27,sh.603002,6.7500,6.9500,6.7500,6.8700,6.7800,14351827,98611897.0000,3,2.391971,1,1.327429,0
2016-10-28,sh.603002,6.8400,6.9100,6.6600,6.6800,6.8700,11429086,77295600.0000,3,1.904848,1,-2.765649,0
2016-10-31,sh.603002,6.6500,6.7000,6.5900,6.6900,6.6800,6356132,42178163.0000,3,1.059355,1,0.149704,0
2016-11-01,sh.603002,6.6900,6.7500,6.6500,6.7400,6.6900,8135464,54463912.0000,3,1.355911,1,0.747380,0
2016-11-02,sh.603002,6.7100,6.7500,6.6500,6.6600,6.7400,6603489,44229439.0000,3,1.100582,1,-1.186942,0
2016-11-03,sh.603002,6.6500,6.7900,6.6200,6.7600,6.6600,9388319,63309601.0000,3,1.564720,1,1.501507,0
2016-11-04,sh.603002,6.7000,6.9000,6.7000,6.8100,6.7600,11504433,78271496.0000,3,1.917405,1,0.739641,0
2016-11-07,sh.603002,6.8000,6.9600,6.7900,6.8500,6.8100,14491590,99783357.0000,3,2.415265,1,0.587371,0
2016-11-08,sh.603002,6.8800,6.9200,6.8400,6.8900,6.8500,10867477,74741532.0000,3,1.811246,1,0.583941,0
2016-11-09,sh.603002,6.8700,6.8900,6.7000,6.8400,6.8900,11979459,81570853.0000,3,1.996576,1,-0.725685,0
2016-11-10,sh.603002,6.8700,7.0500,6.8700,6.9800,6.8400,15871536,110590705.0000,3,2.645256,1,2.046782,0
2016-11-11,sh.603002,6.9600,7.0700,6.9300,7.0400,6.9800,10936697,76802482.0000,3,1.822783,1,0.859598,0
2016-11-14,sh.603002,7.0600,7.1600,7.0000,7.0400,7.0400,11320756,80030395.0000,3,1.886793,1,0.000000,0
2016-11-15,sh.603002,7.0400,7.0900,6.9800,7.0500,7.0400,8544804,59964373.0000,3,1.424134,1,0.142049,0
2016-11-16,sh.603002,7.0600,7.0900,7.0000,7.0600,7.0500,7950498,55993767.0000,3,1.325083,1,0.141841,0
2016-11-17,sh.603002,7.0700,7.0800,6.9600,7.0100,7.0600,9025271,63196674.0000,3,1.504212,1,-0.708211,0
2016-11-18,sh.603002,7.0100,7.0300,6.9000,6.9400,7.0100,9365350,65302281.0000,3,1.560892,1,-0.998576,0
2016-11-21,sh.603002,6.9600,7.0400,6.9000,7.0100,6.9400,8366759,58486839.0000,3,1.394460,1,1.008648,0
2016-11-22,sh.603002,7.0100,7.0400,6.9700,7.0300,7.0100,9907736,69399135.0000,3,1.651289,1,0.285306,0
2016-11-23,sh.603002,7.0200,7.0300,6.9500,7.0000,7.0300,9079589,63581465.0000,3,1.513265,1,-0.426745,0
2016-11-24,sh.603002,7.0000,7.0500,6.9300,6.9600,7.0000,8723541,61123181.0000,3,1.453923,1,-0.571428,0
2016-11-25,sh.603002,6.9200,6.9800,6.7200,6.8700,6.9600,11605609,79051656.0000,3,1.934268,1,-1.293106,0
2016-11-28,sh.603002,6.8700,6.9000,6.8000,6.8500,6.8700,8024832,54957774.0000,3,1.337472,1,-0.291121,0
2016-11-29,sh.603002,6.8200,6.9200,6.7300,6.7400,6.8500,6607879,45079363.0000,3,1.101313,1,-1.605841,0
2016-11-30,sh.603002,6.7600,6.7800,6.7100,6.7600,6.7400,5924895,39921574.0000,3,0.987483,1,0.296743,0
2016-12-01,sh.603002,6.7600,6.7900,6.7200,6.7800,6.7600,5646729,38159256.0000,3,0.941122,1,0.295858,0
2016-12-02,sh.603002,6.7800,6.7800,6.5400,6.5600,6.7800,9554141,63418950.0000,3,1.592357,1,-3.244842,0
2016-12-05,sh.603002,6.4800,6.6000,6.4800,6.5600,6.5600,4254345,27907439.0000,3,0.709058,1,0.000000,0
2016-12-06,sh.603002,6.5400,6.6700,6.5400,6.6300,6.5600,5287135,35068203.0000,3,0.881189,1,1.067076,0
2016-12-07,sh.603002,6.6200,6.7100,6.6100,6.7000,6.6300,4002249,26726109.0000,3,0.667041,1,1.055802,0
2016-12-08,sh.603002,6.7000,6.7300,6.5900,6.6200,6.7000,4586575,30508885.0000,3,0.764429,1,-1.194029,0
2016-12-09,sh.603002,6.6400,6.6900,6.5900,6.6600,6.6200,4414078,29320458.0000,3,0.735680,1,0.604229,0
2016-12-12,sh.603002,6.6500,6.6500,6.2200,6.2600,6.6600,8807148,56547298.0000,3,1.457462,1,-6.006001,0
2016-12-13,sh.603002,6.3200,6.3500,6.2000,6.3100,6.2600,5536356,34744570.0000,3,0.916191,1,0.798717,0
2016-12-14,sh.603002,6.3200,6.3600,6.2600,6.3000,6.3100,3969789,25050723.0000,3,0.656946,1,-0.158475,0
2016-12-15,sh.603002,6.2500,6.4000,6.2500,6.3500,6.3000,3990974,25339607.0000,3,0.660451,1,0.793646,0
2016-12-16,sh.603002,6.3400,6.5000,6.3400,6.4800,6.3500,4306618,27730357.0000,3,0.712686,1,2.047246,0
2016-12-19,sh.603002,6.4500,6.5200,6.4000,6.4900,6.4800,3920096,25350616.0000,3,0.648722,1,0.154317,0
2016-12-20,sh.603002,6.4500,6.5300,6.4500,6.5100,6.4900,3321135,21543745.0000,3,0.549602,1,0.308173,0
2016-12-21,sh.603002,6.5000,6.5800,6.5000,6.5300,6.5100,3310946,21630982.0000,3,0.547916,1,0.307219,0
2016-12-22,sh.603002,6.5300,6.5500,6.5000,6.5500,6.5300,2977688,19442414.0000,3,0.492767,1,0.306278,0
2016-12-23,sh.603002,6.5500,6.5600,6.4600,6.4700,6.5500,3296546,21387601.0000,3,0.545533,1,-1.221380,0
2016-12-26,sh.603002,6.4500,6.5100,6.3300,6.5000,6.4700,3991105,25563640.0000,3,0.660473,1,0.463682,0
2016-12-27,sh.603002,6.4900,6.6300,6.4900,6.5800,6.5000,5093130,33539256.0000,3,0.842843,1,1.230768,0
2016-12-28,sh.603002,6.5900,6.6700,6.5700,6.5800,6.5800,4303809,28487746.0000,3,0.712221,1,0.000000,0
2016-12-29,sh.603002,6.5700,6.6600,6.5300,6.5800,6.5800,3510463,23209413.0000,3,0.580933,1,0.000000,0
2016-12-30,sh.603002,6.6000,6.6600,6.5800,6.6400,6.5800,4190547,27814513.0000,3,0.693478,1,0.911853,0
2017-01-03,sh.603002,6.6500,6.9000,6.6400,6.7800,6.6400,13865782,94251793.0000,3,2.289652,1,2.108439,0
2017-01-04,sh.603002,6.7900,6.8200,6.7100,6.7900,6.7800,8668585,58582838.0000,3,1.431441,1,0.147489,0
2017-01-05,sh.603002,6.7800,6.9300,6.7400,6.8600,6.7900,10330371,70853597.0000,3,1.705851,1,1.030930,0
2017-01-06,sh.603002,6.8000,6.9700,6.7800,6.8500,6.8600,8426082,58052616.0000,3,1.391396,1,-0.145776,0
2017-01-09,sh.603002,6.7900,6.8800,6.7300,6.8600,6.8500,7816665,53247411.0000,3,1.290763,1,0.145989,0
2017-01-10,sh.603002,6.8500,6.8700,6.7800,6.7900,6.8600,6231961,42482051.0000,3,1.029082,1,-1.020411,0
2017-01-11,sh.603002,6.8100,6.8300,6.6900,6.7100,6.7900,6509042,44115390.0000,3,1.074836,1,-1.178202,0
2017-01-12,sh.603002,6.6600,6.7500,6.5800,6.6200,6.7100,7928874,52868984.0000,3,1.309292,1,-1.341284,0
2017-01-13,sh.603002,6.5800,6.7100,6.5600,6.5800,6.6200,5820578,38626297.0000,3,0.961150,1,-0.604229,0
2017-01-16,sh.603002,6.5200,6.5600,6.0000,6.2500,6.5800,11364043,71677602.0000,3,1.876541,1,-5.015197,0
2017-01-17,sh.603002,6.2000,6.2600,6.0400,6.2500,6.2500,8399948,51831244.0000,3,1.387081,1,0.000000,0
2017-01-18,sh.603002,6.2400,6.2800,6.1700,6.2000,6.2500,3706276,23113799.0000,3,0.612016,1,-0.800003,0
2017-01-19,sh.603002,6.1800,6.2700,6.1000,6.2000,6.2000,3764997,23357379.0000,3,0.621713,1,0.000000,0
2017-01-20,sh.603002,6.2100,6.3300,6.1200,6.3000,6.2000,4716126,29536505.0000,3,0.778772,1,1.612910,0
2017-01-23,sh.603002,6.3200,6.3700,6.2700,6.3200,6.3000,6379678,40346608.0000,3,1.053474,1,0.317460,0
2017-01-24,sh.603002,6.3400,6.3400,6.2600,6.3100,6.3200,4162343,26236910.0000,3,0.687326,1,-0.158231,0
2017-01-25,sh.603002,6.3100,6.3500,6.2700,6.3500,6.3100,4278135,27002812.0000,3,0.706447,1,0.633914,0
2017-01-26,sh.603002,6.3200,6.3700,6.3200,6.3500,6.3500,3813091,24183064.0000,3,0.629654,1,0.000000,0
2017-02-03,sh.603002,6.3300,6.3800,6.3200,6.3600,6.3500,2219970,14099606.0000,3,0.366583,1,0.157484,0
2017-02-06,sh.603002,6.3500,6.4000,6.3200,6.3900,6.3600,4738352,30125206.0000,3,0.782443,1,0.471694,0
2017-02-07,sh.603002,6.3800,6.4200,6.3300,6.4000,6.3900,4727856,30102137.0000,3,0.780709,1,0.156498,0
2017-02-08,sh.603002,6.4000,6.5700,6.3600,6.5000,6.4000,9539654,61896259.0000,3,1.575280,1,1.562499,0
2017-02-09,sh.603002,6.4800,6.5900,6.4800,6.5600,6.5000,6616547,43319915.0000,3,1.092588,1,0.923076,0
2017-02-10,sh.603002,6.5600,6.6800,6.5300,6.6600,6.5600,8422281,55572567.0000,3,1.390769,1,1.524389,0
2017-02-13,sh.603002,6.6400,6.6500,6.5800,6.6300,6.6600,5609757,37113633.0000,3,0.926337,1,-0.450447,0
2017-02-14,sh.603002,6.6000,6.6500,6.5600,6.6400,6.6300,4878337,32183503.0000,3,0.805558,1,0.150826,0
2017-02-15,sh.603002,6.6400,6.7300,6.5700,6.5700,6.6400,6042038,40132727.0000,3,0.997720,1,-1.054212,0
2017-02-16,sh.603002,6.5800,6.8200,6.5600,6.7900,6.5700,14478646,97496947.0000,3,2.390854,1,3.348551,0
2017-02-17,sh.603002,6.7800,6.8500,6.6400,6.6800,6.7900,9072337,60905950.0000,3,1.498112,1,-1.620031,0
2017-02-20,sh.603002,6.6800,6.7300,6.6200,6.7200,6.6800,4847192,32329443.0000,3,0.800415,1,0.598802,0
2017-02-21,sh.603002,6.7100,6.7900,6.6600,6.7200,6.7200,5523932,37093709.0000,3,0.912165,1,0.000000,0
2017-02-22,sh.603002,6.7000,6.8600,6.7000,6.8300,6.7200,9383763,63663687.0000,3,1.549538,1,1.636907,0
2017-02-23,sh.603002,6.8100,6.8300,6.6900,6.7300,6.8300,6819879,45942990.0000,3,1.126164,1,-1.464127,0
2017-02-24,sh.603002,6.7300,6.8000,6.6900,6.7700,6.7300,5073227,34292256.0000,3,0.837740,1,0.594353,0
2017-02-27,sh.603002,6.7700,6.8200,6.6200,6.6300,6.7700,6636087,44502355.0000,3,1.095815,1,-2.067945,0
2017-02-28,sh.603002,6.6600,6.7100,6.6000,6.6700,6.6300,6685176,44420596.0000,3,1.103921,1,0.603318,0
2017-03-01,sh.603002,6.6500,6.7600,6.6300,6.7100,6.6700,6392630,42823250.0000,3,1.055613,1,0.599700,0
2017-03-02,sh.603002,6.6900,6.7700,6.6000,6.6100,6.7100,7126947,47552018.0000,3,1.176870,1,-1.490312,0
2017-03-03,sh.603002,6.6000,6.7300,6.5500,6.7200,6.6100,7074440,47020571.0000,3,1.168200,1,1.664140,0
2017-03-06,sh.603002,6.7300,6.8500,6.7100,6.8200,6.7200,11773174,80105373.0000,3,1.944100,1,1.488101,0
2017-03-07,sh.603002,6.8200,7.0300,6.7700,6.8600,6.8200,27572804,190558334.0000,3,4.553088,1,0.586510,0
2017-03-08,sh.603002,6.8500,6.9300,6.7500,6.7900,6.8600,10198020,69646526.0000,3,1.683996,1,-1.020411,0
2017-03-09,sh.603002,6.7800,7.0300,6.7600,6.9700,6.7900,26387038,182641351.0000,3,4.357283,1,2.650955,0
2017-03-10,sh.603002,6.9100,6.9700,6.8200,6.9100,6.9700,11764913,80926463.0000,3,1.942736,1,-0.860831,0
2017-03-13,sh.603002,6.9100,6.9100,6.7900,6.9000,6.9100,6596102,45250655.0000,3,1.089212,1,-0.144714,0
2017-03-14,sh.603002,6.9100,6.9100,6.8200,6.8600,6.9000,7147163,48980636.0000,3,1.180209,1,-0.579710,0
2017-03-15,sh.603002,6.8500,6.8500,6.6800,6.7000,6.8600,8900536,60099019.0000,3,1.469743,1,-2.332366,0
2017-03-16,sh.603002,6.7100,6.8200,6.7100,6.8000,6.7000,6830292,46188491.0000,3,1.127884,1,1.492543,0
2017-03-17,sh.603002,6.8000,6.8600,6.6700,6.6900,6.8000,8898826,60291307.0000,3,1.469460,1,-1.617649,0
2017-03-20,sh.603002,6.6800,6.7700,6.6500,6.7600,6.6900,5181586,34752860.0000,3,0.855634,1,1.046340,0
2017-03-21,sh.603002,6.7400,6.8400,6.7300,6.8000,6.7600,6501359,44113649.0000,3,1.073567,1,0.591715,0
2017-03-22,sh.603002,6.7900,6.8400,6.7200,6.8300,6.8000,7303528,49617790.0000,3,1.206029,1,0.441173,0
2017-03-23,sh.603002,6.8500,6.9000,6.7100,6.7800,6.8300,8619266,58770514.0000,3,1.423297,1,-0.732060,0
2017-03-24,sh.603002,6.8500,7.0000,6.7900,6.8500,6.7800,19829867,136672117.0000,3,3.274499,1,1.032444,0
2017-03-27,sh.603002,6.8300,6.8500,6.6700,6.6900,6.8500,12006182,80756636.0000,3,1.982577,1,-2.335764,0
2017-03-28,sh.603002,6.6800,6.7000,6.5500,6.5900,6.6900,9488095,62690000.0000,3,1.566766,1,-1.494767,0
2017-03-29,sh.603002,6.5900,6.6300,6.4300,6.4500,6.5900,9480335,61809761.0000,3,1.565485,1,-2.124436,0
2017-03-30,sh.603002,6.4400,6.4600,6.2000,6.3000,6.4500,13555122,85639707.0000,3,2.238353,1,-2.325576,0
2017-03-31,sh.603002,6.3100,6.3300,6.2700,6.3300,6.3000,7284704,45886311.0000,3,1.202921,1,0.476186,0
2017-04-05,sh.603002,6.3100,6.4800,6.3100,6.4500,6.3300,7418626,47636394.0000,3,1.225035,1,1.895733,0
2017-04-06,sh.603002,6.4400,6.5500,6.4300,6.5000,6.4500,7538046,48892193.0000,3,1.244755,1,0.775197,0
2017-04-07,sh.603002,6.5000,6.5000,6.4100,6.4800,6.5000,5287046,34109274.0000,3,0.873048,1,-0.307692,0
2017-04-10,sh.603002,6.4700,6.4800,6.3600,6.3900,6.4800,4683366,30002697.0000,3,0.773363,1,-1.388891,0
2017-04-11,sh.603002,6.3800,6.5000,6.3400,6.4900,6.3900,6410057,41185596.0000,3,1.058491,1,1.564944,0
2017-04-12,sh.603002,6.4700,6.5700,6.4400,6.4500,6.4900,6311928,41134766.0000,3,1.042287,1,-0.616332,0
2017-04-13,sh.603002,6.4500,6.5000,6.4200,6.4600,6.4500,4435250,28667946.0000,3,0.732391,1,0.155042,0
2017-04-14,sh.603002,6.4700,6.5100,6.2300,6.2700,6.4600,8443705,53432495.0000,3,1.394306,1,-2.941177,0
2017-04-17,sh.603002,6.2700,6.2900,6.0900,6.1200,6.2700,6586367,40693964.0000,3,1.087605,1,-2.392346,0
2017-04-18,sh.603002,6.1500,6.2000,6.0800,6.1100,6.1200,4260097,26224808.0000,3,0.703468,1,-0.163395,0
2017-04-19,sh.603002,6.1200,6.1500,5.9700,6.0600,6.1100,7157440,43193117.0000,3,1.181906,1,-0.818334,0
2017-04-20,sh.603002,6.0600,6.0800,5.9200,6.0000,6.0600,4234116,25419759.0000,3,0.699178,1,-0.990098,0
2017-04-21,sh.603002,6.0100,6.0800,5.9500,6.0600,6.0000,3877872,23400477.0000,3,0.640352,1,0.999999,0
2017-04-24,sh.603002,6.0600,6.0600,5.6800,5.7000,6.0600,5719611,33451824.0000,3,0.944477,1,-5.940597,0
2017-04-25,sh.603002,5.7700,5.8400,5.6700,5.7100,5.7000,4586294,26200080.0000,3,0.757333,1,0.175443,0
2017-04-26,sh.603002,5.7000,5.7600,5.6800,5.7100,5.7100,2402225,13740397.0000,3,0.396679,1,0.000000,0
2017-04-27,sh.603002,5.7500,5.7800,5.5100,5.7600,5.7100,4608477,26056772.0000,3,0.760996,1,0.875660,0
2017-04-28,sh.603002,5.7400,5.8600,5.7300,5.8600,5.7600,3284539,19059782.0000,3,0.542375,1,1.736109,0
2017-05-02,sh.603002,5.8100,5.8700,5.8100,5.8300,5.8600,2462587,14393040.0000,3,0.406646,1,-0.511949,0
2017-05-03,sh.603002,5.7900,5.8500,5.7800,5.8100,5.8300,2209640,12843750.0000,3,0.364877,1,-0.343053,0
2017-05-04,sh.603002,5.8200,5.9000,5.7600,5.8500,5.8100,3626616,21211778.0000,3,0.598862,1,0.688468,0
2017-05-05,sh.603002,5.8500,5.8500,5.7000,5.7500,5.8500,2525370,14578281.0000,3,0.417014,1,-1.709400,0
2017-05-08,sh.603002,5.7100,5.7500,5.6000,5.6000,5.7500,2615998,14834678.0000,3,0.431979,1,-2.608697,0
2017-05-09,sh.603002,5.6000,5.6700,5.5400,5.6500,5.6000,2437313,13667954.0000,3,0.402473,1,0.892860,0
2017-05-10,sh.603002,5.6500,5.7000,5.4700,5.5200,5.6500,3161850,17773718.0000,3,0.522115,1,-2.300887,0
2017-05-11,sh.603002,5.5100,5.5200,5.1900,5.3600,5.5200,6360894,33955766.0000,3,1.050372,1,-2.898548,0
2017-05-12,sh.603002,5.3500,5.3800,5.2500,5.3200,5.3600,2821394,15019428.0000,3,0.465896,1,-0.746268,0
2017-05-15,sh.603002,5.3500,5.3900,5.3100,5.3700,5.3200,2092040,11220699.0000,3,0.345458,1,0.939844,0
2017-05-16,sh.603002,5.3800,5.5500,5.3200,5.5300,5.3700,3987074,21763477.0000,3,0.658384,1,2.979522,0
2017-05-17,sh.603002,5.5100,5.6700,5.5100,5.5900,5.5300,4363650,24488513.0000,3,0.720568,1,1.084990,0
2017-05-18,sh.603002,5.5300,5.6100,5.5000,5.5600,5.5700,2255865,12534921.0000,3,0.372510,1,-0.179537,0
2017-05-19,sh.603002,5.5600,5.5900,5.4400,5.4900,5.5600,2825458,15572898.0000,3,0.466567,1,-1.258996,0
2017-05-22,sh.603002,5.4900,5.5300,5.2400,5.2600,5.4900,4411518,23619214.0000,3,0.728473,1,-4.189427,0
2017-05-23,sh.603002,5.2400,5.2800,5.0600,5.0800,5.2600,4079880,21083781.0000,3,0.673709,1,-3.422059,0
2017-05-24,sh.603002,5.0300,5.1900,5.0300,5.1800,5.0800,2729138,13983905.0000,3,0.450662,1,1.968502,0
2017-05-25,sh.603002,5.1500,5.2600,5.1000,5.2400,5.1800,3463338,17957763.0000,3,0.571900,1,1.158300,0
2017-05-26,sh.603002,5.2300,5.2900,5.1600,5.2400,5.2400,1823950,9573459.0000,3,0.301188,1,0.000000,0
2017-05-31,sh.603002,5.2800,5.3200,5.2100,5.2200,5.2400,2491070,13150800.0000,3,0.411350,1,-0.381679,0
2017-06-01,sh.603002,5.2100,5.2500,5.0200,5.0500,5.2200,3538623,18064717.0000,3,0.584332,1,-3.256698,0
2017-06-02,sh.603002,5.0500,5.1700,4.9600,5.1200,5.0500,3877690,19550139.0000,3,0.640322,1,1.386133,0
2017-06-05,sh.603002,5.1200,5.2300,5.1000,5.1600,5.1200,2575270,13313287.0000,3,0.425253,1,0.781249,0
2017-06-06,sh.603002,5.1300,5.2300,5.1100,5.2100,5.1600,2051243,10632681.0000,3,0.338721,1,0.968996,0
2017-06-07,sh.603002,5.2200,5.3200,5.1900,5.3000,5.2100,3667339,19343565.0000,3,0.605586,1,1.727450,0
2017-06-08,sh.603002,5.2900,5.3300,5.2600,5.2800,5.3000,3036497,16089652.0000,3,0.501416,1,-0.377358,0
2017-06-09,sh.603002,5.2600,5.2800,5.1700,5.2400,5.2800,2680255,13979736.0000,3,0.442590,1,-0.757584,0
2017-06-12,sh.603002,5.2000,5.2600,5.1100,5.1300,5.2400,2698100,13949296.0000,3,0.445536,1,-2.099230,0
2017-06-13,sh.603002,5.1200,5.2400,5.0900,5.2400,5.1300,3081307,16047121.0000,3,0.508815,1,2.144243,0
2017-06-14,sh.603002,5.2300,5.3000,5.2000,5.2600,5.2400,3299729,17338740.0000,3,0.544883,1,0.381688,0
2017-06-15,sh.603002,5.2200,5.3600,5.2200,5.3200,5.2600,4863581,25842740.0000,3,0.803122,1,1.140683,0
2017-06-16,sh.603002,5.3000,5.3800,5.2700,5.3400,5.3200,3877371,20661143.0000,3,0.640269,1,0.375939,0
2017-06-19,sh.603002,5.3500,5.4100,5.3000,5.3600,5.3400,3450486,18448282.0000,3,0.569778,1,0.374532,0
2017-06-20,sh.603002,5.3700,5.3900,5.3300,5.3400,5.3600,3546106,19019625.0000,3,0.585567,1,-0.373134,0
2017-06-21,sh.603002,5.3600,5.3800,5.3100,5.3600,5.3400,2861183,15294931.0000,3,0.472466,1,0.374532,0
2017-06-22,sh.603002,5.3600,5.3600,5.2300,5.2400,5.3600,3929792,20818899.0000,3,0.648925,1,-2.238813,0
2017-06-23,sh.603002,5.2200,5.2800,5.1700,5.2400,5.2400,2844714,14867813.0000,3,0.469747,1,0.000000,0
2017-06-26,sh.603002,5.2600,5.3200,5.2100,5.3100,5.2400,3073684,16226814.0000,3,0.507556,1,1.335881,0
2017-06-27,sh.603002,5.3200,5.3600,5.2700,5.3100,5.3100,3005642,15976859.0000,3,0.496321,1,0.000000,0
2017-06-28,sh.603002,5.2700,5.2800,5.2000,5.2200,5.3100,3860400,20235343.0000,3,0.637467,1,-1.694918,0
2017-06-29,sh.603002,5.2300,5.3000,5.2100,5.2500,5.2200,3537839,18587874.0000,3,0.584202,1,0.574717,0
2017-06-30,sh.603002,5.2500,5.3100,5.2100,5.3000,5.2500,3419257,17979577.0000,3,0.564621,1,0.952385,0
2017-07-03,sh.603002,5.3000,5.3500,5.2500,5.3400,5.3000,4696271,24892234.0000,3,0.775494,1,0.754716,0
2017-07-04,sh.603002,5.3500,5.3500,5.2800,5.3100,5.3400,2565416,13611658.0000,3,0.423626,1,-0.561802,0
2017-07-05,sh.603002,5.3000,5.3800,5.2900,5.3600,5.3100,4243507,22665297.0000,3,0.700729,1,0.941623,0
2017-07-06,sh.603002,5.3700,5.4000,5.3200,5.3800,5.3600,5079504,27243555.0000,3,0.838777,1,0.373134,0
2017-07-07,sh.603002,5.3800,5.3900,5.3300,5.3900,5.3800,3962676,21255343.0000,3,0.654355,1,0.185869,0
2017-07-10,sh.603002,5.3700,5.3800,5.3200,5.3600,5.3900,4528152,24215142.0000,3,0.747732,1,-0.556581,0
2017-07-11,sh.603002,5.3400,5.3500,5.2400,5.2500,5.3600,5178321,27426471.0000,3,0.855094,1,-2.052241,0
2017-07-12,sh.603002,5.2500,5.2800,5.1200,5.2500,5.2500,4613557,24078520.0000,3,0.761835,1,0.000000,0
2017-07-13,sh.603002,5.2500,5.3000,5.1800,5.2500,5.2500,3529103,18517341.0000,3,0.582760,1,0.000000,0
2017-07-14,sh.603002,5.2700,5.3400,5.2400,5.3300,5.2500,4294401,22761804.0000,3,0.709133,1,1.523808,0
2017-07-17,sh.603002,5.3100,5.3300,5.0000,5.0800,5.3300,7487128,38473746.0000,3,1.236347,1,-4.690432,0
2017-07-18,sh.603002,5.0800,5.0800,5.0800,5.0800,5.0800,0,0.0000,3,,0,0.000000,0
2017-07-19,sh.603002,5.0800,5.0800,5.0800,5.0800,5.0800,0,0.0000,3,,0,0.000000,0
2017-07-20,sh.603002,5.0800,5.0800,5.0800,5.0800,5.0800,0,0.0000,3,,0,0.000000,0
2017-07-21,sh.603002,5.0800,5.0800,5.0800,5.0800,5.0800,0,0.0000,3,,0,0.000000,0
2017-07-24,sh.603002,5.0800,5.0800,5.0800,5.0800,5.0800,0,0.0000,3,,0,0.000000,0
2017-07-25,sh.603002,5.0800,5.0800,5.0800,5.0800,5.0800,0,0.0000,3,,0,0.000000,0
2017-07-26,sh.603002,5.0800,5.0800,5.0800,5.0800,5.0800,0,0.0000,3,,0,0.000000,0
2017-07-27,sh.603002,5.0800,5.0800,5.0800,5.0800,5.0800,0,0.0000,3,,0,0.000000,0
2017-07-28,sh.603002,5.0800,5.0800,5.0800,5.0800,5.0800,0,0.0000,3,,0,0.000000,0
2017-07-31,sh.603002,5.0800,5.0800,5.0800,5.0800,5.0800,0,0.0000,3,,0,0.000000,0
2017-08-01,sh.603002,5.4500,5.5900,5.3400,5.3900,5.0800,27061576,147393305.0000,3,4.468669,1,6.102361,0
2017-08-02,sh.603002,5.3400,5.8800,5.3400,5.6600,5.3900,32290642,180671584.0000,3,5.332143,1,5.009276,0
2017-08-03,sh.603002,5.5500,5.5800,5.4100,5.5200,5.6600,16704256,91781092.0000,3,2.758368,1,-2.473496,0
2017-08-04,sh.603002,5.4900,5.6000,5.4100,5.4200,5.5200,12842579,70548936.0000,3,2.120691,1,-1.811592,0
2017-08-07,sh.603002,5.4000,5.4900,5.3700,5.4600,5.4200,6692906,36343965.0000,3,1.105197,1,0.738007,0
2017-08-08,sh.603002,5.4500,5.4800,5.3900,5.4300,5.4600,5780152,31299242.0000,3,0.954475,1,-0.549454,0
2017-08-09,sh.603002,5.4300,5.4700,5.3800,5.4700,5.4300,5988147,32533878.0000,3,0.988821,1,0.736648,0
2017-08-10,sh.603002,5.4500,5.4800,5.3100,5.3400,5.4700,7478529,40273149.0000,3,1.234927,1,-2.376593,0
2017-08-11,sh.603002,5.2800,5.3000,5.1700,5.2100,5.3400,6343637,33127263.0000,3,1.047523,1,-2.434459,0
2017-08-14,sh.603002,5.2000,5.2900,5.1900,5.2800,5.2100,4647877,24443160.0000,3,0.767502,1,1.343573,0
2017-08-15,sh.603002,5.2800,5.3000,5.2400,5.2600,5.2800,3494052,18376403.0000,3,0.576972,1,-0.378787,0
2017-08-16,sh.603002,5.2700,5.3300,5.2300,5.3200,5.2600,4604004,24356367.0000,3,0.760258,1,1.140683,0
2017-08-17,sh.603002,5.3000,5.3700,5.2700,5.3700,5.3200,5276012,28101952.0000,3,0.871226,1,0.939844,0
2017-08-18,sh.603002,5.3200,5.3700,5.3000,5.3400,5.3700,4608616,24559432.0000,3,0.761019,1,-0.558654,0
2017-08-21,sh.603002,5.3500,5.3900,5.3300,5.3800,5.3400,3970319,21285852.0000,3,0.655617,1,0.749063,0
2017-08-22,sh.603002,5.3800,5.3800,5.2800,5.3000,5.3800,4281843,22817822.0000,3,0.707059,1,-1.486987,0
2017-08-23,sh.603002,5.3100,5.7100,5.2800,5.4600,5.3000,13279567,72705861.0000,3,2.192851,1,3.018865,0
2017-08-24,sh.603002,5.4200,5.4600,5.3000,5.3800,5.4600,6703101,36160141.0000,3,1.106881,1,-1.465200,0
2017-08-25,sh.603002,5.3600,5.4400,5.3300,5.4200,5.3800,4719475,25488724.0000,3,0.779325,1,0.743494,0
2017-08-28,sh.603002,5.4200,5.4900,5.4000,5.4700,5.4200,5826608,31781687.0000,3,0.962146,1,0.922504,0
2017-08-29,sh.603002,5.4700,5.4900,5.4400,5.4600,5.4700,4599566,25125526.0000,3,0.759525,1,-0.182811,0
2017-08-30,sh.603002,5.4600,5.5000,5.4500,5.4600,5.4600,4699863,25723943.0000,3,0.776087,1,0.000000,0
2017-08-31,sh.603002,5.4600,5.4900,5.4300,5.4800,5.4600,3868313,21107036.0000,3,0.638773,1,0.366300,0
2017-09-01,sh.603002,5.4800,5.5900,5.4500,5.5900,5.4800,7139372,39553529.0000,3,1.178922,1,2.007302,0
2017-09-04,sh.603002,5.5800,5.8300,5.5300,5.6700,5.5900,14221976,81026237.0000,3,2.348470,1,1.431126,0
2017-09-05,sh.603002,5.6400,5.8300,5.6300,5.7800,5.6700,10878570,62722246.0000,3,1.796375,1,1.940038,0
2017-09-06,sh.603002,5.7800,5.9000,5.6500,5.8900,5.7800,11739154,67955728.0000,3,1.938483,1,1.903108,0
2017-09-07,sh.603002,6.0100,6.0900,5.7800,5.7800,5.8900,13255123,78213431.0000,3,2.188814,1,-1.867566,0
2017-09-08,sh.603002,5.7300,5.8300,5.6800,5.7000,5.7800,6989372,40135744.0000,3,1.154153,1,-1.384090,0
2017-09-11,sh.603002,5.6800,5.7900,5.6500,5.7700,5.7000,4644802,26701020.0000,3,0.766995,1,1.228073,0
2017-09-12,sh.603002,5.7900,5.8100,5.7100,5.7300,5.7700,4953648,28498940.0000,3,0.817994,1,-0.693240,0
2017-09-13,sh.603002,5.7100,5.7500,5.6800,5.7400,5.7300,3422512,19542600.0000,3,0.565158,1,0.174516,0
2017-09-14,sh.603002,5.7300,5.7400,5.5700,5.6400,5.7400,6660663,37660914.0000,3,1.099873,1,-1.742159,0
2017-09-15,sh.603002,5.6500,5.6900,5.6000,5.6700,5.6400,3563628,20135216.0000,3,0.588461,1,0.531919,0
2017-09-18,sh.603002,5.6300,5.7300,5.6300,5.6900,5.6700,3076124,17474482.0000,3,0.507959,1,0.352733,0
2017-09-19,sh.603002,5.6600,5.8300,5.6600,5.7800,5.6900,7488362,43230347.0000,3,1.236551,1,1.581725,0
2017-09-20,sh.603002,5.7700,5.8200,5.7300,5.7900,5.7800,4464295,25799965.0000,3,0.737188,1,0.173006,0
2017-09-21,sh.603002,5.7600,5.8600,5.7300,5.7300,5.7900,3777750,21870058.0000,3,0.623819,1,-1.036268,0
2017-09-22,sh.603002,5.6500,5.7200,5.6200,5.6900,5.7300,3575350,20256341.0000,3,0.590396,1,-0.698080,0
2017-09-25,sh.603002,5.7000,5.7200,5.5600,5.5600,5.6900,3227650,18185823.0000,3,0.532981,1,-2.284712,0
2017-09-26,sh.603002,5.6400,5.6400,5.5000,5.5600,5.5600,2865001,15924229.0000,3,0.473097,1,0.000000,0
2017-09-27,sh.603002,5.5500,5.6700,5.5200,5.6600,5.5600,2953461,16562194.0000,3,0.487704,1,1.798560,0
2017-09-28,sh.603002,5.6300,5.6800,5.6000,5.6200,5.6600,1692700,9555339.0000,3,0.279515,1,-0.706713,0
2017-09-29,sh.603002,5.6700,5.7200,5.6200,5.7100,5.6200,2210735,12555550.0000,3,0.365058,1,1.601426,0
2017-10-09,sh.603002,5.7400,5.7800,5.7200,5.7500,5.7100,2441198,14027834.0000,3,0.403114,1,0.700525,0
2017-10-10,sh.603002,5.7500,5.8200,5.7200,5.8000,5.7500,4015567,23201631.0000,3,0.663089,1,0.869568,0
2017-10-11,sh.603002,5.8200,5.9300,5.7800,5.8200,5.8000,6910721,40528194.0000,3,1.141165,1,0.344827,0
2017-10-12,sh.603002,5.9000,5.9200,5.7000,5.7500,5.8200,3312071,19200852.0000,3,0.546921,1,-1.202752,0
2017-10-13,sh.603002,5.7400,5.9500,5.7100,5.9100,5.7500,8267767,48551337.0000,3,1.365254,1,2.782606,0
2017-10-16,sh.603002,5.8700,5.9600,5.7300,5.8500,5.9100,6320687,36996118.0000,3,1.043733,1,-1.015227,0
2017-10-17,sh.603002,5.8300,6.0200,5.7600,5.9900,5.8500,11098864,66017295.0000,3,1.832752,1,2.393160,0
2017-10-18,sh.603002,6.0000,6.0300,5.8700,5.9000,5.9900,7121311,42282762.0000,3,1.175940,1,-1.502499,0
2017-10-19,sh.603002,5.9000,5.9100,5.7600,5.8100,5.9000,4555858,26498495.0000,3,0.752307,1,-1.525426,0
2017-10-20,sh.603002,5.8000,5.9400,5.7400,5.9200,5.8100,3636232,21252459.0000,3,0.600450,1,1.893290,0
2017-10-23,sh.603002,5.9000,6.0300,5.8900,5.9900,5.9200,5584377,33400434.0000,3,0.922146,1,1.182427,0
2017-10-24,sh.603002,5.9900,6.0000,5.8600,5.8800,5.9900,4912332,29143070.0000,3,0.811172,1,-1.836388,0
2017-10-25,sh.603002,5.8800,6.0500,5.8800,6.0300,5.8800,7118000,42607802.0000,3,1.175393,1,2.551022,0
2017-10-26,sh.603002,6.0200,6.0400,5.9500,5.9900,6.0300,4618573,27669618.0000,3,0.762663,1,-0.663357,0
2017-10-27,sh.603002,5.9800,6.1300,5.8900,6.0900,5.9900,11992070,72279909.0000,3,1.980247,1,1.669456,0
2017-10-30,sh.603002,6.0400,6.2000,5.8300,6.1400,6.0900,16434729,99614857.0000,3,2.713861,1,0.821013,0
2017-10-31,sh.603002,6.1000,6.1900,5.9600,6.1600,6.1400,11664562,71056090.0000,3,1.926165,1,0.325733,0
2017-11-01,sh.603002,6.1600,6.1600,6.0200,6.0400,6.1600,6741110,41035899.0000,3,1.113157,1,-1.948050,0
2017-11-02,sh.603002,6.0300,6.2300,6.0200,6.1900,6.0400,16047555,98706835.0000,3,2.649928,1,2.483445,0
2017-11-03,sh.603002,6.1900,6.2000,5.8900,5.9000,6.1900,13284141,80285267.0000,3,2.193606,1,-4.684975,0
2017-11-06,sh.603002,5.8800,5.9300,5.7100,5.8900,5.9000,7859530,45885884.0000,3,1.297842,1,-0.169495,0
2017-11-07,sh.603002,5.8500,5.9100,5.7400,5.7700,5.8900,7422006,43097627.0000,3,1.225593,1,-2.037349,0
2017-11-08,sh.603002,5.8000,5.8800,5.7700,5.8700,5.7700,5589500,32519299.0000,3,0.922992,1,1.733101,0
2017-11-09,sh.603002,5.8500,5.9200,5.8200,5.9100,5.8700,4137253,24296781.0000,3,0.683183,1,0.681430,0
2017-11-10,sh.603002,5.9200,5.9500,5.8200,5.9500,5.9100,4444907,26136486.0000,3,0.733986,1,0.676818,0
2017-11-13,sh.603002,5.9400,5.9800,5.7500,5.7600,5.9500,7376766,43276096.0000,3,1.218123,1,-3.193270,0
2017-11-14,sh.603002,5.8000,5.8400,5.7600,5.7700,5.7600,5162151,29899687.0000,3,0.852424,1,0.173607,0
2017-11-15,sh.603002,5.8100,6.3500,5.7600,6.0900,5.7700,33711295,208220195.0000,3,5.566735,1,5.545930,0
2017-11-16,sh.603002,6.0300,6.2800,6.0300,6.1600,6.0900,23600096,145545563.0000,3,3.897076,1,1.149420,0
2017-11-17,sh.603002,6.1100,6.1800,5.9900,6.0000,6.1600,12573088,76276033.0000,3,2.076190,1,-2.597400,0
2017-11-20,sh.603002,6.0000,6.0000,5.7200,5.9200,6.0000,11545939,67842725.0000,3,1.906577,1,-1.333332,0
2017-11-21,sh.603002,5.9300,6.5100,5.9200,6.3700,5.9200,34759244,220802711.0000,3,5.739783,1,7.601348,0
2017-11-22,sh.603002,6.2900,6.4200,6.2300,6.3600,6.3700,22681358,143339852.0000,3,3.745365,1,-0.156982,0
2017-11-23,sh.603002,6.3100,6.3400,6.0700,6.0800,6.3600,13741450,85366113.0000,3,2.269121,1,-4.402519,0
2017-11-24,sh.603002,6.1500,6.5100,6.1100,6.4200,6.0800,24480140,156322170.0000,3,4.042398,1,5.592108,0
2017-11-27,sh.603002,6.3500,6.4800,6.3000,6.3400,6.4200,14853207,94692423.0000,3,2.452705,1,-1.246105,0
2017-11-28,sh.603002,6.5000,6.6500,6.3700,6.5500,6.3400,28645873,186182453.0000,3,4.730284,1,3.312304,0
2017-11-29,sh.603002,6.4800,6.8400,6.4500,6.7200,6.5500,35122897,234967024.0000,3,5.799832,1,2.595414,0
2017-11-30,sh.603002,6.6500,6.7600,6.5400,6.7500,6.7200,24464354,162425107.0000,3,4.039791,1,0.446432,0
2017-12-01,sh.603002,6.7200,6.7500,6.5300,6.7000,6.7500,22558836,149629924.0000,3,3.725133,1,-0.740744,0
2017-12-04,sh.603002,6.6200,6.6400,6.4200,6.4400,6.7000,17007602,110759393.0000,3,2.808460,1,-3.880594,0
2017-12-05,sh.603002,6.4500,6.4500,5.8000,5.8000,6.4400,30322861,184740284.0000,3,5.007204,1,-9.937886,0
2017-12-06,sh.603002,5.7800,6.0900,5.7300,6.0700,5.8000,20947640,123679846.0000,3,3.459077,1,4.655172,0
2017-12-07,sh.603002,6.0800,6.1500,6.0000,6.1000,6.0700,14535202,87999544.0000,3,2.400193,1,0.494229,0
2017-12-08,sh.603002,6.0500,6.3500,6.0500,6.2700,6.1000,14192602,88658533.0000,3,2.343620,1,2.786886,0
2017-12-11,sh.603002,6.2300,6.3100,6.1800,6.2800,6.2700,8859267,55294268.0000,3,1.462928,1,0.159493,0
2017-12-12,sh.603002,6.2500,6.3000,6.0900,6.1000,6.2800,9787402,60429548.0000,3,1.616190,1,-2.866247,0
2017-12-13,sh.603002,6.0100,6.3200,6.0100,6.3100,6.1000,11256060,69727991.0000,3,1.858710,1,3.442623,0
2017-12-14,sh.603002,6.2700,6.6200,6.2600,6.4500,6.3100,23843960,154388712.0000,3,3.937345,1,2.218698,0
2017-12-15,sh.603002,6.5000,6.5500,6.3300,6.4400,6.4500,14297614,91844817.0000,3,2.360960,1,-0.155035,0
2017-12-18,sh.603002,6.4200,6.5900,6.3600,6.4500,6.4400,12123312,78397129.0000,3,2.001919,1,0.155276,0
2017-12-19,sh.603002,6.4000,6.5100,6.3700,6.4400,6.4500,7744931,49798014.0000,3,1.278918,1,-0.155035,0
2017-12-20,sh.603002,6.4300,6.4700,6.1100,6.2000,6.4400,15941629,99263811.0000,3,2.632436,1,-3.726712,0
2017-12-21,sh.603002,6.1900,6.3800,6.1000,6.2900,6.2000,11443938,71699600.0000,3,1.889734,1,1.451615,0
2017-12-22,sh.603002,6.2400,6.3900,6.2300,6.2400,6.2900,10117048,63690514.0000,3,1.670625,1,-0.794916,0
2017-12-25,sh.603002,6.2000,6.2500,5.8300,5.9400,6.2400,18959800,113575567.0000,3,3.130826,1,-4.807688,0
2017-12-26,sh.603002,5.9400,6.0700,5.9300,6.0200,5.9400,9824423,59095074.0000,3,1.622304,1,1.346800,0
2017-12-27,sh.603002,6.0100,6.4500,5.9700,6.2000,6.0200,19631329,122733837.0000,3,3.241715,1,2.990030,0
2017-12-28,sh.603002,6.2100,6.2600,6.1100,6.2100,6.2000,10278652,63475972.0000,3,1.697310,1,0.161294,0
2017-12-29,sh.603002,6.2100,6.3200,6.1900,6.2300,6.2100,10246350,64096974.0000,3,1.691976,1,0.322061,0
2018-01-02,sh.603002,6.2700,6.4000,6.2400,6.3800,6.2300,13515053,85810268.0000,3,2.231736,1,2.407706,0
2018-01-03,sh.603002,6.3500,6.3800,6.2400,6.3800,6.3800,15682983,99014926.0000,3,2.589726,1,0.000000,0
2018-01-04,sh.603002,6.3200,6.5600,6.3200,6.5000,6.3800,22946299,148789054.0000,3,3.789115,1,1.880876,0
2018-01-05,sh.603002,6.4800,6.6300,6.3300,6.4700,6.5000,19969354,129715011.0000,3,3.297533,1,-0.461542,0
2018-01-08,sh.603002,6.5000,6.6200,6.4200,6.5700,6.4700,14169756,92393945.0000,3,2.339847,1,1.545601,0
2018-01-09,sh.603002,6.5600,6.5600,6.4000,6.4400,6.5700,12606003,81336449.0000,3,2.081625,1,-1.978693,0
2018-01-10,sh.603002,6.3900,7.0100,6.3600,6.7800,6.4400,46096331,310930212.0000,3,7.611872,1,5.279505,0
2018-01-11,sh.603002,6.7700,6.8600,6.6400,6.8000,6.7800,19644518,132527555.0000,3,3.243893,1,0.294985,0
2018-01-12,sh.603002,6.7500,6.7700,6.5500,6.6400,6.8000,15860931,105079072.0000,3,2.619110,1,-2.352946,0
2018-01-15,sh.603002,6.6100,6.6400,6.4100,6.5300,6.6400,12684550,82760028.0000,3,2.094596,1,-1.656621,0
2018-01-16,sh.603002,6.5300,6.7600,6.5000,6.5800,6.5300,18038114,119575817.0000,3,2.978628,1,0.765692,0
2018-01-17,sh.603002,6.5100,6.5400,6.2600,6.3900,6.5800,16876660,107359715.0000,3,2.786837,1,-2.887539,0
2018-01-18,sh.603002,6.3400,6.4200,6.3100,6.4100,6.3900,7600011,48431504.0000,3,1.254987,1,0.312989,0
2018-01-19,sh.603002,6.4100,6.4700,6.2200,6.2700,6.4100,12325272,77960597.0000,3,2.035268,1,-2.184085,0
2018-01-22,sh.603002,6.2400,6.4200,6.2000,6.4200,6.2700,6642343,42139909.0000,3,1.096848,1,2.392346,0
2018-01-23,sh.603002,6.3900,6.4700,6.2800,6.3900,6.4200,7276101,46267621.0000,3,1.201500,1,-0.467293,0
2018-01-24,sh.603002,6.3600,6.4100,6.2600,6.3300,6.3900,8441600,53397899.0000,3,1.393959,1,-0.938966,0
2018-01-25,sh.603002,6.2800,6.3500,6.1600,6.1700,6.3300,8608650,53917479.0000,3,1.421544,1,-2.527644,0
2018-01-26,sh.603002,6.3400,6.5500,6.1800,6.4100,6.1700,20400598,130487230.0000,3,3.367493,1,3.889786,0
2018-01-29,sh.603002,6.3600,6.3700,6.1000,6.1900,6.4100,14922702,92581048.0000,3,2.463266,1,-3.432134,0
2018-01-30,sh.603002,6.2300,6.2700,6.1000,6.1700,6.1900,8078950,49923198.0000,3,1.333579,1,-0.323101,0
2018-01-31,sh.603002,6.1100,6.2600,6.0300,6.0800,6.1700,7989916,48973245.0000,3,1.318882,1,-1.458673,0
2018-02-01,sh.603002,6.0900,6.1700,5.5700,5.5900,6.0800,16631636,96712031.0000,3,2.745357,1,-8.059207,0
2018-02-02,sh.603002,5.5900,5.6400,5.3300,5.4200,5.5900,10961471,60147250.0000,3,1.809392,1,-3.041146,0
2018-02-05,sh.603002,5.4400,5.4400,5.1500,5.2100,5.4200,10335468,54139401.0000,3,1.706059,1,-3.874539,0
2018-02-06,sh.603002,5.1100,5.1400,4.9000,4.9200,5.2100,12380801,62153213.0000,3,2.043678,1,-5.566218,0
2018-02-07,sh.603002,5.0100,5.0600,4.8900,5.0000,4.9200,8355009,41723082.0000,3,1.379147,1,1.626015,0
2018-02-08,sh.603002,5.0000,5.1800,5.0000,5.0900,5.0000,7455351,38074408.0000,3,1.230642,1,1.800003,0
2018-02-09,sh.603002,5.0000,5.0300,4.8200,4.9200,5.0900,8865351,43769656.0000,3,1.463389,1,-3.339884,0
2018-02-12,sh.603002,4.9600,5.1300,4.9600,5.0600,4.9200,4889309,24665339.0000,3,0.807070,1,2.845526,0
2018-02-13,sh.603002,5.1200,5.1500,5.0300,5.0800,5.0600,5855080,29689249.0000,3,0.966488,1,0.395257,0
2018-02-14,sh.603002,5.0800,5.0800,5.0100,5.0500,5.0800,2850630,14382780.0000,3,0.470549,1,-0.590546,0
2018-02-22,sh.603002,5.0900,5.1500,5.0600,5.1400,5.0500,4147150,21213402.0000,3,0.684563,1,1.782172,0
2018-02-23,sh.603002,5.1400,5.1600,5.0900,5.1400,5.1400,3686141,18878684.0000,3,0.608465,1,0.000000,0
2018-02-26,sh.603002,5.1700,5.3200,5.1100,5.2700,5.1400,6842490,35823499.0000,3,1.129478,1,2.529185,0
2018-02-27,sh.603002,5.2800,5.4000,5.2300,5.2700,5.2700,6284141,33385609.0000,3,1.037313,1,0.000000,0
2018-02-28,sh.603002,5.2400,5.3600,5.1600,5.2800,5.2700,5330272,28147990.0000,3,0.879859,1,0.189758,0
2018-03-01,sh.603002,5.2400,5.3600,5.2100,5.3600,5.2800,7500160,39762988.0000,3,1.238039,1,1.515150,0
2018-03-02,sh.603002,5.3000,5.3400,5.2600,5.3000,5.3600,6033127,31957302.0000,3,0.995878,1,-1.119402,0
2018-03-05,sh.603002,5.3100,5.3200,5.2100,5.2800,5.3000,5150475,27011857.0000,3,0.850180,1,-0.377358,0
2018-03-06,sh.603002,5.3100,5.3900,5.2400,5.3500,5.2800,7519336,40002172.0000,3,1.241204,1,1.325752,0
2018-03-07,sh.603002,5.3300,5.4000,5.3000,5.3100,5.3500,5487132,29339821.0000,3,0.905752,1,-0.747663,0
2018-03-08,sh.603002,5.2800,5.3400,5.2500,5.3200,5.3100,5499266,29130973.0000,3,0.907755,1,0.188328,0
2018-03-09,sh.603002,5.3100,5.4400,5.2800,5.4100,5.3200,9625085,51497528.0000,3,1.588797,1,1.691723,0
2018-03-12,sh.603002,5.4300,5.4700,5.3900,5.4700,5.4100,9657166,52432972.0000,3,1.594092,1,1.109056,0
2018-03-13,sh.603002,5.4700,5.4700,5.3800,5.3900,5.4700,5968550,32310433.0000,3,0.985219,1,-1.462522,0
2018-03-14,sh.603002,5.3600,5.4000,5.3200,5.3300,5.3900,5757888,30816159.0000,3,0.950445,1,-1.113171,0
2018-03-15,sh.603002,5.3100,5.3300,5.1600,5.2100,5.3300,6814575,35668135.0000,3,1.124871,1,-2.251405,0
2018-03-16,sh.603002,5.2000,5.3000,5.1800,5.2500,5.2100,4713772,24782718.0000,3,0.778095,1,0.767754,0
2018-03-19,sh.603002,5.2700,5.2900,5.1600,5.2600,5.2500,4895181,25676152.0000,3,0.808039,1,0.190481,0
2018-03-20,sh.603002,5.3700,5.6200,5.3500,5.4200,5.2600,16076335,87778683.0000,3,2.653694,1,3.041822,0
2018-03-21,sh.603002,5.3600,5.4200,5.3100,5.3200,5.4200,10681258,57320161.0000,3,1.763138,1,-1.845017,0
2018-03-22,sh.603002,5.3300,5.3700,5.2500,5.2800,5.3200,5672724,30054017.0000,3,0.936387,1,-0.751879,0
2018-03-23,sh.603002,5.1700,5.1700,4.8500,4.9000,5.2800,11680891,58611269.0000,3,1.928145,1,-7.196972,0
2018-03-26,sh.603002,4.8000,5.0100,4.7200,4.9900,4.9000,6487104,31428894.0000,3,1.070816,1,1.836728,0
2018-03-27,sh.603002,5.0000,5.0900,4.9900,5.0800,4.9900,8219465,41487589.0000,3,1.356773,1,1.803610,0
2018-03-28,sh.603002,5.0100,5.0800,4.9800,5.0100,5.0800,5470653,27516345.0000,3,0.903032,1,-1.377947,0
2018-03-29,sh.603002,5.0100,5.0800,4.9800,5.0800,5.0100,7218650,36271088.0000,3,1.191571,1,1.397200,0
2018-03-30,sh.603002,5.1000,5.1600,5.0700,5.1400,5.0800,11803055,60371280.0000,3,1.948311,1,1.181101,0
2018-04-02,sh.603002,5.1800,5.2500,5.1500,5.2400,5.1400,12197563,63500984.0000,3,2.013432,1,1.945524,0
2018-04-03,sh.603002,5.1600,5.1800,5.1000,5.1500,5.2400,7137796,36656752.0000,3,1.178224,1,-1.717551,0
2018-04-04,sh.603002,5.1700,5.1800,5.0600,5.0700,5.1500,5911200,30264507.0000,3,0.975752,1,-1.553396,0
2018-04-09,sh.603002,5.0400,5.1300,5.0000,5.1100,5.0700,6722421,34056643.0000,3,1.109659,1,0.788954,0
2018-04-10,sh.603002,5.1100,5.3200,5.0400,5.2600,5.1100,14385851,74678234.0000,3,2.374649,1,2.935423,0
2018-04-11,sh.603002,5.2400,5.2900,5.2200,5.2300,5.2600,9260649,48615980.0000,3,1.528640,1,-0.570346,0
2018-04-12,sh.603002,5.2500,5.2500,5.1600,5.1800,5.2300,5626639,29168687.0000,3,0.928780,1,-0.956027,0
2018-04-13,sh.603002,5.2400,5.3300,5.1900,5.2500,5.1800,9986087,52579312.0000,3,1.648387,1,1.351355,0
2018-04-16,sh.603002,5.2000,5.2300,5.0900,5.1300,5.2500,6042061,31136260.0000,3,0.997353,1,-2.285712,0
2018-04-17,sh.603002,5.1300,5.3300,5.0900,5.2400,5.1300,10988433,57320200.0000,3,1.813842,1,2.144243,0
2018-04-18,sh.603002,5.2600,5.4000,5.1900,5.3800,5.2400,15264387,81321430.0000,3,2.519667,1,2.671762,0
2018-04-19,sh.603002,5.3800,5.4400,5.2900,5.3100,5.3800,10706108,57357049.0000,3,1.767240,1,-1.301118,0
2018-04-20,sh.603002,5.2800,5.4800,5.2500,5.3700,5.3100,12748962,68615121.0000,3,2.104450,1,1.129943,0
2018-04-23,sh.603002,5.3600,5.3700,5.1200,5.2000,5.3700,11431969,59684016.0000,3,1.887056,1,-3.165737,0
2018-04-24,sh.603002,5.2000,5.3800,5.1400,5.3700,5.2000,9030776,47475828.0000,3,1.490695,1,3.269233,0
2018-04-25,sh.603002,5.3200,5.4200,5.2900,5.3400,5.3700,8940119,47833352.0000,3,1.475731,1,-0.558654,0
2018-04-26,sh.603002,5.3200,5.3400,5.1600,5.1700,5.3400,7072916,37068475.0000,3,1.167515,1,-3.183522,0
2018-04-27,sh.603002,5.2000,5.2900,5.1400,5.2200,5.1700,5491745,28666859.0000,3,0.906513,1,0.967113,0
2018-05-02,sh.603002,5.1600,5.2300,4.9600,5.0100,5.2200,9637960,48926672.0000,3,1.590922,1,-4.022980,0
2018-05-03,sh.603002,5.0100,5.0900,4.9500,5.0900,5.0100,6702207,33681646.0000,3,1.106322,1,1.596805,0
2018-05-04,sh.603002,5.0800,5.1800,5.0300,5.0400,5.0900,6330843,32291701.0000,3,1.045022,1,-0.982322,0
2018-05-07,sh.603002,5.0700,5.3200,5.0600,5.3100,5.0400,16383051,85148207.0000,3,2.704323,1,5.357142,0
2018-05-08,sh.603002,5.6200,5.8400,5.3900,5.4900,5.3100,42629045,237807852.0000,3,7.036706,1,3.389827,0
2018-05-09,sh.603002,5.4200,5.9900,5.3500,5.7100,5.4900,49843129,282872055.0000,3,8.227523,1,4.007291,0
2018-05-10,sh.603002,5.6600,5.7000,5.4600,5.5700,5.7100,27379221,152603381.0000,3,4.519443,1,-2.451837,0
2018-05-11,sh.603002,5.5000,5.5500,5.3500,5.4000,5.5700,17792400,96787221.0000,3,2.936962,1,-3.052066,0
2018-05-14,sh.603002,5.3500,5.4200,5.2500,5.3000,5.4000,13825712,73768646.0000,3,2.282187,1,-1.851850,0
2018-05-15,sh.603002,5.2900,5.4200,5.2500,5.4100,5.3000,12695443,67934238.0000,3,2.095616,1,2.075465,0
2018-05-16,sh.603002,5.3600,5.6400,5.3500,5.5200,5.4100,21121074,115837728.0000,3,3.486421,1,2.033274,0
2018-05-17,sh.603002,5.4500,5.5400,5.3800,5.4500,5.5200,15621624,85261598.0000,3,2.560930,1,-1.268119,0
2018-05-18,sh.603002,5.4700,5.6000,5.4700,5.5100,5.4500,14676270,81147468.0000,3,2.405953,1,1.100925,0
2018-05-21,sh.603002,5.5200,5.6100,5.4700,5.6000,5.5100,18314064,101671515.0000,3,3.002314,1,1.633388,0
2018-05-22,sh.603002,5.5800,5.6000,5.5000,5.5600,5.6000,11076619,61392464.0000,3,1.815845,1,-0.714285,0
2018-05-23,sh.603002,5.5600,5.7100,5.5000,5.5100,5.5600,15603722,87282741.0000,3,2.557995,1,-0.899276,0
2018-05-24,sh.603002,5.4700,5.5200,5.3500,5.4700,5.5100,9768325,53230578.0000,3,1.601370,1,-0.725961,0
2018-05-25,sh.603002,5.4600,5.4900,5.3100,5.3200,5.4700,11039597,59333575.0000,3,1.809775,1,-2.742224,0
2018-05-28,sh.603002,5.3300,5.3500,5.2100,5.2300,5.3200,7306700,38625645.0000,3,1.197823,1,-1.691732,0
2018-05-29,sh.603002,5.2100,5.2600,5.1500,5.1500,5.2300,7438700,38613123.0000,3,1.219463,1,-1.529635,0
2018-05-30,sh.603002,5.1000,5.1300,4.9200,4.9600,5.1500,11014454,55403007.0000,3,1.805654,1,-3.689322,0
2018-05-31,sh.603002,5.0000,5.0400,4.9700,5.0300,4.9600,6268221,31423948.0000,3,1.027580,1,1.411294,0
2018-06-01,sh.603002,5.0100,5.0300,4.8800,4.9700,5.0300,7019284,34856234.0000,3,1.150706,1,-1.192851,0
2018-06-04,sh.603002,4.9800,5.0000,4.8500,4.8700,4.9700,6282500,31024801.0000,3,1.029921,1,-2.012071,0
2018-06-05,sh.603002,4.9200,4.9600,4.8800,4.9500,4.8700,5667513,27945021.0000,3,0.929103,1,1.642709,0
2018-06-06,sh.603002,4.9400,5.0200,4.9300,4.9700,4.9500,6649025,33032648.0000,3,1.090007,1,0.404040,0
2018-06-07,sh.603002,4.9800,5.0000,4.9300,4.9700,4.9700,4176492,20736509.0000,3,0.684673,1,0.000000,0
2018-06-08,sh.603002,4.9100,4.9100,4.6800,4.7500,4.9100,7499605,35679958.0000,3,1.229447,1,-3.258653,0
2018-06-11,sh.603002,4.7300,4.8500,4.6600,4.7900,4.7500,6046542,28789728.0000,3,0.991239,1,0.842105,0
2018-06-12,sh.603002,4.7600,4.8100,4.7000,4.8000,4.7900,3781350,18014411.0000,3,0.619895,1,0.208773,0
2018-06-13,sh.603002,4.7800,4.7800,4.5300,4.5700,4.8000,7400950,34447707.0000,3,1.213274,1,-4.791667,0
2018-06-14,sh.603002,4.5700,4.6100,4.5300,4.5700,4.5700,4126707,18843599.0000,3,0.676511,1,0.000000,0
2018-06-15,sh.603002,4.5800,4.6000,4.3400,4.5000,4.5700,8232889,36750766.0000,3,1.349658,1,-1.531732,0
2018-06-19,sh.603002,4.4300,4.5200,4.0600,4.1800,4.5000,8734701,37480053.0000,3,1.431922,1,-7.111115,0
2018-06-20,sh.603002,4.1700,4.3500,4.1000,4.2600,4.1800,5752799,24498277.0000,3,0.943085,1,1.913885,0
2018-06-21,sh.603002,4.2700,4.2900,4.0800,4.0900,4.2600,5323910,22229766.0000,3,0.872775,1,-3.990612,0
2018-06-22,sh.603002,4.0800,4.2000,4.0300,4.1700,4.0900,4156519,17200476.0000,3,0.681399,1,1.955988,0
2018-06-25,sh.603002,4.1800,4.2100,4.0700,4.1100,4.1700,4930700,20446226.0000,3,0.808314,1,-1.438848,0
2018-06-26,sh.603002,4.0300,4.1900,4.0300,4.1900,4.1100,4271301,17682076.0000,3,0.700215,1,1.946470,0
2018-06-27,sh.603002,4.2000,4.2100,4.1400,4.1700,4.1900,3555586,14843172.0000,3,0.582885,1,-0.477326,0
2018-06-28,sh.603002,4.1700,4.2000,4.1100,4.1200,4.1700,2660785,11050437.0000,3,0.436196,1,-1.199045,0
2018-06-29,sh.603002,4.1000,4.2600,4.1000,4.2500,4.1200,4810208,20245780.0000,3,0.788561,1,3.155343,0
2018-07-02,sh.603002,4.2500,4.2700,4.0900,4.1400,4.2500,4859400,20275816.0000,3,0.796625,1,-2.588238,0
2018-07-03,sh.603002,4.1200,4.2900,4.1200,4.2800,4.1400,5580117,23459714.0000,3,0.914776,1,3.381651,0
2018-07-04,sh.603002,4.2500,4.2700,4.1400,4.2500,4.2800,5853179,24667463.0000,3,0.959540,1,-0.700939,0
2018-07-05,sh.603002,4.2300,4.2600,4.1000,4.1100,4.2500,3803436,15844136.0000,3,0.623516,1,-3.294114,0
2018-07-06,sh.603002,4.1400,4.2300,4.0600,4.1300,4.1100,6140950,25487203.0000,3,1.006716,1,0.486617,0
2018-07-09,sh.603002,4.1600,4.2700,4.1500,4.2400,4.1300,6316086,26672409.0000,3,1.035427,1,2.663430,0
2018-07-10,sh.603002,4.2400,4.2600,4.2000,4.2500,4.2400,4511177,19082083.0000,3,0.739539,1,0.235854,0
2018-07-11,sh.603002,4.1800,4.1800,4.0400,4.1200,4.2500,7311797,30090039.0000,3,1.198659,1,-3.058826,0
2018-07-12,sh.603002,4.1400,4.2600,4.1200,4.2300,4.1200,6631808,27915052.0000,3,1.087185,1,2.669906,0
2018-07-13,sh.603002,4.2300,4.2700,4.2100,4.2500,4.2300,5415944,22940680.0000,3,0.887862,1,0.472813,0
2018-07-16,sh.603002,4.2400,4.2700,4.1700,4.2400,4.2500,4285723,18145258.0000,3,0.702580,1,-0.235299,0
2018-07-17,sh.603002,4.2500,4.6600,4.2000,4.6600,4.2400,26640940,121584156.0000,3,4.367380,1,9.905663,0
2018-07-18,sh.603002,4.7000,4.7500,4.4800,4.5100,4.6600,29106113,134105440.0000,3,4.771508,1,-3.218876,0
2018-07-19,sh.603002,4.5100,4.5200,4.3400,4.4300,4.5100,17321015,76537237.0000,3,2.839519,1,-1.773845,0
2018-07-20,sh.603002,4.3900,4.5400,4.3600,4.4600,4.4300,12884711,57448199.0000,3,2.112254,1,0.677206,0
2018-07-23,sh.603002,4.4000,4.4700,4.3600,4.4700,4.4600,9371525,41487129.0000,3,1.536320,1,0.224210,0
2018-07-24,sh.603002,4.4600,4.5600,4.4200,4.5500,4.4700,10958506,49367349.0000,3,1.796482,1,1.789718,0
2018-07-25,sh.603002,4.5200,4.5500,4.4600,4.5100,4.5500,8325413,37453472.0000,3,1.364826,1,-0.879120,0
2018-07-26,sh.603002,4.5100,4.6300,4.4600,4.5500,4.5100,9474373,43067228.0000,3,1.553181,1,0.886917,0
2018-07-27,sh.603002,4.5200,4.7000,4.4900,4.5800,4.5500,11034285,50902111.0000,3,1.808905,1,0.659335,0
2018-07-30,sh.603002,4.5300,4.5800,4.3600,4.4400,4.5800,8653111,38631854.0000,3,1.418547,1,-3.056766,0
2018-07-31,sh.603002,4.4800,4.5600,4.4600,4.5400,4.4400,6270501,28291274.0000,3,1.027954,1,2.252250,0
2018-08-01,sh.603002,4.4600,4.5200,4.3500,4.3900,4.5400,8705951,38738652.0000,3,1.427209,1,-3.303967,0
2018-08-02,sh.603002,4.3600,4.3900,4.0200,4.1800,4.3900,10101427,42442365.0000,3,1.655977,1,-4.783600,0
2018-08-03,sh.603002,4.1700,4.2100,4.1400,4.1600,4.1800,3756104,15679110.0000,3,0.615757,1,-0.478469,0
2018-08-06,sh.603002,4.1500,4.1800,4.0600,4.1100,4.1600,3977254,16342645.0000,3,0.652011,1,-1.201916,0
2018-08-07,sh.603002,4.1400,4.3100,4.1100,4.2700,4.1100,8298696,35238995.0000,3,1.360446,1,3.892940,0
2018-08-08,sh.603002,4.2500,4.4800,4.2000,4.2900,4.2700,9318476,40096159.0000,3,1.527624,1,0.468384,0
2018-08-09,sh.603002,4.2700,4.4000,4.2500,4.3700,4.2900,8402526,36588063.0000,3,1.377467,1,1.864800,0
2018-08-10,sh.603002,4.3800,4.4100,4.3000,4.3900,4.3700,5836072,25412091.0000,3,0.956736,1,0.457666,0
2018-08-13,sh.603002,4.3200,4.3900,4.2700,4.3700,4.3900,4335700,18746403.0000,3,0.710773,1,-0.455580,0
2018-08-14,sh.603002,4.3500,4.4600,4.3200,4.4500,4.3700,6701361,29468837.0000,3,1.098587,1,1.830662,0
2018-08-15,sh.603002,4.4500,4.6600,4.4300,4.6000,4.4500,28345893,129324724.0000,3,4.646881,1,3.370789,0
2018-08-16,sh.603002,4.5100,4.7500,4.4300,4.4700,4.6000,25659146,117436811.0000,3,4.206430,1,-2.826089,0
2018-08-17,sh.603002,4.4200,4.4900,4.2400,4.2600,4.4700,14760760,64542634.0000,3,2.419804,1,-4.697977,0
2018-08-20,sh.603002,4.2600,4.3000,4.1000,4.3000,4.2600,9540565,39903561.0000,3,1.564032,1,0.938966,0
2018-08-21,sh.603002,4.2500,4.3600,4.2100,4.2900,4.3000,7631700,32722613.0000,3,1.251102,1,-0.232564,0
2018-08-22,sh.603002,4.3100,4.3100,4.2000,4.2100,4.2900,5056650,21401876.0000,3,0.828961,1,-1.864800,0
2018-08-23,sh.603002,4.2100,4.3100,4.1900,4.2800,4.2100,5523100,23488590.0000,3,0.905429,1,1.662712,0
2018-08-24,sh.603002,4.2500,4.2900,4.2000,4.2300,4.2800,3869041,16411103.0000,3,0.634271,1,-1.168229,0
2018-08-27,sh.603002,4.2200,4.4000,4.2200,4.3400,4.2300,9086763,39234650.0000,3,1.489638,1,2.600476,0
2018-08-28,sh.603002,4.3400,4.4200,4.3100,4.3800,4.3400,7419941,32421657.0000,3,1.216387,1,0.921658,0
2018-08-29,sh.603002,4.3900,4.5800,4.3400,4.3500,4.3800,5717303,25096704.0000,3,0.937266,1,-0.684936,0
2018-08-30,sh.603002,4.3400,4.4400,4.2300,4.2400,4.3500,5311191,22838360.0000,3,0.870690,1,-2.528739,0
2018-08-31,sh.603002,4.2400,4.2600,4.1900,4.2200,4.2400,3677772,15538122.0000,3,0.602915,1,-0.471698,0
2018-09-03,sh.603002,4.2300,4.2700,4.1400,4.2600,4.2200,4154153,17423119.0000,3,0.681011,1,0.947878,0
2018-09-04,sh.603002,4.2200,4.3800,4.2200,4.3800,4.2600,8097756,34989532.0000,3,1.327505,1,2.816899,0
2018-09-05,sh.603002,4.3500,4.4400,4.2800,4.2800,4.3800,9704673,42045059.0000,3,1.590935,1,-2.283103,0
2018-09-06,sh.603002,4.2700,4.3200,4.2500,4.2600,4.2800,3676200,15730693.0000,3,0.602658,1,-0.467289,0
2018-09-07,sh.603002,4.2500,4.3400,4.2400,4.2900,4.2600,3544350,15222577.0000,3,0.581043,1,0.704219,0
2018-09-10,sh.603002,4.2700,4.3000,4.2100,4.2400,4.2900,3276000,13937770.0000,3,0.537051,1,-1.165506,0
2018-09-11,sh.603002,4.2300,4.3300,4.2200,4.3100,4.2400,5487270,23493934.0000,3,0.899555,1,1.650948,0
2018-09-12,sh.603002,4.3200,4.3800,4.2600,4.3500,4.3100,6689270,28937647.0000,3,1.096605,1,0.928073,0
2018-09-13,sh.603002,4.3400,4.4500,4.3300,4.4200,4.3500,11829426,51784708.0000,3,1.939256,1,1.609199,0
2018-09-14,sh.603002,4.3800,4.3900,4.3200,4.3500,4.4200,7919691,34450852.0000,3,1.298314,1,-1.583714,0
2018-09-17,sh.603002,4.3200,4.3200,4.2100,4.2300,4.3500,4681950,19889903.0000,3,0.767535,1,-2.758618,0
2018-09-18,sh.603002,4.2200,4.3100,4.2100,4.3000,4.2300,4369450,18662579.0000,3,0.716305,1,1.654850,0
2018-09-19,sh.603002,4.3000,4.3600,4.2800,4.3400,4.3000,6241941,27040275.0000,3,1.023272,1,0.930232,0
2018-09-20,sh.603002,4.3300,4.3700,4.3000,4.3300,4.3400,5654487,24533047.0000,3,0.926968,1,-0.230420,0
2018-09-21,sh.603002,4.3400,4.4100,4.3100,4.3900,4.3300,7644694,33379864.0000,3,1.253232,1,1.385680,0
2018-09-25,sh.603002,4.3500,4.3700,4.3300,4.3600,4.3900,3508600,15270934.0000,3,0.575182,1,-0.683365,0
2018-09-26,sh.603002,4.3500,4.4200,4.3300,4.3400,4.3600,8018275,35032069.0000,3,1.314475,1,-0.458715,0
2018-09-27,sh.603002,4.3400,4.3400,4.2200,4.2400,4.3400,6794194,29073574.0000,3,1.113806,1,-2.304156,0
2018-09-28,sh.603002,4.2300,4.3200,4.2300,4.2900,4.2400,3075103,13157677.0000,3,0.504117,1,1.179250,0
2018-10-08,sh.603002,4.2300,4.2500,4.1600,4.1700,4.2900,3824900,16086735.0000,3,0.627035,1,-2.797200,0
2018-10-09,sh.603002,4.1700,4.2400,4.1500,4.1900,4.1700,2321067,9731640.0000,3,0.380504,1,0.479616,0
2018-10-10,sh.603002,4.1800,4.2300,4.1600,4.2000,4.1900,1974400,8271402.0000,3,0.323673,1,0.238658,0
2018-10-11,sh.603002,4.0700,4.1100,3.7800,3.8100,4.2000,8621135,34074524.0000,3,1.413305,1,-9.285711,0
2018-10-12,sh.603002,3.8000,3.8200,3.5400,3.7100,3.8100,5170916,19156052.0000,3,0.847694,1,-2.624670,0
2018-10-15,sh.603002,3.6500,3.8000,3.6500,3.7000,3.7100,2191117,8173386.0000,3,0.359201,1,-0.269541,0
2018-10-16,sh.603002,3.6900,3.7300,3.6000,3.6300,3.7000,2832353,10368992.0000,3,0.464322,1,-1.891890,0
2018-10-17,sh.603002,3.7000,3.7200,3.6000,3.7000,3.6300,3078071,11278592.0000,3,0.504603,1,1.928373,0
2018-10-18,sh.603002,3.6300,3.6300,3.4500,3.4800,3.7000,4634200,16392241.0000,3,0.759707,1,-5.945947,0
2018-10-19,sh.603002,3.4100,3.5400,3.4000,3.5300,3.4800,3437241,11959698.0000,3,0.563484,1,1.436780,0
2018-10-22,sh.603002,3.5200,3.7600,3.5200,3.7100,3.5300,6133590,22443101.0000,3,1.005510,1,5.099152,0
2018-10-23,sh.603002,3.7000,3.7100,3.5600,3.6000,3.7100,3862123,14040114.0000,3,0.633137,1,-2.964963,0
2018-10-24,sh.603002,3.5900,3.7800,3.5700,3.6500,3.6000,5142643,18898123.0000,3,0.843059,1,1.388894,0
2018-10-25,sh.603002,3.5300,3.6400,3.4700,3.6300,3.6500,3462454,12329806.0000,3,0.567617,1,-0.547945,0
2018-10-26,sh.603002,3.6400,3.6900,3.6300,3.6700,3.6300,3031252,11093569.0000,3,0.496928,1,1.101927,0
2018-10-29,sh.603002,3.6600,3.6600,3.5600,3.5800,3.6700,1788800,6451264.0000,3,0.293247,1,-2.452320,0
2018-10-30,sh.603002,3.5800,3.6600,3.5400,3.6200,3.5800,2259550,8139266.0000,3,0.370419,1,1.117317,0
2018-10-31,sh.603002,3.6000,3.7000,3.6000,3.6700,3.6200,3862100,14149268.0000,3,0.633133,1,1.381221,0
2018-11-01,sh.603002,3.7000,3.7300,3.6600,3.6600,3.6700,4968500,18372335.0000,3,0.814511,1,-0.272479,0
2018-11-02,sh.603002,3.7000,3.7700,3.6900,3.7600,3.6600,5543700,20700103.0000,3,0.908806,1,2.732238,0
2018-11-05,sh.603002,3.7500,3.8200,3.7300,3.8100,3.7600,4624300,17469267.0000,3,0.758084,1,1.329786,0
2018-11-06,sh.603002,3.7900,3.8200,3.7300,3.7900,3.8100,3507350,13208272.0000,3,0.574977,1,-0.524934,0
2018-11-07,sh.603002,3.8000,3.8400,3.7500,3.7500,3.7900,5068401,19268356.0000,3,0.830888,1,-1.055408,0
2018-11-08,sh.603002,3.8000,3.8300,3.7600,3.7800,3.7500,4543950,17214169.0000,3,0.744912,1,0.799999,0
2018-11-09,sh.603002,3.7700,3.8000,3.7200,3.7400,3.7800,3695450,13887756.0000,3,0.605813,1,-1.058200,0
2018-11-12,sh.603002,3.7500,3.9100,3.7500,3.8800,3.7400,7338564,28245838.0000,3,1.203047,1,3.743319,0
2018-11-13,sh.603002,3.8500,4.0200,3.8200,3.9800,3.8800,9248895,36480780.0000,3,1.516217,1,2.577317,0
2018-11-14,sh.603002,4.0000,4.0400,3.9400,3.9600,3.9800,7877464,31360177.0000,3,1.291391,1,-0.502512,0
2018-11-15,sh.603002,4.0000,4.0100,3.9300,4.0000,3.9600,5867301,23408604.0000,3,0.961855,1,1.010100,0
2018-11-16,sh.603002,4.0300,4.0700,3.9600,4.0300,4.0000,7921300,31905898.0000,3,1.298578,1,0.750005,0
2018-11-19,sh.603002,4.0000,4.0500,3.9800,4.0300,4.0300,6460900,25883935.0000,3,1.059167,1,0.000000,0
2018-11-20,sh.603002,4.0100,4.0300,3.8700,3.8800,4.0300,6324254,24996860.0000,3,1.036766,1,-3.722086,0
2018-11-21,sh.603002,3.8400,3.9800,3.8300,3.9700,3.8800,6035165,23699981.0000,3,0.989374,1,2.319585,0
2018-11-22,sh.603002,4.0000,4.0000,3.8900,3.9500,3.9700,4285650,16944040.0000,3,0.702568,1,-0.503778,0
2018-11-23,sh.603002,3.9900,4.0000,3.7500,3.7500,3.9500,7609450,29184365.0000,3,1.247455,1,-5.063293,0
2018-11-26,sh.603002,3.7400,3.8100,3.7200,3.7600,3.7500,3872650,14594582.0000,3,0.634863,1,0.266666,0
2018-11-27,sh.603002,3.7900,3.8300,3.7400,3.8000,3.7600,4145950,15701389.0000,3,0.679666,1,1.063829,0
2018-11-28,sh.603002,3.8000,3.8300,3.6800,3.8200,3.8000,4879000,18409720.0000,3,0.799838,1,0.526315,0
2018-11-29,sh.603002,3.8200,3.8500,3.6900,3.7100,3.8200,4514800,17118816.0000,3,0.740133,1,-2.879578,0
2018-11-30,sh.603002,3.7000,3.7500,3.6200,3.7500,3.7100,4033250,14871926.0000,3,0.661190,1,1.078166,0
2018-12-03,sh.603002,3.8200,3.9000,3.7900,3.8600,3.7500,5823050,22458821.0000,3,0.954601,1,2.933331,0
2018-12-04,sh.603002,3.8400,4.0100,3.8300,3.9400,3.8600,8494150,33384487.0000,3,1.392488,1,2.072543,0
2018-12-05,sh.603002,3.8200,3.9500,3.8100,3.9300,3.9400,6755051,26232297.0000,3,1.107389,1,-0.253807,0
2018-12-06,sh.603002,3.9200,3.9700,3.8600,3.8800,3.9300,5722950,22381352.0000,3,0.938191,1,-1.272263,0
2018-12-07,sh.603002,3.8700,3.9200,3.8500,3.8900,3.8800,3066865,11913069.0000,3,0.502766,1,0.257732,0
2018-12-10,sh.603002,3.8300,3.8900,3.7500,3.8100,3.8900,4735034,18049272.0000,3,0.776237,1,-2.056559,0
2018-12-11,sh.603002,3.8600,3.8600,3.8000,3.8400,3.8100,2760600,10562778.0000,3,0.452559,1,0.787401,0
2018-12-12,sh.603002,3.8300,3.8700,3.8100,3.8300,3.8400,2937778,11269830.0000,3,0.481604,1,-0.260416,0
2018-12-13,sh.603002,3.8300,3.9000,3.8200,3.8500,3.8300,4286451,16564600.0000,3,0.702699,1,0.522193,0
2018-12-14,sh.603002,3.8400,3.8800,3.7000,3.7500,3.8500,4251264,16116955.0000,3,0.696931,1,-2.597400,0
2018-12-17,sh.603002,3.6900,3.7700,3.6700,3.7200,3.7500,4121365,15282538.0000,3,0.675636,1,-0.799999,0
2018-12-18,sh.603002,3.6900,3.7200,3.6200,3.6600,3.7200,3031851,11102851.0000,3,0.497026,1,-1.612902,0
2018-12-19,sh.603002,3.6900,3.6900,3.6000,3.6400,3.6600,2503516,9110736.0000,3,0.410414,1,-0.546448,0
2018-12-20,sh.603002,3.6200,3.6400,3.5600,3.6100,3.6400,3865951,13924299.0000,3,0.633764,1,-0.824182,0
2018-12-21,sh.603002,3.6000,3.6100,3.5400,3.5700,3.6100,3265701,11666660.0000,3,0.535362,1,-1.108032,0
2018-12-24,sh.603002,3.5700,3.6000,3.5300,3.5900,3.5700,2353105,8417888.0000,3,0.385756,1,0.560223,0
2018-12-25,sh.603002,3.5500,3.5600,3.4300,3.5400,3.5900,4473601,15651444.0000,3,0.733379,1,-1.392756,0
2018-12-26,sh.603002,3.5200,3.5400,3.4900,3.5000,3.5400,2185100,7686940.0000,3,0.358214,1,-1.129943,0
2018-12-27,sh.603002,3.5700,3.5800,3.4600,3.4900,3.5000,2714402,9558875.0000,3,0.444985,1,-0.285714,0
2018-12-28,sh.603002,3.4600,3.5200,3.4600,3.4700,3.4900,1791556,6260498.0000,3,0.293699,1,-0.573065,0
2019-01-02,sh.603002,3.4900,3.4900,3.4200,3.4900,3.4700,1797152,6229240.0000,3,0.294616,1,0.576368,0
2019-01-03,sh.603002,3.4800,3.5500,3.4600,3.5300,3.4900,2768751,9765378.0000,3,0.453895,1,1.146131,0
2019-01-04,sh.603002,3.4800,3.6500,3.4700,3.6200,3.5300,4241667,15223116.0000,3,0.695357,1,2.549573,0
2019-01-07,sh.603002,3.6200,3.6900,3.6000,3.6800,3.6200,4476105,16357161.0000,3,0.733790,1,1.657464,0
2019-01-08,sh.603002,3.6700,3.7000,3.6400,3.6700,3.6800,3797203,13929312.0000,3,0.622494,1,-0.271739,0
2019-01-09,sh.603002,3.6900,3.7500,3.6600,3.6700,3.6700,4419868,16403721.0000,3,0.724571,1,0.000000,0
2019-01-10,sh.603002,3.7100,3.7700,3.6800,3.7000,3.6700,3853112,14349746.0000,3,0.631660,1,0.817438,0
2019-01-11,sh.603002,3.7100,3.7800,3.6900,3.7300,3.7000,4074290,15166614.0000,3,0.667918,1,0.810810,0
2019-01-14,sh.603002,3.7200,3.7800,3.7000,3.7300,3.7300,3858413,14409253.0000,3,0.632529,1,0.000000,0
2019-01-15,sh.603002,3.7300,3.7700,3.7200,3.7600,3.7300,4093200,15341374.0000,3,0.671018,1,0.804289,0
2019-01-16,sh.603002,3.7600,3.7900,3.6900,3.7100,3.7600,3956600,14741407.0000,3,0.648625,1,-1.329786,0
2019-01-17,sh.603002,3.7400,3.7400,3.6300,3.6700,3.7100,3775791,13947710.0000,3,0.618984,1,-1.078166,0
2019-01-18,sh.603002,3.6900,3.7400,3.6700,3.7200,3.6700,3957294,14647832.0000,3,0.648739,1,1.362396,0
2019-01-21,sh.603002,3.7300,3.7900,3.7200,3.7500,3.7200,4650725,17471712.0000,3,0.762416,1,0.806451,0
2019-01-22,sh.603002,3.7500,3.7800,3.6800,3.7300,3.7500,3164750,11829316.0000,3,0.518813,1,-0.533333,0
2019-01-23,sh.603002,3.7200,3.7500,3.6800,3.7500,3.7300,3634958,13508200.0000,3,0.595897,1,0.536192,0
2019-01-24,sh.603002,3.7600,3.8400,3.6900,3.7800,3.7500,7922525,29880863.0000,3,1.298778,1,0.799999,0
2019-01-25,sh.603002,3.7700,3.7800,3.6700,3.6700,3.7800,6148552,22880994.0000,3,1.007962,1,-2.910050,0
2019-01-28,sh.603002,3.7000,3.7200,3.6400,3.6500,3.6700,4403808,16217666.0000,3,0.721938,1,-0.544959,0
2019-01-29,sh.603002,3.6400,3.6700,3.4600,3.5500,3.6500,5094914,18144528.0000,3,0.834926,1,-2.739730,0
2019-01-30,sh.603002,3.5500,3.5900,3.5100,3.5100,3.5500,2072536,7363163.0000,3,0.339636,1,-1.126760,0
2019-01-31,sh.603002,3.5500,3.5500,3.2900,3.3900,3.5100,6414342,22040997.0000,3,1.051147,1,-3.418800,0
2019-02-01,sh.603002,3.4200,3.5000,3.4000,3.4900,3.3900,3152034,10879998.0000,3,0.516538,1,2.949850,0
2019-02-11,sh.603002,3.5000,3.5800,3.4400,3.5700,3.4900,3464298,12235017.0000,3,0.567710,1,2.292261,0
2019-02-12,sh.603002,3.5500,3.6800,3.5500,3.6700,3.5700,5507348,19976120.0000,3,0.902514,1,2.801125,0
2019-02-13,sh.603002,3.7300,4.0300,3.7200,3.9400,3.6700,26531763,102575626.0000,3,4.347879,1,7.356948,0
2019-02-14,sh.603002,3.8900,3.9100,3.8200,3.8400,3.9400,17844310,68706194.0000,3,2.924227,1,-2.538075,0
2019-02-15,sh.603002,3.8300,3.9200,3.8100,3.8600,3.8400,10577441,40828642.0000,3,1.733373,1,0.520833,0
2019-02-18,sh.603002,3.9100,4.2300,3.8800,4.0600,3.8600,26791679,107767988.0000,3,4.390472,1,5.181349,0
2019-02-19,sh.603002,4.0900,4.1100,4.0100,4.0800,4.0600,14951363,60662670.0000,3,2.450147,1,0.492610,0
2019-02-20,sh.603002,4.0700,4.0800,3.9500,4.0200,4.0800,10592750,42507439.0000,3,1.735881,1,-1.470587,0
2019-02-21,sh.603002,4.0200,4.1800,4.0000,4.0200,4.0200,17349941,70808885.0000,3,2.843212,1,0.000000,0
2019-02-22,sh.603002,4.0100,4.0700,3.9500,4.0600,4.0200,11563299,46583493.0000,3,1.894929,1,0.995024,0
2019-02-25,sh.603002,4.0600,4.2600,4.0400,4.2300,4.0600,21949638,91146042.0000,3,3.596985,1,4.187194,0
2019-02-26,sh.603002,4.2100,4.2900,4.1800,4.2200,4.2300,18543881,78586455.0000,3,3.038869,1,-0.236412,0
2019-02-27,sh.603002,4.2200,4.2700,4.0900,4.1400,4.2200,13680964,57403014.0000,3,2.241961,1,-1.895733,0
2019-02-28,sh.603002,4.1300,4.2000,4.1000,4.1800,4.1400,9145510,38037033.0000,3,1.498716,1,0.966183,0
2019-03-01,sh.603002,4.2100,4.2100,4.0600,4.1400,4.1800,9042607,37270830.0000,3,1.481852,1,-0.956937,0
2019-03-04,sh.603002,4.1500,4.2500,4.1400,4.1700,4.1400,12700242,53240874.0000,3,2.081245,1,0.724643,0
2019-03-05,sh.603002,4.1700,4.3400,4.1300,4.3200,4.1700,16511740,70183608.0000,3,2.705853,1,3.597125,0
2019-03-06,sh.603002,4.3400,4.4300,4.2500,4.4300,4.3200,21162038,92014353.0000,3,3.467918,1,2.546288,0
2019-03-07,sh.603002,4.4200,4.5400,4.3700,4.4900,4.4300,19689655,87803014.0000,3,3.226632,1,1.354401,0
2019-03-08,sh.603002,4.3800,4.5300,4.2700,4.2900,4.4900,21264044,93715613.0000,3,3.484634,1,-4.454339,0
2019-03-11,sh.603002,4.3200,4.5600,4.3200,4.5500,4.2900,19373141,86348436.0000,3,3.174763,1,6.060611,0
2019-03-12,sh.603002,4.6200,4.7300,4.4700,4.5800,4.5500,27187864,125471619.0000,3,4.455397,1,0.659335,0
2019-03-13,sh.603002,4.5600,4.6000,4.3900,4.4300,4.5800,17640479,79254142.0000,3,2.890824,1,-3.275111,0
2019-03-14,sh.603002,4.3700,4.4600,4.2300,4.2800,4.4300,12671566,54864101.0000,3,2.076546,1,-3.385996,0
2019-03-15,sh.603002,4.3000,4.3900,4.2800,4.3300,4.2800,9973315,43260544.0000,3,1.634372,1,1.168218,0
2019-03-18,sh.603002,4.3500,4.4500,4.3400,4.4500,4.3300,11108968,48901346.0000,3,1.820476,1,2.771360,0
2019-03-19,sh.603002,4.4600,4.5000,4.4000,4.4400,4.4500,9757215,43306419.0000,3,1.598958,1,-0.224714,0
2019-03-20,sh.603002,4.4400,4.5400,4.3900,4.4800,4.4400,12932294,57738716.0000,3,2.119273,1,0.900900,0
2019-03-21,sh.603002,4.4400,4.5600,4.4300,4.5400,4.4800,12628979,56984678.0000,3,2.069567,1,1.339284,0
2019-03-22,sh.603002,4.5200,4.5700,4.4300,4.5600,4.5400,11477477,51739770.0000,3,1.880865,1,0.440528,0
2019-03-25,sh.603002,4.4700,4.5400,4.4400,4.4800,4.5600,9415625,42282880.0000,3,1.542981,1,-1.754384,0
2019-03-26,sh.603002,4.5100,4.5300,4.3000,4.3500,4.4800,10172556,45012076.0000,3,1.667022,1,-2.901788,0
2019-03-27,sh.603002,4.3700,4.4000,4.2800,4.4000,4.3500,7700244,33479128.0000,3,1.261873,1,1.149430,0
2019-03-28,sh.603002,4.2900,4.3200,4.1000,4.1200,4.4000,18184865,76656422.0000,3,2.980035,1,-6.363641,0
2019-03-29,sh.603002,4.1200,4.2400,4.0800,4.2200,4.1200,10376470,43281532.0000,3,1.700438,1,2.427182,0
2019-04-01,sh.603002,4.2300,4.4400,4.2300,4.4200,4.2200,16498459,72149816.0000,3,2.703676,1,4.739343,0
2019-04-02,sh.603002,4.4500,4.6800,4.4100,4.6100,4.4200,30034539,137138765.0000,3,4.921894,1,4.298644,0
2019-04-03,sh.603002,4.5100,4.8800,4.4600,4.8000,4.6100,36264562,170151748.0000,3,5.942836,1,4.121476,0
2019-04-04,sh.603002,4.9700,5.2800,4.9700,5.2800,4.8000,81354109,425301998.0000,3,13.331861,1,10.000000,0
2019-04-08,sh.603002,5.8100,5.8100,5.8100,5.8100,5.2800,6583756,38251622.0000,3,1.078910,1,10.037870,0
2019-04-09,sh.603002,5.6000,5.6000,5.2300,5.2800,5.8100,86987397,467988068.0000,3,14.255013,1,-9.122199,0
2019-04-10,sh.603002,5.1100,5.1900,4.9800,5.0600,5.2800,49876982,252362549.0000,3,8.173564,1,-4.166672,0
2019-04-11,sh.603002,5.0000,5.0500,4.8800,4.9000,5.0600,28941917,143203050.0000,3,4.742841,1,-3.162052,0
2019-04-12,sh.603002,4.8600,4.9500,4.7900,4.8200,4.9000,16290752,79217650.0000,3,2.669638,1,-1.632651,0
2019-04-15,sh.603002,4.9000,4.9200,4.7600,4.7700,4.8200,15487599,75331156.0000,3,2.538022,1,-1.037348,0
2019-04-16,sh.603002,4.7700,4.9000,4.7000,4.9000,4.7700,16551670,79610752.0000,3,2.712396,1,2.725369,0
2019-04-17,sh.603002,4.8800,5.1200,4.8600,5.0300,4.9000,29370354,146485202.0000,3,4.813051,1,2.653064,0
2019-04-18,sh.603002,5.0200,5.0300,4.9000,4.9400,5.0300,18247702,90486294.0000,3,2.990332,1,-1.789267,0
2019-04-19,sh.603002,4.9200,4.9200,4.7900,4.9000,4.9400,13832470,67158782.0000,3,2.266789,1,-0.809716,0
2019-04-22,sh.603002,4.9000,4.9300,4.7600,4.8100,4.9000,10730103,51799418.0000,3,1.758390,1,-1.836738,0
2019-04-23,sh.603002,4.8100,4.8400,4.7000,4.7600,4.8100,8595553,40960802.0000,3,1.408592,1,-1.039495,0
2019-04-24,sh.603002,4.7800,4.8200,4.7000,4.8100,4.7600,8620675,41120947.0000,3,1.412709,1,1.050414,0
2019-04-25,sh.603002,4.8000,4.8000,4.4100,4.4100,4.8100,14571737,67174828.0000,3,2.387936,1,-8.316010,0
2019-04-26,sh.603002,4.3700,4.4700,4.2900,4.3400,4.4100,14587445,64181457.0000,3,2.390510,1,-1.587295,0
2019-04-29,sh.603002,4.3400,4.3900,4.0600,4.0900,4.3400,11984134,50062790.0000,3,1.963894,1,-5.760368,0
2019-04-30,sh.603002,4.0700,4.1900,4.0700,4.1600,4.0900,7908350,32729742.0000,3,1.295977,1,1.711484,0
2019-05-06,sh.603002,4.0600,4.0600,3.7700,3.8400,4.1600,11038000,43388964.0000,3,1.808846,1,-7.692307,0
2019-05-07,sh.603002,3.8600,3.9500,3.8100,3.8800,3.8400,8249632,31957761.0000,3,1.351904,1,1.041672,0
2019-05-08,sh.603002,3.8300,3.9300,3.7400,3.8800,3.8800,5778601,22342678.0000,3,0.946965,1,0.000000,0
2019-05-09,sh.603002,3.8200,3.9800,3.8100,3.9700,3.8800,9007050,35379019.0000,3,1.476026,1,2.319585,0
2019-05-10,sh.603002,3.9300,4.3700,3.9300,4.3700,3.9700,34713074,148281021.0000,3,5.688586,1,10.075560,0
2019-05-13,sh.603002,4.4000,4.4000,4.1100,4.2200,4.3700,30514831,128846482.0000,3,5.000602,1,-3.432497,0
2019-05-14,sh.603002,4.1600,4.3500,4.1100,4.1800,4.2200,19279115,81582955.0000,3,3.159355,1,-0.947866,0
2019-05-15,sh.603002,4.3300,4.3600,4.1600,4.2100,4.1800,16936050,71339191.0000,3,2.775386,1,0.717708,0
2019-05-16,sh.603002,4.1500,4.2300,4.1500,4.2000,4.2100,11706928,48991333.0000,3,1.918467,1,-0.237535,0
2019-05-17,sh.603002,4.2000,4.2100,3.9700,4.0100,4.2000,12455715,50842179.0000,3,2.027259,1,-4.523799,0
2019-05-20,sh.603002,3.9800,4.0900,3.9000,4.0900,4.0100,8058362,32191621.0000,3,1.311557,1,1.995010,0
2019-05-21,sh.603002,4.0600,4.1600,4.0200,4.1300,4.0900,9496452,39067746.0000,3,1.545617,1,0.977994,0
2019-05-22,sh.603002,4.1000,4.1500,4.0000,4.0700,4.1300,7202056,29370703.0000,3,1.172187,1,-1.452783,0
2019-05-23,sh.603002,4.0600,4.0700,3.8500,3.9300,4.0700,9788650,38742144.0000,3,1.593174,1,-3.439806,0
2019-05-24,sh.603002,3.8900,3.9500,3.8700,3.9100,3.9300,3901800,15251744.0000,3,0.635047,1,-0.508905,0
2019-05-27,sh.603002,3.9300,4.1700,3.8700,4.1500,3.9100,12320556,49806743.0000,3,2.005261,1,6.138108,0
2019-05-28,sh.603002,4.1300,4.2000,4.1000,4.1200,4.1500,12185439,50597998.0000,3,1.983269,1,-0.722897,0
2019-05-29,sh.603002,4.1000,4.1700,4.1000,4.1700,4.1200,6770383,28074755.0000,3,1.101929,1,1.213597,0
2019-05-30,sh.603002,4.1300,4.1800,4.1000,4.1700,4.1700,7183689,29770839.0000,3,1.169198,1,0.000000,0
2019-05-31,sh.603002,4.1600,4.2200,4.1100,4.1200,4.1700,7292700,30351839.0000,3,1.186940,1,-1.199045,0
2019-06-03,sh.603002,4.1100,4.1600,3.9900,4.0100,4.1200,6289650,25516188.0000,3,1.023687,1,-2.669895,0
2019-06-04,sh.603002,3.9500,4.0100,3.9000,3.9400,3.9700,4161350,16489548.0000,3,0.677290,1,-0.755667,0
2019-06-05,sh.603002,3.9600,4.0100,3.8900,3.9000,3.9400,5550400,21834108.0000,3,0.903368,1,-1.015227,0
2019-06-06,sh.603002,3.9300,3.9400,3.7600,3.7900,3.9000,5411156,20671403.0000,3,0.880705,1,-2.820516,0
2019-06-10,sh.603002,3.7800,3.8600,3.7700,3.8500,3.7900,3667900,14032347.0000,3,0.596978,1,1.583112,0
2019-06-11,sh.603002,3.8600,4.0100,3.8400,4.0000,3.8500,6849400,27046390.0000,3,1.114790,1,3.896106,0
2019-06-12,sh.603002,3.9900,4.0200,3.9400,3.9500,4.0000,5092400,20269212.0000,3,0.828825,1,-1.249999,0
2019-06-13,sh.603002,3.9700,4.0500,3.9300,4.0500,3.9500,5675650,22738156.0000,3,0.923754,1,2.531649,0
2019-06-14,sh.603002,4.0400,4.0500,3.8800,3.8900,4.0500,6018850,23856678.0000,3,0.979612,1,-3.950619,0
2019-06-17,sh.603002,3.8900,3.9500,3.8600,3.9400,3.8900,2681252,10515131.0000,3,0.436393,1,1.285346,0
2019-06-18,sh.603002,3.9500,3.9500,3.8900,3.9400,3.9400,3142715,12340494.0000,3,0.511500,1,0.000000,0
2019-06-19,sh.603002,4.0000,4.0900,3.9600,3.9700,3.9400,5080450,20369707.0000,3,0.826880,1,0.761421,0
2019-06-20,sh.603002,3.9800,4.0700,3.9400,4.0500,3.9700,7170873,28829272.0000,3,1.167112,1,2.015117,0
2019-06-21,sh.603002,4.0600,4.1400,4.0500,4.1200,4.0500,8473702,34720608.0000,3,1.379157,1,1.728387,0
2019-06-24,sh.603002,4.1100,4.1400,4.0800,4.1100,4.1200,4855850,19959845.0000,3,0.790325,1,-0.242712,0
2019-06-25,sh.603002,4.1200,4.1200,4.0000,4.0700,4.1100,5457039,22113855.0000,3,0.888173,1,-0.973235,0
2019-06-26,sh.603002,4.0600,4.1300,4.0300,4.1100,4.0700,5098953,20898399.0000,3,0.829892,1,0.982800,0
2019-06-27,sh.603002,4.1500,4.1500,4.0800,4.1000,4.1100,5337200,21925351.0000,3,0.868668,1,-0.243315,0
2019-06-28,sh.603002,4.0900,4.1000,3.9500,3.9900,4.1000,5374435,21549844.0000,3,0.874729,1,-2.682924,0
2019-07-01,sh.603002,4.0500,4.1600,4.0200,4.1500,3.9900,9402862,38655425.0000,3,1.530385,1,4.010027,0
2019-07-02,sh.603002,4.1600,4.1600,4.0900,4.1200,4.1500,4822451,19873832.0000,3,0.784889,1,-0.722897,0
2019-07-03,sh.603002,4.1100,4.1400,4.0300,4.0600,4.1200,5184802,21195915.0000,3,0.843864,1,-1.456309,0
2019-07-04,sh.603002,4.0900,4.0900,4.0400,4.0600,4.0600,3907701,15877608.0000,3,0.636007,1,0.000000,0
2019-07-05,sh.603002,4.0600,4.0900,4.0400,4.0700,4.0600,3364092,13671216.0000,3,0.547531,1,0.246311,0
2019-07-08,sh.603002,4.0800,4.0800,3.8600,3.8800,4.0700,7170150,28186349.0000,3,1.166994,1,-4.668306,0
2019-07-09,sh.603002,3.9000,3.9300,3.8600,3.9200,3.8800,2604800,10139504.0000,3,0.423950,1,1.030927,0
2019-07-10,sh.603002,3.9300,3.9400,3.8600,3.8800,3.9200,2800862,10897709.0000,3,0.455861,1,-1.020407,0
2019-07-11,sh.603002,3.9000,3.9500,3.8500,3.8900,3.8800,3375700,13162419.0000,3,0.549420,1,0.257732,0
2019-07-12,sh.603002,3.8600,3.9500,3.8600,3.9300,3.8900,3375915,13241237.0000,3,0.549455,1,1.028277,0
2019-07-15,sh.603002,3.9100,3.9900,3.8700,3.9700,3.9300,4342649,17090639.0000,3,0.706798,1,1.017811,0
2019-07-16,sh.603002,3.9700,4.0100,3.9400,4.0000,3.9700,4658900,18554202.0000,3,0.758270,1,0.755667,0
2019-07-17,sh.603002,4.0100,4.4000,3.9800,4.2700,4.0000,46316542,200590604.0000,3,7.538356,1,6.750000,0
2019-07-18,sh.603002,4.1100,4.2000,4.0600,4.0900,4.2700,30147944,124215666.0000,3,4.906798,1,-4.215453,0
2019-07-19,sh.603002,4.1200,4.1500,4.0200,4.0300,4.0900,13666940,55745639.0000,3,2.224394,1,-1.466991,0
2019-07-22,sh.603002,4.0700,4.0700,3.8600,3.8700,4.0300,10008000,39187011.0000,3,1.628875,1,-3.970231,0
2019-07-23,sh.603002,3.8800,3.9500,3.8600,3.9200,3.8700,7089958,27722681.0000,3,1.153943,1,1.291995,0
2019-07-24,sh.603002,3.9300,4.0000,3.9200,3.9900,3.9200,7497852,29733561.0000,3,1.220330,1,1.785712,0
2019-07-25,sh.603002,3.9700,4.1600,3.9700,4.0500,3.9900,10437166,42401968.0000,3,1.698725,1,1.503764,0
2019-07-26,sh.603002,4.0500,4.0900,4.0000,4.0400,4.0500,6091300,24541581.0000,3,0.991400,1,-0.246900,0
2019-07-29,sh.603002,4.2000,4.3400,4.0800,4.1100,4.0400,15127953,63070089.0000,3,2.462185,1,1.732678,0
2019-07-30,sh.603002,4.1400,4.1800,4.0800,4.1100,4.1100,8730785,35904891.0000,3,1.421000,1,0.000000,0
2019-07-31,sh.603002,4.0800,4.0900,4.0100,4.0400,4.1100,6549338,26470871.0000,3,1.066000,1,-1.703200,0
2019-08-01,sh.603002,4.0300,4.0600,4.0000,4.0300,4.0400,4495551,18101641.0000,3,0.731700,1,-0.247500,0
2019-08-02,sh.603002,3.9300,3.9600,3.8800,3.9200,4.0300,7382802,28935171.0000,3,1.201600,1,-2.729500,0
2019-08-05,sh.603002,3.9000,3.9500,3.8900,3.9000,3.9200,3580550,14029983.0000,3,0.582800,1,-0.510200,0
2019-08-06,sh.603002,3.8000,3.8600,3.6900,3.7900,3.9000,8213481,31053136.0000,3,1.336800,1,-2.820500,0
2019-08-07,sh.603002,3.8300,3.8400,3.7100,3.7500,3.7900,3504514,13206239.0000,3,0.570400,1,-1.055400,0
2019-08-08,sh.603002,3.7400,3.8000,3.7400,3.7700,3.7500,2707954,10247120.0000,3,0.440700,1,0.533300,0
2019-08-09,sh.603002,3.8000,3.8100,3.7400,3.7500,3.7700,2320600,8766580.0000,3,0.377700,1,-0.530500,0
2019-08-12,sh.603002,3.7200,3.8900,3.7200,3.8400,3.7500,3227403,12300126.0000,3,0.525300,1,2.400000,0
2019-08-13,sh.603002,3.8000,3.8400,3.7600,3.8100,3.8400,2414603,9157515.0000,3,0.393000,1,-0.781200,0
2019-08-14,sh.603002,3.8400,3.8800,3.8100,3.8200,3.8100,3200350,12313872.0000,3,0.520900,1,0.262500,0
2019-08-15,sh.603002,3.7100,3.8000,3.6800,3.7900,3.8200,3650400,13644677.0000,3,0.594100,1,-0.785300,0
2019-08-16,sh.603002,3.7700,3.8500,3.7700,3.8000,3.7900,2816854,10747588.0000,3,0.458500,1,0.263900,0
2019-08-19,sh.603002,3.8400,3.9300,3.8100,3.9300,3.8000,7359801,28630683.0000,3,1.197900,1,3.421100,0
2019-08-20,sh.603002,3.9000,3.9600,3.8900,3.9100,3.9300,5620618,22048088.0000,3,0.914800,1,-0.508900,0
2019-08-21,sh.603002,3.9100,3.9500,3.8900,3.9300,3.9100,3395284,13327255.0000,3,0.552600,1,0.511500,0
2019-08-22,sh.603002,3.9300,3.9600,3.9100,3.9600,3.9300,5760183,22707025.0000,3,0.937500,1,0.763400,0
2019-08-23,sh.603002,3.9600,3.9800,3.9100,3.9400,3.9600,3374963,13293764.0000,3,0.549300,1,-0.505100,0
2019-08-26,sh.603002,3.8500,3.8900,3.8200,3.8800,3.9400,3224600,12428559.0000,3,0.524800,1,-1.522800,0
2019-08-27,sh.603002,3.8900,3.9500,3.8700,3.9400,3.8800,4646800,18247513.0000,3,0.756300,1,1.546400,0
2019-08-28,sh.603002,3.9600,3.9600,3.9100,3.9300,3.9400,3341568,13129372.0000,3,0.543900,1,-0.253800,0
2019-08-29,sh.603002,3.9300,3.9700,3.9200,3.9500,3.9300,4614300,18224081.0000,3,0.751000,1,0.508900,0
2019-08-30,sh.603002,3.9800,3.9800,3.8200,3.8500,3.9500,6278751,24558021.0000,3,1.021900,1,-2.531600,0
2019-09-02,sh.603002,3.8400,3.9400,3.8300,3.9300,3.8500,5346850,20908209.0000,3,0.870200,1,2.077900,0
2019-09-03,sh.603002,3.9100,3.9600,3.9100,3.9600,3.9300,3386154,13353922.0000,3,0.551100,1,0.763400,0
2019-09-04,sh.603002,3.9400,4.0400,3.9300,4.0000,3.9600,6733300,26875882.0000,3,1.095900,1,1.010100,0
2019-09-05,sh.603002,4.0400,4.0700,4.0100,4.0200,4.0000,11314050,45736012.0000,3,1.841400,1,0.500000,0
2019-09-06,sh.603002,4.0300,4.1000,4.0000,4.0400,4.0200,7010838,28307844.0000,3,1.141100,1,0.497500,0
2019-09-09,sh.603002,4.0500,4.1900,4.0300,4.1800,4.0400,15807154,65225050.0000,3,2.572700,1,3.465300,0
2019-09-10,sh.603002,4.1600,4.2100,4.0800,4.1700,4.1800,16346751,67671542.0000,3,2.660600,1,-0.239200,0
2019-09-11,sh.603002,4.1900,4.3400,4.1200,4.1500,4.1700,16506152,69359985.0000,3,2.686500,1,-0.479600,0
2019-09-12,sh.603002,4.1700,4.1900,4.1100,4.1500,4.1500,9218650,38193413.0000,3,1.500400,1,0.000000,0
2019-09-16,sh.603002,4.1800,4.1800,4.1300,4.1400,4.1500,8743719,36328771.0000,3,1.423100,1,-0.241000,0
2019-09-17,sh.603002,4.1400,4.1500,4.0000,4.0200,4.1400,8740126,35521159.0000,3,1.422500,1,-2.898500,0
2019-09-18,sh.603002,4.0200,4.0500,3.9900,4.0200,4.0200,5391614,21677740.0000,3,0.877500,1,0.000000,0
2019-09-19,sh.603002,4.0300,4.0700,3.9700,4.0700,4.0200,6797508,27257320.0000,3,1.106300,1,1.243800,0
2019-09-20,sh.603002,4.0300,4.0700,4.0100,4.0200,4.0700,5099201,20564674.0000,3,0.829900,1,-1.228500,0
2019-09-23,sh.603002,4.0300,4.0300,3.9300,3.9600,4.0200,5553986,22027910.0000,3,0.904000,1,-1.492500,0
2019-09-24,sh.603002,3.9600,4.1000,3.9600,4.0700,3.9600,10673501,43296426.0000,3,1.737200,1,2.777800,0
2019-09-25,sh.603002,4.1000,4.1900,4.0400,4.0600,4.0700,8411050,34509810.0000,3,1.369000,1,-0.245700,0
2019-09-26,sh.603002,4.1900,4.1900,3.8600,3.9400,4.0600,14501972,58400238.0000,3,2.360300,1,-2.955700,0
2019-09-27,sh.603002,3.8800,3.9400,3.8500,3.9000,3.9400,5684050,22164125.0000,3,0.925100,1,-1.015200,0
2019-09-30,sh.603002,3.9000,3.9200,3.8200,3.8300,3.9000,3972928,15316939.0000,3,0.646600,1,-1.794900,0
2019-10-08,sh.603002,3.8300,3.8800,3.8300,3.8500,3.8300,2377618,9159367.0000,3,0.387000,1,0.522200,0
2019-10-09,sh.603002,3.8300,3.8800,3.8000,3.8800,3.8500,2414400,9271483.0000,3,0.393000,1,0.779200,0
2019-10-10,sh.603002,3.8700,3.9900,3.8500,3.9400,3.8800,5332814,20988270.0000,3,0.868000,1,1.546400,0
2019-10-11,sh.603002,3.9000,3.9700,3.8900,3.9500,3.9400,4806250,18935347.0000,3,0.782300,1,0.253800,0
2019-10-14,sh.603002,3.9600,4.0200,3.9600,4.0100,3.9500,4960850,19847834.0000,3,0.807400,1,1.519000,0
2019-10-15,sh.603002,4.0000,4.0300,3.9600,4.0000,4.0100,3322750,13253907.0000,3,0.540800,1,-0.249400,0
2019-10-16,sh.603002,4.0200,4.0400,3.9500,3.9600,4.0000,3458900,13797323.0000,3,0.563000,1,-1.000000,0
2019-10-17,sh.603002,3.9400,3.9800,3.9000,3.9100,3.9600,2483616,9783075.0000,3,0.404200,1,-1.262600,0
2019-10-18,sh.603002,3.9200,4.3000,3.9100,4.3000,3.9100,50883677,215828626.0000,3,8.281700,1,9.974400,0
2019-10-21,sh.603002,4.2000,4.4800,4.1400,4.3400,4.3000,63310436,274129397.0000,3,10.304200,1,0.930200,0
2019-10-22,sh.603002,4.2400,4.6500,4.2100,4.5400,4.3400,55949795,247515567.0000,3,9.106200,1,4.608300,0
2019-10-23,sh.603002,4.4700,4.6600,4.3600,4.4100,4.5400,40244122,180915346.0000,3,6.550000,1,-2.863400,0
2019-10-24,sh.603002,4.3700,4.4400,4.2800,4.4400,4.4100,21006314,91775352.0000,3,3.418900,1,0.680300,0
2019-10-25,sh.603002,4.4000,4.4300,4.2800,4.3100,4.4400,14665250,63563150.0000,3,2.386900,1,-2.927900,0
2019-10-28,sh.603002,4.2500,4.3800,4.1500,4.3300,4.3100,22340222,95032192.0000,3,3.636000,1,0.464000,0
2019-10-29,sh.603002,4.2600,4.3200,4.1900,4.2100,4.3300,14493420,61436869.0000,3,2.358900,1,-2.771400,0
2019-10-30,sh.603002,4.2100,4.3000,4.1300,4.1400,4.2100,12479555,52591816.0000,3,2.031100,1,-1.662700,0
2019-10-31,sh.603002,4.1300,4.1900,4.1200,4.1700,4.1400,7299300,30297844.0000,3,1.188000,1,0.724600,0
2019-11-01,sh.603002,4.1700,4.2400,4.1400,4.2100,4.1700,8181950,34307273.0000,3,1.331700,1,0.959200,0
2019-11-04,sh.603002,4.2300,4.2900,4.1800,4.2300,4.2100,9785150,41512514.0000,3,1.592600,1,0.475100,0
2019-11-05,sh.603002,4.2300,4.2300,4.1300,4.1900,4.2300,9479800,39622847.0000,3,1.542900,1,-0.945600,0
2019-11-06,sh.603002,4.1500,4.1800,4.0200,4.0500,4.1900,10560132,43291133.0000,3,1.718700,1,-3.341300,0
2019-11-07,sh.603002,4.0500,4.1400,4.0500,4.1300,4.0500,6359341,26066824.0000,3,1.035000,1,1.975300,0
2019-11-08,sh.603002,4.1400,4.1600,4.0300,4.0300,4.1300,8054100,32855186.0000,3,1.310900,1,-2.421300,0
2019-11-11,sh.603002,3.9900,4.0600,3.9100,3.9700,4.0300,8220300,32579728.0000,3,1.337900,1,-1.488800,0
2019-11-12,sh.603002,3.9300,3.9800,3.9000,3.9700,3.9700,5186791,20398085.0000,3,0.844200,1,0.000000,0
2019-11-13,sh.603002,3.9500,3.9500,3.9100,3.9300,3.9700,3020423,11861852.0000,3,0.491600,1,-1.007600,0
2019-11-14,sh.603002,3.9300,3.9600,3.9100,3.9600,3.9300,3245004,12774831.0000,3,0.528100,1,0.763400,0
2019-11-15,sh.603002,3.9600,3.9600,3.8500,3.8500,3.9600,5788651,22478984.0000,3,0.942100,1,-2.777800,0
2019-11-18,sh.603002,3.8500,3.9000,3.8200,3.8700,3.8500,2020600,7818706.0000,3,0.328900,1,0.519500,0
2019-11-19,sh.603002,3.8900,3.9300,3.8800,3.9200,3.8700,4291413,16770405.0000,3,0.698500,1,1.292000,0
2019-11-20,sh.603002,3.9200,3.9200,3.8600,3.8600,3.9200,3840708,14934346.0000,3,0.625100,1,-1.530600,0
2019-11-21,sh.603002,3.8500,3.8900,3.8200,3.8900,3.8600,3670250,14161110.0000,3,0.597400,1,0.777200,0
2019-11-22,sh.603002,3.8700,3.9300,3.8400,3.8700,3.8900,5070400,19714855.0000,3,0.825200,1,-0.514100,0
2019-11-25,sh.603002,3.8300,3.9000,3.8300,3.8900,3.8700,2682450,10408330.0000,3,0.436600,1,0.516800,0
2019-11-26,sh.603002,3.8900,3.9300,3.8600,3.9000,3.8900,3064602,11937736.0000,3,0.498800,1,0.257100,0
2019-11-27,sh.603002,3.9100,3.9400,3.8700,3.9200,3.9000,3154700,12330722.0000,3,0.513500,1,0.512800,0
2019-11-28,sh.603002,3.9200,3.9500,3.8500,3.8600,3.9200,4384300,17046828.0000,3,0.713600,1,-1.530600,0
2019-11-29,sh.603002,3.8600,3.8900,3.8400,3.8800,3.8600,2090350,8082872.0000,3,0.340200,1,0.518100,0
2019-12-02,sh.603002,3.8900,3.9000,3.8700,3.8800,3.8800,2655250,10327220.0000,3,0.432200,1,0.000000,0
2019-12-03,sh.603002,3.8400,3.9000,3.8300,3.9000,3.8800,2295118,8875584.0000,3,0.373500,1,0.515500,0
2019-12-04,sh.603002,3.8900,3.9200,3.8600,3.9100,3.9000,3152127,12285619.0000,3,0.513000,1,0.256400,0
2019-12-05,sh.603002,3.9300,3.9500,3.9000,3.9300,3.9100,5905250,23167845.0000,3,0.961100,1,0.511500,0
2019-12-06,sh.603002,3.9200,3.9500,3.9000,3.9300,3.9300,6511625,25548815.0000,3,1.059800,1,0.000000,0
2019-12-09,sh.603002,3.9300,3.9500,3.9200,3.9400,3.9300,5287254,20799985.0000,3,0.860500,1,0.254500,0
2019-12-10,sh.603002,3.9300,3.9500,3.8900,3.9400,3.9400,4673600,18325756.0000,3,0.760700,1,0.000000,0
2019-12-11,sh.603002,3.9600,4.0600,3.9300,3.9700,3.9400,10632995,42375497.0000,3,1.730600,1,0.761400,0
2019-12-12,sh.603002,3.9600,4.0900,3.9400,4.0700,3.9700,15006652,60344861.0000,3,2.442400,1,2.518900,0
2019-12-13,sh.603002,4.0900,4.1700,4.0400,4.1100,4.0700,14000100,57197073.0000,3,2.278600,1,0.982800,0
2019-12-16,sh.603002,4.1100,4.2500,4.0800,4.2100,4.1100,17547235,73541612.0000,3,2.855900,1,2.433100,0
2019-12-17,sh.603002,4.2000,4.2800,4.1900,4.2200,4.2100,14727492,62111562.0000,3,2.397000,1,0.237500,0
2019-12-18,sh.603002,4.2100,4.2500,4.1500,4.1800,4.2200,11692107,49048682.0000,3,1.903000,1,-0.947900,0
2019-12-19,sh.603002,4.1800,4.2200,4.1600,4.2100,4.1800,6984080,29266504.0000,3,1.136700,1,0.717700,0
2019-12-20,sh.603002,4.2200,4.2900,4.1700,4.2300,4.2100,12156036,51497124.0000,3,1.978500,1,0.475100,0
2019-12-23,sh.603002,4.1800,4.2000,4.0800,4.0800,4.2300,9539586,39496214.0000,3,1.552600,1,-3.546100,0
2019-12-24,sh.603002,4.1000,4.2100,4.0600,4.2100,4.0800,7276886,30158862.0000,3,1.184400,1,3.186300,0
2019-12-25,sh.603002,4.2100,4.4400,4.1600,4.2900,4.2100,17579851,75573194.0000,3,2.861200,1,1.900200,0
2019-12-26,sh.603002,4.3000,4.4200,4.2700,4.3400,4.2900,12490355,54147193.0000,3,2.032900,1,1.165500,0
2019-12-27,sh.603002,4.4100,4.4900,4.2800,4.3700,4.3400,15494612,67802120.0000,3,2.521900,1,0.691200,0
2019-12-30,sh.603002,4.3000,4.3500,4.1900,4.3400,4.3700,11778832,50423782.0000,3,1.917100,1,-0.686500,0
2019-12-31,sh.603002,4.3100,4.3400,4.2400,4.2600,4.3400,7762205,33213649.0000,3,1.263400,1,-1.843300,0
2020-01-02,sh.603002,4.3100,4.3800,4.2800,4.3500,4.2600,11374691,49366966.0000,3,1.851300,1,2.112700,0
2020-01-03,sh.603002,4.3600,4.3800,4.3100,4.3500,4.3500,6487055,28172566.0000,3,1.055800,1,0.000000,0
2020-01-06,sh.603002,4.3000,4.4100,4.2800,4.3500,4.3500,10204150,44382625.0000,3,1.660800,1,0.000000,0
2020-01-07,sh.603002,4.3800,4.4300,4.3400,4.4100,4.3500,11508994,50489690.0000,3,1.873200,1,1.379300,0
2020-01-08,sh.603002,4.3800,4.3900,4.2600,4.2700,4.4100,11584839,50093866.0000,3,1.885500,1,-3.174600,0
2020-01-09,sh.603002,4.3200,4.4700,4.3000,4.4300,4.2700,15840727,69676990.0000,3,2.578200,1,3.747100,0
2020-01-10,sh.603002,4.4500,4.4600,4.3600,4.3900,4.4300,7128200,31393435.0000,3,1.160200,1,-0.902900,0
2020-01-13,sh.603002,4.4000,4.5500,4.3500,4.5200,4.3900,12974500,58089096.0000,3,2.111700,1,2.961300,0
2020-01-14,sh.603002,4.5200,4.5600,4.4400,4.4800,4.5200,9800755,44117169.0000,3,1.595100,1,-0.885000,0
2020-01-15,sh.603002,4.4900,4.5300,4.3800,4.4300,4.4800,7099650,31452027.0000,3,1.155500,1,-1.116100,0
2020-01-16,sh.603002,4.4400,4.4700,4.3600,4.3800,4.4300,7215350,31755330.0000,3,1.174400,1,-1.128700,0
2020-01-17,sh.603002,4.4200,4.5500,4.3900,4.4200,4.3800,12998650,58050132.0000,3,2.115600,1,0.913200,0
2020-01-20,sh.603002,4.4100,4.6500,4.3900,4.6200,4.4200,20500293,93483678.0000,3,3.336600,1,4.524900,0
2020-01-21,sh.603002,4.6200,4.6200,4.4600,4.5000,4.6200,12988701,58689074.0000,3,2.114000,1,-2.597400,0
2020-01-22,sh.603002,4.4900,4.5800,4.3700,4.5500,4.5000,14179891,63539549.0000,3,2.307900,1,1.111100,0
2020-01-23,sh.603002,4.5200,4.6500,4.2100,4.3900,4.5500,18871990,82760113.0000,3,3.071600,1,-3.516500,0
2020-02-03,sh.603002,3.9500,3.9700,3.9500,3.9500,4.3900,3999600,15799953.0000,3,0.651000,1,-10.022800,0
2020-02-04,sh.603002,3.8100,3.9800,3.8100,3.9300,3.9500,14120321,55270264.0000,3,2.298200,1,-0.506300,0
2020-02-05,sh.603002,3.9300,4.0700,3.9200,4.0100,3.9300,10428977,41759903.0000,3,1.697400,1,2.035600,0
2020-02-06,sh.603002,3.9900,4.1300,3.9900,4.0800,4.0100,10078855,40883686.0000,3,1.640400,1,1.745600,0
2020-02-07,sh.603002,4.0700,4.1700,4.0500,4.1500,4.0800,10168152,41808242.0000,3,1.654900,1,1.715700,0
2020-02-10,sh.603002,4.1200,4.2000,4.1000,4.1900,4.1500,7894954,32832643.0000,3,1.285000,1,0.963900,0
2020-02-11,sh.603002,4.1900,4.2400,4.1400,4.1700,4.1900,8937377,37383996.0000,3,1.454600,1,-0.477300,0
2020-02-12,sh.603002,4.1800,4.4800,4.1200,4.4200,4.1700,19555227,84508614.0000,3,3.182800,1,5.995200,0
2020-02-13,sh.603002,4.3400,4.8200,4.2600,4.6900,4.4200,33138728,149718405.0000,3,5.393600,1,6.108600,0
2020-02-14,sh.603002,4.6400,4.7000,4.5100,4.5400,4.6900,22504071,103077457.0000,3,3.662700,1,-3.198300,0
2020-02-17,sh.603002,4.5200,4.7600,4.5000,4.6700,4.5400,19103928,88191648.0000,3,3.109300,1,2.863400,0
2020-02-18,sh.603002,4.6900,4.8700,4.6100,4.7700,4.6700,20768964,98708605.0000,3,3.380300,1,2.141300,0
2020-02-19,sh.603002,4.7700,4.9800,4.7000,4.7900,4.7700,27299801,131908925.0000,3,4.443200,1,0.419300,0
2020-02-20,sh.603002,4.7900,4.8700,4.6700,4.8000,4.7900,23912213,114027505.0000,3,3.891900,1,0.208800,0
2020-02-21,sh.603002,4.7900,5.0700,4.7500,4.9600,4.8000,31024987,152534290.0000,3,5.049500,1,3.333300,0
2020-02-24,sh.603002,4.9100,5.1400,4.8400,5.0600,4.9600,29121886,144932054.0000,3,4.739800,1,2.016100,0
2020-02-25,sh.603002,4.8800,5.0200,4.6900,4.9700,5.0600,28810873,141258122.0000,3,4.689200,1,-1.778700,0
2020-02-26,sh.603002,4.8500,4.9400,4.7400,4.7800,4.9700,21474413,104004580.0000,3,3.495100,1,-3.822900,0
2020-02-27,sh.603002,4.8100,4.8300,4.6300,4.7700,4.7800,16225950,76871223.0000,3,2.640900,1,-0.209200,0
2020-02-28,sh.603002,4.5300,4.7100,4.3500,4.3800,4.7700,20966100,94333861.0000,3,3.412400,1,-8.176100,0
2020-03-02,sh.603002,4.4400,4.6500,4.4200,4.6000,4.3800,14222050,64464824.0000,3,2.314700,1,5.022800,0
2020-03-03,sh.603002,4.6700,4.8700,4.6500,4.7900,4.6000,22788450,108640342.0000,3,3.709000,1,4.130400,0
2020-03-04,sh.603002,4.7900,4.7900,4.7900,4.7900,4.7900,0,0.0000,3,,0,0.000000,0
2020-03-05,sh.603002,4.7900,4.7900,4.7900,4.7900,4.7900,0,0.0000,3,,0,0.000000,0
2020-03-06,sh.603002,4.7900,4.7900,4.7900,4.7900,4.7900,0,0.0000,3,,0,0.000000,0
2020-03-09,sh.603002,4.7900,4.7900,4.7900,4.7900,4.7900,0,0.0000,3,,0,0.000000,0
2020-03-10,sh.603002,4.7900,4.7900,4.7900,4.7900,4.7900,0,0.0000,3,,0,0.000000,0
2020-03-11,sh.603002,4.7900,4.7900,4.7900,4.7900,4.7900,0,0.0000,3,,0,0.000000,0
2020-03-12,sh.603002,4.7900,4.7900,4.7900,4.7900,4.7900,0,0.0000,3,,0,0.000000,0
2020-03-13,sh.603002,4.7900,4.7900,4.7900,4.7900,4.7900,0,0.0000,3,,0,0.000000,0
2020-03-16,sh.603002,4.7900,4.7900,4.7900,4.7900,4.7900,0,0.0000,3,,0,0.000000,0
2020-03-17,sh.603002,4.7900,4.7900,4.7900,4.7900,4.7900,0,0.0000,3,,0,0.000000,0
2020-03-18,sh.603002,5.2700,5.2700,5.2700,5.2700,4.7900,2862801,15086961.0000,3,0.465900,1,10.020900,0
2020-03-19,sh.603002,5.8000,5.8000,5.5700,5.8000,5.2700,48526342,281228352.0000,3,7.898000,1,10.056900,0
2020-03-20,sh.603002,5.9800,6.0800,5.2200,5.2200,5.8000,102169098,570847876.0000,3,16.628800,1,-10.000000,0
2020-03-23,sh.603002,4.8300,4.8900,4.7000,4.7000,5.2200,53415068,252978389.0000,3,8.693700,1,-9.961700,0
2020-03-24,sh.603002,4.6900,4.7300,4.2500,4.4100,4.7000,48900210,218095255.0000,3,7.958900,1,-6.170200,0
2020-03-25,sh.603002,4.4700,4.5600,4.4300,4.5300,4.4100,31924792,143671960.0000,3,5.196000,1,2.721100,0
2020-03-26,sh.603002,4.4400,4.4700,4.3100,4.3100,4.5300,21421517,94052448.0000,3,3.486500,1,-4.856500,0
2020-03-27,sh.603002,4.3700,4.4700,4.3300,4.3300,4.3100,16910449,74181374.0000,3,2.752300,1,0.464000,0
2020-03-30,sh.603002,4.2600,4.2800,4.1700,4.2400,4.3300,11851650,50033073.0000,3,1.928900,1,-2.078500,0
2020-03-31,sh.603002,4.3000,4.3000,4.2100,4.2200,4.2400,10286800,43842778.0000,3,1.674300,1,-0.471700,0
2020-04-01,sh.603002,4.2100,4.3100,4.1700,4.2300,4.2200,9507453,40455570.0000,3,1.547400,1,0.237000,0
2020-04-02,sh.603002,4.2000,4.3500,4.1800,4.3500,4.2300,10576918,45074936.0000,3,1.721500,1,2.836900,0
2020-04-03,sh.603002,4.3100,4.3300,4.2300,4.2600,4.3500,9841750,42139463.0000,3,1.601800,1,-2.069000,0
2020-04-07,sh.603002,4.3100,4.3800,4.3100,4.3800,4.2600,11545478,50279116.0000,3,1.879100,1,2.816900,0
2020-04-08,sh.603002,4.3600,4.5100,4.3400,4.4900,4.3800,14503475,64288943.0000,3,2.360500,1,2.511400,0
2020-04-09,sh.603002,4.4900,4.5200,4.4400,4.4400,4.4900,10941478,48891006.0000,3,1.780800,1,-1.113600,0
2020-04-10,sh.603002,4.4400,4.4400,4.2800,4.3000,4.4400,10297500,44762485.0000,3,1.676000,1,-3.153200,0
2020-04-13,sh.603002,4.2500,4.3500,4.2100,4.3500,4.3000,7404300,31518140.0000,3,1.205100,1,1.162800,0
2020-04-14,sh.603002,4.3600,4.4300,4.3400,4.4200,4.3500,9593900,42038107.0000,3,1.561500,1,1.609200,0
2020-04-15,sh.603002,4.4000,4.4400,4.3300,4.3500,4.4200,9394750,41236043.0000,3,1.529100,1,-1.583700,0
2020-04-16,sh.603002,4.3300,4.3700,4.3000,4.3500,4.3500,6411800,27799495.0000,3,1.043600,1,0.000000,0
2020-04-17,sh.603002,4.3900,4.4100,4.3000,4.3100,4.3500,8018150,34964923.0000,3,1.305000,1,-0.919500,0
2020-04-20,sh.603002,4.3600,4.3600,4.2800,4.3300,4.3100,6813950,29382046.0000,3,1.109000,1,0.464000,0
2020-04-21,sh.603002,4.3300,4.3300,4.2300,4.2700,4.3300,6587600,28085064.0000,3,1.072200,1,-1.385700,0
2020-04-22,sh.603002,4.2600,4.3500,4.2300,4.3500,4.2700,6099569,26188018.0000,3,0.992700,1,1.873500,0
2020-04-23,sh.603002,4.4100,4.4700,4.3600,4.3800,4.3500,12962799,57138429.0000,3,2.109800,1,0.689700,0
2020-04-24,sh.603002,4.3700,4.4300,4.2700,4.3600,4.3800,9947650,43261557.0000,3,1.619100,1,-0.456600,0
2020-04-27,sh.603002,4.3500,4.3700,4.2300,4.2400,4.3600,8101884,34813196.0000,3,1.318600,1,-2.752300,0
2020-04-28,sh.603002,4.2600,4.3000,4.0800,4.2600,4.2400,11069065,46744246.0000,3,1.801600,1,0.471700,0
2020-04-29,sh.603002,4.2400,4.2900,4.2200,4.2300,4.2600,6390549,27165704.0000,3,1.040100,1,-0.704200,0
2020-04-30,sh.603002,4.2500,4.4300,4.2400,4.4100,4.2300,13465595,58506526.0000,3,2.191600,1,4.255300,0
2020-05-06,sh.603002,4.3700,4.4700,4.3600,4.4700,4.4100,11110512,49125764.0000,3,1.808300,1,1.360500,0
2020-05-07,sh.603002,4.4600,4.5400,4.3900,4.3900,4.4700,10071200,44722684.0000,3,1.639200,1,-1.789700,0
2020-05-08,sh.603002,4.4100,4.6500,4.4100,4.6100,4.3900,21851861,99063646.0000,3,3.556600,1,5.011400,0
2020-05-11,sh.603002,4.6100,4.7700,4.5600,4.7300,4.6100,25965719,121554665.0000,3,4.226100,1,2.603000,0
2020-05-12,sh.603002,4.6800,4.7200,4.5900,4.6200,4.7300,14687540,68055008.0000,3,2.390500,1,-2.325600,0
2020-05-13,sh.603002,4.6100,4.6900,4.6000,4.6300,4.6200,10915100,50680168.0000,3,1.776500,1,0.216500,0
2020-05-14,sh.603002,4.5900,4.5900,4.5200,4.5600,4.6300,8533400,38916417.0000,3,1.388900,1,-1.511900,0
2020-05-15,sh.603002,4.5700,4.7400,4.5700,4.7400,4.5600,15848022,73919888.0000,3,2.579400,1,3.947400,0
2020-05-18,sh.603002,4.7800,4.8600,4.6600,4.6900,4.7400,14320250,67744679.0000,3,2.330700,1,-1.054800,0
2020-05-19,sh.603002,4.7000,4.9200,4.6700,4.9100,4.6900,18242671,87820149.0000,3,2.969100,1,4.690800,0
2020-05-20,sh.603002,4.8900,4.9500,4.7900,4.8200,4.9100,13552628,65818916.0000,3,2.205800,1,-1.833000,0
2020-05-21,sh.603002,4.7900,4.8700,4.7000,4.7200,4.8200,12340716,58756921.0000,3,2.008500,1,-2.074700,0
2020-05-22,sh.603002,4.7000,4.7800,4.5800,4.6400,4.7200,9286892,43258372.0000,3,1.511500,1,-1.694900,0
2020-05-25,sh.603002,4.7200,4.7500,4.6400,4.6900,4.6400,9105585,42742375.0000,3,1.482000,1,1.077600,0
2020-05-26,sh.603002,4.7000,4.7900,4.6800,4.7900,4.6900,10638531,50371141.0000,3,1.731500,1,2.132200,0
2020-05-27,sh.603002,4.7700,4.7900,4.6200,4.6400,4.7900,10368931,48665026.0000,3,1.687600,1,-3.131500,0
2020-05-28,sh.603002,4.6500,4.6700,4.5000,4.5500,4.6400,9768700,44734892.0000,3,1.589900,1,-1.939600,0
2020-05-29,sh.603002,4.5300,4.7100,4.5200,4.6400,4.5500,9161700,42243420.0000,3,1.491100,1,1.978000,0
2020-06-01,sh.603002,4.6400,4.8200,4.6100,4.8000,4.6400,13696381,64894778.0000,3,2.229200,1,3.448300,0
2020-06-02,sh.603002,4.8000,4.9000,4.7700,4.8400,4.8000,12574257,60915931.0000,3,2.046600,1,0.833300,0
2020-06-03,sh.603002,4.8800,5.3100,4.8000,4.9500,4.8400,23497795,117191815.0000,3,3.824400,1,2.272700,0
2020-06-04,sh.603002,4.9500,5.4500,4.9400,5.3000,4.9500,44387918,232920612.0000,3,7.224500,1,7.070700,0
2020-06-05,sh.603002,5.2000,5.2100,5.0600,5.1500,5.3000,25762692,132081435.0000,3,4.193100,1,-2.830200,0
2020-06-08,sh.603002,5.1600,5.5500,5.0800,5.4300,5.1500,31546152,167049003.0000,3,5.134400,1,5.436900,0
2020-06-09,sh.603002,5.2800,5.3500,5.1800,5.2100,5.3700,19081323,100002793.0000,3,3.105600,1,-2.979500,0
2020-06-10,sh.603002,5.1800,5.1800,5.0100,5.1000,5.2100,13019851,66295680.0000,3,2.119100,1,-2.111300,0
2020-06-11,sh.603002,5.1000,5.1900,5.0500,5.1200,5.1000,10985226,56193077.0000,3,1.787900,1,0.392200,0
2020-06-12,sh.603002,5.0000,5.1300,4.9600,5.0700,5.1200,9992076,50451613.0000,3,1.626300,1,-0.976600,0
2020-06-15,sh.603002,5.0600,5.2100,4.9800,5.0000,5.0700,10882050,55544250.0000,3,1.771100,1,-1.380700,0
2020-06-16,sh.603002,5.0400,5.1500,5.0100,5.1500,5.0000,13469551,68402663.0000,3,2.192300,1,3.000000,0
2020-06-17,sh.603002,5.1700,5.2100,5.0600,5.1200,5.1500,8635650,44188370.0000,3,1.405500,1,-0.582500,0
2020-06-18,sh.603002,5.0800,5.1100,4.9700,5.0100,5.1200,12875609,64532696.0000,3,2.095600,1,-2.148400,0
2020-06-19,sh.603002,5.0000,5.0400,4.9600,5.0200,5.0100,10826929,54159628.0000,3,1.762200,1,0.199600,0
2020-06-22,sh.603002,5.0100,5.0600,4.9000,4.9200,5.0200,11284602,55932648.0000,3,1.836700,1,-1.992000,0
2020-06-23,sh.603002,4.9200,5.1400,4.8900,5.1200,4.9200,18328715,92484542.0000,3,2.983100,1,4.065000,0
2020-06-24,sh.603002,5.1200,5.1500,4.9900,5.0700,5.1200,10266308,51812164.0000,3,1.670900,1,-0.976600,0
2020-06-29,sh.603002,5.0300,5.0500,4.9300,4.9600,5.0700,8968232,44610872.0000,3,1.459600,1,-2.169600,0
2020-06-30,sh.603002,4.9400,5.0100,4.9200,5.0100,4.9600,10427661,51865998.0000,3,1.697200,1,1.008100,0
2020-07-01,sh.603002,5.0000,5.0100,4.8700,4.9100,5.0100,12650802,62354611.0000,3,2.059000,1,-1.996000,0
2020-07-02,sh.603002,4.9000,4.9900,4.8400,4.9700,4.9100,10021043,49381567.0000,3,1.631000,1,1.222000,0
2020-07-03,sh.603002,4.9700,5.0700,4.9500,5.0500,4.9700,10838217,54312444.0000,3,1.764000,1,1.609700,0
2020-07-06,sh.603002,5.0800,5.2200,5.0600,5.2100,5.0500,20137062,103782066.0000,3,3.277500,1,3.168300,0
2020-07-07,sh.603002,5.2100,5.3700,5.1400,5.2700,5.2100,22566362,118832095.0000,3,3.672800,1,1.151600,0
2020-07-08,sh.603002,5.2700,5.4200,5.2200,5.4100,5.2700,22831994,121526745.0000,3,3.716100,1,2.656500,0
2020-07-09,sh.603002,5.4100,5.4800,5.3400,5.4600,5.4100,21351021,115590945.0000,3,3.475000,1,0.924200,0
2020-07-10,sh.603002,5.4500,5.6800,5.3600,5.5200,5.4600,24220829,133509216.0000,3,3.942100,1,1.098900,0
2020-07-13,sh.603002,5.5200,5.7300,5.4500,5.6700,5.5200,21255555,119154463.0000,3,3.459500,1,2.717400,0
2020-07-14,sh.603002,5.6500,5.7200,5.4300,5.5600,5.6700,19605502,108763249.0000,3,3.190900,1,-1.940000,0
2020-07-15,sh.603002,5.5700,5.5700,5.3000,5.3600,5.5600,17632215,95673711.0000,3,2.869800,1,-3.597100,0
2020-07-16,sh.603002,5.3600,5.4500,5.1000,5.1200,5.3600,13914049,73304187.0000,3,2.264600,1,-4.477600,0
2020-07-17,sh.603002,5.1200,5.2500,5.1000,5.1700,5.1200,13390600,69271213.0000,3,2.179400,1,0.976600,0
2020-07-20,sh.603002,5.2200,5.3800,5.1800,5.3800,5.1700,11315416,59927074.0000,3,1.841700,1,4.061900,0
2020-07-21,sh.603002,5.3700,5.4800,5.3000,5.4800,5.3800,13040598,70265110.8200,3,2.122500,1,1.858700,0
2020-07-22,sh.603002,5.4800,5.5200,5.4000,5.4300,5.4800,11366231,62017831.9000,3,1.849900,1,-0.912400,0
2020-07-23,sh.603002,5.5900,5.7100,5.4500,5.6500,5.4300,37170524,207617744.9100,3,6.049800,1,4.051600,0
2020-07-24,sh.603002,5.6200,5.6400,5.2500,5.2700,5.6500,25094762,136690876.8700,3,4.084400,1,-6.725700,0
2020-07-27,sh.603002,5.2800,5.3100,5.1600,5.2300,5.2700,11385449,59583090.5700,3,1.853100,1,-0.759000,0
2020-07-28,sh.603002,5.2600,5.3200,5.1800,5.2300,5.2300,10945700,57348353.4400,3,1.781500,1,0.000000,0
2020-07-29,sh.603002,5.2300,5.4500,5.1500,5.4300,5.2300,16455428,87275662.6400,3,2.678200,1,3.824100,0
2020-07-30,sh.603002,5.4500,5.5500,5.4000,5.4100,5.4300,14991655,81919565.0700,3,2.440000,1,-0.368300,0
2020-07-31,sh.603002,5.4000,5.4800,5.3300,5.4500,5.4100,11839500,63991554.6100,3,1.927000,1,0.739400,0
2020-08-03,sh.603002,5.5100,5.6500,5.4500,5.6300,5.4500,17767139,98983125.7000,3,2.891700,1,3.302800,0
2020-08-04,sh.603002,5.6900,5.7300,5.5600,5.6500,5.6300,18361499,103258566.3800,3,2.988500,1,0.355200,0
2020-08-05,sh.603002,5.6500,5.7500,5.5500,5.7200,5.6500,16592352,93730988.7500,3,2.700500,1,1.238900,0
2020-08-06,sh.603002,5.7100,5.7300,5.5300,5.6000,5.7200,12895525,72326760.0000,3,2.098800,1,-2.097900,0
2020-08-07,sh.603002,5.5700,5.6000,5.3700,5.5400,5.6000,10768902,59239012.9000,3,1.752700,1,-1.071400,0
2020-08-10,sh.603002,5.4900,5.6300,5.4700,5.5800,5.5400,8482965,47283045.5000,3,1.380700,1,0.722000,0
2020-08-11,sh.603002,5.6200,5.6200,5.4300,5.4400,5.5800,10298453,57066751.6700,3,1.676100,1,-2.509000,0
2020-08-12,sh.603002,5.4000,5.7200,5.3900,5.7100,5.4400,16332364,90481958.9900,3,2.658200,1,4.963200,0
2020-08-13,sh.603002,5.7000,5.7800,5.5800,5.6300,5.7100,16575386,94122816.7600,3,2.697800,1,-1.401100,0
2020-08-14,sh.603002,5.6500,6.0000,5.5900,5.8200,5.6300,20583208,118867027.2000,3,3.350100,1,3.374800,0
2020-08-17,sh.603002,5.8400,6.0400,5.7400,6.0000,5.8200,20379855,119948361.8400,3,3.317000,1,3.092800,0
2020-08-18,sh.603002,5.9000,5.9500,5.8400,5.9100,6.0000,17721373,104314781.0300,3,2.884300,1,-1.500000,0
2020-08-19,sh.603002,5.8600,5.8900,5.7100,5.7500,5.9100,15014450,86928373.0000,3,2.443700,1,-2.707300,0
2020-08-20,sh.603002,5.7000,5.7700,5.6700,5.6700,5.7500,9092751,51958777.6800,3,1.479900,1,-1.391300,0
2020-08-21,sh.603002,5.6900,5.7500,5.6100,5.7100,5.6700,10570310,59984909.4000,3,1.720400,1,0.705500,0
2020-08-24,sh.603002,5.7100,5.8800,5.6500,5.8400,5.7100,12504850,72542525.0000,3,2.035300,1,2.276700,0
2020-08-25,sh.603002,5.8200,5.9300,5.7600,5.8000,5.8400,12360150,72351330.0000,3,2.011700,1,-0.684900,0
2020-08-26,sh.603002,5.7700,5.8300,5.6000,5.7800,5.8000,11524758,65858456.4900,3,1.875700,1,-0.344800,0
2020-08-27,sh.603002,5.8200,5.9300,5.7600,5.8900,5.7800,13259972,77677412.5400,3,2.158200,1,1.903100,0
2020-08-28,sh.603002,5.8800,5.9200,5.8000,5.9100,5.8900,9081302,53345145.2600,3,1.478000,1,0.339600,0
2020-08-31,sh.603002,5.9400,5.9600,5.7800,5.8000,5.9100,9993170,58746794.9200,3,1.626500,1,-1.861300,0
2020-09-01,sh.603002,5.7900,5.8700,5.7500,5.8700,5.8000,7511120,43591016.3000,3,1.222500,1,1.206900,0
2020-09-02,sh.603002,5.9000,5.9100,5.7600,5.8100,5.8700,9381902,54472664.0900,3,1.527000,1,-1.022100,0
2020-09-03,sh.603002,5.9200,6.0100,5.8300,5.9100,5.8100,15953163,94303576.5800,3,2.596500,1,1.721200,0
2020-09-04,sh.603002,5.8300,5.9900,5.7200,5.9700,5.9100,12177358,71923078.9800,3,1.982000,1,1.015200,0
2020-09-07,sh.603002,5.9500,6.0700,5.8700,5.9300,5.9700,15355250,91540116.0000,3,2.499200,1,-0.670000,0
2020-09-08,sh.603002,6.0100,6.0100,5.8500,5.9000,5.9300,10840352,64021853.7600,3,1.764300,1,-0.505900,0
2020-09-09,sh.603002,5.9000,5.9000,5.9000,5.9000,5.9000,0,0.0000,3,,0,0.000000,0
2020-09-10,sh.603002,5.7000,5.7900,5.3100,5.3100,5.9000,21052600,114840013.4100,3,3.426500,1,-10.000000,0
2020-09-11,sh.603002,5.1800,5.3400,5.1300,5.3000,5.3100,10624660,55507303.6700,3,1.729200,1,-0.188300,0
2020-09-14,sh.603002,5.3500,5.3800,5.2500,5.3300,5.3000,7502438,39964234.9000,3,1.221100,1,0.566000,0
2020-09-15,sh.603002,5.3400,5.3500,5.0500,5.1200,5.3300,12184300,63160776.0000,3,1.983100,1,-3.940000,0
2020-09-16,sh.603002,5.1300,5.1800,5.0400,5.0900,5.1200,7135096,36438024.7000,3,1.161300,1,-0.585900,0
2020-09-17,sh.603002,5.0900,5.1700,5.0300,5.1400,5.0900,5880800,29984378.2300,3,0.957100,1,0.982300,0
2020-09-18,sh.603002,5.1400,5.1800,5.0700,5.1700,5.1400,7209950,36978214.5000,3,1.173500,1,0.583700,0
2020-09-21,sh.603002,5.1800,5.1900,5.0800,5.1100,5.1700,5210600,26746248.0000,3,0.848100,1,-1.160500,0
2020-09-22,sh.603002,5.0600,5.1000,4.9900,5.0300,5.1100,5339641,26967088.6500,3,0.869100,1,-1.565600,0
2020-09-23,sh.603002,5.0500,5.0500,4.9900,5.0400,5.0300,4080862,20471493.1200,3,0.664200,1,0.198800,0
2020-09-24,sh.603002,4.9800,5.0100,4.8600,4.9500,5.0400,6618669,32567360.3100,3,1.077200,1,-1.785700,0
2020-09-25,sh.603002,4.9700,4.9700,4.8600,4.9000,4.9500,3621588,17735911.4800,3,0.589400,1,-1.010100,0
2020-09-28,sh.603002,4.8800,4.9100,4.8100,4.8200,4.9000,3099672,15054811.3200,3,0.504500,1,-1.632700,0
2020-09-29,sh.603002,4.8200,4.9300,4.8200,4.8700,4.8200,3604673,17604595.3000,3,0.586700,1,1.037300,0
2020-09-30,sh.603002,4.8600,4.9200,4.8200,4.8700,4.8700,2965050,14405212.5000,3,0.482600,1,0.000000,0
2020-10-09,sh.603002,4.9400,5.0100,4.9200,5.0100,4.8700,3588600,17860086.5000,3,0.584100,1,2.874700,0
2020-10-12,sh.603002,5.0100,5.1600,5.0100,5.1400,5.0100,4183401,21374909.6500,3,0.680900,1,2.594800,0
2020-10-13,sh.603002,5.2600,5.2600,5.1600,5.2000,5.1400,6204701,32243710.6000,3,1.009900,1,1.167300,0
2020-10-14,sh.603002,5.1900,5.2000,5.1100,5.1500,5.2000,4216836,21694340.4600,3,0.686300,1,-0.961500,0
2020-10-15,sh.603002,5.1500,5.2100,5.1200,5.1700,5.1500,3861950,19968610.5000,3,0.628600,1,0.388300,0
2020-10-16,sh.603002,5.1800,5.2000,5.1100,5.1500,5.1700,2561850,13175815.0000,3,0.417000,1,-0.386800,0
2020-10-19,sh.603002,5.1500,5.1900,5.0600,5.0800,5.1500,3498200,17917718.0000,3,0.569400,1,-1.359200,0
2020-10-20,sh.603002,5.0700,5.1700,5.0400,5.1600,5.0800,3144252,16103158.7000,3,0.511800,1,1.574800,0
2020-10-21,sh.603002,5.1600,5.2200,5.1200,5.1600,5.1600,3518565,18193668.2500,3,0.572700,1,0.000000,0
2020-10-22,sh.603002,5.1600,5.1700,5.0900,5.1500,5.1600,2760100,14162720.5000,3,0.449200,1,-0.193800,0
2020-10-23,sh.603002,5.1500,5.1700,5.0900,5.1200,5.1500,3070802,15747759.6800,3,0.499800,1,-0.582500,0
2020-10-26,sh.603002,5.1000,5.1300,5.0400,5.1300,5.1200,2948452,14984028.1200,3,0.479900,1,0.195300,0
2020-10-27,sh.603002,5.1000,5.1200,5.0200,5.0900,5.1300,3888200,19716202.0000,3,0.632800,1,-0.779700,0
2020-10-28,sh.603002,5.0900,5.1300,4.9900,5.1100,5.0900,4517150,22829567.0000,3,0.735200,1,0.392900,0
2020-10-29,sh.603002,5.0800,5.1700,5.0200,5.0700,5.1100,4951600,25239050.5000,3,0.805900,1,-0.782800,0
2020-10-30,sh.603002,5.1000,5.1000,4.8800,4.9000,5.0700,5397552,26932814.8000,3,0.878500,1,-3.353100,0
2020-11-02,sh.603002,4.9200,5.0200,4.8800,4.9900,4.9000,4750110,23543503.8400,3,0.773100,1,1.836700,0
2020-11-03,sh.603002,5.0400,5.4900,5.0400,5.4900,4.9900,23268203,124777136.8500,3,3.787100,1,10.020000,0
2020-11-04,sh.603002,5.4900,5.6700,5.4000,5.6700,5.4900,30181478,167801176.4000,3,4.912300,1,3.278700,0
2020-11-05,sh.603002,5.6900,5.7500,5.5700,5.6600,5.6700,17181065,97363509.2100,3,2.796300,1,-0.176400,0
2020-11-06,sh.603002,5.7200,5.9200,5.6600,5.7800,5.6600,20820415,120724616.0900,3,3.388700,1,2.120100,0
2020-11-09,sh.603002,6.1900,6.3200,5.9200,6.1400,5.7800,38139633,231869773.2800,3,6.207500,1,6.228400,0
2020-11-10,sh.603002,6.1300,6.2200,5.9500,6.0400,6.1400,26506732,161560471.0900,3,4.314200,1,-1.628700,0
2020-11-11,sh.603002,6.1000,6.1200,5.7500,5.7900,6.0400,24574032,145898694.8900,3,3.999600,1,-4.139100,0
2020-11-12,sh.603002,5.8900,5.9300,5.7500,5.8800,5.7900,19426623,113554843.9700,3,3.161800,1,1.554400,0
2020-11-13,sh.603002,5.8100,6.4700,5.7700,6.1000,5.8800,57725760,362266638.0700,3,9.395300,1,3.741500,0
2020-11-16,sh.603002,6.1800,6.4400,6.0700,6.2600,6.1000,43116386,268556005.6400,3,7.017500,1,2.623000,0
2020-11-17,sh.603002,6.4400,6.6900,6.2500,6.4900,6.2600,41823439,269878681.5700,3,6.807100,1,3.674100,0
2020-11-18,sh.603002,6.5700,6.9100,6.5100,6.7500,6.4900,45886426,307535160.0700,3,7.468400,1,4.006200,0
2020-11-19,sh.603002,6.6400,6.7100,6.2300,6.3500,6.7500,37248175,237981418.8800,3,6.062400,1,-5.925900,0
2020-11-20,sh.603002,6.3800,6.7500,6.2600,6.5500,6.3500,33632966,219468565.0200,3,5.474000,1,3.149600,0
2020-11-23,sh.603002,6.5200,6.5300,6.1600,6.2800,6.5500,29810786,187631642.1100,3,4.851900,1,-4.122100,0
2020-11-24,sh.603002,6.4900,6.5000,6.0700,6.1100,6.2800,35842000,222845387.1600,3,5.833500,1,-2.707000,0
2020-11-25,sh.603002,6.2000,6.2800,5.9500,6.1200,6.1100,27959804,169999670.9100,3,4.550700,1,0.163700,0
2020-11-26,sh.603002,6.0800,6.1100,5.8300,5.8500,6.1200,22011900,130669705.0000,3,3.582600,1,-4.411800,0
2020-11-27,sh.603002,5.8700,5.9500,5.7700,5.9100,5.8500,14481236,85008040.7300,3,2.356900,1,1.025600,0
2020-11-30,sh.603002,5.8800,5.9500,5.7900,5.8400,5.9100,11995537,70334784.6900,3,1.952400,1,-1.184400,0
2020-12-01,sh.603002,5.8100,5.9000,5.8100,5.8500,5.8400,10760886,62914545.7400,3,1.751400,1,0.171200,0
2020-12-02,sh.603002,5.8200,6.0500,5.7600,6.0400,5.8500,19590797,116091841.3800,3,3.188500,1,3.247900,0
2020-12-03,sh.603002,6.0400,6.0900,5.8700,5.8800,6.0400,14941700,88842477.0000,3,2.431900,1,-2.649000,0
2020-12-04,sh.603002,5.8900,6.4700,5.8100,6.2800,5.8800,49165439,307938990.4500,3,8.002000,1,6.802700,0
2020-12-07,sh.603002,6.3300,6.5700,6.2200,6.2400,6.2800,37800342,240366852.8100,3,6.152300,1,-0.636900,0
2020-12-08,sh.603002,6.3700,6.4500,6.2300,6.4000,6.2400,30325951,192972255.4000,3,4.935800,1,2.564100,0
2020-12-09,sh.603002,6.3600,6.3600,5.9700,5.9800,6.4000,27102729,165855194.5400,3,4.411200,1,-6.562500,0
2020-12-10,sh.603002,6.0700,6.0800,5.8100,5.8300,5.9800,15386550,90764079.9900,3,2.504300,1,-2.508400,0
2020-12-11,sh.603002,5.8200,5.8700,5.5500,5.6200,5.8300,15088103,85706528.3700,3,2.455700,1,-3.602100,0
2020-12-14,sh.603002,5.6200,5.7200,5.5700,5.6600,5.6200,8552347,48369846.1100,3,1.392000,1,0.711700,0
2020-12-15,sh.603002,5.6400,5.6600,5.5700,5.5900,5.6600,7317700,41011158.0000,3,1.191000,1,-1.236700,0
2020-12-16,sh.603002,5.6100,5.6600,5.4400,5.4400,5.5900,9085063,50070158.6200,3,1.478700,1,-2.683400,0
2020-12-17,sh.603002,5.4700,5.5600,5.2900,5.5200,5.4400,10432171,56593034.2400,3,1.697900,1,1.470600,0
2020-12-18,sh.603002,5.5100,5.5600,5.4200,5.4400,5.5200,7994300,43710388.0000,3,1.301100,1,-1.449300,0
2020-12-21,sh.603002,5.4600,5.7200,5.4500,5.6500,5.4400,12905322,72368188.4200,3,2.100400,1,3.860300,0
2020-12-22,sh.603002,5.6300,5.6500,5.3500,5.3800,5.6500,10676600,58491444.5000,3,1.737700,1,-4.778800,0
2020-12-23,sh.603002,5.3900,5.4500,5.3300,5.3700,5.3800,7075200,38058429.0000,3,1.151500,1,-0.185900,0
2020-12-24,sh.603002,5.3700,5.4100,5.1900,5.2200,5.3700,7632665,40197082.1500,3,1.242300,1,-2.793300,0
2020-12-25,sh.603002,5.2600,5.3500,5.1900,5.3200,5.2200,6189900,32756735.0000,3,1.007500,1,1.915700,0
2020-12-28,sh.603002,5.3200,5.3200,5.1000,5.1100,5.3200,7338390,37937348.3000,3,1.194400,1,-3.947400,0
2020-12-29,sh.603002,5.1000,5.2400,5.1000,5.1200,5.1100,5412650,27999394.0000,3,0.880900,1,0.195700,0
2020-12-30,sh.603002,5.1100,5.2400,5.0500,5.2100,5.1200,5728141,29737365.1100,3,0.932300,1,1.757800,0
2020-12-31,sh.603002,5.1800,5.3200,5.1800,5.3000,5.2100,7162150,37710210.5000,3,1.165700,1,1.727400,0
2021-01-04,sh.603002,5.2900,5.3300,5.2200,5.3000,5.3000,6314204,33350543.7000,3,1.027700,1,0.000000,0
2021-01-05,sh.603002,5.2800,5.3200,5.2200,5.3200,5.3000,6783513,35724098.1700,3,1.104100,1,0.377400,0
2021-01-06,sh.603002,5.2900,5.3400,5.0600,5.1500,5.3200,13103650,67487547.5000,3,2.132700,1,-3.195500,0
2021-01-07,sh.603002,5.1300,5.1300,4.9100,4.9600,5.1500,9403000,47149764.3800,3,1.530400,1,-3.689300,0
2021-01-08,sh.603002,4.9500,5.0300,4.8600,4.9100,4.9600,7308450,36038061.3200,3,1.189500,1,-1.008100,0
2021-01-11,sh.603002,4.9000,4.9100,4.6200,4.6200,4.9100,10872400,51552303.0000,3,1.769600,1,-5.906300,0
2021-01-12,sh.603002,4.6200,4.7100,4.5500,4.6100,4.6200,7007500,32388975.0000,3,1.140500,1,-0.216500,0
2021-01-13,sh.603002,4.6100,4.6100,4.4300,4.5200,4.6100,8383661,37858510.9500,3,1.364500,1,-1.952300,0
2021-01-14,sh.603002,4.5800,4.8500,4.5300,4.7900,4.5200,9666724,45577847.1000,3,1.573300,1,5.973500,0
2021-01-15,sh.603002,4.7700,4.9900,4.7100,4.8400,4.7900,9751977,47562602.4900,3,1.587200,1,1.043800,0
2021-01-18,sh.603002,4.8500,5.0800,4.8400,5.0400,4.8400,9205751,46153556.3700,3,1.498300,1,4.132200,0
2021-01-19,sh.603002,5.0500,5.1300,4.9900,5.0400,5.0400,7547149,38062639.3400,3,1.228400,1,0.000000,0
2021-01-20,sh.603002,5.1700,5.3100,5.0600,5.2400,5.0400,14337685,74785768.3000,3,2.333600,1,3.968300,0
2021-01-21,sh.603002,5.2200,5.2500,5.1400,5.1500,5.2400,8861118,46026022.2400,3,1.442200,1,-1.717600,0
2021-01-22,sh.603002,5.1400,5.3600,5.1300,5.1700,5.1500,8731492,45710817.0600,3,1.421100,1,0.388300,0
2021-01-25,sh.603002,5.2300,5.3200,5.0200,5.0600,5.1700,13577307,69710598.9400,3,2.209800,1,-2.127700,0
2021-01-26,sh.603002,5.0100,5.1700,5.0100,5.0700,5.0600,7187024,36615054.9000,3,1.169700,1,0.197600,0
2021-01-27,sh.603002,5.0800,5.0900,4.8700,4.9000,5.0700,7406500,36474592.0000,3,1.205500,1,-3.353100,0
2021-01-28,sh.603002,4.8200,4.9400,4.7700,4.8000,4.9000,5691469,27632682.0200,3,0.926300,1,-2.040800,0
2021-01-29,sh.603002,4.8100,4.9000,4.7200,4.8400,4.8000,6328450,30417145.0000,3,1.030000,1,0.833300,0
2021-02-01,sh.603002,4.8400,5.0500,4.7600,5.0200,4.8400,6318050,31289103.0000,3,1.028300,1,3.719000,0
2021-02-02,sh.603002,5.0300,5.1400,4.9700,5.0700,5.0200,7154000,36240636.5000,3,1.164400,1,0.996000,0
2021-02-03,sh.603002,5.0800,5.1300,4.9800,5.1200,5.0700,6935504,35091184.5400,3,1.128800,1,0.986200,0
2021-02-04,sh.603002,5.0700,5.1100,4.7700,4.8800,5.1200,9990697,49076639.6600,3,1.626100,1,-4.687500,0
2021-02-05,sh.603002,4.9200,4.9300,4.5800,4.6500,4.8800,7796526,37003584.1000,3,1.268900,1,-4.713100,0
2021-02-08,sh.603002,4.6400,4.8700,4.5100,4.8100,4.6500,6544297,30988871.6300,3,1.065100,1,3.440900,0
2021-02-09,sh.603002,4.8800,4.9900,4.8000,4.9900,4.8100,6450300,31735510.0000,3,1.049800,1,3.742200,0
2021-02-10,sh.603002,4.9500,5.0500,4.9300,4.9700,4.9900,4838700,24056650.0000,3,0.787500,1,-0.400800,0
2021-02-18,sh.603002,5.0400,5.1500,5.0100,5.1200,4.9700,7656302,39049552.7600,3,1.246100,1,3.018100,0
2021-02-19,sh.603002,5.1000,5.3000,5.1000,5.2700,5.1200,9461015,49556976.2500,3,1.539800,1,2.929700,0
2021-02-22,sh.603002,5.3700,5.6300,5.3400,5.4700,5.2700,15067950,83063382.5000,3,2.452400,1,3.795100,0
2021-02-23,sh.603002,5.7800,5.8300,5.5200,5.6700,5.4700,23820711,135365390.3900,3,3.877000,1,3.656300,0
2021-02-24,sh.603002,5.6000,5.7500,5.5900,5.6200,5.6700,16574051,94036433.6400,3,2.697500,1,-0.881800,0
2021-02-25,sh.603002,5.7600,5.8400,5.6000,5.6600,5.6200,15836904,90415632.0000,3,2.577600,1,0.711700,0
2021-02-26,sh.603002,5.7500,6.0000,5.7000,5.9300,5.6600,22434089,131772538.6100,3,3.651300,1,4.770300,0
2021-03-01,sh.603002,5.9500,6.0200,5.7700,6.0200,5.9300,21073515,124558627.1800,3,3.429900,1,1.517700,0
2021-03-02,sh.603002,6.0000,6.0800,5.9500,6.0400,6.0200,18938853,113864801.0100,3,3.082400,1,0.332200,0
2021-03-03,sh.603002,5.9600,6.5500,5.9500,6.4300,6.0400,31232396,198958975.1700,3,5.083300,1,6.457000,0
2021-03-04,sh.603002,6.4600,6.6800,6.2800,6.3400,6.4300,22007768,142378434.6200,3,3.581900,1,-1.399700,0
2021-03-05,sh.603002,6.2900,6.5000,6.2800,6.4700,6.3400,15354158,98014294.5000,3,2.499000,1,2.050500,0
2021-03-08,sh.603002,6.5100,6.5300,6.3800,6.4300,6.4700,12626250,81562274.5000,3,2.055000,1,-0.618200,0
2021-03-09,sh.603002,6.4800,6.5000,6.1200,6.2800,6.4300,17511949,111066665.7900,3,2.850200,1,-2.332800,0
2021-03-10,sh.603002,6.4500,6.5300,6.2600,6.2900,6.2800,10242383,64894668.0500,3,1.667000,1,0.159200,0
2021-03-11,sh.603002,6.3800,6.4700,6.1700,6.4500,6.2900,11502503,72860830.1000,3,1.872100,1,2.543700,0
2021-03-12,sh.603002,6.4600,6.7400,6.4200,6.6100,6.4500,13618359,89975558.2200,3,2.216500,1,2.480600,0
2021-03-15,sh.603002,6.6200,6.7800,6.5600,6.7600,6.6100,13166500,87925846.0000,3,2.142900,1,2.269300,0
2021-03-16,sh.603002,6.7400,6.7400,6.2700,6.3700,6.7600,20160473,129310965.2600,3,3.281300,1,-5.769200,0
2021-03-17,sh.603002,6.3000,6.3700,6.1300,6.2800,6.3700,10907800,68040639.0000,3,1.775300,1,-1.412900,0
2021-03-18,sh.603002,6.2600,6.3500,6.1900,6.3500,6.2800,8340150,52191784.5000,3,1.357400,1,1.114600,0
2021-03-19,sh.603002,6.3000,6.3800,6.2200,6.3400,6.3500,7684302,48477235.6800,3,1.250700,1,-0.157500,0
2021-03-22,sh.603002,6.3300,6.6800,6.2000,6.4000,6.3400,11737098,75763127.7000,3,1.910300,1,0.946400,0
2021-03-23,sh.603002,6.4000,6.4300,6.1300,6.1500,6.4000,8442652,52651318.3000,3,1.374100,1,-3.906300,0
2021-03-24,sh.603002,6.1500,6.1700,5.8900,5.8900,6.1500,9377410,56132099.4600,3,1.526200,1,-4.227600,0
2021-03-25,sh.603002,5.8800,6.0100,5.8500,5.9200,5.8900,5596317,33120007.9400,3,0.910800,1,0.509300,0
2021-03-26,sh.603002,5.8800,6.0900,5.8800,6.0400,5.9200,6211765,37078033.1500,3,1.011000,1,2.027000,0
2021-03-29,sh.603002,6.1400,6.6400,6.0700,6.6400,6.0400,18282322,119442386.0600,3,2.975600,1,9.933800,0
2021-03-30,sh.603002,6.6200,6.7200,6.5000,6.7200,6.6400,19890049,131706068.6700,3,3.237300,1,1.204800,0
2021-03-31,sh.603002,6.7200,6.7500,6.5900,6.6600,6.7200,7522858,50042850.7800,3,1.224400,1,-0.892900,0
2021-04-01,sh.603002,6.6400,6.7300,6.5400,6.6300,6.6600,8269852,54877954.6600,3,1.346000,1,-0.450500,0
2021-04-02,sh.603002,6.6600,6.9700,6.6300,6.7100,6.6300,11841000,80153373.0000,3,1.927200,1,1.206600,0
2021-04-06,sh.603002,6.7100,7.0500,6.7100,6.9400,6.7100,18655750,128839319.1600,3,3.036400,1,3.427700,0
2021-04-07,sh.603002,6.9000,7.0100,6.8000,6.9600,6.9400,10184900,70325832.0000,3,1.657700,1,0.288200,0
2021-04-08,sh.603002,7.1500,7.6600,7.0400,7.5300,6.9600,34915878,259885133.4900,3,5.682800,1,8.189700,0
2021-04-09,sh.603002,7.4800,7.7100,7.2500,7.3400,7.5300,26988800,200990836.0000,3,4.392600,1,-2.523200,0
2021-04-12,sh.603002,7.4600,8.0700,7.4500,8.0700,7.3400,54729204,438607596.4700,3,8.907600,1,9.945500,0
2021-04-13,sh.603002,7.8000,8.1900,7.6800,7.7500,8.0700,33918096,266626281.5600,3,5.520400,1,-3.965300,0
2021-04-14,sh.603002,7.9200,8.0000,7.6100,7.7300,7.7500,15881268,123997837.8600,3,2.584800,1,-0.258100,0
2021-04-15,sh.603002,7.7500,7.8700,7.4800,7.5900,7.7300,21301275,162197250.2500,3,3.466900,1,-1.811100,0
2021-04-16,sh.603002,7.6800,7.8500,7.5200,7.5500,7.5900,17347084,132645078.6500,3,2.823400,1,-0.527000,0
2021-04-19,sh.603002,7.6200,7.8200,7.3500,7.3900,7.5500,22666564,170205440.9600,3,3.689100,1,-2.119200,0
2021-04-20,sh.603002,7.4200,7.7600,7.2700,7.4700,7.3900,28315779,211729581.7700,3,4.608600,1,1.082500,0
2021-04-21,sh.603002,7.4300,7.4900,7.1900,7.4400,7.4700,26168052,191899557.8600,3,4.259000,1,-0.401600,0
2021-04-22,sh.603002,7.5600,7.6100,7.3100,7.5300,7.4400,23709523,177846688.1900,3,3.858900,1,1.209700,0
2021-04-23,sh.603002,7.6100,7.9700,7.4200,7.7800,7.5300,27912314,213721309.7300,3,4.542900,1,3.320100,0
2021-04-26,sh.603002,7.0000,7.0700,7.0000,7.0000,7.7800,12488100,87420123.0000,3,2.032500,1,-10.025700,0
2021-04-27,sh.603002,6.6500,6.8800,6.3000,6.3000,7.0000,42503841,272500052.3200,3,6.917800,1,-10.000000,0
2021-04-28,sh.603002,6.3000,6.3600,6.2000,6.2100,6.3000,15490901,97010980.3400,3,2.521300,1,-1.428600,0
2021-04-29,sh.603002,6.2000,6.2800,6.1200,6.2200,6.2100,11704681,72848720.1800,3,1.905000,1,0.161000,0
2021-04-30,sh.603002,6.2300,6.2800,6.0800,6.2300,6.2200,13103602,80739453.9600,3,2.132700,1,0.160800,0
2021-05-06,sh.603002,6.3000,6.4800,6.1200,6.3600,6.2300,16820419,106189041.7300,3,2.737600,1,2.086700,0
2021-05-07,sh.603002,6.2800,6.5500,6.2700,6.4500,6.3600,21298767,137316544.1300,3,3.466500,1,1.415100,0
2021-05-10,sh.603002,6.4200,6.5100,6.2900,6.3500,6.4500,17161800,109974781.0000,3,2.793200,1,-1.550400,0
2021-05-11,sh.603002,6.3300,6.3900,6.2200,6.2800,6.3500,10047700,63339724.0000,3,1.635300,1,-1.102400,0
2021-05-12,sh.603002,6.2700,6.3300,6.2000,6.2900,6.2800,8209600,51462655.0000,3,1.336200,1,0.159200,0
2021-05-13,sh.603002,6.2300,6.3300,6.1300,6.1400,6.2900,9721400,60462150.0000,3,1.582200,1,-2.384700,0
2021-05-14,sh.603002,6.1300,6.2500,6.1000,6.2200,6.1400,6778200,41863476.5000,3,1.103200,1,1.302900,0
2021-05-17,sh.603002,6.2800,6.3300,6.1300,6.1400,6.2200,8980648,55743314.1900,3,1.461700,1,-1.286200,0
2021-05-18,sh.603002,6.1300,6.1800,6.0100,6.1400,6.1400,8962215,54527633.9000,3,1.458700,1,0.000000,0
2021-05-19,sh.603002,6.1300,6.1300,6.0300,6.0400,6.1400,5676500,34447697.5000,3,0.923900,1,-1.628700,0
2021-05-20,sh.603002,6.0200,6.0800,5.8700,5.9200,6.0400,9717200,57660510.0000,3,1.581500,1,-1.986800,0
2021-05-21,sh.603002,5.9000,6.0700,5.8900,6.0000,5.9200,6976467,41940477.5000,3,1.135500,1,1.351400,0
2021-05-24,sh.603002,6.0000,6.0600,5.9500,6.0100,6.0000,5350150,32088320.0000,3,0.870800,1,0.166700,0
2021-05-25,sh.603002,5.9900,6.0300,5.9100,6.0100,6.0100,5813647,34698060.5300,3,0.946200,1,0.000000,0
2021-05-26,sh.603002,6.0000,6.2200,5.9600,6.0800,6.0100,9949169,60842904.8700,3,1.619300,1,1.164700,0
2021-05-27,sh.603002,6.0700,6.2700,6.0600,6.2100,6.0800,9925550,61624846.0000,3,1.615500,1,2.138200,0
2021-05-28,sh.603002,6.2200,6.2500,6.0900,6.1600,6.2100,6872569,42360283.5500,3,1.118600,1,-0.805200,0
2021-05-31,sh.603002,6.1600,6.1900,6.0900,6.1300,6.1600,6222547,38132661.1100,3,1.012800,1,-0.487000,0
2021-06-01,sh.603002,6.1500,6.2100,6.1000,6.2000,6.1300,5595425,34498577.7500,3,0.910700,1,1.141900,0
2021-06-02,sh.603002,6.2000,6.2400,6.1400,6.1600,6.2000,6698113,41448175.5800,3,1.090200,1,-0.645200,0
2021-06-03,sh.603002,6.1500,6.2200,6.1000,6.1000,6.1600,5883800,36275253.9600,3,0.957600,1,-0.974000,0
2021-06-04,sh.603002,6.1000,6.1700,6.0700,6.1400,6.1000,4710254,28818544.8200,3,0.766600,1,0.655700,0
2021-06-07,sh.603002,6.1400,6.4000,6.1400,6.3700,6.1400,13891840,87578757.0100,3,2.261000,1,3.745900,0
2021-06-08,sh.603002,6.3200,6.4400,6.2700,6.3400,6.3700,7940878,50354337.0800,3,1.292400,1,-0.471000,0
2021-06-09,sh.603002,6.4200,6.4200,6.2800,6.3500,6.3400,8376789,53192926.5300,3,1.363400,1,0.157700,0
2021-06-10,sh.603002,6.3500,6.4200,6.3000,6.3800,6.3500,7061606,45040766.4500,3,1.149300,1,0.472400,0
2021-06-11,sh.603002,6.3800,6.4600,6.2700,6.3000,6.3800,7919800,50334195.4700,3,1.289000,1,-1.253900,0
2021-06-15,sh.603002,6.3200,6.4200,6.2400,6.3600,6.3000,9733118,61779175.4800,3,1.584100,1,0.952400,0
2021-06-16,sh.603002,6.1000,6.1500,5.7700,5.7800,6.1200,12992150,76638430.8200,3,2.114600,1,-5.555600,0
2021-06-17,sh.603002,5.7500,6.1700,5.7400,6.1200,5.7800,10854487,64897799.2300,3,1.766600,1,5.882400,0
2021-06-18,sh.603002,6.0800,6.1300,6.0000,6.0800,6.1200,7988800,48456475.0000,3,1.300200,1,-0.653600,0
2021-06-21,sh.603002,6.0500,6.5900,6.0400,6.5400,6.0800,18813149,121252757.7700,3,3.062000,1,7.565800,0
2021-06-22,sh.603002,6.5400,6.6400,6.4200,6.4400,6.5400,11770408,76211016.4800,3,1.915700,1,-1.529100,0
2021-06-23,sh.603002,6.4600,6.6400,6.4300,6.5800,6.4400,11109960,72722738.5000,3,1.808200,1,2.173900,0
2021-06-24,sh.603002,6.5900,6.6300,6.4600,6.5200,6.5800,7050750,46069305.5000,3,1.147600,1,-0.911900,0
2021-06-25,sh.603002,6.5400,6.5900,6.3900,6.4900,6.5200,8905521,57623848.5300,3,1.449400,1,-0.460100,0
2021-06-28,sh.603002,6.5000,6.5200,6.4000,6.4500,6.4900,6144421,39602722.9500,3,1.000000,1,-0.616300,0
2021-06-29,sh.603002,6.4600,6.7500,6.4600,6.5500,6.4500,12646671,83664695.9200,3,2.058300,1,1.550400,0
2021-06-30,sh.603002,6.5800,6.8500,6.5800,6.8000,6.5500,14416621,97606553.9400,3,2.346400,1,3.816800,0
2021-07-01,sh.603002,6.7300,6.7800,6.4200,6.4600,6.8000,12272661,81208151.4500,3,1.997500,1,-5.000000,0
2021-07-02,sh.603002,6.4800,6.6500,6.3600,6.5200,6.4600,7570466,49402674.5300,3,1.232100,1,0.928800,0
2021-07-05,sh.603002,6.5800,6.6800,6.4800,6.6700,6.5200,7358050,48453718.0000,3,1.197600,1,2.300600,0
2021-07-06,sh.603002,6.6800,6.6800,6.4300,6.5500,6.6700,8623150,56270116.0000,3,1.403500,1,-1.799100,0
2021-07-07,sh.603002,6.5400,6.5800,6.4400,6.5400,6.5500,5922600,38571412.5000,3,0.963900,1,-0.152700,0
2021-07-08,sh.603002,6.5400,6.5400,6.3900,6.4000,6.5400,9175450,59088481.0000,3,1.493400,1,-2.140700,0
2021-07-09,sh.603002,6.4000,6.6300,6.3500,6.5800,6.4000,10739913,69753511.4700,3,1.748000,1,2.812500,0
2021-07-12,sh.603002,6.8200,7.2400,6.7400,7.0700,6.5800,35175907,247656751.3400,3,5.725100,1,7.446800,0
2021-07-13,sh.603002,7.0300,7.1700,6.9400,7.0300,7.0700,18605663,130749919.7800,3,3.028200,1,-0.565800,0
2021-07-14,sh.603002,7.0500,7.1400,6.9700,6.9900,7.0300,11327750,79717752.0000,3,1.843700,1,-0.569000,0
2021-07-15,sh.603002,6.9800,7.0900,6.8300,7.0100,6.9900,12397056,86367331.0200,3,2.017700,1,0.286100,0
2021-07-16,sh.603002,6.9900,7.3300,6.9800,7.1700,7.0100,18419525,132689192.0000,3,2.997900,1,2.282500,0
2021-07-19,sh.603002,7.2000,7.2600,6.9400,6.9600,7.1700,12459700,87853565.9400,3,2.027900,1,-2.928900,0
2021-07-20,sh.603002,6.8800,7.0200,6.8600,7.0000,6.9600,7731800,53723826.7800,3,1.258400,1,0.574700,0
2021-07-21,sh.603002,7.0000,7.1400,6.9400,7.0800,7.0000,10058900,70858757.0000,3,1.637200,1,1.142900,0
2021-07-22,sh.603002,7.0900,7.2800,7.0300,7.2600,7.0800,13671750,98565511.5000,3,2.225200,1,2.542400,0
2021-07-23,sh.603002,7.2800,7.2800,7.0300,7.0800,7.2600,12821364,91160045.2800,3,2.086800,1,-2.479300,0
2021-07-26,sh.603002,7.0500,7.1400,6.8000,6.9800,7.0800,11231647,78236265.6500,3,1.828000,1,-1.412400,0
2021-07-27,sh.603002,6.9300,7.2400,6.8900,6.9000,6.9800,16050850,113931311.0000,3,2.612400,1,-1.146100,0
2021-07-28,sh.603002,6.8000,7.0200,6.3000,6.5900,6.9000,18585000,123988862.5000,3,3.024800,1,-4.492800,0
2021-07-29,sh.603002,6.6400,7.0600,6.6400,7.0200,6.5900,14894926,103105084.7800,3,2.424300,1,6.525000,0
2021-07-30,sh.603002,7.0400,7.1200,6.9000,7.0500,7.0200,10235600,71701818.0000,3,1.665900,1,0.427400,0
2021-08-02,sh.603002,7.0500,7.1100,6.9400,7.0500,7.0500,10137876,71047584.0400,3,1.650000,1,0.000000,0
2021-08-03,sh.603002,7.0600,7.0700,6.8200,6.8700,7.0500,10882303,75474263.9300,3,1.771200,1,-2.553200,0
2021-08-04,sh.603002,6.8600,6.9800,6.8400,6.9200,6.8700,7320214,50593753.6800,3,1.191400,1,0.727800,0
2021-08-05,sh.603002,6.9500,6.9600,6.7000,6.7900,6.9200,7821443,53275161.0300,3,1.273000,1,-1.878600,0
2021-08-06,sh.603002,6.7900,6.8200,6.6900,6.7800,6.7900,6186965,41717154.1000,3,1.007000,1,-0.147300,0
2021-08-09,sh.603002,6.7900,6.8800,6.7100,6.8600,6.7800,5403350,36812176.5000,3,0.879400,1,1.179900,0
2021-08-10,sh.603002,6.8700,6.9400,6.8300,6.9000,6.8600,6013402,41406632.9700,3,0.978700,1,0.583100,0
2021-08-11,sh.603002,6.9100,7.2500,6.8800,7.2200,6.9000,19105447,136489987.9700,3,3.109600,1,4.637700,0
2021-08-12,sh.603002,7.2300,7.6200,7.1800,7.5800,7.2200,21387754,159151523.8200,3,3.481000,1,4.986100,0
2021-08-13,sh.603002,7.5800,7.6700,7.5000,7.6000,7.5800,14022270,106243168.6000,3,2.282200,1,0.263900,0
2021-08-16,sh.603002,7.6000,7.6700,7.4800,7.5900,7.6000,10656100,80738278.0000,3,1.734400,1,-0.131600,0
2021-08-17,sh.603002,7.6200,7.7200,7.3400,7.3800,7.5900,12988656,97294614.9000,3,2.114000,1,-2.766800,0
2021-08-18,sh.603002,7.5600,7.5600,7.0300,7.0900,7.3800,16546153,118303317.4100,3,2.693000,1,-3.929500,0
2021-08-19,sh.603002,7.0800,7.0900,6.7900,6.8700,7.0900,12816900,88374195.0000,3,2.086000,1,-3.103000,0
2021-08-20,sh.603002,6.8300,6.9300,6.7200,6.9000,6.8700,9006800,61636474.0000,3,1.465900,1,0.436700,0
2021-08-23,sh.603002,6.9200,7.3700,6.9000,7.3600,6.9000,15143799,108953399.4500,3,2.464800,1,6.666700,0
2021-08-24,sh.603002,7.3700,7.5000,7.3000,7.3600,7.3600,11241952,82781041.1000,3,1.829700,1,0.000000,0
2021-08-25,sh.603002,7.4000,7.4000,7.2400,7.3800,7.3600,8326900,60947648.5000,3,1.355300,1,0.271700,0
2021-08-26,sh.603002,7.3800,7.5200,7.3100,7.3700,7.3800,10365904,76840019.7200,3,1.687100,1,-0.135500,0
2021-08-27,sh.603002,7.3400,7.7300,7.2700,7.7100,7.3700,16831976,127456067.0200,3,2.739500,1,4.613300,0
2021-08-30,sh.603002,7.7700,8.0800,7.7500,7.9700,7.7100,22145353,175862094.3800,3,3.604300,1,3.372200,0
2021-08-31,sh.603002,7.9700,8.0300,7.7500,7.8900,7.9700,14205064,111902748.9400,3,2.312000,1,-1.003800,0
2021-09-01,sh.603002,7.8700,8.1700,7.5200,7.6000,7.8900,17789404,138196207.8600,3,2.895400,1,-3.675500,0
2021-09-02,sh.603002,7.6000,7.8000,7.5000,7.7200,7.6000,10476952,80398166.9000,3,1.705200,1,1.578900,0
2021-09-03,sh.603002,7.7000,7.8000,7.4900,7.5700,7.7200,11618164,88506612.7900,3,1.890900,1,-1.943000,0
2021-09-06,sh.603002,7.6400,7.8600,7.5200,7.6400,7.5700,10310806,78968263.4000,3,1.678200,1,0.924700,0
2021-09-07,sh.603002,7.6400,7.9000,7.5900,7.7900,7.6400,11423700,89034647.4900,3,1.859300,1,1.963400,0
2021-09-08,sh.603002,7.9500,8.0700,7.7500,8.0500,7.7900,17706302,140857690.9200,3,2.881800,1,3.337600,0
2021-09-09,sh.603002,7.9700,8.0000,7.8100,7.8500,8.0500,11701600,92344022.0000,3,1.904500,1,-2.484500,0
2021-09-10,sh.603002,7.8500,8.2100,7.7600,7.9100,7.8500,16591654,132859647.9600,3,2.700400,1,0.764300,0
2021-09-13,sh.603002,7.9100,8.4000,7.8400,8.3900,7.9100,24467486,200487614.7100,3,3.982300,1,6.068300,0
2021-09-14,sh.603002,8.3000,8.3800,7.8500,7.9400,8.3900,28109684,224632912.4300,3,4.575100,1,-5.363500,0
2021-09-15,sh.603002,7.8500,8.4000,7.7600,8.3700,7.9400,27036167,221145592.6400,3,4.400300,1,5.415600,0
2021-09-16,sh.603002,8.8800,9.2100,8.7000,8.9300,8.3700,92384401,834102896.7800,3,15.036200,1,6.690600,0
2021-09-17,sh.603002,8.7300,9.5300,8.7100,9.2600,8.9300,69565030,638783713.7000,3,11.322200,1,3.695400,0
2021-09-22,sh.603002,9.2700,10.1900,9.0200,10.1600,9.2600,68575632,666768381.3200,3,11.161200,1,9.719200,0
2021-09-23,sh.603002,9.9000,10.0800,9.1400,9.2700,10.1600,73115807,692728576.9300,3,11.900100,1,-8.759800,0
2021-09-24,sh.603002,9.1900,9.3500,8.9300,8.9700,9.2700,34240203,312330509.1500,3,5.572800,1,-3.236200,0
2021-09-27,sh.603002,8.9900,9.2000,8.0900,8.2800,8.9700,32139346,273434696.0300,3,5.230900,1,-7.692300,0
2021-09-28,sh.603002,8.3800,8.4100,7.9100,7.9800,8.2800,23758250,192258587.0000,3,3.866800,1,-3.623200,0
2021-09-29,sh.603002,7.9000,7.9500,7.3900,7.4200,7.9800,18086562,137900351.7600,3,2.943700,1,-7.017500,0
2021-09-30,sh.603002,7.4400,7.6600,7.4300,7.5400,7.4200,13076522,98751768.9400,3,2.128300,1,1.617300,0
2021-10-08,sh.603002,7.6700,7.8800,7.3800,7.4600,7.5400,20534062,156231880.1800,3,3.342100,1,-1.061000,0
2021-10-11,sh.603002,7.5000,7.5000,7.2300,7.2600,7.4600,13222800,96721860.2000,3,2.152100,1,-2.681000,0
2021-10-12,sh.603002,7.2900,7.2900,6.8900,7.0300,7.2600,14494600,102407801.5000,3,2.359100,1,-3.168000,0
2021-10-13,sh.603002,7.1400,7.2100,6.8500,6.9800,7.0300,13990160,97364035.4000,3,2.277000,1,-0.711200,0
2021-10-14,sh.603002,6.9100,7.0700,6.8500,6.9900,6.9800,10581503,73764427.3800,3,1.722200,1,0.143300,0
2021-10-15,sh.603002,7.0100,7.0200,6.8200,6.8600,6.9900,10386502,71951746.8800,3,1.690500,1,-1.859800,0
2021-10-18,sh.603002,6.8900,7.0400,6.7800,7.0400,6.8600,9208205,64029526.6200,3,1.498700,1,2.623900,0
2021-10-19,sh.603002,7.0400,7.1300,6.9400,7.0300,7.0400,9984566,70284400.2400,3,1.625100,1,-0.142000,0
2021-10-20,sh.603002,6.9900,7.0700,6.9300,7.0400,7.0300,9368251,65645510.5200,3,1.524800,1,0.142200,0
2021-10-21,sh.603002,7.0400,7.2300,6.9700,7.0800,7.0400,12889113,91999534.6400,3,2.097800,1,0.568200,0
2021-10-22,sh.603002,7.0800,7.2800,7.0300,7.1100,7.0800,15344623,109900575.4600,3,2.497400,1,0.423700,0
2021-10-25,sh.603002,7.0800,7.2500,7.0800,7.1900,7.1100,11078850,79499847.5000,3,1.803200,1,1.125200,0
2021-10-26,sh.603002,7.2700,7.3000,7.1100,7.2100,7.1900,11424376,82138811.1000,3,1.859400,1,0.278200,0
2021-10-27,sh.603002,7.1800,7.2100,6.9200,7.0300,7.2100,14906236,104972033.0000,3,2.426100,1,-2.496500,0
2021-10-28,sh.603002,6.9200,7.0900,6.6900,6.6900,7.0300,17357436,118893677.7000,3,2.825000,1,-4.836400,0
2021-10-29,sh.603002,6.6900,6.9700,6.6800,6.9700,6.6900,12523950,85496667.5000,3,2.038400,1,4.185400,0
2021-11-01,sh.603002,6.9900,7.1600,6.8600,7.1300,6.9700,11087250,77990050.5000,3,1.804500,1,2.295600,0
2021-11-02,sh.603002,7.1200,7.5400,7.0500,7.1100,7.1300,22130726,160632480.8600,3,3.601900,1,-0.280500,0
2021-11-03,sh.603002,7.2000,7.2400,6.9100,7.0200,7.1100,12266487,85736506.2600,3,1.996500,1,-1.265800,0
2021-11-04,sh.603002,6.9700,7.4000,6.9600,7.2700,7.0200,18563543,134663988.8900,3,3.021400,1,3.561300,0
2021-11-05,sh.603002,7.2700,7.5000,7.2300,7.3800,7.2700,19209500,141720046.0000,3,3.126500,1,1.513100,0
2021-11-08,sh.603002,7.3400,7.4400,7.2100,7.3400,7.3800,8488974,62137351.4800,3,1.381600,1,-0.542000,0
2021-11-09,sh.603002,7.3400,7.4600,7.2200,7.3600,7.3400,9600550,70207736.0000,3,1.562600,1,0.272500,0
2021-11-10,sh.603002,7.3400,7.3900,7.2100,7.3600,7.3600,8376700,61153763.0000,3,1.363400,1,0.000000,0
2021-11-11,sh.603002,7.3500,7.4500,7.3100,7.3700,7.3600,9361752,69025056.7400,3,1.523700,1,0.135900,0
2021-11-12,sh.603002,7.3800,7.5500,7.3500,7.5400,7.3700,11277150,84328501.0000,3,1.835400,1,2.306600,0
2021-11-15,sh.603002,7.5600,7.6300,7.3500,7.4500,7.5400,11926402,88938243.8200,3,1.941100,1,-1.193600,0
2021-11-16,sh.603002,7.4300,7.4800,7.2000,7.2400,7.4500,10544703,77196095.4000,3,1.716200,1,-2.818800,0
2021-11-17,sh.603002,7.2500,7.3800,7.1900,7.3400,7.2400,8141325,59429313.2500,3,1.325100,1,1.381200,0
2021-11-18,sh.603002,7.3100,7.4600,7.3000,7.3800,7.3400,9265992,68469422.1200,3,1.508100,1,0.545000,0
2021-11-19,sh.603002,7.5000,8.1200,7.5000,8.1200,7.3800,21177670,170035664.4000,3,3.446800,1,10.027100,0
2021-11-22,sh.603002,8.1600,8.4300,8.0100,8.3700,8.1200,48001081,395424855.1700,3,7.812500,1,3.078800,0
2021-11-23,sh.603002,8.1400,8.5600,8.1000,8.3400,8.3700,27778079,231091883.4600,3,4.521100,1,-0.358400,0
2021-11-24,sh.603002,8.4600,8.4600,8.1600,8.2700,8.3400,17020787,140225007.2700,3,2.770300,1,-0.839300,0
2021-11-25,sh.603002,8.2800,8.3500,8.1500,8.3300,8.2700,15399630,127384270.0500,3,2.506400,1,0.725500,0
2021-11-26,sh.603002,8.3000,8.3200,8.1500,8.2200,8.3300,11350950,93401590.0000,3,1.847500,1,-1.320500,0
2021-11-29,sh.603002,8.0200,8.2900,8.0100,8.1500,8.2200,11221850,91761300.5000,3,1.826400,1,-0.851600,0
2021-11-30,sh.603002,8.1500,8.4100,8.1500,8.3700,8.1500,17354950,144288921.0000,3,2.824600,1,2.699400,0
2021-12-01,sh.603002,8.3100,8.4500,8.2700,8.4500,8.3700,13556750,113384998.5000,3,2.206500,1,0.955800,0
2021-12-02,sh.603002,8.4900,8.5000,8.1600,8.1800,8.4500,13976100,115788181.5000,3,2.274700,1,-3.195300,0
2021-12-03,sh.603002,8.1500,8.2500,8.0800,8.1600,8.1800,9462900,77337238.5000,3,1.540200,1,-0.244500,0
2021-12-06,sh.603002,8.2100,8.2400,7.9300,7.9600,8.1600,12108800,97799368.5000,3,1.970800,1,-2.451000,0
2021-12-07,sh.603002,7.9200,8.0200,7.5300,7.6000,7.9600,17629150,135737193.5000,3,2.869300,1,-4.522600,0
2021-12-08,sh.603002,7.6300,7.7600,7.5800,7.7000,7.6000,7535400,57932178.0000,3,1.226400,1,1.315800,0
2021-12-09,sh.603002,7.7000,7.7300,7.5800,7.6400,7.7000,8471700,64688274.0000,3,1.378800,1,-0.779200,0
2021-12-10,sh.603002,7.6600,7.7000,7.5600,7.6800,7.6400,6811800,52066770.5000,3,1.108700,1,0.523600,0
2021-12-13,sh.603002,7.6800,7.7700,7.6400,7.6700,7.6800,8993250,69180870.0000,3,1.463700,1,-0.130200,0
2021-12-14,sh.603002,7.6800,7.7700,7.5700,7.7600,7.6700,7557500,58145388.5000,3,1.230000,1,1.173400,0
2021-12-15,sh.603002,7.7500,7.7900,7.6300,7.6500,7.7600,8890550,68385181.0000,3,1.447000,1,-1.417500,0
2021-12-16,sh.603002,7.6600,7.6900,7.6000,7.6700,7.6500,6194115,47363913.6700,3,1.008100,1,0.261400,0
2021-12-17,sh.603002,7.6500,7.7000,7.4900,7.5300,7.6700,9423000,71165178.5000,3,1.533700,1,-1.825300,0
2021-12-20,sh.603002,7.5700,7.5700,7.1700,7.1800,7.5300,14198150,103481719.5000,3,2.310900,1,-4.648100,0
2021-12-21,sh.603002,7.1800,7.3200,7.1600,7.3100,7.1800,5964400,43263367.0000,3,0.970700,1,1.810600,0
2021-12-22,sh.603002,7.3000,7.4200,7.3000,7.3900,7.3100,6112450,45055258.0000,3,0.994800,1,1.094400,0
2021-12-23,sh.603002,7.3900,7.4400,7.3100,7.3300,7.3900,5411840,39905998.0200,3,0.880800,1,-0.811900,0
2021-12-24,sh.603002,7.3600,7.4000,7.1600,7.2000,7.3300,6552460,47340492.3000,3,1.066500,1,-1.773500,0
2021-12-27,sh.603002,7.2300,7.2500,7.0000,7.1100,7.2000,7600650,54339137.1400,3,1.237100,1,-1.250000,0
2021-12-28,sh.603002,7.1200,7.2800,7.1200,7.2800,7.1100,5083622,36716470.1400,3,0.827400,1,2.391000,0
2021-12-29,sh.603002,7.2800,7.3800,7.2000,7.2800,7.2800,6211832,45351488.1400,3,1.011000,1,0.000000,0
2021-12-30,sh.603002,7.2400,7.3700,7.2300,7.3000,7.2800,4775333,34932059.4000,3,0.777200,1,0.274700,0
2021-12-31,sh.603002,7.3100,7.4100,7.2700,7.3900,7.3000,6664336,49018407.8700,3,1.084700,1,1.232900,0
2022-01-04,sh.603002,7.3800,7.4700,7.3000,7.4400,7.3900,8471202,62675037.7000,3,1.378800,1,0.676600,0
2022-01-05,sh.603002,7.4400,7.4400,7.1900,7.2700,7.4400,8051352,58723197.6200,3,1.310400,1,-2.284900,0
2022-01-06,sh.603002,7.2600,7.4700,7.2300,7.4200,7.2700,7882158,57915849.4200,3,1.282900,1,2.063300,0
2022-01-07,sh.603002,7.4200,7.4400,7.2200,7.2400,7.4200,7354800,53858835.6000,3,1.197000,1,-2.425900,0
2022-01-10,sh.603002,7.2400,7.3100,7.1600,7.2400,7.2400,5044850,36475336.5000,3,0.821100,1,0.000000,0
2022-01-11,sh.603002,7.2500,7.3300,7.2300,7.2500,7.2400,5239500,38119312.0000,3,0.852800,1,0.138100,0
2022-01-12,sh.603002,7.3100,7.4500,7.2500,7.4300,7.2500,7610800,56061169.0000,3,1.238700,1,2.482800,0
2022-01-13,sh.603002,7.4400,7.4500,7.2900,7.3100,7.4300,6022850,44336057.9800,3,0.980300,1,-1.615100,0
2022-01-14,sh.603002,7.2800,7.3900,7.2400,7.2500,7.3100,5464650,39891538.0000,3,0.889400,1,-0.820800,0
2022-01-17,sh.603002,7.2500,7.4200,7.2400,7.3900,7.2500,6181483,45532331.5400,3,1.006100,1,1.931000,0
2022-01-18,sh.603002,7.3800,7.4700,7.3000,7.3500,7.3900,6387437,47098239.8200,3,1.039600,1,-0.541300,0
2022-01-19,sh.603002,7.3500,7.3600,7.2000,7.2200,7.3500,6296974,45720712.4100,3,1.024900,1,-1.768700,0
2022-01-20,sh.603002,7.2300,7.2900,6.9900,7.0000,7.2200,7884055,56072391.3000,3,1.283200,1,-3.047100,0
2022-01-21,sh.603002,7.0000,7.0300,6.9000,6.9600,7.0000,4875880,33930285.9800,3,0.793600,1,-0.571400,0
2022-01-24,sh.603002,6.9100,6.9500,6.7400,6.8000,6.9600,7487130,51175936.7700,3,1.218600,1,-2.298900,0
2022-01-25,sh.603002,6.7100,6.8200,6.3900,6.4000,6.8000,13932352,91143289.4200,3,2.267600,1,-5.882400,0
2022-01-26,sh.603002,6.3600,6.5000,6.3400,6.4400,6.4000,5592249,35943652.0800,3,0.910200,1,0.625000,0
2022-01-27,sh.603002,6.4600,6.5000,6.3100,6.3300,6.4400,4818679,30766257.9800,3,0.784300,1,-1.708100,0
2022-01-28,sh.603002,6.3900,6.5200,6.2800,6.4600,6.3300,5727628,36751360.2800,3,0.932200,1,2.053700,0
2022-02-07,sh.603002,6.5300,6.7000,6.5300,6.6600,6.4600,6646505,44162025.8000,3,1.081800,1,3.096000,0
2022-02-08,sh.603002,6.6800,6.8000,6.6000,6.7900,6.6600,6049200,40575548.0000,3,0.984600,1,1.952000,0
2022-02-09,sh.603002,6.7800,6.8700,6.7600,6.8500,6.7900,3787200,25874126.0000,3,0.616400,1,0.883700,0
2022-02-10,sh.603002,6.8500,6.8600,6.7400,6.7900,6.8500,4743650,32171119.5000,3,0.772100,1,-0.875900,0
2022-02-11,sh.603002,6.7800,6.8100,6.6700,6.6900,6.7900,5357600,36047192.0000,3,0.872000,1,-1.472800,0
2022-02-14,sh.603002,6.6900,6.7300,6.6300,6.7200,6.6900,4428900,29599335.0000,3,0.720800,1,0.448400,0
2022-02-15,sh.603002,6.7300,6.7600,6.6700,6.7500,6.7200,4309200,28960338.0000,3,0.701400,1,0.446400,0
2022-02-16,sh.603002,6.7600,6.8400,6.7600,6.8400,6.7500,3050250,20766274.0000,3,0.496500,1,1.333300,0
2022-02-17,sh.603002,6.8400,6.8600,6.6000,6.7700,6.8400,4750251,32299358.3000,3,0.773100,1,-1.023400,0
2022-02-18,sh.603002,6.7400,6.8700,6.7000,6.8600,6.7700,4726002,32190439.1000,3,0.769200,1,1.329400,0
2022-02-21,sh.603002,6.8600,6.8700,6.7800,6.8700,6.8600,5168400,35284920.0000,3,0.841200,1,0.145800,0
2022-02-22,sh.603002,6.8300,7.0300,6.7900,6.8900,6.8700,7202350,49605086.9000,3,1.172200,1,0.291100,0
2022-02-23,sh.603002,6.8600,7.0900,6.8400,7.0800,6.8900,6613350,46481648.0000,3,1.076400,1,2.757600,0
2022-02-24,sh.603002,7.0400,7.0800,6.7400,6.8400,7.0800,8122349,56235222.2100,3,1.322000,1,-3.389800,0
2022-02-25,sh.603002,6.9500,6.9700,6.8700,6.9000,6.8400,4065800,28128316.0000,3,0.661700,1,0.877200,0
2022-02-28,sh.603002,6.9000,6.9000,6.7700,6.8500,6.9000,4147950,28412734.0000,3,0.675100,1,-0.724600,0
2022-03-01,sh.603002,6.8700,6.9200,6.7700,6.8400,6.8500,4213550,28785646.0000,3,0.685800,1,-0.146000,0
2022-03-02,sh.603002,6.8100,6.8700,6.7900,6.8500,6.8400,3437400,23498864.0000,3,0.559500,1,0.146200,0
2022-03-03,sh.603002,6.9000,6.9100,6.7900,6.8000,6.8500,3722450,25403904.0000,3,0.605900,1,-0.729900,0
2022-03-04,sh.603002,6.7800,6.8300,6.6100,6.6300,6.8000,4382051,29327292.0000,3,0.713200,1,-2.500000,0
2022-03-07,sh.603002,6.6100,6.6500,6.4600,6.5200,6.6300,4859350,31789293.0000,3,0.790900,1,-1.659100,0
2022-03-08,sh.603002,6.5100,6.5200,6.2400,6.2400,6.5200,5276650,33475570.0000,3,0.858800,1,-4.294500,0
2022-03-09,sh.603002,6.3000,6.3000,5.8700,6.1300,6.2400,7385600,45115314.0000,3,1.202100,1,-1.762800,0
2022-03-10,sh.603002,6.2500,6.3000,6.2000,6.2500,6.1300,4767100,29841185.0000,3,0.775900,1,1.957600,0
2022-03-11,sh.603002,6.2200,6.3000,6.0600,6.2800,6.2500,3947100,24386910.0000,3,0.642400,1,0.480000,0
2022-03-14,sh.603002,6.2400,6.2800,6.0900,6.0900,6.2800,3356100,20744739.0000,3,0.546200,1,-3.025500,0
2022-03-15,sh.603002,6.1100,6.1200,5.4800,5.4800,6.0900,12640550,72376804.0000,3,2.057300,1,-10.016400,0
2022-03-16,sh.603002,5.5500,5.8000,5.5000,5.7500,5.4800,14923908,84885042.0000,3,2.429000,1,4.927000,0
2022-03-17,sh.603002,5.8500,5.9200,5.7200,5.8000,5.7500,11481275,67008524.0000,3,1.868700,1,0.869600,0
2022-03-18,sh.603002,5.7500,5.8800,5.7400,5.8300,5.8000,8978500,52231971.0000,3,1.461300,1,0.517200,0
2022-03-21,sh.603002,5.8500,5.9100,5.7600,5.8800,5.8300,7738100,45239505.5000,3,1.259400,1,0.857600,0
2022-03-22,sh.603002,5.8700,5.9100,5.7600,5.8600,5.8800,5655750,33038459.0000,3,0.920500,1,-0.340100,0
2022-03-23,sh.603002,5.8700,5.8900,5.8200,5.8500,5.8600,4954700,28972163.0000,3,0.806400,1,-0.170600,0
2022-03-24,sh.603002,5.7900,5.8300,5.7200,5.7500,5.8500,4562700,26273211.0000,3,0.742600,1,-1.709400,0
2022-03-25,sh.603002,5.7600,5.8400,5.7300,5.7800,5.7500,5206088,30176046.1600,3,0.847300,1,0.521700,0
2022-03-28,sh.603002,5.7200,5.7800,5.5800,5.7000,5.7800,6388638,36292027.5600,3,1.039800,1,-1.384100,0
2022-03-29,sh.603002,5.7300,5.7500,5.6000,5.6500,5.7000,4530450,25698307.5000,3,0.737400,1,-0.877200,0
2022-03-30,sh.603002,5.6500,5.8000,5.6500,5.7800,5.6500,5592200,32060377.0000,3,0.910200,1,2.300900,0
2022-03-31,sh.603002,5.7800,5.8600,5.7400,5.8200,5.7800,4568000,26581132.0000,3,0.743500,1,0.692000,0
2022-04-01,sh.603002,5.8200,5.8200,5.7400,5.7900,5.8200,4017200,23214336.0000,3,0.653800,1,-0.515500,0
2022-04-06,sh.603002,5.7800,5.8700,5.7400,5.8500,5.7900,4215100,24547535.0000,3,0.686000,1,1.036300,0
2022-04-07,sh.603002,5.8400,5.8400,5.6600,5.6700,5.8500,3725900,21389155.0000,3,0.606400,1,-3.076900,0
2022-04-08,sh.603002,5.7000,5.7200,5.5800,5.6600,5.6700,4068356,22936185.9800,3,0.662200,1,-0.176400,0
2022-04-11,sh.603002,5.6000,5.6500,5.3600,5.4000,5.6600,6352800,34922068.0000,3,1.034000,1,-4.593600,0
2022-04-12,sh.603002,5.3800,5.5100,5.3300,5.5000,5.4000,3998700,21671680.0000,3,0.650800,1,1.851900,0
2022-04-13,sh.603002,5.5200,5.5600,5.4200,5.4700,5.5000,3335515,18320315.0500,3,0.542900,1,-0.545500,0
2022-04-14,sh.603002,5.5200,5.5800,5.4800,5.5500,5.4700,4485787,24809682.6800,3,0.730100,1,1.462500,0
2022-04-15,sh.603002,5.5300,5.5900,5.3900,5.4200,5.5500,3844400,21019575.0000,3,0.625700,1,-2.342300,0
2022-04-18,sh.603002,5.4400,5.4800,5.2900,5.4700,5.4200,3216900,17427463.0000,3,0.523600,1,0.922500,0
2022-04-19,sh.603002,5.4700,5.5900,5.4500,5.5700,5.4700,3418050,18919599.0000,3,0.556300,1,1.828200,0
2022-04-20,sh.603002,5.6600,5.7000,5.5500,5.5700,5.5700,5617052,31566701.9900,3,0.914200,1,0.000000,0
2022-04-21,sh.603002,5.5300,5.5700,5.2800,5.3000,5.5700,6411701,34712100.2900,3,1.043600,1,-4.847400,0
2022-04-22,sh.603002,5.3900,5.4100,5.2400,5.2900,5.3000,5074297,26858083.8700,3,0.825900,1,-0.188700,0
2022-04-25,sh.603002,5.2200,5.2400,4.8100,4.8500,5.2900,6970261,34934433.4500,3,1.134500,1,-8.317600,0
2022-04-26,sh.603002,4.8500,4.8900,4.6600,4.6800,4.8500,5239802,24997332.1000,3,0.852800,1,-3.505200,0
2022-04-27,sh.603002,4.6100,4.9300,4.6000,4.9200,4.6800,6181495,29499541.8000,3,1.006100,1,5.128200,0
2022-04-28,sh.603002,4.8100,4.9500,4.8100,4.8800,4.9200,3616450,17647788.5300,3,0.588600,1,-0.813000,0
2022-04-29,sh.603002,4.8400,5.0100,4.7800,4.9600,4.8800,7748167,37929863.4500,3,1.261100,1,1.639300,0
2022-05-05,sh.603002,4.9300,5.0300,4.9200,4.9900,4.9600,6248700,31208871.6000,3,1.017000,1,0.604800,0
2022-05-06,sh.603002,4.9300,4.9300,4.8500,4.9000,4.9900,3960200,19372698.5000,3,0.644600,1,-1.803600,0
2022-05-09,sh.603002,4.9000,5.0200,4.8200,5.0100,4.9000,3553600,17682740.0000,3,0.578400,1,2.244900,0
2022-05-10,sh.603002,4.9700,5.1100,4.9500,5.0700,5.0100,4071353,20528165.2000,3,0.662600,1,1.197600,0
2022-05-11,sh.603002,5.1000,5.2300,5.0700,5.1100,5.0700,5972912,30876744.9200,3,0.972100,1,0.789000,0
2022-05-12,sh.603002,5.1100,5.1600,5.0800,5.1400,5.1100,3283505,16826854.1500,3,0.534400,1,0.587100,0
2022-05-13,sh.603002,5.1600,5.2000,5.1300,5.2000,5.1400,3613465,18671685.9000,3,0.588100,1,1.167300,0
2022-05-16,sh.603002,5.2200,5.2300,5.1500,5.1600,5.2000,2793583,14461400.2800,3,0.454700,1,-0.769200,0
2022-05-17,sh.603002,5.2000,5.2000,5.0700,5.1900,5.1600,3295200,16939957.4800,3,0.536300,1,0.581400,0
2022-05-18,sh.603002,5.2000,5.2500,5.1700,5.2400,5.1900,3183350,16607960.0000,3,0.518100,1,0.963400,0
2022-05-19,sh.603002,5.1300,5.2400,5.1200,5.2400,5.2400,3298750,17121531.0000,3,0.536900,1,0.000000,0
2022-05-20,sh.603002,5.2400,5.2800,5.2100,5.2800,5.2400,4289400,22524594.0000,3,0.698100,1,0.763400,0
2022-05-23,sh.603002,5.2700,5.4600,5.2700,5.4300,5.2800,5960600,32213527.0000,3,0.970100,1,2.840900,0
2022-05-24,sh.603002,5.4200,5.4700,5.2400,5.2500,5.4300,5059794,27182307.4600,3,0.823500,1,-3.314900,0
2022-05-25,sh.603002,5.2500,5.3700,5.2300,5.3000,5.2500,3435196,18269529.7200,3,0.559100,1,0.952400,0
2022-05-26,sh.603002,5.4300,5.5600,5.3400,5.4700,5.3000,7462900,40718973.0000,3,1.214600,1,3.207500,0
2022-05-27,sh.603002,5.4600,5.5100,5.4200,5.5000,5.4700,4425600,24188241.0000,3,0.720300,1,0.548400,0
2022-05-30,sh.603002,5.5100,5.6100,5.4700,5.5900,5.5000,4908376,27245572.0300,3,0.798900,1,1.636400,0
2022-05-31,sh.603002,5.5800,5.6400,5.5200,5.6200,5.5900,3478303,19431649.6200,3,0.566100,1,0.536700,0
2022-06-01,sh.603002,5.6600,5.7700,5.6300,5.6800,5.6200,5777151,32896550.1800,3,0.940300,1,1.067600,0
2022-06-02,sh.603002,5.6700,5.7500,5.6200,5.7400,5.6800,3854100,21951135.0000,3,0.627300,1,1.056300,0
2022-06-06,sh.603002,5.7200,5.8800,5.7200,5.8500,5.7400,6353858,36818015.4100,3,1.034100,1,1.916400,0
2022-06-07,sh.603002,5.8700,5.8700,5.7600,5.8300,5.8500,4594200,26655818.0000,3,0.747700,1,-0.341900,0
2022-06-08,sh.603002,5.8500,5.9000,5.6700,5.8700,5.8300,7135890,41326941.2100,3,1.161400,1,0.686100,0
2022-06-09,sh.603002,5.6000,5.6000,5.4200,5.4700,5.5800,5540702,30367567.1400,3,0.901800,1,-1.971300,0
2022-06-10,sh.603002,5.4400,5.5400,5.4100,5.5000,5.4700,4504131,24744459.3600,3,0.733100,1,0.548400,0
2022-06-13,sh.603002,5.4800,5.5300,5.4300,5.5200,5.5000,3811180,20912643.7000,3,0.620300,1,0.363600,0
2022-06-14,sh.603002,5.4900,5.5200,5.3600,5.5100,5.5200,4850245,26377376.4500,3,0.789400,1,-0.181200,0
2022-06-15,sh.603002,5.5200,5.5400,5.4300,5.4300,5.5100,4740364,26016456.5200,3,0.771500,1,-1.451900,0
2022-06-16,sh.603002,5.4300,5.4800,5.4000,5.4300,5.4300,3834066,20834976.5800,3,0.624000,1,0.000000,0
2022-06-17,sh.603002,5.4000,5.4900,5.3900,5.4500,5.4300,3630566,19760138.6100,3,0.590900,1,0.368300,0
2022-06-20,sh.603002,5.4500,5.5400,5.4500,5.5200,5.4500,3107200,17069341.9100,3,0.505700,1,1.284400,0
2022-06-21,sh.603002,5.5500,5.5500,5.4300,5.5000,5.5200,4071000,22301236.0000,3,0.662600,1,-0.362300,0
2022-06-22,sh.603002,5.5100,5.5200,5.4100,5.4100,5.5000,3170700,17283644.0000,3,0.516100,1,-1.636400,0
2022-06-23,sh.603002,5.4100,5.5700,5.4100,5.5600,5.4100,5396761,29761492.8900,3,0.878400,1,2.772600,0
2022-06-24,sh.603002,5.7000,6.1200,5.6800,5.8400,5.5600,40598105,242356987.5500,3,6.607600,1,5.036000,0
2022-06-27,sh.603002,5.7100,5.7100,5.5500,5.6300,5.8400,27172470,152976783.1300,3,4.422500,1,-3.595900,0
2022-06-28,sh.603002,5.6000,5.7300,5.5600,5.7200,5.6300,12666270,71725538.0600,3,2.061500,1,1.598600,0
2022-06-29,sh.603002,5.6600,5.7400,5.6000,5.6000,5.7200,9771500,55256436.0000,3,1.590400,1,-2.097900,0
2022-06-30,sh.603002,5.5900,5.6600,5.5600,5.6100,5.6000,7660500,42948260.5000,3,1.246800,1,0.178600,0
2022-07-01,sh.603002,5.6100,5.6700,5.5700,5.6300,5.6100,5995114,33739405.5200,3,0.975700,1,0.356500,0
2022-07-04,sh.603002,5.6000,5.6300,5.5500,5.5900,5.6300,4805202,26782137.1800,3,0.782100,1,-0.710500,0
2022-07-05,sh.603002,5.6000,5.7300,5.5600,5.6300,5.5900,10391352,58555091.2600,3,1.691300,1,0.715600,0
2022-07-06,sh.603002,5.5500,5.6000,5.4100,5.4400,5.6300,9519683,52106717.6900,3,1.549400,1,-3.374800,0
2022-07-07,sh.603002,5.4100,5.5000,5.4000,5.4500,5.4400,4123150,22489897.9900,3,0.671100,1,0.183800,0
2022-07-08,sh.603002,5.4600,5.5100,5.4500,5.4800,5.4500,3902500,21365793.0000,3,0.635200,1,0.550500,0
2022-07-11,sh.603002,5.4800,5.4800,5.2600,5.3300,5.4800,6005105,31974965.4700,3,0.977400,1,-2.737200,0
2022-07-12,sh.603002,5.3500,5.3500,5.2400,5.2700,5.3300,3769197,19890335.2500,3,0.613500,1,-1.125700,0
2022-07-13,sh.603002,5.2900,5.3300,5.2200,5.3200,5.2700,2523189,13345995.1400,3,0.410700,1,0.948800,0
2022-07-14,sh.603002,5.4100,5.4300,5.3100,5.3100,5.3200,15324650,82309947.1100,3,2.494200,1,-0.188000,0
2022-07-15,sh.603002,5.3000,5.4700,5.2500,5.3800,5.3100,12118903,64963499.0100,3,1.972400,1,1.318300,0
2022-07-18,sh.603002,5.4100,5.6000,5.3900,5.6000,5.3800,10318850,57233612.0000,3,1.679500,1,4.089200,0
2022-07-19,sh.603002,5.6000,5.7500,5.5800,5.7200,5.6000,12702647,72269486.8400,3,2.067400,1,2.142900,0
2022-07-20,sh.603002,5.7000,5.7700,5.6600,5.7400,5.7200,7778589,44484778.1300,3,1.266000,1,0.349700,0
2022-07-21,sh.603002,5.7500,6.0500,5.7300,5.9100,5.7400,16958650,100518126.0000,3,2.760100,1,2.961700,0
2022-07-22,sh.603002,5.8900,5.9600,5.7600,5.8100,5.9100,9885189,57695066.8700,3,1.608900,1,-1.692000,0
2022-07-25,sh.603002,5.8100,5.8500,5.6600,5.7200,5.8100,7328834,42048655.4200,3,1.192800,1,-1.549100,0
2022-07-26,sh.603002,5.7200,5.8100,5.6800,5.7900,5.7200,5349300,30871652.5000,3,0.870600,1,1.223800,0
2022-07-27,sh.603002,5.7900,5.9100,5.7400,5.8900,5.7900,6958650,40790878.0000,3,1.132600,1,1.727100,0
2022-07-28,sh.603002,5.8900,5.9800,5.8600,5.9800,5.8900,6971001,41453505.9300,3,1.134600,1,1.528000,0
2022-07-29,sh.603002,6.0100,6.0200,5.9000,5.9200,5.9800,6262850,37243005.5000,3,1.019300,1,-1.003300,0
2022-08-01,sh.603002,5.9100,6.1200,5.9000,6.1000,5.9200,9921900,59855192.0000,3,1.614900,1,3.040500,0
2022-08-02,sh.603002,6.0500,6.0500,5.8000,5.9900,6.1000,11175300,66035527.5000,3,1.818900,1,-1.803300,0
2022-08-03,sh.603002,5.9400,6.0400,5.8000,5.8200,5.9900,8728273,51957047.8100,3,1.420600,1,-2.838100,0
2022-08-04,sh.603002,5.8800,6.1000,5.8800,6.0500,5.8200,10741651,64548697.0000,3,1.748300,1,3.951900,0
2022-08-05,sh.603002,6.0600,6.1900,5.9500,6.1700,6.0500,10638384,64820953.0000,3,1.731500,1,1.983500,0
2022-08-08,sh.603002,6.1500,6.2300,6.1200,6.2000,6.1700,10091006,62447365.0000,3,1.642400,1,0.486200,0
2022-08-09,sh.603002,6.2300,6.2500,6.1400,6.2200,6.2000,6569686,40612336.0000,3,1.069300,1,0.322600,0
2022-08-10,sh.603002,6.2500,6.3200,6.1800,6.3000,6.2200,8757800,54920044.0000,3,1.425400,1,1.286200,0
2022-08-11,sh.603002,6.3300,6.5300,6.3200,6.4100,6.3000,13324872,85893185.0000,3,2.168700,1,1.746000,0
2022-08-12,sh.603002,6.4100,6.5600,6.3900,6.4700,6.4100,9402100,61101616.0000,3,1.530300,1,0.936000,0
2022-08-15,sh.603002,6.4800,6.5600,6.4300,6.4900,6.4700,7539100,48913487.0000,3,1.227000,1,0.309100,0
