date,code,open,high,low,close,preclose,volume,amount,adjustflag,turn,tradestatus,pctChg,isST
2008-05-06,sz.002227,25.2000,32.4000,25.2000,27.3200,14.3700,18625820,516901858.0100,3,84.662818,1,90.118300,0
2008-05-07,sz.002227,25.1100,25.9600,24.5900,24.5900,27.3200,8013018,199194439.2600,3,36.422809,1,-9.992678,0
2008-05-08,sz.002227,22.8000,23.4000,22.1300,22.8800,24.5900,6855420,154980573.6800,3,31.161000,1,-6.954050,0
2008-05-09,sz.002227,22.9500,23.1400,21.0600,21.5200,22.8800,4590165,101867040.1400,3,20.864386,1,-5.944050,0
2008-05-12,sz.002227,21.1300,22.1400,20.7100,21.4800,21.5200,2697979,57594859.4700,3,12.263541,1,-0.185878,0
2008-05-13,sz.002227,20.6100,21.3800,20.5000,20.9800,21.4800,2579340,54052178.8200,3,11.724273,1,-2.327747,0
2008-05-14,sz.002227,21.1100,21.5500,21.0000,21.2900,20.9800,2065995,43898174.6400,3,9.390886,1,1.477604,0
2008-05-15,sz.002227,21.5500,22.5000,21.3800,21.6800,21.2900,2988405,65717477.3500,3,13.583659,1,1.831843,0
2008-05-16,sz.002227,21.6000,21.8000,20.5800,21.1000,21.6800,1970525,41423840.6000,3,8.956932,1,-2.675277,0
2008-05-19,sz.002227,20.8100,21.0600,20.4000,20.7000,21.1000,1129351,23281885.8900,3,5.133414,1,-1.895733,0
2008-05-20,sz.002227,20.5000,20.8600,19.0100,19.1300,20.7000,1778711,35449959.0000,3,8.085050,1,-7.584549,0
2008-05-21,sz.002227,18.8100,19.2000,18.0200,18.9900,19.1300,1882404,34845742.2600,3,8.556382,1,-0.731832,0
2008-05-22,sz.002227,18.7000,18.7600,18.3500,18.4600,18.9900,1366601,25316730.8700,3,6.211823,1,-2.790946,0
2008-05-23,sz.002227,18.4000,18.5900,17.7000,18.4000,18.4600,1371952,24951578.2700,3,6.236145,1,-0.325024,0
2008-05-26,sz.002227,18.3900,18.7400,18.0000,18.0000,18.4000,966656,17726162.8200,3,4.393891,1,-2.173911,0
2008-05-27,sz.002227,18.0000,18.5800,17.8100,18.4000,18.0000,694658,12682620.9300,3,3.157536,1,2.222220,0
2008-05-28,sz.002227,18.3800,18.9400,18.1000,18.8800,18.4000,1025897,19051176.8100,3,4.663168,1,2.608693,0
2008-05-29,sz.002227,18.7000,19.6600,18.4200,18.7500,18.8800,1974404,37758379.4100,3,8.974564,1,-0.688555,0
2008-05-30,sz.002227,18.7000,19.4800,18.6000,19.4700,18.7500,1605061,30693628.5300,3,7.295732,1,3.839996,0
2008-06-02,sz.002227,19.3100,19.4500,18.8100,19.1600,19.4700,1166702,22314992.8000,3,5.303191,1,-1.592190,0
2008-06-03,sz.002227,19.1900,19.3500,18.4800,18.8000,19.1600,1110332,20855635.3200,3,5.046964,1,-1.878918,0
2008-06-04,sz.002227,18.7200,18.7200,18.0000,18.1500,18.8000,727762,13275051.4400,3,3.308009,1,-3.457445,0
2008-06-05,sz.002227,18.0700,18.3800,17.9500,18.2600,18.1500,472298,8597725.4200,3,2.146809,1,0.606064,0
2008-06-06,sz.002227,18.2600,18.4800,18.0600,18.1800,18.2600,586640,10724335.4100,3,2.666545,1,-0.438116,0
2008-06-10,sz.002227,17.4900,17.4900,16.3600,16.3600,18.1800,1132749,18977569.3400,3,5.148859,1,-10.011000,0
2008-06-11,sz.002227,15.8000,16.2800,15.4400,15.5300,16.3600,932807,14654936.2300,3,4.240032,1,-5.073355,0
2008-06-12,sz.002227,15.5300,15.5300,15.5300,15.5300,15.5300,0,0.0000,3,,0,0.000000,0
2008-06-13,sz.002227,15.7100,15.8200,15.0300,15.1500,15.5300,1030346,15956496.6400,3,4.683391,1,-2.446878,0
2008-06-16,sz.002227,15.1900,15.7700,14.8700,15.6000,15.1500,1210426,18661181.8200,3,5.501936,1,2.970302,0
2008-06-17,sz.002227,15.6900,16.3000,15.5000,15.6500,15.6000,2016202,32108855.3400,3,9.164555,1,0.320508,0
2008-06-18,sz.002227,15.5900,16.2900,15.0500,16.2000,15.6500,1592802,25320178.2000,3,7.240009,1,3.514385,0
2008-06-19,sz.002227,16.0200,16.0200,14.5800,14.5800,16.2000,1743698,26223722.9900,3,7.925900,1,-10.000000,0
2008-06-20,sz.002227,14.5800,15.4100,13.7200,14.7000,14.5800,1694393,24731906.6800,3,7.701786,1,0.823044,0
2008-06-23,sz.002227,14.3000,14.4100,13.7400,13.7900,14.7000,1130567,15902295.4800,3,5.138941,1,-6.190475,0
2008-06-24,sz.002227,13.9000,14.3700,13.6500,14.2500,13.7900,1025801,14400255.7800,3,4.662732,1,3.335751,0
2008-06-25,sz.002227,14.1500,15.0200,14.0800,14.9200,14.2500,1496506,21928571.4300,3,6.802300,1,4.701755,0
2008-06-26,sz.002227,14.8000,15.1800,14.6000,15.0600,14.9200,1474463,21941993.6500,3,6.702105,1,0.938340,0
2008-06-27,sz.002227,14.5000,14.6000,13.7900,13.9800,15.0600,1068831,15238427.6500,3,4.858323,1,-7.171320,0
2008-06-30,sz.002227,13.9500,14.2700,13.6800,14.0500,13.9800,748876,10467721.9300,3,3.403982,1,0.500720,0
2008-07-01,sz.002227,14.1500,14.8600,14.1500,14.3600,14.0500,1135723,16435022.7400,3,5.162377,1,2.206402,0
2008-07-02,sz.002227,14.4400,14.7900,14.2000,14.4700,14.3600,803156,11619210.1700,3,3.650709,1,0.766021,0
2008-07-03,sz.002227,14.2500,15.3200,14.0700,15.1500,14.4700,1836554,27457905.5900,3,8.347973,1,4.699374,0
2008-07-04,sz.002227,15.0100,15.2100,14.8300,15.0500,15.1500,1322796,19799083.4500,3,6.012709,1,-0.660062,0
2008-07-07,sz.002227,15.1900,15.8500,15.1000,15.8000,15.0500,1182059,18413741.3700,3,5.372995,1,4.983388,0
2008-07-08,sz.002227,15.8000,16.0800,15.5900,15.8700,15.8000,1266091,20071914.2600,3,5.754959,1,0.443036,0
2008-07-09,sz.002227,15.8700,16.3300,15.8200,16.2500,15.8700,1200362,19318810.5500,3,5.456191,1,2.394456,0
2008-07-10,sz.002227,16.1500,16.3200,15.8800,15.8800,16.2500,949900,15307778.2500,3,4.317727,1,-2.276922,0
2008-07-11,sz.002227,15.7200,16.1000,15.5700,15.8600,15.8800,659997,10363446.7400,3,2.999986,1,-0.125947,0
2008-07-14,sz.002227,15.8800,16.5300,15.7000,16.3400,15.8600,927947,15146821.6800,3,4.217941,1,3.026485,0
2008-07-15,sz.002227,16.4000,16.4900,15.7000,15.7300,16.3400,1086913,17520057.8300,3,4.940514,1,-3.733174,0
2008-07-16,sz.002227,15.6400,15.9100,15.0400,15.3700,15.7300,781695,12069306.0700,3,3.553159,1,-2.288618,0
2008-07-17,sz.002227,16.0800,16.9100,15.8200,16.9100,15.3700,3845858,64621116.0600,3,17.481173,1,10.019520,0
2008-07-18,sz.002227,17.1500,17.3500,16.5000,16.9000,16.9100,3222033,54609230.8300,3,14.645605,1,-0.059138,0
2008-07-21,sz.002227,16.4000,17.3100,16.4000,17.2700,16.9000,1890072,32056455.0000,3,8.591236,1,2.189354,0
2008-07-22,sz.002227,16.9000,17.8800,16.8000,17.2100,17.2700,1546120,26655692.5600,3,7.027818,1,-0.347431,0
2008-07-23,sz.002227,17.3100,17.6600,16.7300,16.7700,17.2100,1166801,19878704.3900,3,5.303641,1,-2.556645,0
2008-07-24,sz.002227,16.8300,17.1800,16.7800,16.9700,16.7700,771354,13094284.0600,3,3.506155,1,1.192599,0
2008-07-25,sz.002227,16.9500,17.0800,16.7100,16.7200,16.9700,786548,13225038.4300,3,3.575218,1,-1.473188,0
2008-07-28,sz.002227,16.6500,16.8700,16.4500,16.5800,16.7200,761100,12688701.5100,3,3.459545,1,-0.837317,0
2008-07-29,sz.002227,16.5000,16.9400,16.3300,16.5000,16.5800,471200,7864618.9700,3,2.141818,1,-0.482509,0
2008-07-30,sz.002227,16.6500,16.8800,16.5000,16.6000,16.5000,624887,10452152.9000,3,2.840395,1,0.606063,0
2008-07-31,sz.002227,16.7000,16.8300,15.6900,15.6900,16.6000,812300,13027973.0000,3,3.692273,1,-5.481932,0
2008-08-01,sz.002227,15.5800,15.8000,15.1600,15.5800,15.6900,641077,9909553.3400,3,2.913986,1,-0.701100,0
2008-08-04,sz.002227,15.2100,15.5600,15.1600,15.2500,15.5800,457781,7004228.3100,3,2.080823,1,-2.118100,0
2008-08-05,sz.002227,15.4500,15.4500,14.9000,15.2900,15.2500,505241,7678783.5700,3,2.296550,1,0.262300,0
2008-08-06,sz.002227,15.2000,15.2000,13.9000,14.1000,15.2900,3112138,45481996.9600,3,11.316865,1,-7.782900,0
2008-08-07,sz.002227,14.3000,14.8000,14.1100,14.5800,14.1000,1754817,25536054.2500,3,6.381153,1,3.404300,0
2008-08-08,sz.002227,14.6800,14.7200,14.0000,14.0000,14.5800,1253808,18010317.0200,3,4.559302,1,-3.978100,0
2008-08-11,sz.002227,13.9000,14.0000,12.7100,12.7900,14.0000,1173200,15572906.3900,3,4.266182,1,-8.642900,0
2008-08-12,sz.002227,12.7900,13.3500,12.7300,13.1300,12.7900,729773,9481813.7900,3,2.653720,1,2.658300,0
2008-08-13,sz.002227,12.9000,13.2500,12.5200,13.1800,13.1300,534874,6900401.4200,3,1.944996,1,0.380800,0
2008-08-14,sz.002227,13.0800,13.3700,12.9300,13.1000,13.1800,382170,5035172.2000,3,1.389709,1,-0.607000,0
2008-08-15,sz.002227,13.1000,13.2000,12.9200,13.0500,13.1000,429689,5626336.5500,3,1.562505,1,-0.381700,0
2008-08-18,sz.002227,13.0000,13.1000,12.0000,12.1400,13.0500,627669,7790927.7700,3,2.282433,1,-6.973200,0
2008-08-19,sz.002227,12.0300,12.4500,11.8200,12.4000,12.1400,422965,5177575.7200,3,1.538055,1,2.141700,0
2008-08-20,sz.002227,12.0800,13.4700,11.8000,13.3000,12.4000,1072106,13614105.8500,3,3.898567,1,7.258100,0
2008-08-21,sz.002227,12.9400,13.1000,12.4900,12.5400,13.3000,570141,7282805.6500,3,2.073240,1,-5.714300,0
2008-08-22,sz.002227,12.5000,12.5800,11.8700,12.0200,12.5400,296667,3607834.5500,3,1.078789,1,-4.146700,0
2008-08-25,sz.002227,12.0400,12.3100,11.9500,12.0200,12.0200,275279,3341155.0100,3,1.001015,1,0.000000,0
2008-08-26,sz.002227,12.0000,12.2000,11.6000,11.9000,12.0200,532665,6357945.2700,3,1.936964,1,-0.998300,0
2008-08-27,sz.002227,11.6200,12.0100,11.3100,11.7200,11.9000,449164,5213820.4500,3,1.633324,1,-1.512600,0
2008-08-28,sz.002227,11.7100,11.8400,11.5500,11.6900,11.7200,188181,2196488.6000,3,0.684295,1,-0.256000,0
2008-08-29,sz.002227,11.7600,12.0500,11.5100,11.9300,11.6900,417588,4938479.4700,3,1.518502,1,2.053000,0
2008-09-01,sz.002227,11.6200,12.3500,11.6200,11.9600,11.9300,652261,7815804.2900,3,2.371858,1,0.251500,0
2008-09-02,sz.002227,11.8100,12.1100,11.6300,11.8100,11.9600,451624,5382686.8600,3,1.642269,1,-1.254200,0
2008-09-03,sz.002227,11.9100,12.1000,11.3900,11.9000,11.8100,505700,5974430.6700,3,1.838909,1,0.762100,0
2008-09-04,sz.002227,11.9600,12.0500,11.7200,11.9200,11.9000,144180,1711147.5200,3,0.524291,1,0.168100,0
2008-09-05,sz.002227,11.7000,11.7000,11.1000,11.3000,11.9200,374959,4278548.7700,3,1.363487,1,-5.201300,0
2008-09-08,sz.002227,11.3000,11.3100,11.0000,11.0000,11.3000,705300,7878036.0000,3,2.564727,1,-2.654900,0
2008-09-09,sz.002227,11.0700,11.1000,10.8100,10.8500,11.0000,143600,1571772.0000,3,0.522182,1,-1.363600,0
2008-09-10,sz.002227,10.8300,11.0800,10.5500,10.6200,10.8500,627304,6742101.9900,3,2.281105,1,-2.119800,0
2008-09-11,sz.002227,10.6000,10.7500,10.1600,10.2100,10.6200,225118,2338185.4700,3,0.818611,1,-3.860600,0
2008-09-12,sz.002227,10.2000,10.3700,10.2000,10.2200,10.2100,141500,1455857.0500,3,0.514545,1,0.097900,0
2008-09-16,sz.002227,10.3000,10.3000,9.8200,9.8500,10.2200,309825,3087129.6100,3,1.126636,1,-3.620400,0
2008-09-17,sz.002227,9.8500,9.9600,9.7100,9.7600,9.8500,242410,2382142.2900,3,0.881491,1,-0.913700,0
2008-09-18,sz.002227,9.6900,9.7500,8.9000,9.4700,9.7600,677155,6297593.4300,3,2.462382,1,-2.971300,0
2008-09-19,sz.002227,10.2100,10.4200,10.1100,10.4200,9.4700,1004734,10412292.0400,3,3.653578,1,10.031700,0
2008-09-22,sz.002227,10.8400,11.4500,10.0000,10.4400,10.4200,2305774,24328355.6100,3,8.384633,1,0.191900,0
2008-09-23,sz.002227,10.0200,10.2500,9.4100,9.4400,10.4400,816333,7977339.0900,3,2.968484,1,-9.578500,0
2008-09-24,sz.002227,9.2900,9.2900,8.9700,9.2000,9.4400,804190,7309668.4400,3,2.924327,1,-2.542400,0
2008-09-25,sz.002227,9.2000,9.7000,9.1100,9.6500,9.2000,1485145,13956337.3900,3,5.400527,1,4.891300,0
2008-09-26,sz.002227,9.6000,9.6500,9.2100,9.3800,9.6500,873907,8235523.2300,3,3.177844,1,-2.797900,0
2008-10-06,sz.002227,9.0400,9.0700,8.7700,8.8100,9.3800,547708,4879803.3200,3,1.991665,1,-6.076800,0
2008-10-07,sz.002227,8.6000,8.7200,8.4100,8.5900,8.8100,539590,4616804.0800,3,1.962145,1,-2.497200,0
2008-10-08,sz.002227,8.4600,8.6100,8.4000,8.4500,8.5900,430035,3660625.1300,3,1.563764,1,-1.629800,0
2008-10-09,sz.002227,8.5600,8.6800,8.3900,8.5400,8.4500,504556,4306519.0900,3,1.834749,1,1.065100,0
2008-10-10,sz.002227,8.3500,8.3500,7.8200,7.8200,8.5400,421700,3385150.6100,3,1.533455,1,-8.430900,0
2008-10-13,sz.002227,7.7000,8.0200,7.5200,8.0200,7.8200,468415,3637036.3700,3,1.703327,1,2.557500,0
2008-10-14,sz.002227,8.2200,8.3000,7.8100,7.8300,8.0200,378210,3055344.1600,3,1.375309,1,-2.369100,0
2008-10-15,sz.002227,7.5000,7.7600,7.5000,7.6500,7.8300,314129,2389213.4000,3,1.142287,1,-2.298900,0
2008-10-16,sz.002227,7.4000,7.4000,7.0800,7.0900,7.6500,336976,2448145.1400,3,1.225367,1,-7.320300,0
2008-10-17,sz.002227,7.2300,7.3100,7.1100,7.2400,7.0900,272400,1965429.4900,3,0.990545,1,2.115700,0
2008-10-20,sz.002227,7.2700,7.6900,7.2200,7.6100,7.2400,453597,3375676.2300,3,1.649444,1,5.110500,0
2008-10-21,sz.002227,7.6200,7.7300,7.4300,7.5500,7.6100,641806,4883661.8700,3,2.333840,1,-0.788400,0
2008-10-22,sz.002227,7.4600,7.7100,7.4000,7.5200,7.5500,543230,4117701.8400,3,1.975382,1,-0.397400,0
2008-10-23,sz.002227,7.3700,7.5900,7.2400,7.5800,7.5200,268306,1982724.1400,3,0.975658,1,0.797900,0
2008-10-24,sz.002227,7.5000,7.6700,7.5000,7.6400,7.5800,330279,2511888.8000,3,1.201015,1,0.791600,0
2008-10-27,sz.002227,7.4900,7.5000,6.9600,7.0200,7.6400,433600,3139899.0000,3,1.576727,1,-8.115200,0
2008-10-28,sz.002227,6.9600,7.3000,6.9600,7.2400,7.0200,427987,3068016.6700,3,1.556316,1,3.133900,0
2008-10-29,sz.002227,7.3900,7.5800,7.2400,7.2700,7.2400,710749,5262532.7700,3,2.584542,1,0.414400,0
2008-10-30,sz.002227,7.4700,8.0000,7.3400,8.0000,7.2700,2291149,18043064.2400,3,8.331451,1,10.041300,0
2008-10-31,sz.002227,8.1500,8.1500,7.6300,7.7600,8.0000,2071270,16272085.8700,3,7.531891,1,-3.000000,0
2008-11-03,sz.002227,7.6200,7.9800,7.5300,7.9100,7.7600,1085329,8515860.9600,3,3.946651,1,1.933000,0
2008-11-04,sz.002227,7.7900,8.6300,7.7800,8.5700,7.9100,2631491,21791628.3800,3,9.569058,1,8.343900,0
2008-11-05,sz.002227,8.5000,9.3600,8.3500,9.1600,8.5700,3416343,30169272.8600,3,12.423065,1,6.884500,0
2008-11-06,sz.002227,8.8200,9.0900,8.6300,8.7800,9.1600,1747595,15472504.0400,3,6.354891,1,-4.148500,0
2008-11-07,sz.002227,8.6000,8.9800,8.5400,8.7700,8.7800,1536213,13469068.8400,3,5.586229,1,-0.113900,0
2008-11-10,sz.002227,8.9600,9.5500,8.7600,9.3500,8.7700,2258452,20873809.5600,3,8.212553,1,6.613500,0
2008-11-11,sz.002227,9.2800,9.3600,9.0700,9.1700,9.3500,1609621,14786585.6800,3,5.853167,1,-1.925100,0
2008-11-12,sz.002227,9.1900,9.4800,8.7800,9.0900,9.1700,2493240,22522213.5500,3,9.066327,1,-0.872400,0
2008-11-13,sz.002227,9.2500,10.0000,9.2500,10.0000,9.0900,5166444,50548476.3200,3,18.787069,1,10.011000,0
2008-11-14,sz.002227,10.0400,11.0000,10.0300,10.8000,10.0000,4470652,46936340.3100,3,16.256916,1,8.000000,0
2008-11-17,sz.002227,11.0200,11.8800,10.9000,11.8800,10.8000,4645981,53744157.4700,3,16.894476,1,10.000000,0
2008-11-18,sz.002227,11.6900,12.6900,11.2000,11.8000,11.8800,6682373,79993399.9600,3,24.299538,1,-0.673400,0
2008-11-19,sz.002227,11.7200,12.9800,11.3100,12.9600,11.8000,4446277,53219468.2700,3,16.168280,1,9.830500,0
2008-11-20,sz.002227,12.4300,12.8000,11.6600,11.6600,12.9600,3716284,45148823.9400,3,13.513760,1,-10.030900,0
2008-11-21,sz.002227,11.0000,11.8300,10.8600,11.3100,11.6600,2616104,29615893.0300,3,9.513105,1,-3.001700,0
2008-11-24,sz.002227,11.2800,12.3000,10.5800,11.3700,11.3100,3325235,38166134.6500,3,12.091764,1,0.530500,0
2008-11-25,sz.002227,11.4700,11.6600,10.3100,10.7500,11.3700,2077595,22660090.4900,3,7.554891,1,-5.452900,0
2008-11-26,sz.002227,10.6600,11.0000,10.5000,10.7000,10.7500,1192662,12874899.2900,3,4.336953,1,-0.465100,0
2008-11-27,sz.002227,11.5200,11.6600,10.7300,10.7300,10.7000,2534277,28526117.2800,3,9.215553,1,0.280400,0
2008-11-28,sz.002227,10.5000,11.1700,10.3800,10.9400,10.7300,1540460,16719057.6400,3,5.601673,1,1.957100,0
2008-12-01,sz.002227,10.9400,11.9000,10.9400,11.7800,10.9400,2377678,27407416.2000,3,8.646102,1,7.678200,0
2008-12-02,sz.002227,11.5000,12.4500,11.4000,12.2600,11.7800,3024788,36561712.5800,3,10.999229,1,4.074700,0
2008-12-03,sz.002227,12.3000,12.8800,12.2000,12.3000,12.2600,2651099,33033712.1600,3,9.640360,1,0.326300,0
2008-12-04,sz.002227,12.3800,12.7800,11.9500,12.0500,12.3000,2904470,36153195.0600,3,10.561709,1,-2.032500,0
2008-12-05,sz.002227,11.7900,12.5800,11.7600,12.5000,12.0500,1939939,23589131.2700,3,7.054324,1,3.734400,0
2008-12-08,sz.002227,12.6100,13.1600,12.4100,12.9000,12.5000,2890585,37047107.4800,3,10.511218,1,3.200000,0
2008-12-09,sz.002227,12.8900,13.5000,12.5000,12.9000,12.9000,2579983,33546436.8000,3,9.381756,1,0.000000,0
2008-12-10,sz.002227,12.9000,13.8400,12.7700,13.8200,12.9000,2528228,33942082.2700,3,9.193556,1,7.131800,0
2008-12-11,sz.002227,13.9400,13.9900,13.0000,13.0100,13.8200,2102149,28189617.6000,3,7.644178,1,-5.861100,0
2008-12-12,sz.002227,12.8900,12.8900,11.7100,12.2700,13.0100,2548998,31073876.5200,3,9.269084,1,-5.687900,0
2008-12-15,sz.002227,12.3000,12.4900,11.5800,12.2200,12.2700,1495984,17997401.9200,3,5.439942,1,-0.407500,0
2008-12-16,sz.002227,11.9200,12.5700,11.4500,12.3600,12.2200,2523499,30161122.5600,3,9.176360,1,1.145700,0
2008-12-17,sz.002227,12.2000,12.9700,12.1500,12.2000,12.3600,3623435,45392195.5000,3,13.176127,1,-1.294500,0
2008-12-18,sz.002227,12.1000,12.7700,11.8000,12.5600,12.2000,2969539,36546241.3800,3,10.798324,1,2.950800,0
2008-12-19,sz.002227,12.5800,13.6900,12.5800,13.2500,12.5600,3841277,51086832.7000,3,13.968280,1,5.493600,0
2008-12-22,sz.002227,13.2700,14.3600,13.2000,13.9500,13.2500,4733746,65116338.7200,3,17.213622,1,5.283000,0
2008-12-23,sz.002227,13.9700,13.9700,12.5600,12.5600,13.9500,3354319,44079103.4000,3,12.197524,1,-9.964200,0
2008-12-24,sz.002227,12.4600,12.5800,12.0100,12.2600,12.5600,2220134,27266901.2500,3,8.073215,1,-2.388500,0
2008-12-25,sz.002227,12.4200,12.8500,12.2100,12.5100,12.2600,1915191,24059131.8900,3,6.964331,1,2.039200,0
2008-12-26,sz.002227,12.6500,13.0500,12.4600,12.8100,12.5100,1911591,24527809.5100,3,6.951240,1,2.398100,0
2008-12-29,sz.002227,12.7600,12.9500,11.8100,12.4900,12.8100,1653354,20389647.7900,3,6.012196,1,-2.498000,0
2008-12-30,sz.002227,12.4400,13.4700,12.4400,13.2000,12.4900,3045133,39916747.0600,3,11.073211,1,5.684500,0
2008-12-31,sz.002227,13.3000,13.7900,13.1600,13.2100,13.2000,2704705,36355336.1900,3,9.835291,1,0.075800,0
2009-01-05,sz.002227,13.7000,14.1000,13.3000,14.0300,13.2100,2616019,36028005.0400,3,9.512796,1,6.207400,0
2009-01-06,sz.002227,14.0800,14.9600,14.0800,14.6100,14.0300,4778787,69855791.7600,3,17.377407,1,4.134000,0
2009-01-07,sz.002227,14.6800,15.0900,14.6400,14.8000,14.6100,3092559,45872016.1700,3,11.245669,1,1.300500,0
2009-01-08,sz.002227,14.3600,14.7600,14.1200,14.5400,14.8000,1876095,27158285.1100,3,6.822164,1,-1.756800,0
2009-01-09,sz.002227,14.5400,15.4800,14.5400,15.1800,14.5400,2921450,44341767.7500,3,10.623455,1,4.401700,0
2009-01-12,sz.002227,15.4000,15.8600,15.1000,15.1200,15.1800,2715670,42173021.0600,3,9.875164,1,-0.395300,0
2009-01-13,sz.002227,14.6100,15.3800,14.1600,14.5800,15.1200,3072153,45336377.4300,3,11.171465,1,-3.571400,0
2009-01-14,sz.002227,14.8700,15.8800,14.5800,15.7000,14.5800,2790760,42814742.8700,3,10.148218,1,7.681800,0
2009-01-15,sz.002227,15.8800,16.2600,15.3700,15.4000,15.7000,2274455,35870799.1700,3,8.270745,1,-1.910800,0
2009-01-16,sz.002227,15.4000,15.4000,15.4000,15.4000,15.4000,0,0.0000,3,,0,0.000000,0
2009-01-19,sz.002227,15.5000,15.5000,14.5500,14.9400,15.4000,2320330,34334430.4500,3,8.437564,1,-2.987000,0
2009-01-20,sz.002227,14.7000,14.9900,14.6500,14.9600,14.9400,919214,13655970.4000,3,3.342596,1,0.133900,0
2009-01-21,sz.002227,14.6100,15.2600,14.6100,14.6500,14.9600,1431083,21322878.1400,3,5.203938,1,-2.072200,0
2009-01-22,sz.002227,14.7000,14.9900,14.6800,14.9700,14.6500,1990820,29503746.6700,3,7.239345,1,2.184300,0
2009-01-23,sz.002227,14.9200,15.2800,14.7200,14.8100,14.9700,1583445,23832059.0000,3,5.757982,1,-1.068803,0
2009-02-02,sz.002227,14.8800,15.1800,14.5100,15.0400,14.8100,1170896,17504991.2000,3,4.257804,1,1.553000,0
2009-02-03,sz.002227,15.1800,16.1000,15.0600,15.9800,15.0400,2701413,42662581.5400,3,9.823320,1,6.250000,0
2009-02-04,sz.002227,16.0200,16.8200,15.9100,16.4100,15.9800,3096169,50733506.8500,3,11.258796,1,2.690900,0
2009-02-05,sz.002227,16.3800,16.3800,15.5400,15.9000,16.4100,2999381,47551392.4800,3,10.906840,1,-3.107900,0
2009-02-06,sz.002227,15.9600,16.2600,15.8000,16.2200,15.9000,3600037,57518400.9200,3,13.091044,1,2.012600,0
2009-02-09,sz.002227,16.3000,16.6700,15.9200,16.3800,16.2200,2643366,42968511.8400,3,9.612240,1,0.986400,0
2009-02-10,sz.002227,16.3000,16.3000,15.8700,16.2200,16.3800,2501704,40165022.6500,3,9.097105,1,-0.976800,0
2009-02-11,sz.002227,16.0000,16.8200,15.8800,16.4400,16.2200,3198337,52608178.9400,3,11.630316,1,1.356400,0
2009-02-12,sz.002227,16.3500,16.5800,15.5600,16.1400,16.4400,2659808,42411047.8300,3,9.672029,1,-1.824800,0
2009-02-13,sz.002227,16.0800,16.4300,15.9200,16.3000,16.1400,3718880,60141468.0500,3,13.523200,1,0.991300,0
2009-02-16,sz.002227,16.4800,16.9800,16.3000,16.8900,16.3000,4277478,71288587.9600,3,15.554465,1,3.619600,0
2009-02-17,sz.002227,17.7000,17.7000,16.2800,16.2800,16.8900,3674051,61898985.1800,3,13.360185,1,-3.611600,0
2009-02-18,sz.002227,16.0000,16.4200,15.5000,15.5000,16.2800,2232730,35638287.7200,3,8.119018,1,-4.791200,0
2009-02-19,sz.002227,15.5800,15.9600,15.3800,15.6000,15.5000,2071986,32463675.3700,3,7.534495,1,0.645200,0
2009-02-20,sz.002227,15.6000,16.3500,15.6000,16.2000,15.6000,2326663,37453893.7200,3,8.460593,1,3.846200,0
2009-02-23,sz.002227,16.1800,16.9000,16.0200,16.7900,16.2000,2386845,39581145.3800,3,8.679436,1,3.642000,0
2009-02-24,sz.002227,16.6100,17.2900,15.7000,16.0000,16.7900,3811592,63125915.7100,3,13.860335,1,-4.705200,0
2009-02-25,sz.002227,16.2200,17.5000,15.8200,17.3600,16.0000,4218662,70329548.7900,3,15.340589,1,8.500000,0
2009-02-26,sz.002227,17.2600,17.8800,15.6200,15.6200,17.3600,4120948,69606451.2900,3,14.985265,1,-10.023000,0
2009-02-27,sz.002227,15.2800,15.3300,14.0600,14.0700,15.6200,3093268,45077396.5400,3,11.248247,1,-9.923177,0
2009-03-02,sz.002227,14.0800,14.6800,14.0000,14.4800,14.0700,1746403,25228580.2400,3,6.350556,1,2.914000,0
2009-03-03,sz.002227,14.0000,15.1300,13.7900,15.0000,14.4800,2420591,35122254.3000,3,8.802149,1,3.591200,0
2009-03-04,sz.002227,15.0000,15.9400,14.9200,15.8200,15.0000,2668233,41449410.4600,3,9.702665,1,5.466665,0
2009-03-05,sz.002227,15.8900,16.6800,15.8200,16.2600,15.8200,2673925,43391163.6300,3,9.723364,1,2.781300,0
2009-03-06,sz.002227,15.9000,16.2400,15.7000,15.9000,16.2600,1369115,21830334.0300,3,4.978600,1,-2.214000,0
2009-03-09,sz.002227,15.9200,16.3500,15.3500,15.3800,15.9000,1473968,23273116.3800,3,5.359884,1,-3.270400,0
2009-03-10,sz.002227,15.0300,15.7600,14.9600,15.7200,15.3800,821967,12578601.2200,3,2.988971,1,2.210700,0
2009-03-11,sz.002227,16.0100,16.3500,15.7200,15.8400,15.7200,1630122,26312878.6200,3,5.927716,1,0.763400,0
2009-03-12,sz.002227,15.8000,16.1600,15.3700,16.1500,15.8400,1374715,21817960.2400,3,4.998964,1,1.957100,0
2009-03-13,sz.002227,16.2800,16.5300,16.0400,16.1000,16.1500,1676732,27262714.8400,3,6.097207,1,-0.309600,0
2009-03-16,sz.002227,16.0400,16.6900,15.9500,16.6100,16.1000,1761128,28941498.5400,3,6.404102,1,3.167700,0
2009-03-17,sz.002227,16.5300,17.3500,16.5300,16.9000,16.6100,2441405,41613262.0100,3,8.877836,1,1.745900,0
2009-03-18,sz.002227,17.0000,17.1700,16.6400,16.8800,16.9000,2315475,39062172.7700,3,8.419909,1,-0.118300,0
2009-03-19,sz.002227,16.8800,17.1000,16.7200,17.0300,16.8800,1364384,23129325.0600,3,4.961396,1,0.888600,0
2009-03-20,sz.002227,16.3800,17.0100,16.3800,16.5200,17.0300,2101648,34872666.2400,3,7.642356,1,-2.994700,0
2009-03-23,sz.002227,16.5000,16.8000,16.2500,16.7200,16.5200,2309452,38044378.8700,3,8.398007,1,1.210700,0
2009-03-24,sz.002227,16.7900,16.9900,16.6000,16.8200,16.7200,1727628,29015694.8500,3,6.282284,1,0.598100,0
2009-03-25,sz.002227,16.8200,17.4800,16.7900,16.7900,16.8200,2024940,34801683.0300,3,7.363418,1,-0.178400,0
2009-03-26,sz.002227,16.8700,17.2000,16.4000,16.9900,16.7900,1487061,25082122.6500,3,5.407495,1,1.191200,0
2009-03-27,sz.002227,16.9900,17.8000,16.9900,17.4000,16.9900,2534075,44441102.8300,3,9.214818,1,2.413200,0
2009-03-30,sz.002227,17.6800,19.1400,17.6800,19.1400,17.4000,2107732,39542646.4500,3,7.664480,1,10.000000,0
2009-03-31,sz.002227,19.1400,20.6000,18.8000,20.3000,19.1400,5598292,110678348.2100,3,20.357425,1,6.060600,0
2009-04-01,sz.002227,20.1800,20.5000,19.8200,19.9600,20.3000,2870993,57542519.8800,3,10.439975,1,-1.674900,0
2009-04-02,sz.002227,19.7400,21.7800,19.7400,20.5300,19.9600,3178911,66322471.9100,3,11.559676,1,2.855700,0
2009-04-03,sz.002227,20.4700,21.9600,20.2100,21.1700,20.5300,3140739,66152400.3700,3,11.420869,1,3.117400,0
2009-04-07,sz.002227,21.2800,21.9400,20.9600,21.4900,21.1700,2159889,46200293.4100,3,7.854142,1,1.511600,0
2009-04-08,sz.002227,21.5200,22.4800,21.2000,21.3000,21.4900,3016400,66133502.1800,3,10.968727,1,-0.884100,0
2009-04-09,sz.002227,21.2800,22.1800,20.3200,22.0900,21.3000,3252299,68770959.8100,3,11.826542,1,3.708900,0
2009-04-10,sz.002227,22.1500,24.0000,22.1200,23.6800,22.0900,3246094,75547189.8800,3,11.803978,1,7.197800,0
2009-04-13,sz.002227,23.8000,25.4700,23.8000,25.0500,23.6800,2924852,72547983.1200,3,10.635825,1,5.785500,0
2009-04-14,sz.002227,24.8000,26.2300,24.3600,26.0200,25.0500,2677173,68207066.7700,3,9.735175,1,3.872300,0
2009-04-15,sz.002227,25.5000,27.5600,25.4000,26.6600,26.0200,2515088,66951314.5500,3,9.145775,1,2.459600,0
2009-04-16,sz.002227,26.7000,26.9600,24.7000,25.4200,26.6600,3203595,82501455.1500,3,11.649436,1,-4.651200,0
2009-04-17,sz.002227,25.7000,26.9500,25.1200,25.7000,25.4200,2729335,71006712.7500,3,9.924855,1,1.101500,0
2009-04-20,sz.002227,23.1300,24.7300,23.1300,24.0000,25.7000,9911070,233470409.8500,3,36.040255,1,-6.614800,0
2009-04-21,sz.002227,23.0000,23.4000,22.3100,22.6900,24.0000,4941060,112789695.7300,3,17.967491,1,-5.458300,0
2009-04-22,sz.002227,22.5600,22.9900,21.3300,21.5100,22.6900,3448460,76695783.5300,3,12.539855,1,-5.200500,0
2009-04-23,sz.002227,21.0600,21.9900,20.8100,21.7700,21.5100,2719977,58506046.3000,3,9.890825,1,1.208700,0
2009-04-24,sz.002227,21.8800,22.0800,20.9800,21.0000,21.7700,2452378,53074757.7100,3,8.917738,1,-3.537000,0
2009-04-27,sz.002227,20.7900,20.8700,19.3800,19.6400,21.0000,2960842,59022990.4300,3,10.766698,1,-6.476200,0
2009-04-28,sz.002227,19.8800,21.4000,19.8000,21.3300,19.6400,4268857,88380999.3600,3,15.523116,1,8.604900,0
2009-04-29,sz.002227,21.3500,21.7400,20.7800,21.5000,21.3300,2911470,61947695.6200,3,10.587164,1,0.797000,0
2009-04-30,sz.002227,21.9000,22.2200,21.5000,21.7500,21.5000,2560931,55927302.7500,3,9.312476,1,1.162800,0
2009-05-04,sz.002227,21.7500,22.2900,21.4800,22.2400,21.7500,2242926,49398561.1200,3,8.156095,1,2.252900,0
2009-05-05,sz.002227,22.2200,23.5000,22.1000,23.0800,22.2400,3282702,75722936.0700,3,11.937098,1,3.777000,0
2009-05-06,sz.002227,23.0900,23.8800,22.7500,23.8200,23.0800,3298548,77385926.6400,3,11.994720,1,3.206200,0
2009-05-07,sz.002227,24.1500,24.3800,22.6800,23.0400,23.8200,2756241,64464063.6600,3,10.022695,1,-3.274600,0
2009-05-08,sz.002227,22.9900,22.9900,21.7500,21.8500,23.0400,2649631,58571945.2000,3,9.635022,1,-5.164900,0
2009-05-11,sz.002227,21.8500,21.8600,20.8000,20.8500,21.8500,1953035,41339054.5500,3,7.101945,1,-4.576700,0
2009-05-12,sz.002227,20.6600,21.4900,20.5000,21.4900,20.8500,1218806,25884950.1500,3,4.432022,1,3.069500,0
2009-05-13,sz.002227,21.5400,21.6900,21.0000,21.3400,21.4900,1054581,22461393.0700,3,3.834840,1,-0.698000,0
2009-05-14,sz.002227,21.1400,21.3500,20.9800,21.3500,21.3400,1179886,24922517.7300,3,4.290495,1,0.046900,0
2009-05-15,sz.002227,21.4700,21.9900,21.4000,21.7200,21.3500,1238033,26890280.3900,3,4.501938,1,1.733000,0
2009-05-18,sz.002227,21.7500,21.7500,20.7400,21.5000,21.7200,1412692,30024631.4900,3,5.137062,1,-1.012900,0
2009-05-19,sz.002227,21.7300,21.8500,21.2300,21.4000,21.5000,1276084,27341543.3100,3,4.640305,1,-0.465100,0
2009-05-20,sz.002227,21.3900,22.4000,21.3900,22.1300,21.4000,2321488,51143812.9700,3,8.441775,1,3.411200,0
2009-05-21,sz.002227,22.1300,22.2000,21.2100,21.4000,22.1300,1297846,28125370.3500,3,4.719440,1,-3.298700,0
2009-05-22,sz.002227,21.4000,21.4000,21.4000,21.4000,21.4000,0,0.0000,3,,0,0.000000,0
2009-05-25,sz.002227,20.2600,22.0000,20.2600,21.8900,21.4000,1564305,33373168.5400,3,5.688382,1,2.289700,0
2009-05-26,sz.002227,22.0000,23.8000,21.9000,22.6900,21.8900,3264844,75224968.0100,3,11.872160,1,3.654600,0
2009-05-27,sz.002227,22.6800,23.1600,22.1700,22.7000,22.6900,1999885,45315145.9100,3,7.272309,1,0.044100,0
2009-06-01,sz.002227,22.8200,23.4900,22.8200,23.0200,22.7000,2937218,68225600.2400,3,10.680793,1,1.409700,0
2009-06-02,sz.002227,23.0300,23.4000,22.5600,22.6100,23.0200,1989445,45679605.9400,3,7.234345,1,-1.781100,0
2009-06-03,sz.002227,22.6100,22.7900,22.2200,22.4500,22.6100,2086087,46726510.1600,3,7.585771,1,-0.707700,0
2009-06-04,sz.002227,22.4800,23.1500,22.2000,23.0000,22.4500,1699216,38566586.1700,3,6.178967,1,2.449900,0
2009-06-05,sz.002227,22.8000,22.8000,21.8600,22.0000,22.8000,1423947,32008411.7600,3,5.177989,1,-3.508800,0
2009-06-08,sz.002227,22.0100,22.1600,21.0500,21.1700,22.0000,1587805,33859482.7100,3,5.773836,1,-3.772700,0
2009-06-09,sz.002227,21.1700,21.3300,20.0000,20.9200,21.1700,1884199,38904211.3600,3,6.851633,1,-1.180900,0
2009-06-10,sz.002227,20.9000,21.3300,20.3100,21.2700,20.9200,1183752,24675192.6600,3,4.304553,1,1.673000,0
2009-06-11,sz.002227,20.9500,21.4000,20.6700,20.8700,21.2700,861463,18126049.6700,3,3.132593,1,-1.880600,0
2009-06-12,sz.002227,20.5700,20.8000,20.2000,20.4200,20.8700,1249733,25485482.4300,3,4.544484,1,-2.156200,0
2009-06-15,sz.002227,20.3900,20.4800,20.1000,20.4000,20.4200,657767,13343265.9200,3,2.391880,1,-0.097900,0
2009-06-16,sz.002227,20.3000,20.8700,20.2000,20.5800,20.4000,667557,13739821.3900,3,2.427480,1,0.882400,0
2009-06-17,sz.002227,20.6300,20.7400,20.3100,20.6500,20.5800,699203,14351278.0800,3,2.542556,1,0.340100,0
2009-06-18,sz.002227,20.6000,21.1600,20.6000,20.7500,20.6500,940906,19616517.0000,3,3.421476,1,0.484300,0
2009-06-19,sz.002227,20.7800,20.8800,20.4000,20.5300,20.7500,974613,20010896.4600,3,3.544047,1,-1.060200,0
2009-06-22,sz.002227,20.8000,21.2800,20.5000,20.6200,20.5300,1483616,30981547.7800,3,5.394967,1,0.438400,0
2009-06-23,sz.002227,20.2300,20.9100,20.2300,20.6200,20.6200,1028387,21277985.6800,3,3.739589,1,0.000000,0
2009-06-24,sz.002227,20.6400,20.9900,20.6200,20.9300,20.6200,935395,19466606.0500,3,3.401436,1,1.503400,0
2009-06-25,sz.002227,20.7700,22.1800,20.7500,21.8900,20.9300,2578438,55351674.6300,3,9.376138,1,4.586700,0
2009-06-26,sz.002227,21.9000,22.3700,21.4000,22.0900,21.8900,2485162,54613077.3400,3,9.036953,1,0.913700,0
2009-06-29,sz.002227,22.2500,22.2500,21.5300,21.6600,22.0900,1523396,33040834.2000,3,5.539622,1,-1.946600,0
2009-06-30,sz.002227,21.6000,21.7700,20.4500,20.5000,21.6600,2113596,44035468.4400,3,7.685804,1,-5.355500,0
2009-07-01,sz.002227,20.0000,20.7000,19.9000,20.5400,20.5000,1723614,35044681.1700,3,6.267687,1,0.195100,0
2009-07-02,sz.002227,20.5000,20.5000,20.2000,20.3700,20.5400,1532095,31086253.7000,3,5.571255,1,-0.827700,0
2009-07-03,sz.002227,20.2900,20.3300,20.0500,20.1700,20.3700,1287820,25938772.9700,3,4.682982,1,-0.981800,0
2009-07-06,sz.002227,20.1500,20.5300,20.0900,20.3800,20.1700,1050732,21306059.6600,3,3.820844,1,1.041200,0
2009-07-07,sz.002227,20.3900,20.7500,20.2700,20.5000,20.3800,1616328,33139556.8900,3,5.877556,1,0.588817,0
2009-07-08,sz.002227,20.5000,21.1700,20.4000,21.1400,20.5000,2248696,47049896.8300,3,8.177076,1,3.122000,0
2009-07-09,sz.002227,21.0000,21.5900,20.8300,21.5500,21.1400,2269070,48229979.5100,3,8.251164,1,1.939500,0
2009-07-10,sz.002227,21.5000,22.1400,21.1800,21.5000,21.5500,2426360,52507351.0900,3,8.823127,1,-0.232000,0
2009-07-13,sz.002227,21.4800,21.7900,21.0000,21.2800,21.5000,2155453,46344098.2000,3,7.838011,1,-1.023300,0
2009-07-14,sz.002227,21.3000,21.4700,21.1100,21.2600,21.2800,2709231,57480652.7800,3,9.851749,1,-0.094000,0
2009-07-15,sz.002227,21.3400,21.8000,21.1400,21.7100,21.2600,3878319,82985706.7900,3,14.102978,1,2.116700,0
2009-07-16,sz.002227,21.9500,22.7000,21.7300,22.3900,21.7100,6324998,141060407.7100,3,22.999993,1,3.132200,0
2009-07-17,sz.002227,22.3600,22.3600,21.5000,22.0000,22.3900,2912471,63929656.4500,3,10.590804,1,-1.741800,0
2009-07-20,sz.002227,22.0100,22.6500,21.8800,22.5500,22.0000,4119367,91670381.3100,3,14.979516,1,2.500000,0
2009-07-21,sz.002227,22.5600,22.6000,21.8000,21.8100,22.5500,2704602,59719874.3900,3,9.834916,1,-3.281600,0
2009-07-22,sz.002227,21.7300,21.9700,21.4500,21.6000,21.8100,2291011,49534386.0300,3,8.330949,1,-0.962900,0
2009-07-23,sz.002227,21.7400,21.9100,21.4000,21.9100,21.6000,1574548,34003402.8900,3,5.725629,1,1.435200,0
2009-07-24,sz.002227,21.9500,22.1800,21.0100,21.1500,21.9100,2040921,43845838.2000,3,7.421531,1,-3.468700,0
2009-07-27,sz.002227,21.1000,21.4900,20.6100,21.2600,21.1500,2257592,47438400.4600,3,8.209425,1,0.520100,0
2009-07-28,sz.002227,21.2600,21.9000,20.9800,21.7500,21.2600,2469198,53095122.0000,3,8.978902,1,2.304800,0
2009-07-29,sz.002227,21.7500,21.7500,19.5800,20.1400,21.7500,2287831,47843372.2900,3,8.319385,1,-7.402300,0
2009-07-30,sz.002227,19.9800,20.4000,19.0200,19.7500,20.1400,1940040,38242039.7700,3,7.054691,1,-1.936400,0
2009-07-31,sz.002227,19.8200,20.6800,19.8200,20.4500,19.7500,1655205,33666612.6800,3,6.018927,1,3.544300,0
2009-08-03,sz.002227,20.6600,20.7000,20.2500,20.5800,20.4500,1396167,28667765.7200,3,5.076971,1,0.635700,0
2009-08-04,sz.002227,20.7000,20.8600,20.2600,20.7900,20.5800,2050202,42071107.6400,3,7.455280,1,1.020400,0
2009-08-05,sz.002227,20.7900,21.4800,20.7100,21.1000,20.7900,1980591,41707507.6000,3,7.202149,1,1.491100,0
2009-08-06,sz.002227,21.1000,21.9600,20.8100,21.5000,21.1000,2813808,60456516.1500,3,10.232029,1,1.895700,0
2009-08-07,sz.002227,21.3100,21.6000,20.4300,20.4500,21.5000,1785487,37669036.7600,3,6.492680,1,-4.883700,0
2009-08-10,sz.002227,20.4600,21.0400,20.3500,20.7200,20.4500,941075,19442935.8100,3,3.422091,1,1.320300,0
2009-08-11,sz.002227,20.9800,20.9800,20.6000,20.6900,20.7200,674306,13968624.9800,3,2.452022,1,-0.144800,0
2009-08-12,sz.002227,20.6900,20.7000,19.5500,19.6000,20.6900,991641,19802473.6100,3,3.605967,1,-5.268200,0
2009-08-13,sz.002227,19.6100,19.9000,19.3900,19.6900,19.6000,647860,12729693.2900,3,2.355855,1,0.459200,0
2009-08-14,sz.002227,19.8000,19.8000,18.5600,18.6300,19.6900,1583596,30100299.1300,3,5.758531,1,-5.383400,0
2009-08-17,sz.002227,18.0100,18.5000,16.7700,16.7700,18.6300,1219971,21247291.8900,3,4.436258,1,-9.983900,0
2009-08-18,sz.002227,16.4100,17.2400,16.2800,17.0200,16.7700,891267,14909686.1600,3,3.240971,1,1.490800,0
2009-08-19,sz.002227,16.9500,17.1400,15.5300,15.8200,17.0200,766113,12608049.4700,3,2.785865,1,-7.050500,0
2009-08-20,sz.002227,15.7200,16.3600,15.7200,16.3000,15.8200,766041,12330760.1200,3,2.785604,1,3.034100,0
2009-08-21,sz.002227,16.1900,16.9000,16.1900,16.7300,16.3000,918945,15158100.7100,3,3.341618,1,2.638000,0
2009-08-24,sz.002227,16.7900,17.0300,16.4000,16.9200,16.7300,1039554,17407481.5100,3,3.780196,1,1.135700,0
2009-08-25,sz.002227,16.6600,16.9200,16.1100,16.7000,16.9200,982393,16282794.0800,3,3.572338,1,-1.300200,0
2009-08-26,sz.002227,16.6000,17.7900,16.6000,17.5000,16.7000,1316816,22819946.9200,3,4.788422,1,4.790400,0
2009-08-27,sz.002227,17.5100,17.8800,17.0500,17.5300,17.5000,1030250,17999563.4600,3,3.746364,1,0.171400,0
2009-08-28,sz.002227,17.5500,17.5500,17.0100,17.2300,17.5300,647912,11150021.2800,3,2.356044,1,-1.711400,0
2009-08-31,sz.002227,17.0700,17.0700,15.8100,15.8800,17.2300,737207,12079277.9300,3,2.680753,1,-7.835200,0
2009-09-01,sz.002227,16.0000,16.2900,15.8000,16.0400,15.8800,621455,9959157.1400,3,2.259836,1,1.007600,0
2009-09-02,sz.002227,16.1000,16.2300,15.8900,16.1600,16.0400,442987,7113320.7100,3,1.610862,1,0.748100,0
2009-09-03,sz.002227,16.2000,16.9900,16.0500,16.9600,16.1600,923252,15401895.3600,3,3.357280,1,4.950500,0
2009-09-04,sz.002227,16.9600,17.4800,16.8000,17.3900,16.9600,1234477,21246245.5400,3,4.489007,1,2.535400,0
2009-09-07,sz.002227,17.4100,17.7000,17.1200,17.2800,17.3900,1052310,18256947.6900,3,3.826582,1,-0.632500,0
2009-09-08,sz.002227,17.2100,17.6600,16.9200,17.6000,17.2800,1147067,19972110.1300,3,4.171153,1,1.851900,0
2009-09-09,sz.002227,17.5800,17.6300,17.1600,17.4800,17.6000,871058,15175767.1300,3,3.167484,1,-0.681800,0
2009-09-10,sz.002227,17.3500,17.8900,17.3300,17.3700,17.4800,783024,13778061.1200,3,2.847360,1,-0.629300,0
2009-09-11,sz.002227,17.2000,17.6200,17.0000,17.5700,17.3700,879867,15400219.4500,3,3.199516,1,1.151400,0
2009-09-14,sz.002227,17.5300,18.3800,17.5100,18.2500,17.5700,1511305,27114467.8900,3,5.495655,1,3.870200,0
2009-09-15,sz.002227,18.2700,18.4000,17.9400,18.1500,18.2500,1046586,19023202.2900,3,3.805767,1,-0.547900,0
2009-09-16,sz.002227,18.0500,19.7000,17.7000,19.7000,18.1500,2416433,44773149.5900,3,8.787029,1,8.539900,0
2009-09-17,sz.002227,19.7000,21.5000,19.3100,20.4100,19.7000,5288234,107383059.4400,3,19.229942,1,3.604100,0
2009-09-18,sz.002227,20.2000,20.3500,18.5200,19.2000,20.4100,2319526,45789010.1800,3,8.434640,1,-5.928500,0
2009-09-21,sz.002227,19.1500,20.4500,19.0000,20.0000,19.2000,1683834,33537346.9400,3,6.123033,1,4.166700,0
2009-09-22,sz.002227,19.8800,20.3500,19.4000,19.4000,20.0000,1332830,26539320.3800,3,4.846655,1,-3.000000,0
2009-09-23,sz.002227,19.9300,21.3400,19.9300,20.5000,19.4000,4636008,96274634.4000,3,16.858211,1,5.670100,0
2009-09-24,sz.002227,20.2000,21.5000,19.5000,20.9700,20.5000,4701162,97586075.2500,3,17.095135,1,2.292700,0
2009-09-25,sz.002227,20.5000,20.8400,19.4500,19.4600,20.9700,2047199,41129497.9100,3,7.444360,1,-7.200800,0
2009-09-28,sz.002227,19.3100,20.0800,17.8500,18.0500,19.4600,1356594,25819731.0300,3,4.933069,1,-7.245600,0
2009-09-29,sz.002227,18.1200,18.6000,16.9800,17.2200,18.0500,1140297,19875998.3400,3,4.146535,1,-4.598300,0
2009-09-30,sz.002227,17.7600,17.7600,17.2100,17.2300,17.2200,993151,17319140.4900,3,3.611458,1,0.058100,0
2009-10-09,sz.002227,17.5400,18.2400,17.4200,18.0000,17.2300,838097,14998370.2800,3,3.047625,1,4.468900,0
2009-10-12,sz.002227,18.0900,19.1800,17.8500,18.4800,18.0000,921676,17113282.2100,3,3.351549,1,2.666700,0
2009-10-13,sz.002227,18.1200,19.2500,18.1200,19.0000,18.4800,832500,15698696.6800,3,3.027273,1,2.813900,0
2009-10-14,sz.002227,19.0100,19.3600,18.8000,18.9500,19.0000,1275084,24346325.5600,3,4.636669,1,-0.263200,0
2009-10-15,sz.002227,19.1000,19.5000,18.9500,19.3600,18.9500,1017301,19566153.7400,3,3.699276,1,2.163600,0
2009-10-16,sz.002227,19.3800,19.5800,18.7500,19.2200,19.3600,811849,15496321.9600,3,2.952178,1,-0.723100,0
2009-10-19,sz.002227,18.8100,19.2800,18.7000,19.2700,19.2200,1486566,28225722.3700,3,5.405695,1,0.260100,0
2009-10-20,sz.002227,19.3900,19.9700,19.1800,19.5100,19.2700,1661463,32513840.8000,3,6.041684,1,1.245500,0
2009-10-21,sz.002227,19.5000,20.5600,19.0600,20.4000,19.5100,2610785,51462497.4600,3,9.493764,1,4.561800,0
2009-10-22,sz.002227,20.3700,20.9900,19.7500,20.6600,20.4000,3994104,81679152.2300,3,14.524015,1,1.274500,0
2009-10-23,sz.002227,20.6500,20.6500,20.0600,20.2000,20.6600,2368970,48213502.7800,3,8.614436,1,-2.226500,0
2009-10-26,sz.002227,20.4800,20.5000,20.0000,20.3000,20.2000,1406937,28511060.5000,3,5.116135,1,0.495000,0
2009-10-27,sz.002227,20.0900,20.0900,19.2000,19.2000,20.3000,1432519,28208900.9400,3,5.209160,1,-5.418700,0
2009-10-28,sz.002227,19.1800,19.6900,18.8000,19.5100,19.2000,1141318,21983155.7600,3,4.150247,1,1.614581,0
2009-10-29,sz.002227,19.1900,19.2900,18.9100,18.9500,19.5100,832380,15873126.4800,3,3.026836,1,-2.870300,0
2009-10-30,sz.002227,19.2000,19.4000,19.0300,19.0800,18.9500,895251,17235236.4900,3,3.255458,1,0.686000,0
2009-11-02,sz.002227,18.7000,19.4600,18.5000,19.3500,19.0800,1056930,20186053.2000,3,3.843382,1,1.415100,0
2009-11-03,sz.002227,19.5000,20.1700,19.3900,20.0000,19.3500,1417047,28196018.9300,3,5.152898,1,3.359200,0
2009-11-04,sz.002227,20.2000,20.7100,19.9500,20.2700,20.0000,1658218,33677185.9100,3,6.029884,1,1.350000,0
2009-11-05,sz.002227,20.0600,20.7900,20.0600,20.5600,20.2700,2186954,45034660.0200,3,7.952560,1,1.430700,0
2009-11-06,sz.002227,20.8000,21.0700,20.2300,20.2400,20.5600,2219057,45617721.7800,3,8.069298,1,-1.556400,0
2009-11-09,sz.002227,20.1200,20.8500,20.0100,20.5500,20.2400,2422837,49842610.2000,3,8.810316,1,1.531600,0
2009-11-10,sz.002227,20.7800,20.9800,20.5200,20.7000,20.5500,1985411,41117337.2800,3,7.219676,1,0.729900,0
2009-11-11,sz.002227,20.7600,20.8000,20.2000,20.4100,20.7000,1270895,25987409.0300,3,4.621436,1,-1.401000,0
2009-11-12,sz.002227,20.3000,20.7200,20.3000,20.4900,20.4100,1074543,22064713.9200,3,3.907429,1,0.392000,0
2009-11-13,sz.002227,20.4100,21.4000,20.3300,21.3400,20.4900,2711611,56766303.2000,3,9.860404,1,4.148400,0
2009-11-16,sz.002227,21.7700,22.5000,21.4700,22.0400,21.3400,4561274,100762623.8200,3,16.586451,1,3.280200,0
2009-11-17,sz.002227,22.1600,22.8800,21.7900,22.6700,22.0400,4340821,97505622.1800,3,15.784804,1,2.858400,0
2009-11-18,sz.002227,22.6000,22.6900,22.1000,22.2100,22.6700,2593054,57813580.7900,3,9.429287,1,-2.029100,0
2009-11-19,sz.002227,22.2000,22.6500,21.8400,22.2600,22.2100,2287144,50754254.1500,3,8.316887,1,0.225100,0
2009-11-20,sz.002227,22.2800,23.0000,22.2800,22.5100,22.2600,2802983,63630513.3000,3,10.192665,1,1.123100,0
2009-11-23,sz.002227,22.4100,22.7200,22.0200,22.5300,22.5100,1911180,42672636.3900,3,6.949745,1,0.088800,0
2009-11-24,sz.002227,22.5400,22.7000,20.5000,20.9900,22.5300,3084718,67557331.3500,3,11.217156,1,-6.835300,0
2009-11-25,sz.002227,20.7600,21.5600,20.7600,21.5600,20.9900,1469979,31176012.0200,3,5.345378,1,2.715600,0
2009-11-26,sz.002227,21.5000,21.8000,20.1800,20.4400,21.5600,1901650,39798062.3300,3,6.915091,1,-5.194800,0
2009-11-27,sz.002227,20.2600,21.2000,20.2500,20.6800,20.4400,1579384,32848332.0900,3,5.743215,1,1.174200,0
2009-11-30,sz.002227,20.7500,21.7900,20.7500,21.7900,20.6800,2019536,43477335.7600,3,7.343767,1,5.367500,0
2009-12-01,sz.002227,21.8000,22.1900,21.4500,22.1900,21.7900,2075727,45466646.5900,3,7.548098,1,1.835700,0
2009-12-02,sz.002227,22.3000,23.4100,22.0200,23.3500,22.1900,4248419,97123872.6000,3,15.448796,1,5.227600,0
2009-12-03,sz.002227,23.3000,23.3400,22.8000,23.1600,23.3500,2304224,52998024.6100,3,8.378996,1,-0.813700,0
2009-12-04,sz.002227,23.0000,23.6300,21.9000,22.2000,23.1600,3028361,68644694.6800,3,11.012222,1,-4.145100,0
2009-12-07,sz.002227,22.1800,22.6000,22.1000,22.3700,22.2000,1424560,31773266.2500,3,5.180218,1,0.765800,0
2009-12-08,sz.002227,22.4700,22.6300,21.8500,22.0000,22.3700,1683635,37512501.7600,3,6.122309,1,-1.654000,0
2009-12-09,sz.002227,21.8000,21.8000,21.2500,21.3600,22.0000,1615914,34802162.1600,3,5.876051,1,-2.909100,0
2009-12-10,sz.002227,21.6100,22.3200,21.5000,21.8500,21.3600,1482734,32499184.6900,3,5.391760,1,2.294000,0
2009-12-11,sz.002227,21.9000,22.4800,21.8100,22.1000,21.8500,1076470,23908686.6400,3,3.914436,1,1.144200,0
2009-12-14,sz.002227,22.1000,22.2900,21.2600,21.7500,22.1000,1067578,23154972.5400,3,3.882102,1,-1.583700,0
2009-12-15,sz.002227,21.7100,22.0500,21.5200,21.7000,21.7500,831701,18155784.1800,3,3.024367,1,-0.229900,0
2009-12-16,sz.002227,21.8000,21.8000,21.0800,21.1000,21.7000,1512553,32280430.4000,3,5.500193,1,-2.765000,0
2009-12-17,sz.002227,21.0500,21.4500,20.5000,20.6600,21.1000,955947,20012649.4400,3,3.476171,1,-2.085300,0
2009-12-18,sz.002227,20.4300,20.5400,20.0200,20.3800,20.6600,799047,16223165.3300,3,2.905625,1,-1.355300,0
2009-12-21,sz.002227,20.4000,20.9500,20.2000,20.9500,20.3800,658080,13567605.2000,3,2.393018,1,2.796900,0
2009-12-22,sz.002227,20.8700,21.0000,20.0100,20.0700,20.9500,792757,16193485.1000,3,2.882753,1,-4.200500,0
2009-12-23,sz.002227,20.0000,20.4500,20.0000,20.3800,20.0700,499980,10146185.4000,3,1.818109,1,1.544600,0
2009-12-24,sz.002227,20.4200,21.2400,20.4200,21.0700,20.3800,1067414,22311776.2000,3,3.881505,1,3.385700,0
2009-12-25,sz.002227,21.0500,21.2400,20.7800,21.0500,21.0700,722919,15163689.4200,3,2.628796,1,-0.094900,0
2009-12-28,sz.002227,21.4900,21.5800,21.1100,21.4300,21.0500,1169633,25023654.1900,3,4.253211,1,1.805200,0
2009-12-29,sz.002227,21.5500,22.1200,21.3000,22.1200,21.4300,1889698,41160157.3100,3,6.871629,1,3.219800,0
2009-12-30,sz.002227,22.1000,22.3000,21.6500,21.8300,22.1200,1316407,28726040.1700,3,4.786935,1,-1.311000,0
2009-12-31,sz.002227,21.7500,21.9700,21.5300,21.8900,21.8300,879419,19087557.1400,3,3.197887,1,0.274900,0
2010-01-04,sz.002227,21.9600,22.1800,21.6700,21.7200,21.8900,903125,19779300.2100,3,3.284091,1,-0.776600,0
2010-01-05,sz.002227,21.7200,22.1700,21.5500,22.1600,21.7200,1400850,30657564.1800,3,5.094000,1,2.025800,0
2010-01-06,sz.002227,22.1300,22.4800,21.7000,21.7800,22.1600,1425066,31510092.9300,3,5.182058,1,-1.714800,0
2010-01-07,sz.002227,21.7900,21.9600,21.0200,21.1200,21.7800,1272506,27321083.6400,3,4.627295,1,-3.030300,0
2010-01-08,sz.002227,20.8200,23.2300,20.8200,23.2300,21.1200,3308431,75377533.5300,3,12.030658,1,9.990500,0
2010-01-11,sz.002227,24.2900,25.1800,23.3000,24.6500,23.2300,7909110,190161745.9200,3,28.760400,1,6.112800,0
2010-01-12,sz.002227,24.6700,25.7800,24.5000,24.9600,24.6500,5866408,147132891.1300,3,21.332393,1,1.257600,0
2010-01-13,sz.002227,24.4000,26.8500,24.4000,26.4800,24.9600,5050105,130959926.9300,3,18.364018,1,6.089700,0
2010-01-14,sz.002227,26.2000,28.8800,25.8100,28.0300,26.4800,5873155,159669161.3800,3,21.356927,1,5.853500,0
2010-01-15,sz.002227,27.7000,28.5000,27.2700,27.9900,28.0300,3696358,102548556.4700,3,13.441302,1,-0.142700,0
2010-01-18,sz.002227,27.9600,28.5900,27.4000,27.9500,27.9900,3048831,85220064.4600,3,11.086658,1,-0.142900,0
2010-01-19,sz.002227,28.5000,30.4200,28.1100,29.6500,27.9500,5485711,158938890.2900,3,19.948040,1,6.082300,0
2010-01-20,sz.002227,30.0400,32.6200,30.0000,32.2200,29.6500,7615176,242083510.4600,3,27.691549,1,8.667800,0
2010-01-21,sz.002227,31.1700,32.1800,30.4000,30.8400,32.2200,4147228,129421274.0100,3,15.080829,1,-4.283100,0
2010-01-22,sz.002227,30.8400,30.8400,28.8600,29.6800,30.8400,4147285,123063583.7800,3,15.081036,1,-3.761300,0
2010-01-25,sz.002227,29.8600,30.2700,29.0100,29.7000,29.6800,2815150,83576159.6600,3,10.236909,1,0.067400,0
2010-01-26,sz.002227,29.7500,30.0000,26.9000,27.8000,29.7000,3496435,99287138.4800,3,12.714309,1,-6.397300,0
2010-01-27,sz.002227,27.2700,28.3800,27.0000,27.5000,27.8000,2790266,77496445.2900,3,10.146422,1,-1.079100,0
2010-01-28,sz.002227,27.7600,28.3000,27.3500,27.6900,27.5000,2727812,75888356.9300,3,9.919316,1,0.690900,0
2010-01-29,sz.002227,27.7900,30.4600,27.7700,30.4600,27.6900,2614314,76411909.6500,3,9.506596,1,10.003600,0
2010-02-01,sz.002227,31.0000,33.5100,30.9100,32.0000,30.4600,7390712,238679923.0000,3,26.875316,1,5.055800,0
2010-02-02,sz.002227,31.4600,33.2000,31.1500,32.8000,32.0000,5453471,175511808.3000,3,19.830804,1,2.500000,0
2010-02-03,sz.002227,32.5100,32.7000,30.9300,32.0300,32.8000,3410996,108465072.3000,3,12.403622,1,-2.347600,0
2010-02-04,sz.002227,32.0000,32.8000,30.8000,32.6700,32.0300,4910314,155733560.3000,3,17.855687,1,1.998100,0
2010-02-05,sz.002227,31.9000,32.2900,30.0000,30.0000,32.6700,4097628,127616707.1100,3,14.900465,1,-8.172600,0
2010-02-08,sz.002227,29.3000,29.3000,28.0200,28.0200,30.0000,3658286,104315021.7300,3,13.302858,1,-6.600000,0
2010-02-09,sz.002227,27.7700,28.5000,27.5200,28.0100,28.0200,2356010,65905282.2800,3,8.567309,1,-0.035700,0
2010-02-10,sz.002227,28.1000,28.6400,27.9000,28.6400,28.0100,2037704,57663089.1800,3,7.409833,1,2.249200,0
2010-02-11,sz.002227,28.3700,28.3700,27.7300,27.8600,28.6400,1523010,42613769.7800,3,5.538218,1,-2.723500,0
2010-02-12,sz.002227,28.1300,28.4900,27.8600,28.3400,27.8600,1247349,35202316.6400,3,4.535815,1,1.722900,0
2010-02-22,sz.002227,28.3900,30.9000,28.3600,30.2700,28.3400,3044393,91345049.5100,3,11.070520,1,6.810200,0
2010-02-23,sz.002227,30.6100,31.1000,29.8500,30.8700,30.2700,2937329,89577619.3200,3,10.681196,1,1.982200,0
2010-02-24,sz.002227,30.4000,31.3900,30.2400,31.2300,30.8700,2338837,72543824.1200,3,8.504862,1,1.166200,0
2010-02-25,sz.002227,31.8800,32.9800,31.4100,31.5200,31.2300,3206607,102680802.9100,3,11.660389,1,0.928600,0
2010-02-26,sz.002227,31.5500,32.5000,31.1200,31.6800,31.5200,2255799,71706857.5100,3,8.202905,1,0.507600,0
2010-03-01,sz.002227,31.6300,32.8000,31.0300,32.8000,31.6800,2956915,93673935.8600,3,10.752418,1,3.535400,0
2010-03-02,sz.002227,32.9900,35.5000,32.5300,34.4500,32.8000,4977349,171641996.2900,3,18.099451,1,5.030500,0
2010-03-03,sz.002227,34.3000,37.8000,34.0000,36.1100,34.4500,5446624,196739193.7800,3,19.805905,1,4.818600,0
2010-03-04,sz.002227,36.8000,36.8000,34.6000,34.9000,36.1100,3876551,137345841.1900,3,14.096549,1,-3.350900,0
2010-03-05,sz.002227,34.8000,35.6000,34.0000,34.8900,34.9000,2582892,90088874.5800,3,9.392335,1,-0.028700,0
2010-03-08,sz.002227,35.5000,36.0000,34.5000,34.6200,34.8900,2221862,78207044.2300,3,8.079498,1,-0.773900,0
2010-03-09,sz.002227,34.6000,34.8200,33.3000,33.6100,34.6200,1999403,67443472.2300,3,7.270556,1,-2.917400,0
2010-03-10,sz.002227,33.6000,34.3800,33.5700,33.9600,33.6100,1527504,51826884.9500,3,5.554560,1,1.041400,0
2010-03-11,sz.002227,33.9600,35.2800,33.3300,34.6000,33.9600,2768337,94886732.4200,3,10.066680,1,1.884600,0
2010-03-12,sz.002227,34.4200,34.4200,33.4100,33.5600,34.6000,1538266,51997190.0600,3,5.593695,1,-3.005800,0
2010-03-15,sz.002227,33.8500,33.8500,32.5800,33.4700,33.5600,1266306,41799830.4200,3,4.604749,1,-0.268200,0
2010-03-16,sz.002227,33.4700,33.6900,33.0100,33.6800,33.4700,876847,29267189.2000,3,3.188535,1,0.627400,0
2010-03-17,sz.002227,33.9800,34.7900,33.4100,34.6400,33.6800,1764467,60533350.8200,3,6.416244,1,2.850400,0
2010-03-18,sz.002227,34.0000,35.8100,33.7500,34.2000,34.6400,2219405,77128928.2800,3,8.070564,1,-1.270200,0
2010-03-19,sz.002227,33.9000,34.4200,33.0000,33.4800,34.2000,2007317,67180180.9700,3,7.299335,1,-2.105300,0
2010-03-22,sz.002227,33.5500,34.8400,32.8100,34.8000,33.4800,3129876,105352981.7500,3,11.381367,1,3.942700,0
2010-03-23,sz.002227,34.6000,34.8000,33.8000,33.9900,34.8000,2255702,77263142.1100,3,8.202553,1,-2.327600,0
2010-03-24,sz.002227,34.1500,34.1500,33.0000,33.3700,33.9900,2480998,82662101.4000,3,9.021811,1,-1.824100,0
2010-03-25,sz.002227,33.0000,33.2800,32.3100,32.3500,33.3700,1916081,62816228.3600,3,6.967567,1,-3.056600,0
2010-03-26,sz.002227,32.3100,33.1000,32.3100,32.8800,32.3500,1361836,44622431.1300,3,4.952131,1,1.638300,0
2010-03-29,sz.002227,33.3000,33.3200,32.5800,33.2600,32.8800,1669784,55159635.0700,3,6.071942,1,1.155700,0
2010-03-30,sz.002227,33.3000,34.2000,32.8700,33.9200,33.2600,3316033,112043402.0500,3,12.058302,1,1.984400,0
2010-03-31,sz.002227,33.9500,33.9900,33.0300,33.4300,33.9200,2012876,67284920.6600,3,7.319549,1,-1.444600,0
2010-04-01,sz.002227,33.4300,35.6900,33.1000,34.5600,33.4300,3952910,136452159.8000,3,14.374218,1,3.380200,0
2010-04-02,sz.002227,34.6800,34.8500,34.0400,34.2800,34.5600,2039346,70147975.6400,3,7.415804,1,-0.810200,0
2010-04-06,sz.002227,34.2800,35.4500,34.0000,35.0600,34.2800,2221331,77572584.2300,3,8.077567,1,2.275400,0
2010-04-07,sz.002227,35.2800,35.2800,34.9000,35.2300,35.0600,1659722,58337965.9500,3,6.035353,1,0.484900,0
2010-04-08,sz.002227,35.2300,35.8800,34.2000,34.2100,35.2300,2163434,75786489.0600,3,7.867033,1,-2.895300,0
2010-04-09,sz.002227,34.0500,34.5000,33.7000,34.1600,34.2100,1620321,55113664.8800,3,5.892076,1,-0.146200,0
2010-04-12,sz.002227,34.1600,37.5800,34.1600,37.5800,34.1600,5340532,193457602.6700,3,19.420116,1,10.011700,0
2010-04-13,sz.002227,37.8800,37.9800,33.8200,35.3400,37.5800,4462548,158702146.1400,3,16.227447,1,-5.960600,0
2010-04-14,sz.002227,35.0000,36.9900,34.3500,35.7000,35.3400,2129535,76301536.4400,3,7.743764,1,1.018700,0
2010-04-15,sz.002227,35.7500,36.5000,34.3000,34.6000,35.7000,1918882,67373396.8900,3,6.977753,1,-3.081200,0
2010-04-16,sz.002227,34.6000,34.6000,34.6000,34.6000,34.6000,0,0.0000,3,,0,0.000000,0
2010-04-19,sz.002227,34.0000,34.0000,32.0000,32.2900,34.6000,2440545,79862877.0000,3,8.874709,1,-6.676300,0
2010-04-20,sz.002227,32.3000,32.7000,30.4400,31.5900,32.2900,2194540,68576365.1600,3,7.980145,1,-2.167900,0
2010-04-21,sz.002227,31.1000,33.1000,31.1000,32.8700,31.5900,1784153,57574168.8500,3,6.487829,1,4.051900,0
2010-04-22,sz.002227,32.8400,33.6800,31.8500,32.7300,32.8700,1690760,54963814.7900,3,6.148218,1,-0.425900,0
2010-04-23,sz.002227,33.0000,35.1800,33.0000,33.6200,32.7300,2853787,98001055.2000,3,10.377407,1,2.719200,0
2010-04-26,sz.002227,33.6200,34.1800,32.8000,33.8900,33.6200,1304820,43704571.3200,3,4.744800,1,0.803100,0
2010-04-27,sz.002227,33.5000,33.6000,32.3100,32.6200,33.8900,1005965,32967191.4500,3,3.658055,1,-3.747400,0
2010-04-28,sz.002227,31.9800,32.6200,31.2000,31.7200,32.6200,858871,27336634.0300,3,3.123167,1,-2.759000,0
2010-04-29,sz.002227,32.0000,32.6400,30.6000,30.6800,31.7200,912122,28940406.2200,3,3.316807,1,-3.278700,0
2010-04-30,sz.002227,30.8000,31.3000,28.1800,29.1200,30.6800,1312422,38395933.7200,3,4.772444,1,-5.084700,0
2010-05-04,sz.002227,28.6000,29.4700,28.2000,29.1400,29.1200,634122,18451917.1700,3,2.305898,1,0.068700,0
2010-05-05,sz.002227,28.5400,30.1700,28.5000,30.1000,29.1400,766374,22645506.1600,3,2.786815,1,3.294400,0
2010-05-06,sz.002227,30.0500,31.2800,29.5500,29.8100,30.0000,1256878,38529760.3500,3,4.570465,1,-0.633300,0
2010-05-07,sz.002227,28.5100,30.1900,27.9800,29.5900,29.8100,918727,26848245.7200,3,3.340825,1,-0.738000,0
2010-05-10,sz.002227,29.8000,29.9600,27.8100,28.1400,29.5900,956916,27369213.5200,3,3.479695,1,-4.900300,0
2010-05-11,sz.002227,28.6800,28.9900,26.2000,26.4000,28.1400,1163157,32070997.7300,3,4.229662,1,-6.183400,0
2010-05-12,sz.002227,26.0000,26.0000,23.7700,24.3800,26.4000,1466861,36515756.3800,3,5.334040,1,-7.651500,0
2010-05-13,sz.002227,24.5500,25.6000,23.9000,25.5600,24.3800,1244568,30981317.2000,3,4.525702,1,4.840000,0
2010-05-14,sz.002227,25.1300,27.7700,24.9500,26.8900,25.5600,2135469,57104666.6000,3,7.765342,1,5.203400,0
2010-05-17,sz.002227,26.4800,27.5800,25.8300,25.8500,26.8900,1485675,39534751.2100,3,5.402455,1,-3.867600,0
2010-05-18,sz.002227,25.9600,26.8500,25.0100,26.7500,25.8500,1167912,30569929.5900,3,4.246953,1,3.481600,0
2010-05-19,sz.002227,26.8400,28.2700,26.6200,27.5900,26.7500,1898225,52174361.3400,3,6.902636,1,3.140200,0
2010-05-20,sz.002227,27.4600,28.0000,26.8600,26.8800,27.5900,1252686,34239582.4300,3,4.555222,1,-2.573400,0
2010-05-21,sz.002227,26.0600,28.2500,25.4700,28.2100,26.8800,1958013,53912440.5800,3,7.120047,1,4.947900,0
2010-05-24,sz.002227,28.2800,30.9900,28.2800,30.2800,28.2100,2059913,61902672.3200,3,7.490593,1,7.337800,0
2010-05-25,sz.002227,30.0000,31.0000,29.7000,30.6100,30.2800,1926019,58358678.6500,3,7.003705,1,1.089800,0
2010-05-26,sz.002227,30.8000,31.7900,29.4100,30.0800,30.6100,1943386,59711293.7700,3,7.066858,1,-1.731500,0
2010-05-27,sz.002227,30.3000,31.2000,29.5800,31.0400,30.0800,1889357,57826422.2300,3,6.870389,1,3.191500,0
2010-05-28,sz.002227,31.5500,31.6900,30.6200,30.8800,31.0400,1379873,42869481.6800,3,5.017720,1,-0.515500,0
2010-05-31,sz.002227,30.8100,31.1800,29.8200,29.8300,30.8800,1436116,43618753.6600,3,5.222240,1,-3.400300,0
2010-06-01,sz.002227,29.6000,30.3200,28.5000,29.8200,29.8300,1356723,40048840.8400,3,4.933538,1,-0.033500,0
2010-06-02,sz.002227,30.9000,32.8000,30.9000,32.4900,29.8200,5748749,186865466.3800,3,20.904542,1,8.953700,0
2010-06-03,sz.002227,31.5000,33.9500,31.3100,33.1800,32.4900,5102278,165448182.2400,3,18.553738,1,2.123700,0
2010-06-04,sz.002227,32.5000,34.1800,32.1800,33.3800,33.1800,3344689,112014037.7100,3,12.162505,1,0.602800,0
2010-06-07,sz.002227,32.5200,33.3900,32.4000,33.2400,33.3800,2714370,89298000.2500,3,9.870436,1,-0.419400,0
2010-06-08,sz.002227,32.9900,33.1700,31.8100,32.4800,33.2400,2276659,73643498.2600,3,8.278760,1,-2.286400,0
2010-06-09,sz.002227,32.6000,33.7000,32.3800,33.0000,32.4800,2508263,82816815.8100,3,9.120956,1,1.600987,0
2010-06-10,sz.002227,32.8100,33.4500,32.5900,33.3900,33.0000,1819625,60071998.9500,3,6.616818,1,1.181800,0
2010-06-11,sz.002227,33.4800,33.6500,32.3000,32.3300,33.3900,1955604,64019945.2600,3,7.111287,1,-3.174600,0
2010-06-17,sz.002227,32.3300,32.7000,31.5000,31.5000,32.3300,1219675,39073360.5700,3,4.435182,1,-2.567300,0
2010-06-18,sz.002227,31.5000,31.5000,31.5000,31.5000,31.5000,0,0.0000,3,,0,0.000000,0
2010-06-21,sz.002227,29.2100,30.8800,28.8900,30.6000,31.5000,1898151,56549424.3900,3,6.902367,1,-2.857100,0
2010-06-22,sz.002227,30.4800,31.5900,30.3000,30.7300,30.6000,1147105,35614165.9200,3,4.171291,1,0.424800,0
2010-06-23,sz.002227,30.5000,30.7000,29.6300,30.1000,30.7300,986216,29688602.0900,3,3.586240,1,-2.050100,0
2010-06-24,sz.002227,30.4500,30.8000,29.8700,30.4800,30.1000,959202,29112135.0900,3,3.488007,1,1.262500,0
2010-06-25,sz.002227,30.3700,30.3800,29.4100,29.4200,30.4800,610119,18159141.6400,3,2.218615,1,-3.477700,0
2010-06-28,sz.002227,29.8200,29.8200,28.0000,28.0600,29.4200,970374,27650219.6100,3,3.528633,1,-4.622700,0
2010-06-29,sz.002227,28.0000,28.3400,26.2500,26.5500,28.0600,1146735,30919119.0000,3,4.169945,1,-5.381300,0
2010-06-30,sz.002227,26.3500,27.1900,25.4000,26.0000,26.5500,1388046,36694798.2300,3,5.047440,1,-2.071600,0
2010-07-01,sz.002227,25.7600,26.2500,25.6800,26.1100,26.0000,1205674,31409265.1400,3,4.384269,1,0.423100,0
2010-07-02,sz.002227,25.8300,26.2400,24.7000,26.1000,26.1100,1210889,30919230.3500,3,4.403233,1,-0.038300,0
2010-07-05,sz.002227,25.5800,27.1300,25.0600,26.9900,26.1000,1147198,30281418.1700,3,4.171629,1,3.410000,0
2010-07-06,sz.002227,26.7500,27.8000,26.5100,27.4800,26.9900,1282570,35322967.9900,3,4.663891,1,1.815500,0
2010-07-07,sz.002227,28.5100,30.1800,28.5000,28.7900,27.4800,1940270,56538944.3100,3,7.055527,1,4.767100,0
2010-07-08,sz.002227,28.5000,28.7500,27.8800,28.3300,28.7900,1027122,29050339.1000,3,3.734989,1,-1.597800,0
2010-07-09,sz.002227,28.3600,29.2600,28.0100,29.1300,28.3300,1171122,33866558.0000,3,4.258625,1,2.823900,0
2010-07-12,sz.002227,29.4600,29.4600,28.7200,28.8700,29.1300,1061631,30729078.0900,3,3.860476,1,-0.892600,0
2010-07-13,sz.002227,28.7800,29.7000,28.1000,29.3000,28.8700,1044715,30153903.0400,3,3.798964,1,1.489400,0
2010-07-14,sz.002227,29.0600,29.4000,28.6100,28.7000,29.3000,859025,24909069.5000,3,3.123727,1,-2.047800,0
2010-07-15,sz.002227,28.5000,29.0600,27.5000,27.5800,28.7000,782154,22059584.4200,3,2.844196,1,-3.902400,0
2010-07-16,sz.002227,27.2800,27.8300,26.9000,27.5000,27.5800,630934,17314864.3400,3,2.294305,1,-0.290065,0
2010-07-19,sz.002227,27.4000,28.4000,27.2000,28.2700,27.5000,696114,19462682.8500,3,2.531324,1,2.800000,0
2010-07-20,sz.002227,28.3600,29.3600,28.2000,29.3100,28.2700,1331697,38684739.1400,3,4.842535,1,3.678800,0
2010-07-21,sz.002227,29.3700,31.0300,29.1000,29.2900,29.3100,2419392,72628214.2000,3,8.797789,1,-0.068200,0
2010-07-22,sz.002227,29.0100,29.5700,28.8400,29.4000,29.2900,1084016,31709645.4200,3,3.941876,1,0.375600,0
2010-07-23,sz.002227,29.5800,29.7800,28.8000,29.1700,29.4000,905946,26469703.9800,3,3.294349,1,-0.782300,0
2010-07-26,sz.002227,29.1800,30.1400,29.1800,29.8300,29.1700,1194622,35466647.7600,3,4.344080,1,2.262600,0
2010-07-27,sz.002227,30.0100,30.8500,29.7400,30.7000,29.8300,2450979,74858618.8400,3,8.912651,1,2.916500,0
2010-07-28,sz.002227,30.8300,31.4500,30.2300,30.7200,30.7000,3090330,94829255.8900,3,11.237564,1,0.065100,0
2010-07-29,sz.002227,30.7200,30.8000,29.7000,30.1200,30.7200,3100619,93533999.0100,3,11.274978,1,-1.953100,0
2010-07-30,sz.002227,30.3800,30.9800,30.1400,30.4100,30.1200,2192137,67106393.1500,3,7.971407,1,0.962800,0
2010-08-02,sz.002227,30.4100,30.5000,29.5700,30.4900,30.4100,2868721,86298311.6000,3,10.431713,1,0.263100,0
2010-08-03,sz.002227,30.3000,30.4500,29.9100,29.9200,30.4900,1940188,58419410.3500,3,7.055229,1,-1.869500,0
2010-08-04,sz.002227,30.3000,31.5000,30.2800,31.4500,29.9200,5145302,159795922.6300,3,18.710189,1,5.113600,0
2010-08-05,sz.002227,31.5300,31.8000,31.0000,31.6000,31.4500,3146680,99089495.3000,3,11.442473,1,0.476900,0
2010-08-06,sz.002227,31.6100,31.9900,31.0900,31.9400,31.6000,2551190,80560145.0900,3,9.277055,1,1.075900,0
2010-08-09,sz.002227,31.9000,32.5800,31.6300,32.1600,31.9400,2769953,89058553.4400,3,10.072556,1,0.688800,0
2010-08-10,sz.002227,32.1800,32.1800,30.4000,30.5000,32.1600,2910338,90778908.0400,3,10.583047,1,-5.161700,0
2010-08-11,sz.002227,30.4900,31.1600,30.3000,30.7600,30.5000,1341146,41197813.0300,3,4.876895,1,0.852500,0
2010-08-12,sz.002227,30.4700,31.8500,30.1100,30.7800,30.7600,1805998,56152702.6900,3,6.567265,1,0.065000,0
2010-08-13,sz.002227,30.7000,30.9200,29.9700,30.8900,30.7800,1734251,52797338.0800,3,6.306367,1,0.357400,0
2010-08-16,sz.002227,30.8900,31.8300,30.6000,31.6200,30.8900,2337688,73341379.1600,3,8.500684,1,2.363200,0
2010-08-17,sz.002227,31.8700,32.3500,31.4000,32.0900,31.6200,2737746,87330764.1600,3,9.955440,1,1.486400,0
2010-08-18,sz.002227,32.0100,32.8500,31.7100,32.4100,32.0900,3698961,119761517.2500,3,13.450767,1,0.997200,0
2010-08-19,sz.002227,32.4800,33.2600,31.9000,32.3400,32.4100,3134918,102079831.6700,3,11.399702,1,-0.216000,0
2010-08-20,sz.002227,31.9800,32.9900,31.5700,32.3800,32.3400,2519286,81292677.8700,3,9.161040,1,0.123700,0
2010-08-23,sz.002227,33.5000,35.6200,33.5000,35.6200,32.3800,7654987,266521739.0500,3,27.836316,1,10.006200,0
2010-08-24,sz.002227,36.6200,38.5000,35.7100,36.8800,35.6200,10290297,383161675.1500,3,37.419262,1,3.537300,0
2010-08-25,sz.002227,36.0000,37.9900,35.6600,37.6500,36.8800,6871508,252661873.8200,3,24.987302,1,2.087900,0
2010-08-26,sz.002227,38.1500,38.5800,37.0100,37.5300,37.6500,5169116,195320390.1200,3,18.796785,1,-0.318700,0
2010-08-27,sz.002227,37.0000,37.4700,35.7000,36.9700,37.5300,4446553,162605460.2900,3,16.169284,1,-1.492100,0
2010-08-30,sz.002227,36.8500,40.6700,36.4000,40.6700,36.9700,7045865,271105618.3400,3,25.621327,1,10.008100,0
2010-08-31,sz.002227,40.3000,42.2800,39.5000,40.2100,40.6700,7384787,299305661.3200,3,26.853771,1,-1.131100,0
2010-09-01,sz.002227,39.6800,40.9700,37.2100,39.1700,40.2100,5365301,209689599.5300,3,19.510185,1,-2.586400,0
2010-09-02,sz.002227,38.3100,40.6900,38.3100,39.8800,39.1700,4704665,185302313.7900,3,17.107873,1,1.812600,0
2010-09-03,sz.002227,39.4100,41.3000,39.0000,39.8800,39.8800,5291795,212547300.1400,3,19.242891,1,0.000000,0
2010-09-06,sz.002227,40.7600,40.8000,37.5000,37.7800,39.8800,4442636,172062510.6700,3,16.155040,1,-5.265800,0
2010-09-07,sz.002227,37.8700,38.3300,36.8900,38.0000,37.7800,2226559,83624043.1900,3,8.096578,1,0.582300,0
2010-09-08,sz.002227,37.6400,39.9500,37.5100,39.4900,38.0000,4030395,157389551.7200,3,14.655982,1,3.921057,0
2010-09-09,sz.002227,39.4900,39.9800,38.3200,38.3500,39.4900,3389436,132585494.2700,3,12.325222,1,-2.886800,0
2010-09-10,sz.002227,38.2700,39.4800,38.0000,38.8600,38.3500,2531292,98630794.0600,3,9.204698,1,1.329900,0
2010-09-13,sz.002227,38.7400,40.9800,38.7300,39.8200,38.8600,3527887,141608416.8700,3,12.828680,1,2.470400,0
2010-09-14,sz.002227,40.7800,40.7800,39.3300,39.7000,39.8200,2352706,94072180.2800,3,8.555295,1,-0.301400,0
2010-09-15,sz.002227,39.4000,39.9700,38.0000,38.2300,39.7000,2444835,94459867.6500,3,8.890309,1,-3.702800,0
2010-09-16,sz.002227,38.2700,38.4000,36.0000,36.5700,38.2300,2376082,87491385.3900,3,8.640298,1,-4.342100,0
2010-09-17,sz.002227,36.6900,37.4500,36.0000,36.6000,36.5700,1070942,39374039.7600,3,3.894335,1,0.082000,0
2010-09-20,sz.002227,36.7000,37.3600,36.1100,37.1300,36.6000,1323554,48775065.4000,3,4.812924,1,1.448100,0
2010-09-21,sz.002227,37.0000,37.3300,36.5100,36.6500,37.1300,653665,24079613.6700,3,2.376964,1,-1.292800,0
2010-09-27,sz.002227,37.0200,37.7800,36.2800,37.4000,36.6500,1329727,49378281.3000,3,4.835371,1,2.046400,0
2010-09-28,sz.002227,37.4900,37.8900,37.1100,37.1900,37.4000,1269121,47549734.9400,3,4.614985,1,-0.561500,0
2010-09-29,sz.002227,37.0000,37.5100,36.0000,36.0000,37.1900,1522566,55999559.7200,3,5.536604,1,-3.199800,0
2010-09-30,sz.002227,36.0000,36.0000,36.0000,36.0000,36.0000,0,0.0000,3,,0,0.000000,0
2010-10-08,sz.002227,36.9200,38.2000,36.9200,38.2000,36.0000,2202277,82823383.6600,3,8.008280,1,6.111100,0
2010-10-11,sz.002227,38.2900,39.4800,37.6500,39.3000,38.2000,2878276,111057142.5500,3,10.466458,1,2.879600,0
2010-10-12,sz.002227,39.3500,39.3500,38.3000,38.6000,39.3000,1500128,57959122.3900,3,5.455011,1,-1.781200,0
2010-10-13,sz.002227,38.5700,39.9600,37.3500,39.0900,38.6000,2693044,104480142.0600,3,9.792887,1,1.269400,0
2010-10-14,sz.002227,39.2000,39.4500,37.3800,37.9700,39.0900,2080493,79599076.7500,3,7.565429,1,-2.865200,0
2010-10-15,sz.002227,37.3500,39.5000,37.3500,38.5800,37.9700,2757125,107279125.0500,3,10.025909,1,1.606500,0
2010-10-18,sz.002227,38.5800,39.3800,35.6500,35.7200,38.5800,2573661,94123640.5500,3,9.358767,1,-7.413200,0
2010-10-19,sz.002227,36.0800,37.0000,35.6000,36.6200,35.7200,1005412,36658897.6100,3,3.656044,1,2.519600,0
2010-10-20,sz.002227,36.0000,38.9800,35.5600,37.3800,36.6200,1680235,62875885.1700,3,6.109945,1,2.075400,0
2010-10-21,sz.002227,36.8000,37.6300,36.7000,36.9700,37.3800,1080745,40024036.9500,3,3.929982,1,-1.096800,0
2010-10-22,sz.002227,37.1000,37.8700,36.9900,37.2800,36.9700,968181,36196023.0800,3,3.520658,1,0.838500,0
2010-10-25,sz.002227,37.5500,38.9800,37.5500,38.4500,37.2800,1975426,76054634.2400,3,7.183367,1,3.138400,0
2010-10-26,sz.002227,38.2000,41.2000,37.6800,40.8200,38.4500,4510593,179065467.5200,3,16.402156,1,6.163800,0
2010-10-27,sz.002227,40.1800,40.2000,38.8100,39.1800,40.8200,2625446,103528716.6400,3,9.547076,1,-4.017600,0
2010-10-28,sz.002227,39.0000,39.3900,38.0000,38.4800,39.1800,1491394,57685779.2600,3,5.423251,1,-1.786600,0
2010-10-29,sz.002227,38.5500,39.2300,38.2300,38.5700,38.4800,1361366,52785262.1300,3,4.950422,1,0.233900,0
2010-11-01,sz.002227,38.5600,40.5400,38.1400,39.6500,38.5700,2686422,106279012.1200,3,9.768807,1,2.800100,0
2010-11-02,sz.002227,39.8000,41.2700,39.1900,39.9800,39.6500,3611009,145954875.5900,3,13.130942,1,0.832300,0
2010-11-03,sz.002227,39.9700,41.8500,39.2100,41.5900,39.9800,4144417,169139551.2800,3,15.070607,1,4.027000,0
2010-11-04,sz.002227,42.1200,43.5000,40.6100,42.0000,41.5900,5150841,216151026.4400,3,18.730331,1,0.985800,0
2010-11-05,sz.002227,42.0000,42.5300,41.1900,42.2500,42.0000,3477796,145579266.5600,3,12.646531,1,0.595200,0
2010-11-08,sz.002227,42.2500,43.5000,41.5000,41.8500,42.2500,2378389,100184610.1400,3,8.648687,1,-0.946700,0
2010-11-09,sz.002227,41.7700,41.8000,40.3500,40.6000,41.8500,2888561,117778573.2400,3,10.503858,1,-2.986900,0
2010-11-10,sz.002227,40.3500,41.4000,39.9000,40.3000,40.6000,1931212,78567542.3300,3,7.022589,1,-0.738900,0
2010-11-11,sz.002227,40.3000,41.2500,39.5000,39.9000,40.3000,2000087,81619036.3100,3,7.273044,1,-0.992600,0
2010-11-12,sz.002227,40.0000,40.2600,35.9100,35.9300,39.9000,3594304,135609959.1000,3,13.070196,1,-9.949900,0
2010-11-15,sz.002227,35.8000,37.0000,34.7400,36.8400,35.9300,1755351,63092474.4600,3,6.383095,1,2.532700,0
2010-11-16,sz.002227,36.6900,36.9000,34.7800,34.8500,36.8400,1631876,58398699.4000,3,5.934095,1,-5.401700,0
2010-11-17,sz.002227,34.5000,35.5200,34.1900,34.5400,34.8500,888336,31005592.2600,3,3.230313,1,-0.889500,0
2010-11-18,sz.002227,34.8000,36.3000,34.8000,35.1400,34.5400,898727,31685816.3000,3,3.268098,1,1.737100,0
2010-11-19,sz.002227,35.4000,36.1600,35.1000,36.1500,35.1400,1332261,47397430.8300,3,4.844585,1,2.874200,0
2010-11-22,sz.002227,36.1500,37.3600,35.8100,37.1000,36.1500,1518332,55896012.1300,3,5.521207,1,2.627900,0
2010-11-23,sz.002227,37.1500,37.2700,35.6000,36.4600,37.1000,1012922,36717891.4600,3,3.683353,1,-1.725100,0
2010-11-24,sz.002227,36.2800,37.2000,36.2000,37.1200,36.4600,994593,36633521.9200,3,3.616702,1,1.810200,0
2010-11-25,sz.002227,37.1500,37.4900,36.6500,36.6800,37.1200,1234521,45545893.4300,3,4.489167,1,-1.185300,0
2010-11-26,sz.002227,36.6900,37.5500,36.6900,36.9700,36.6800,1154684,42862253.6300,3,4.198851,1,0.790600,0
2010-11-29,sz.002227,36.8100,38.1400,36.6500,37.9000,36.9700,2037697,76340489.7800,3,7.409807,1,2.515600,0
2010-11-30,sz.002227,37.6500,37.9700,34.8000,36.4000,37.9000,1587446,57886492.3100,3,5.772531,1,-3.957800,0
2010-12-01,sz.002227,36.4200,37.4500,36.2200,36.5100,36.4000,812697,29922855.1700,3,2.955262,1,0.302200,0
2010-12-02,sz.002227,36.8500,37.2800,35.7100,36.1200,36.5100,1288434,46959772.1600,3,4.685215,1,-1.068200,0
2010-12-03,sz.002227,36.1300,36.1800,35.2000,35.4000,36.1200,747233,26552500.4000,3,2.717211,1,-1.993400,0
2010-12-06,sz.002227,35.4000,35.8400,34.2800,34.4500,35.4000,862852,29940407.9600,3,3.137644,1,-2.683600,0
2010-12-07,sz.002227,34.3000,35.0000,33.7000,34.6600,34.4500,643579,22059715.4300,3,2.340287,1,0.609600,0
2010-12-08,sz.002227,34.8800,34.9500,34.3800,34.4200,34.6600,518513,17959554.4400,3,1.885502,1,-0.692400,0
2010-12-09,sz.002227,34.4200,34.6000,33.2900,33.2900,34.4200,803324,27150248.1300,3,2.921178,1,-3.283000,0
2010-12-10,sz.002227,33.4000,34.0000,33.3200,33.8200,33.2900,499134,16801278.2600,3,1.815033,1,1.592100,0
2010-12-13,sz.002227,33.9900,35.2800,33.9900,35.1900,33.8200,986321,34261644.5000,3,3.586622,1,4.050900,0
2010-12-14,sz.002227,35.1900,35.8400,35.0300,35.4400,35.1900,756672,26774878.6100,3,2.751535,1,0.710400,0
2010-12-15,sz.002227,35.3000,35.6600,34.9300,35.0800,35.4400,1064441,37514097.1800,3,3.870695,1,-1.015800,0
2010-12-16,sz.002227,35.0000,35.3500,34.6300,34.7100,35.0800,712829,24878777.7200,3,2.592105,1,-1.054700,0
2010-12-17,sz.002227,34.7100,35.0000,34.6100,34.7100,34.7100,424000,14736975.7000,3,1.541818,1,0.000000,0
2010-12-20,sz.002227,35.1700,35.1700,33.5000,34.0800,34.7100,785929,26811275.3300,3,2.857924,1,-1.815000,0
2010-12-21,sz.002227,34.5000,35.3000,34.3000,34.8200,34.0800,764613,26665470.5900,3,2.780411,1,2.171400,0
2010-12-22,sz.002227,34.7000,34.9400,33.5700,33.7000,34.8200,1284008,43618430.5600,3,4.669120,1,-3.216500,0
2010-12-23,sz.002227,33.9300,34.0000,32.4300,32.4900,33.7000,1215839,40053302.4500,3,4.421233,1,-3.590500,0
2010-12-24,sz.002227,32.1300,32.6500,31.3000,31.8900,32.4900,692523,22043425.9200,3,2.518265,1,-1.846700,0
2010-12-27,sz.002227,32.0000,32.5600,30.0800,30.4000,31.8900,860169,27070937.6300,3,3.127887,1,-4.672300,0
2010-12-28,sz.002227,30.9100,30.9200,29.0000,29.7900,30.4000,656055,19483602.8500,3,2.385655,1,-2.006600,0
2010-12-29,sz.002227,30.1000,30.3500,29.6100,30.1000,29.7900,614774,18456289.2700,3,2.235542,1,1.040600,0
2010-12-30,sz.002227,30.1800,30.6300,29.8900,30.4900,30.1000,897761,27265492.2000,3,3.264585,1,1.295700,0
2010-12-31,sz.002227,30.6000,31.1100,30.5500,31.1100,30.4900,764062,23572224.1400,3,2.778407,1,2.033500,0
2011-01-04,sz.002227,31.1200,31.9800,31.1200,31.6500,31.1100,799733,25248036.8300,3,2.908120,1,1.735800,0
2011-01-05,sz.002227,31.6800,31.9800,31.0000,31.7400,31.6500,943330,29799168.1300,3,3.430291,1,0.284400,0
2011-01-06,sz.002227,31.8000,31.9800,31.2600,31.2600,31.7400,589370,18546536.1200,3,2.143164,1,-1.512300,0
2011-01-07,sz.002227,31.2600,31.5900,30.6000,30.7300,31.2600,624210,19368333.5300,3,2.269855,1,-1.695500,0
2011-01-10,sz.002227,31.0200,31.3000,29.6800,29.7400,30.7300,585620,17830447.9100,3,2.129527,1,-3.221600,0
2011-01-11,sz.002227,29.5000,29.9200,29.2100,29.6600,29.7400,449165,13241730.2200,3,1.633327,1,-0.269000,0
2011-01-12,sz.002227,29.6600,30.0600,29.2500,29.5400,29.6600,375392,11116227.1300,3,1.365062,1,-0.404600,0
2011-01-13,sz.002227,29.8500,29.9900,29.3100,29.6600,29.5400,343606,10174696.8200,3,1.249476,1,0.406200,0
2011-01-14,sz.002227,29.6000,29.6000,28.6000,28.6600,29.6600,484330,13978425.8000,3,1.761200,1,-3.371500,0
2011-01-17,sz.002227,28.5100,28.5100,26.8200,27.0200,28.6600,597216,16394847.1000,3,2.171695,1,-5.722300,0
2011-01-18,sz.002227,27.0000,27.3000,26.5800,27.2400,27.0200,333226,9010698.2400,3,1.211731,1,0.814200,0
2011-01-19,sz.002227,27.6000,27.8000,27.0200,27.5900,27.2400,347490,9557181.9100,3,1.263600,1,1.284900,0
2011-01-20,sz.002227,27.6800,28.1800,26.8100,26.8200,27.5900,632240,17396127.7000,3,2.299055,1,-2.790900,0
2011-01-21,sz.002227,26.7200,27.4000,26.5000,27.2700,26.8200,578313,15637216.4800,3,2.102956,1,1.677900,0
2011-01-24,sz.002227,27.2000,27.6800,26.8100,27.0000,27.2700,420526,11459497.1400,3,1.529185,1,-0.990100,0
2011-01-25,sz.002227,26.8000,27.3500,26.7000,26.9900,27.0000,251692,6763468.6600,3,0.915244,1,-0.037000,0
2011-01-26,sz.002227,27.0900,27.7800,27.0900,27.7400,26.9900,489494,13477084.0600,3,1.779978,1,2.778800,0
2011-01-27,sz.002227,27.7000,28.4000,27.3900,28.2700,27.7400,597569,16726823.5500,3,2.172978,1,1.910600,0
2011-01-28,sz.002227,28.3300,28.3300,27.8500,28.1000,28.2700,482726,13571059.3900,3,1.755367,1,-0.601300,0
2011-01-31,sz.002227,28.1000,28.5500,28.0900,28.4000,28.1000,424101,12030228.2600,3,1.542185,1,1.067600,0
2011-02-01,sz.002227,28.6800,28.6800,28.0100,28.4000,28.4000,333086,9497457.5500,3,1.211222,1,0.000000,0
2011-02-09,sz.002227,28.3000,28.3000,27.0000,27.6300,28.4000,386751,10801807.5900,3,1.406367,1,-2.711300,0
2011-02-10,sz.002227,27.2100,28.4700,27.1400,28.4500,27.6300,465363,13007841.6900,3,1.692229,1,2.967800,0
2011-02-11,sz.002227,28.2500,29.5900,28.2500,29.2900,28.4500,725867,21235448.3600,3,2.639516,1,2.952500,0
2011-02-14,sz.002227,29.4400,29.9900,29.0800,29.7900,29.2900,848730,25078487.1700,3,3.086291,1,1.707100,0
2011-02-15,sz.002227,29.7900,30.0600,29.4000,29.8100,29.7900,882783,26296066.3200,3,3.210120,1,0.067100,0
2011-02-16,sz.002227,29.5900,30.1500,29.5900,30.1200,29.8100,887087,26486608.8100,3,3.225771,1,1.039900,0
2011-02-17,sz.002227,31.3000,33.1300,31.3000,33.1300,30.1200,3167792,103036963.6800,3,11.519244,1,9.993400,0
2011-02-18,sz.002227,33.5800,34.5000,32.5500,32.6000,33.1300,3171437,106702027.0200,3,11.532498,1,-1.599800,0
2011-02-21,sz.002227,32.3700,33.6400,31.8800,33.1500,32.6000,1759779,57861484.4000,3,6.399196,1,1.687100,0
2011-02-22,sz.002227,33.1500,33.5500,31.5700,31.6000,33.1500,1618460,52185202.5800,3,5.885309,1,-4.675700,0
2011-02-23,sz.002227,31.6500,32.1500,31.5500,31.7000,31.6000,771137,24497592.6300,3,2.804135,1,0.316500,0
2011-02-24,sz.002227,31.7000,32.1200,31.3100,31.8000,31.7000,691147,21925176.4000,3,2.513262,1,0.315500,0
2011-02-25,sz.002227,31.8000,32.5000,31.4300,32.4500,31.8000,960350,30800891.1300,3,3.492182,1,2.044000,0
2011-02-28,sz.002227,32.4600,32.7000,31.7000,32.4900,32.4500,674807,21769553.2300,3,2.453844,1,0.123300,0
2011-03-01,sz.002227,32.5800,34.0000,32.5300,32.9900,32.4900,1448384,48148060.3400,3,5.266851,1,1.538935,0
2011-03-02,sz.002227,32.6000,32.7800,31.0000,32.1800,32.9900,875279,28085281.1700,3,3.182833,1,-2.455300,0
2011-03-03,sz.002227,34.5000,35.4000,34.5000,35.4000,32.1800,1734075,61250483.6800,3,6.305727,1,10.006200,0
2011-03-04,sz.002227,36.9900,36.9900,34.8000,35.6400,35.4000,5642693,202611178.6500,3,20.518884,1,0.678000,0
2011-03-07,sz.002227,35.0100,35.5900,34.7600,35.0300,35.6400,2709623,95055670.4900,3,9.853175,1,-1.711600,0
2011-03-08,sz.002227,34.5800,35.6300,34.5500,34.9800,35.0300,1940279,68236523.1900,3,7.055560,1,-0.142700,0
2011-03-09,sz.002227,34.8800,34.9500,34.0000,34.7700,34.9800,1742855,60010138.5700,3,6.337655,1,-0.600300,0
2011-03-10,sz.002227,34.5000,34.6500,33.9600,33.9600,34.7700,994871,34092917.7700,3,3.617713,1,-2.329600,0
2011-03-11,sz.002227,33.5100,34.5000,33.4500,33.8600,33.9600,934900,31923066.9200,3,3.399636,1,-0.294500,0
2011-03-14,sz.002227,33.8000,33.8300,33.0600,33.7500,33.8600,971593,32524067.5400,3,3.533065,1,-0.324900,0
2011-03-15,sz.002227,33.3000,33.7800,31.0000,32.3000,33.7500,1369680,44453853.3500,3,4.980655,1,-4.296300,0
2011-03-16,sz.002227,32.7000,33.2000,32.0000,32.9900,32.3000,993127,32447937.6200,3,3.611371,1,2.136200,0
2011-03-17,sz.002227,31.9900,32.4600,31.3000,31.3500,32.9900,1290124,40990141.7700,3,4.691360,1,-4.971200,0
2011-03-18,sz.002227,32.0000,32.3300,31.7300,31.8900,31.3500,763999,24474735.6200,3,2.778178,1,1.722500,0
2011-03-21,sz.002227,31.5500,32.4000,31.4000,32.1500,31.8900,678426,21707253.9000,3,2.467004,1,0.815300,0
2011-03-22,sz.002227,32.1000,32.2500,31.3500,31.9000,32.1500,589873,18747153.9800,3,2.144993,1,-0.777600,0
2011-03-23,sz.002227,32.1500,32.8000,32.1500,32.6600,31.9000,951329,30860784.2000,3,3.459378,1,2.382400,0
2011-03-24,sz.002227,32.7100,32.7100,32.1300,32.1500,32.6600,653294,21124721.2000,3,2.375615,1,-1.561500,0
2011-03-25,sz.002227,32.0800,32.4000,31.6600,31.7000,32.1500,944885,30087921.6900,3,3.435945,1,-1.399700,0
2011-03-28,sz.002227,31.7200,32.3600,31.2000,31.4200,31.7000,945138,29864543.7300,3,3.436865,1,-0.883300,0
2011-03-29,sz.002227,31.4200,31.4200,30.0000,30.3000,31.4200,1270793,38677019.1900,3,4.621065,1,-3.564600,0
2011-03-30,sz.002227,30.1000,30.4400,30.0100,30.1700,30.3000,488254,14732001.1600,3,1.775469,1,-0.429000,0
2011-03-31,sz.002227,30.0000,30.5500,29.7500,30.1800,30.1700,569648,17150640.4900,3,2.071447,1,0.033100,0
2011-04-01,sz.002227,29.9800,30.3900,29.9100,30.3200,30.1800,400542,12100255.2700,3,1.456516,1,0.463900,0
2011-04-06,sz.002227,30.2900,30.3000,29.3400,29.4800,30.3200,659357,19533915.2300,3,2.397662,1,-2.770400,0
2011-04-07,sz.002227,29.4800,29.8800,29.4800,29.8700,29.4800,518041,15419748.4800,3,1.883785,1,1.322900,0
2011-04-08,sz.002227,29.9700,30.7400,29.5700,30.7400,29.8700,746901,22596754.2800,3,2.716004,1,2.912600,0
2011-04-11,sz.002227,30.7500,31.2300,30.2300,30.3400,30.7400,752355,23194624.2000,3,2.735836,1,-1.301200,0
2011-04-12,sz.002227,29.9000,30.3400,29.3600,29.5600,30.3400,675640,20105808.8200,3,2.456873,1,-2.570900,0
2011-04-13,sz.002227,29.5000,29.7600,28.7000,29.7300,29.5600,659811,19232126.2400,3,2.399313,1,0.575100,0
2011-04-14,sz.002227,29.7000,29.8600,29.3900,29.5200,29.7300,426673,12635450.9700,3,1.551538,1,-0.706400,0
2011-04-15,sz.002227,29.5200,29.6900,28.8800,28.9200,29.5200,506245,14730870.3500,3,1.840891,1,-2.032500,0
2011-04-18,sz.002227,28.9100,29.5900,28.6200,29.2900,28.9200,583779,16968437.7500,3,2.122833,1,1.279400,0
2011-04-19,sz.002227,29.3000,29.3000,28.7400,28.7400,29.2900,392332,11319574.3800,3,1.426662,1,-1.877800,0
2011-04-20,sz.002227,28.7000,29.0900,28.6000,28.8200,28.7400,415190,11943584.3700,3,1.509782,1,0.278400,0
2011-04-21,sz.002227,28.9900,29.1900,28.9100,29.1700,28.8200,581442,16892913.4600,3,2.114335,1,1.214400,0
2011-04-22,sz.002227,29.1700,29.1700,29.1700,29.1700,29.1700,0,0.0000,3,,0,0.000000,0
2011-04-25,sz.002227,28.0000,28.8800,28.0000,28.1400,29.1700,545461,15356647.5800,3,1.983495,1,-3.531000,0
2011-04-26,sz.002227,28.1000,28.1000,26.8200,27.0000,28.1400,647626,17590870.3200,3,2.355004,1,-4.051200,0
2011-04-27,sz.002227,26.9000,27.4800,26.5700,26.7800,27.0000,276201,7453663.6100,3,1.004367,1,-0.814800,0
2011-04-28,sz.002227,26.7000,27.3900,25.8000,25.8800,26.7800,407718,10807198.0600,3,1.482611,1,-3.360700,0
2011-04-29,sz.002227,25.8800,26.5800,25.8600,26.5500,25.8800,329919,8633957.9600,3,1.199705,1,2.588900,0
2011-05-03,sz.002227,26.5500,27.4000,26.5500,27.1800,26.5500,336369,9071052.7300,3,1.223160,1,2.372900,0
2011-05-04,sz.002227,27.1900,27.1900,26.1200,26.1500,27.1800,371935,9869161.9500,3,1.352491,1,-3.789600,0
2011-05-05,sz.002227,26.0000,26.3100,25.5000,25.5000,26.1500,380877,9831653.6800,3,1.385007,1,-2.485700,0
2011-05-06,sz.002227,25.1000,25.9000,25.0000,25.6800,25.5000,370892,9412938.8600,3,0.341594,1,0.705900,0
2011-05-09,sz.002227,25.7500,28.0000,25.7500,27.2000,25.6800,760309,20719052.9700,3,0.700249,1,5.919000,0
2011-05-10,sz.002227,27.0900,27.1900,26.7000,27.0400,27.2000,363194,9762743.2300,3,0.334504,1,-0.588200,0
2011-05-11,sz.002227,27.1300,27.2800,26.8200,27.1800,27.0400,354873,9622504.6100,3,0.326840,1,0.517800,0
2011-05-12,sz.002227,27.1500,27.1500,26.6000,26.6500,27.1800,273433,7342493.7500,3,0.251833,1,-1.950000,0
2011-05-13,sz.002227,26.6000,27.1000,26.5900,26.8000,26.6500,236264,6333121.1400,3,0.217601,1,0.562900,0
2011-05-16,sz.002227,26.9500,27.0400,26.2200,26.3500,26.8000,275754,7381811.0900,3,0.253971,1,-1.679100,0
2011-05-17,sz.002227,26.3500,26.6700,25.6100,26.0600,26.3500,273557,7128527.9800,3,0.251948,1,-1.100600,0
2011-05-18,sz.002227,26.1900,26.4700,26.0100,26.1600,26.0600,145845,3828478.0300,3,0.134324,1,0.383700,0
2011-05-19,sz.002227,26.4500,26.6100,25.9000,25.9100,26.1600,259761,6770952.4000,3,0.239241,1,-0.955700,0
2011-05-20,sz.002227,25.9100,26.2300,25.7000,25.7000,25.9100,182166,4715943.6000,3,0.167776,1,-0.810500,0
2011-05-23,sz.002227,25.7000,26.0900,25.0100,25.0800,25.7000,280997,7109511.4400,3,0.258800,1,-2.412500,0
2011-05-24,sz.002227,25.0200,25.0500,24.0000,24.6000,25.0800,347282,8501900.5300,3,0.319849,1,-1.913900,0
2011-05-25,sz.002227,24.4900,25.0400,24.2100,24.2700,24.5000,176349,4331368.6000,3,0.162418,1,-0.938800,0
2011-05-26,sz.002227,24.3000,24.7200,24.0000,24.1400,24.2700,322275,7822855.1500,3,0.296817,1,-0.535600,0
2011-05-27,sz.002227,24.4000,24.4000,23.2100,23.3800,24.1400,301964,7095407.1000,3,0.278111,1,-3.148300,0
2011-05-30,sz.002227,23.0900,23.5000,23.0000,23.2700,23.3800,212069,4947238.9100,3,0.195317,1,-0.470500,0
2011-05-31,sz.002227,23.4800,23.8600,23.0800,23.8200,23.2700,305817,7168387.6700,3,0.281659,1,2.363600,0
2011-06-01,sz.002227,23.8200,24.4200,23.4300,24.1300,23.8200,316314,7623278.7900,3,0.291327,1,1.301400,0
2011-06-02,sz.002227,24.1300,24.1300,23.2400,23.4000,24.1300,317677,7498511.8300,3,0.292582,1,-3.025300,0
2011-06-03,sz.002227,23.5000,23.7700,23.3000,23.6900,23.4000,220487,5214554.1100,3,0.203070,1,1.239300,0
2011-06-07,sz.002227,23.5900,24.0500,23.2000,23.9000,23.6900,252942,6021519.6300,3,0.232961,1,0.886400,0
2011-06-08,sz.002227,23.9000,24.1000,23.6400,24.0900,23.9000,307812,7354659.1900,3,0.283497,1,0.795000,0
2011-06-09,sz.002227,24.0000,24.0500,23.2800,23.3300,24.0900,308000,7274857.7000,3,0.283670,1,-3.154800,0
2011-06-10,sz.002227,23.3300,23.5700,23.0300,23.2500,23.3300,192586,4483164.8700,3,0.177373,1,-0.342900,0
2011-06-13,sz.002227,22.9100,23.4100,22.9000,23.1000,23.2500,171266,3953180.0500,3,0.157737,1,-0.645200,0
2011-06-14,sz.002227,23.1000,23.9500,23.1000,23.6600,23.1000,282628,6645377.0400,3,0.260302,1,2.424200,0
2011-06-15,sz.002227,23.5000,23.6500,23.3600,23.3700,23.6600,184862,4336874.2200,3,0.170259,1,-1.225700,0
2011-06-16,sz.002227,23.5500,25.7100,23.0100,25.7100,23.3700,1047346,26488792.7700,3,0.964612,1,10.012800,0
2011-06-17,sz.002227,26.0000,26.3500,25.0000,25.4300,25.7100,1861106,47927317.6100,3,1.714089,1,-1.089100,0
2011-06-20,sz.002227,25.0100,25.4300,24.3000,24.4000,25.4300,1070870,26387891.9800,3,0.986277,1,-4.050300,0
2011-06-21,sz.002227,24.4000,26.8400,24.3000,26.8400,24.4000,3130719,82157264.5500,3,2.883410,1,10.000000,0
2011-06-22,sz.002227,26.9800,27.0400,26.1000,26.3500,26.8400,2222529,58828840.2200,3,2.046962,1,-1.825600,0
2011-06-23,sz.002227,26.0500,26.9600,26.0500,26.6900,26.3500,1867318,49705489.9000,3,1.719811,1,1.290300,0
2011-06-24,sz.002227,26.2000,27.8000,26.1500,27.1500,26.6900,2287016,61710653.7800,3,2.106355,1,1.723500,0
2011-06-27,sz.002227,26.8000,27.5000,26.6000,27.3600,27.1500,1805888,48993195.4200,3,1.663233,1,0.773500,0
2011-06-28,sz.002227,27.3700,27.3900,26.7000,27.0800,27.3600,1118082,30152516.3000,3,1.029760,1,-1.023400,0
2011-06-29,sz.002227,27.0600,27.4300,26.7000,26.7000,27.0800,873272,23608108.6800,3,0.804289,1,-1.403200,0
2011-06-30,sz.002227,26.5100,27.1800,26.5000,26.8200,26.7000,852899,22926216.9500,3,0.785525,1,0.449400,0
2011-07-01,sz.002227,26.8800,27.9700,26.7000,27.2000,26.8200,1500463,41282157.5700,3,1.381935,1,1.416900,0
2011-07-04,sz.002227,27.2200,28.8000,27.0300,27.8200,27.2000,1881193,52722163.9100,3,1.732590,1,2.279400,0
2011-07-05,sz.002227,27.8400,27.9200,27.3400,27.5600,27.8200,1126438,31036540.4600,3,1.037456,1,-0.934600,0
2011-07-06,sz.002227,27.5200,27.5600,26.7800,27.3100,27.5600,956788,25956087.5700,3,0.881207,1,-0.907100,0
2011-07-07,sz.002227,27.2000,27.5500,27.0900,27.1100,27.3100,881077,24095984.2600,3,0.811477,1,-0.732300,0
2011-07-08,sz.002227,27.0100,27.2100,26.6100,26.7700,27.1100,630797,16913341.2000,3,0.580968,1,-1.254150,0
2011-07-11,sz.002227,26.7000,27.7700,26.5500,27.4300,26.7700,920078,25158015.4300,3,0.847397,1,2.465400,0
2011-07-12,sz.002227,27.0100,27.1800,26.5700,26.5800,27.4300,727716,19481155.5400,3,0.670231,1,-3.098800,0
2011-07-13,sz.002227,26.5000,27.0500,26.5000,27.0200,26.5800,543356,14594599.8200,3,0.500434,1,1.655400,0
2011-07-14,sz.002227,27.0200,27.4500,27.0200,27.3800,27.0200,901117,24545286.2600,3,0.829934,1,1.332300,0
2011-07-15,sz.002227,27.5800,28.7900,27.5000,27.9100,27.3800,2292777,64706692.8300,3,2.111661,1,1.935700,0
2011-07-18,sz.002227,28.1700,28.5800,27.5500,27.8600,27.9100,1082749,30239172.3000,3,0.997218,1,-0.179100,0
2011-07-19,sz.002227,27.6600,27.8000,26.7400,26.8800,27.8600,792313,21440408.4300,3,0.729725,1,-3.517600,0
2011-07-20,sz.002227,27.5000,27.5700,26.7000,27.0100,26.8800,453499,12246933.0200,3,0.417675,1,0.483600,0
2011-07-21,sz.002227,27.0000,27.0000,26.2000,26.2400,27.0100,687510,18178417.1500,3,0.633201,1,-2.850800,0
2011-07-22,sz.002227,26.2500,26.6500,26.1800,26.3300,26.2400,506290,13362835.5100,3,0.466296,1,0.343000,0
2011-07-25,sz.002227,26.0000,26.2000,24.5000,24.6600,26.3300,780326,19698937.5000,3,0.718685,1,-6.342600,0
2011-07-26,sz.002227,24.6500,24.9500,24.5500,24.8700,24.6600,293558,7261739.7600,3,0.270369,1,0.851600,0
2011-07-27,sz.002227,24.6100,25.1700,24.5500,25.0500,24.8700,479701,11982231.7700,3,0.441807,1,0.723800,0
2011-07-28,sz.002227,24.8500,24.9000,24.0000,24.6800,25.0500,419970,10286407.8100,3,0.386795,1,-1.477000,0
2011-07-29,sz.002227,24.7500,24.7500,24.3000,24.3900,24.6800,271717,6667106.0000,3,0.250253,1,-1.175000,0
2011-08-01,sz.002227,24.3700,24.7900,24.2000,24.4800,24.3900,279011,6848380.4100,3,0.256971,1,0.369000,0
2011-08-02,sz.002227,24.2400,24.3900,23.5800,24.3400,24.4800,478063,11445072.6200,3,0.440299,1,-0.571900,0
2011-08-03,sz.002227,24.0600,25.0700,23.6100,24.8000,24.3400,635361,15626087.6600,3,0.585171,1,1.889900,0
2011-08-04,sz.002227,24.8000,25.4300,24.7000,24.9900,24.8000,475142,11915035.2800,3,0.437609,1,0.766100,0
2011-08-05,sz.002227,23.8500,24.3800,23.6100,24.3000,24.9900,608538,14729975.8900,3,0.560467,1,-2.761100,0
2011-08-08,sz.002227,24.0100,24.2400,21.8700,24.0000,24.3000,822885,18910101.1100,3,0.757882,1,-1.234600,0
2011-08-09,sz.002227,23.0100,24.0300,22.0600,24.0000,24.0000,786350,18085296.2300,3,0.724233,1,0.000000,0
2011-08-10,sz.002227,24.3200,26.4000,24.3200,25.0700,24.0000,2333159,60390606.4500,3,2.148853,1,4.458300,0
2011-08-11,sz.002227,24.0000,24.7300,23.7000,24.6600,25.0700,1570779,38107143.1200,3,1.446697,1,-1.635400,0
2011-08-12,sz.002227,24.8900,25.1800,24.7000,24.7900,24.6600,924305,23064641.7400,3,0.851290,1,0.527200,0
2011-08-15,sz.002227,24.6000,25.6700,24.6000,25.2800,24.7900,972042,24578224.3600,3,0.895256,1,1.976600,0
2011-08-16,sz.002227,25.2800,25.5800,24.6800,24.7600,25.2800,798893,19933161.3900,3,0.735785,1,-2.057000,0
2011-08-17,sz.002227,24.4000,24.6000,24.0000,24.2200,24.7600,598711,14564130.0900,3,0.551416,1,-2.180900,0
2011-08-18,sz.002227,24.3000,24.8000,24.0100,24.6100,24.2200,1011443,24732160.5400,3,0.931545,1,1.610200,0
2011-08-19,sz.002227,24.2200,24.4700,23.9000,24.2500,24.6100,557003,13487845.8400,3,0.513003,1,-1.462800,0
2011-08-22,sz.002227,24.2400,24.4000,23.3200,23.4500,24.2500,481678,11505577.8300,3,0.443628,1,-3.299000,0
2011-08-23,sz.002227,24.8800,25.8000,24.8800,25.8000,23.4500,1840504,47407333.1000,3,1.695115,1,10.021300,0
2011-08-24,sz.002227,26.8000,26.8000,25.7800,26.3700,25.8000,3934482,103171336.7900,3,3.623681,1,2.209300,0
2011-08-25,sz.002227,26.2000,26.2100,25.5600,26.0300,26.3700,1833855,47469794.4500,3,1.688991,1,-1.289300,0
2011-08-26,sz.002227,25.9000,26.4600,25.7600,26.1100,26.0300,1338739,34969662.7100,3,1.232986,1,0.307337,0
2011-08-29,sz.002227,25.8200,25.9500,25.4200,25.5000,26.1100,777903,19923185.3900,3,0.716453,1,-2.336300,0
2011-08-30,sz.002227,25.6000,26.0000,25.2000,25.2500,25.5000,700228,17968800.9900,3,0.644914,1,-0.980400,0
2011-08-31,sz.002227,25.1000,25.4300,24.5000,24.6800,25.2500,720694,17942383.6000,3,0.663763,1,-2.257400,0
2011-09-01,sz.002227,24.6800,24.9000,24.5000,24.5800,24.6800,509845,12571983.6000,3,0.469570,1,-0.405200,0
2011-09-02,sz.002227,24.5000,24.6300,24.0200,24.2000,24.5800,606079,14674154.5100,3,0.558202,1,-1.546000,0
2011-09-05,sz.002227,24.2500,25.5000,24.0000,24.5500,24.2000,1211482,30118484.7300,3,1.115782,1,1.446300,0
2011-09-06,sz.002227,24.2100,24.3300,23.4100,23.5700,24.5500,792975,18873049.1200,3,0.730335,1,-3.991900,0
2011-09-07,sz.002227,24.1000,24.6600,23.6500,24.3700,23.5700,594262,14365786.8300,3,0.547319,1,3.394100,0
2011-09-08,sz.002227,24.4000,24.5500,23.7500,23.7600,24.3700,582451,14046356.9600,3,0.536441,1,-2.503080,0
2011-09-09,sz.002227,23.5100,24.0000,23.3300,23.4300,23.7600,415549,9800313.3100,3,0.382723,1,-1.388900,0
2011-09-13,sz.002227,23.1300,23.1300,22.7500,22.9700,23.4300,285141,6541277.4900,3,0.262617,1,-1.963300,0
2011-09-14,sz.002227,23.2100,23.4500,22.8800,23.4500,22.9700,245435,5689468.9200,3,0.226047,1,2.089700,0
2011-09-15,sz.002227,23.4600,24.4100,23.2500,23.5500,23.4500,405815,9688476.6200,3,0.373758,1,0.426400,0
2011-09-16,sz.002227,23.5500,23.9500,23.5000,23.6300,23.5500,296981,7047774.3500,3,0.273521,1,0.339700,0
2011-09-19,sz.002227,23.5500,23.5500,22.7000,22.7800,23.6300,410948,9433437.5500,3,0.378485,1,-3.597100,0
2011-09-20,sz.002227,22.8900,23.2500,22.7800,23.0000,22.7800,223642,5148184.3800,3,0.205976,1,0.965800,0
2011-09-21,sz.002227,23.2800,23.7500,23.0100,23.7000,23.0000,586969,13775787.8400,3,0.540602,1,3.043500,0
2011-09-22,sz.002227,23.6000,24.3800,23.2300,23.2500,23.7000,1112896,26687348.8100,3,1.024984,1,-1.898700,0
2011-09-23,sz.002227,22.9100,23.1800,22.0100,23.1500,23.2500,525479,11900266.4400,3,0.483969,1,-0.430100,0
2011-09-26,sz.002227,23.2200,23.2800,22.5100,22.6200,23.1500,325111,7445893.4300,3,0.299429,1,-2.289400,0
2011-09-27,sz.002227,22.7600,23.1500,22.5300,22.8700,22.6200,323015,7377705.9500,3,0.297499,1,1.105200,0
2011-09-28,sz.002227,23.1900,23.2000,22.5100,22.6500,22.8700,236910,5393007.7300,3,0.218195,1,-0.962000,0
2011-09-29,sz.002227,22.8000,23.1800,22.1300,22.2300,22.6500,322005,7200870.5500,3,0.296568,1,-1.854300,0
2011-09-30,sz.002227,22.0000,22.6700,21.1300,21.2700,22.2300,426731,9162134.6300,3,0.393022,1,-4.318500,0
2011-10-10,sz.002227,21.4200,21.6000,20.8000,20.9100,21.2700,231867,4897815.7400,3,0.213551,1,-1.692500,0
2011-10-11,sz.002227,21.3300,21.5000,20.4300,20.7800,20.9100,273583,5750991.3300,3,0.251972,1,-0.621700,0
2011-10-12,sz.002227,20.4500,21.4200,20.4400,21.3600,20.7800,345055,7287596.9600,3,0.317798,1,2.791100,0
2011-10-13,sz.002227,21.5800,21.8000,21.3100,21.6800,21.3600,431058,9304565.9000,3,0.397007,1,1.498100,0
2011-10-14,sz.002227,21.7200,21.7200,21.2100,21.3900,21.6800,287154,6133840.3900,3,0.264470,1,-1.337600,0
2011-10-17,sz.002227,21.6600,21.7200,21.4500,21.6100,21.3900,339881,7334119.5300,3,0.313032,1,1.028500,0
2011-10-18,sz.002227,21.3000,21.7500,21.2000,21.5300,21.6100,536162,11543867.4300,3,0.493808,1,-0.370200,0
2011-10-19,sz.002227,21.3300,21.8000,21.3300,21.6800,21.5300,390626,8468796.3000,3,0.359769,1,0.696700,0
2011-10-20,sz.002227,21.4500,21.5700,20.6800,21.4900,21.6800,626435,13216535.3600,3,0.576950,1,-0.876400,0
2011-10-21,sz.002227,21.1900,21.4900,20.9000,21.3600,21.4900,187838,3986757.2100,3,0.173000,1,-0.604900,0
2011-10-24,sz.002227,21.3700,21.3900,20.5100,21.3300,21.3600,309934,6536804.6500,3,0.285451,1,-0.140400,0
2011-10-25,sz.002227,20.9200,22.1000,20.9200,22.0400,21.3300,649122,14080504.3100,3,0.597845,1,3.328600,0
2011-10-26,sz.002227,22.2000,24.1000,22.1000,22.2500,22.0400,1411737,32001085.7400,3,1.300218,1,0.952800,0
2011-10-27,sz.002227,22.4800,22.4800,21.8700,22.0000,22.2500,782330,17263864.5900,3,0.720530,1,-1.123600,0
2011-10-28,sz.002227,22.2200,22.8500,22.0100,22.7800,22.0000,968916,21677943.7500,3,0.892377,1,3.545500,0
2011-10-31,sz.002227,22.7000,23.2500,22.4200,23.1900,22.7800,1078236,24752777.2200,3,0.993062,1,1.799800,0
2011-11-01,sz.002227,23.0000,24.3000,22.8100,23.9900,23.1900,2237685,53369692.0200,3,2.060921,1,3.449800,0
2011-11-02,sz.002227,23.6400,24.4400,23.0400,24.3900,23.9900,1443350,34807113.7500,3,1.329334,1,1.667400,0
2011-11-03,sz.002227,24.3900,24.4600,23.7300,23.8000,24.3900,1863240,44897837.5300,3,1.716055,1,-2.419000,0
2011-11-04,sz.002227,23.6000,23.9600,23.1000,23.5000,23.8000,1147030,26906256.0600,3,1.056421,1,-1.260500,0
2011-11-07,sz.002227,23.3300,23.7000,23.3000,23.5900,23.5000,259920,6110352.7200,3,0.239388,1,0.383000,0
2011-11-08,sz.002227,23.6100,23.8500,23.2000,23.4900,23.5900,557693,13130787.9300,3,0.513638,1,-0.423900,0
2011-11-09,sz.002227,23.5400,23.8300,22.9000,23.8100,23.4900,521255,12226821.5400,3,0.480079,1,1.362300,0
2011-11-10,sz.002227,23.7100,23.7100,23.1800,23.2500,23.8100,717001,16694544.6000,3,0.660362,1,-2.352000,0
2011-11-11,sz.002227,23.9800,24.8400,23.7300,23.8000,23.2500,1686502,41054370.2600,3,1.553278,1,2.365600,0
2011-11-14,sz.002227,26.0000,26.1800,26.0000,26.1800,23.8000,1982809,51886055.1800,3,1.826179,1,10.000000,0
2011-11-15,sz.002227,28.8000,28.8000,28.8000,28.8000,26.1800,1352651,38956348.8000,3,1.245799,1,10.007600,0
2011-11-16,sz.002227,31.2900,31.2900,29.7100,30.3700,28.8000,11904415,362147404.4300,3,10.964035,1,5.451400,0
2011-11-17,sz.002227,30.0300,30.2900,29.3000,29.5000,30.3700,5603719,166699126.7000,3,5.161058,1,-2.864700,0
2011-11-18,sz.002227,29.6000,30.1000,28.5500,28.6000,29.5000,6146870,181253675.5400,3,5.661303,1,-3.050800,0
2011-11-21,sz.002227,27.8900,28.3500,27.5000,28.0900,28.6000,4084185,113917803.2500,3,3.761558,1,-1.783200,0
2011-11-22,sz.002227,27.8000,29.1800,27.1100,28.4000,28.0900,5530712,156038498.8100,3,5.093818,1,1.103600,0
2011-11-23,sz.002227,28.0000,28.1900,27.1700,27.1800,28.4000,3715725,102664640.2900,3,3.422204,1,-4.295800,0
2011-11-24,sz.002227,26.7000,27.3500,26.3900,27.1200,27.1800,2876382,77163996.4500,3,2.649164,1,-0.220800,0
2011-11-25,sz.002227,26.8000,27.1800,26.0600,26.2000,27.1200,2320461,61741400.5200,3,2.137158,1,-3.392300,0
2011-11-28,sz.002227,26.2300,26.7500,26.2000,26.3800,26.2000,1695445,44799605.6900,3,1.561515,1,0.687000,0
2011-11-29,sz.002227,26.8000,26.9500,25.8900,26.8800,26.3800,2681685,70844487.9300,3,2.469847,1,1.895400,0
2011-11-30,sz.002227,26.5000,26.8200,24.1900,24.2000,26.8800,3261774,82072096.7000,3,3.004113,1,-9.970200,0
2011-12-01,sz.002227,25.1500,25.3700,24.3000,24.3500,24.2000,2767052,69140403.2000,3,2.548471,1,0.619800,0
2011-12-02,sz.002227,24.4000,25.5000,23.8000,24.8600,24.3500,2746875,68099664.5800,3,2.529888,1,2.094500,0
2011-12-05,sz.002227,24.4600,25.3800,23.9900,24.8800,24.8600,1968305,48847492.8500,3,1.812820,1,0.080500,0
2011-12-06,sz.002227,24.2600,25.2500,23.7300,25.1600,24.8800,2149312,52614745.3200,3,1.979529,1,1.125400,0
2011-12-07,sz.002227,24.9700,26.3800,24.7900,26.0000,25.1600,3299459,84589087.6400,3,3.038821,1,3.338600,0
2011-12-08,sz.002227,25.6800,26.9500,25.2500,25.7200,26.0000,2986132,77816512.6400,3,2.750245,1,-1.076900,0
2011-12-09,sz.002227,25.4400,25.6800,24.5100,24.5200,25.7200,1970058,49148484.6400,3,1.814435,1,-4.665600,0
2011-12-12,sz.002227,24.5700,25.4700,24.5300,24.9400,24.5200,1592656,39915568.2200,3,1.466845,1,1.712900,0
2011-12-13,sz.002227,24.4000,24.5600,22.8300,23.2400,24.9400,1801465,42367184.6000,3,1.659160,1,-6.816400,0
2011-12-14,sz.002227,22.9800,23.4000,22.2400,22.3500,23.2400,1062880,24322884.5600,3,0.978919,1,-3.829600,0
2011-12-15,sz.002227,21.9700,22.9000,21.9000,22.0000,22.3500,1244942,27880359.5900,3,1.146599,1,-1.566000,0
2011-12-16,sz.002227,22.0500,22.8300,21.9700,22.7800,22.0000,1223625,27428289.1900,3,1.126966,1,3.545500,0
2011-12-19,sz.002227,22.4200,23.4800,22.1200,23.3000,22.7800,1763462,40595453.1600,3,1.624159,1,2.282700,0
2011-12-20,sz.002227,23.3000,23.3000,23.3000,23.3000,23.3000,0,0.0000,3,,0,0.000000,0
2011-12-21,sz.002227,23.6700,23.7700,22.7000,22.7100,23.3000,1730284,40117669.9800,3,1.593602,1,-2.532200,0
2011-12-22,sz.002227,22.7600,22.9200,20.6300,21.9000,22.7100,1777491,38619682.0900,3,1.637080,1,-3.566700,0
2011-12-23,sz.002227,21.4900,22.3000,21.4900,21.7600,21.9000,973484,21338339.0100,3,0.896584,1,-0.639300,0
2011-12-26,sz.002227,21.4500,22.0000,21.2000,21.2600,21.7600,581240,12594011.6800,3,0.535325,1,-2.297800,0
2011-12-27,sz.002227,21.3000,21.5800,20.6000,21.3900,21.2600,1128478,23845497.6500,3,1.039335,1,0.611500,0
2011-12-28,sz.002227,21.2800,22.3900,21.0000,22.3200,21.3900,1908601,42057056.6400,3,1.757833,1,4.347800,0
2011-12-29,sz.002227,22.0600,22.2700,21.7000,21.9000,22.3200,1154712,25338236.9500,3,1.063496,1,-1.881700,0
2011-12-30,sz.002227,22.3000,23.2600,22.3000,22.4200,21.9000,1398164,31696794.2900,3,1.287717,1,2.374400,0
2012-01-04,sz.002227,22.3000,22.6600,21.4400,21.4400,22.4200,1135288,25270620.2500,3,1.045607,1,-4.371100,0
2012-01-05,sz.002227,21.8000,21.8000,19.4000,19.5500,21.4400,1291701,26402355.4600,3,1.189664,1,-8.815300,0
2012-01-06,sz.002227,19.3300,19.7900,17.8200,19.0100,19.5500,1098200,20387839.5000,3,1.011449,1,-2.762100,0
2012-01-09,sz.002227,18.8700,19.7600,18.2200,19.7300,19.0100,1123536,21581694.8100,3,1.034783,1,3.787500,0
2012-01-10,sz.002227,19.3200,20.9500,19.3200,20.6600,19.7300,1428339,29112949.8300,3,1.315508,1,4.713600,0
2012-01-11,sz.002227,20.6000,22.7300,20.3000,21.8000,20.6600,3552764,78292359.0200,3,3.272116,1,5.517900,0
2012-01-12,sz.002227,21.2400,21.5000,21.0500,21.2000,21.8000,1973201,41953404.4300,3,1.817330,1,-2.752300,0
2012-01-13,sz.002227,21.3000,21.3500,19.7800,19.9200,21.2000,1635446,33249310.7100,3,1.506255,1,-6.037700,0
2012-01-16,sz.002227,19.6000,19.7000,18.6600,18.9100,19.9200,871538,16780595.0300,3,0.802692,1,-5.070300,0
2012-01-17,sz.002227,19.1700,20.2800,18.6500,20.2000,18.9100,1189527,23281039.0600,3,1.095561,1,6.821800,0
2012-01-18,sz.002227,20.2000,20.8800,19.6000,19.6000,20.2000,1253024,25392719.0100,3,1.154042,1,-2.970300,0
2012-01-19,sz.002227,19.5300,19.8800,18.9500,19.4100,19.6000,690266,13385221.7900,3,0.635739,1,-0.969400,0
2012-01-20,sz.002227,19.3700,19.9600,19.2100,19.6000,19.4100,687741,13499719.6900,3,0.633413,1,0.978900,0
2012-01-30,sz.002227,19.9100,19.9100,19.5000,19.6300,19.6000,446127,8801508.4100,3,0.410886,1,0.153100,0
2012-01-31,sz.002227,19.5500,19.7700,19.4000,19.4800,19.6300,538855,10501982.5300,3,0.496289,1,-0.764100,0
2012-02-01,sz.002227,19.6900,21.0700,19.5300,20.1300,19.4800,2154041,44253558.9700,3,1.983884,1,3.336800,0
2012-02-02,sz.002227,19.9100,20.4000,19.6600,20.3800,20.1300,1397028,28035370.1500,3,1.286671,1,1.241900,0
2012-02-03,sz.002227,20.4900,20.8400,20.3000,20.5600,20.3800,1143420,23535819.5900,3,1.053096,1,0.883200,0
2012-02-06,sz.002227,20.7500,21.3400,20.3600,20.6200,20.5600,1398826,29085197.9200,3,1.288327,1,0.291800,0
2012-02-07,sz.002227,20.5800,21.0000,20.1100,20.9200,20.6200,1671723,34644439.1300,3,1.539667,1,1.454900,0
2012-02-08,sz.002227,20.7500,21.7700,20.5300,21.5000,20.9200,2010896,42884817.4000,3,1.852047,1,2.772500,0
2012-02-09,sz.002227,21.2500,21.6700,21.2500,21.3800,21.5000,1713954,36693074.8700,3,1.578562,1,-0.558100,0
2012-02-10,sz.002227,21.3900,21.5400,21.1100,21.3900,21.3800,1095792,23385927.3100,3,1.009231,1,0.046800,0
2012-02-13,sz.002227,21.3200,21.7000,21.1000,21.6800,21.3900,1613233,34563172.0700,3,1.485797,1,1.355800,0
2012-02-14,sz.002227,21.6600,22.2000,21.4200,21.5800,21.6800,1571278,34320012.6700,3,1.447156,1,-0.461300,0
2012-02-15,sz.002227,21.4700,22.0000,21.2200,21.8100,21.5800,1245883,26994663.7200,3,1.147465,1,1.065800,0
2012-02-16,sz.002227,21.6800,22.1200,21.4500,21.6400,21.8100,1342472,29223465.2900,3,1.236424,1,-0.779500,0
2012-02-17,sz.002227,21.6600,22.1600,21.6000,21.8500,21.6400,1294337,28374689.9900,3,1.192092,1,0.970400,0
2012-02-20,sz.002227,22.0000,22.1700,21.8600,21.9300,21.8500,1360393,29916682.3900,3,1.252930,1,0.366100,0
2012-02-21,sz.002227,22.0000,22.5000,21.3100,22.3100,21.9300,2084951,45932849.4600,3,1.920252,1,1.732800,0
2012-02-22,sz.002227,22.0000,22.6700,22.0000,22.6500,22.3100,2316083,51862288.5800,3,2.133126,1,1.524000,0
2012-02-23,sz.002227,22.6500,22.6500,22.6500,22.6500,22.6500,0,0.0000,3,,0,0.000000,0
2012-02-24,sz.002227,24.7500,24.7500,23.6000,24.1400,22.6500,4156282,99952370.1800,3,3.827960,1,6.578400,0
2012-02-27,sz.002227,23.8000,24.2800,23.6900,23.7200,24.1400,2704546,64448583.1600,3,2.490903,1,-1.739900,0
2012-02-28,sz.002227,23.7000,23.7000,22.7200,23.1200,23.7200,1805704,41905268.9900,3,1.663064,1,-2.529500,0
2012-02-29,sz.002227,22.8800,23.4000,22.8000,22.9300,23.1200,1039488,24040972.3500,3,0.957374,1,-0.821800,0
2012-03-01,sz.002227,22.9800,23.4500,22.8000,23.1400,22.9300,847233,19601098.3600,3,0.780307,1,0.915800,0
2012-03-02,sz.002227,23.1600,23.5000,23.0500,23.3700,23.1400,976989,22735389.8500,3,0.899813,1,0.993900,0
2012-03-05,sz.002227,23.4200,24.3500,23.2800,24.0800,23.3700,2226983,52894440.9500,3,2.051064,1,3.038100,0
2012-03-06,sz.002227,24.2000,24.3900,23.3500,23.4500,24.0800,1907435,45447249.6200,3,1.756759,1,-2.616300,0
2012-03-07,sz.002227,23.0800,23.7900,22.7000,23.4500,23.4500,1380030,31961314.6200,3,1.271016,1,0.000000,0
2012-03-08,sz.002227,23.7800,23.8700,23.3100,23.4200,23.4500,1149567,27057361.3900,3,1.058758,1,-0.127900,0
2012-03-09,sz.002227,23.4200,23.6500,23.2000,23.5100,23.4200,942805,22090699.5200,3,0.868329,1,0.384300,0
2012-03-12,sz.002227,23.5600,23.9800,23.5000,23.6400,23.5100,1014255,24044019.6000,3,0.934135,1,0.553000,0
2012-03-13,sz.002227,23.5400,24.2000,23.5400,23.9500,23.6400,1393177,33358539.4800,3,1.283124,1,1.311300,0
2012-03-14,sz.002227,24.0300,24.1900,22.0000,22.2000,23.9500,2055122,47632000.1700,3,1.892779,1,-7.306900,0
2012-03-15,sz.002227,22.2000,22.3800,21.1800,21.4800,22.2000,1012397,21923858.9200,3,0.932424,1,-3.243200,0
2012-03-16,sz.002227,21.4700,21.9600,21.3300,21.9400,21.4800,903785,19589677.4300,3,0.832391,1,2.141500,0
2012-03-19,sz.002227,21.9500,24.0900,21.7000,23.2000,21.9400,2221581,51120226.5700,3,2.046089,1,5.742900,0
2012-03-20,sz.002227,22.9000,22.9400,22.4000,22.4600,23.2000,1091775,24786552.5000,3,1.005531,1,-3.189700,0
2012-03-21,sz.002227,22.4600,22.8800,21.9800,22.6100,22.4600,931289,20921000.7600,3,0.857723,1,0.667900,0
2012-03-22,sz.002227,22.4000,22.7700,22.3100,22.4900,22.6100,607597,13683319.0600,3,0.559600,1,-0.530700,0
2012-03-23,sz.002227,22.3800,22.4200,21.6600,21.7700,22.4900,653383,14346671.4500,3,0.601770,1,-3.201400,0
2012-03-26,sz.002227,22.0600,22.5900,21.8800,22.4400,21.7700,1082669,24233827.3600,3,0.997144,1,3.077600,0
2012-03-27,sz.002227,22.5300,23.0000,22.4000,22.7000,22.4400,1364635,31137556.8000,3,1.256837,1,1.158600,0
2012-03-28,sz.002227,22.6500,24.1000,22.6500,23.4000,22.7000,3412108,79959228.5300,3,3.142571,1,3.083700,0
2012-03-29,sz.002227,23.0900,25.2200,21.1900,24.6800,23.4000,4259701,102065484.5000,3,3.923209,1,5.470100,0
2012-03-30,sz.002227,24.4000,26.2800,24.2000,25.3800,24.6800,3133898,80237115.8700,3,2.886338,1,2.836300,0
2012-04-05,sz.002227,25.4000,25.5000,24.1500,25.3900,25.3800,2033275,50927962.6000,3,1.872658,1,0.039400,0
2012-04-06,sz.002227,25.4800,26.6300,25.0100,26.0500,25.3900,2465275,63690030.6500,3,2.270533,1,2.599400,0
2012-04-09,sz.002227,25.8600,25.8600,24.9300,25.7500,26.0500,1597050,40609587.6800,3,1.470892,1,-1.151600,0
2012-04-10,sz.002227,25.7300,25.7300,24.5000,25.4800,25.7500,1394780,35074074.7300,3,1.284600,1,-1.048500,0
2012-04-11,sz.002227,25.2000,26.4600,25.1300,25.8400,25.4800,1970263,51056255.0500,3,1.814624,1,1.412900,0
2012-04-12,sz.002227,25.8800,25.8800,25.4000,25.6800,25.8400,1319020,33770795.9900,3,1.214825,1,-0.619200,0
2012-04-13,sz.002227,25.9000,26.2900,25.3600,25.6900,25.6800,1041117,26873841.1200,3,0.958875,1,0.038900,0
2012-04-16,sz.002227,25.4800,25.4800,24.5500,25.3600,25.6900,1061979,26612390.0900,3,0.978089,1,-1.284500,0
2012-04-17,sz.002227,25.3000,26.5700,25.1200,26.3700,25.3600,2877645,75075050.2800,3,2.650328,1,3.982600,0
2012-04-18,sz.002227,26.5000,27.1700,25.9500,27.0000,26.3700,2464340,66200851.3700,3,2.269671,1,2.389100,0
2012-04-19,sz.002227,28.0000,29.7000,26.1100,26.1600,27.0000,5498892,151969748.2600,3,5.064511,1,-3.111100,0
2012-04-20,sz.002227,25.2000,25.7800,24.7200,24.9800,26.1600,3754127,94522597.6000,3,3.457573,1,-4.510700,0
2012-04-23,sz.002227,24.7000,25.5000,23.6000,24.3000,24.9800,2297070,56140276.9600,3,2.115615,1,-2.722200,0
2012-04-24,sz.002227,23.7300,24.5000,23.1000,23.9100,24.3000,1414334,33591402.4500,3,1.302610,1,-1.604900,0
2012-04-25,sz.002227,23.9500,23.9500,23.3700,23.9500,23.9100,1299138,30698668.0100,3,1.196514,1,0.167300,0
2012-04-26,sz.002227,23.9700,24.2000,23.5000,23.5600,23.9500,836121,19864424.0100,3,0.770072,1,-1.628400,0
2012-04-27,sz.002227,23.5700,23.6900,23.3400,23.6700,23.5600,657056,15457751.5900,3,0.605152,1,0.466900,0
2012-05-02,sz.002227,24.0000,24.0400,23.6600,23.8100,23.6700,834742,19877399.1100,3,0.768802,1,0.591500,0
2012-05-03,sz.002227,23.8100,23.8100,23.4500,23.6600,23.8100,793619,18741383.8900,3,0.730928,1,-0.630000,0
2012-05-04,sz.002227,23.8000,24.1500,23.5500,24.0300,23.6600,880026,21040576.0700,3,0.810509,1,1.563800,0
2012-05-07,sz.002227,23.8900,24.5600,23.7200,24.4000,24.0300,991108,24054677.6000,3,0.912816,1,1.539700,0
2012-05-08,sz.002227,24.4200,24.5400,24.0900,24.1900,24.4000,755567,18310835.2500,3,0.695882,1,-0.860700,0
2012-05-09,sz.002227,24.0100,24.0100,23.6000,23.6500,24.1900,571765,13582469.2000,3,0.526599,1,-2.232300,0
2012-05-10,sz.002227,23.6400,24.0000,23.5000,23.7900,23.6500,437699,10401904.0400,3,0.403123,1,0.592000,0
2012-05-11,sz.002227,23.7900,24.1100,23.5500,23.5700,23.7900,418170,9963032.4000,3,0.385137,1,-0.924800,0
2012-05-14,sz.002227,23.6300,23.8800,23.4500,23.4700,23.5700,451980,10658467.3300,3,0.416276,1,-0.424300,0
2012-05-15,sz.002227,23.4700,23.4700,22.6800,22.7900,23.4700,733413,16843173.6400,3,0.675478,1,-2.897300,0
2012-05-16,sz.002227,22.7900,22.7900,22.7900,22.7900,22.7900,0,0.0000,3,,0,0.000000,0
2012-05-17,sz.002227,22.4500,23.1900,22.4500,22.7300,22.7900,1121375,25374173.6300,3,1.032793,1,-0.263300,0
2012-05-18,sz.002227,22.7200,22.8900,21.9400,22.0300,22.7300,984358,21992920.5200,3,0.906599,1,-3.079600,0
2012-05-21,sz.002227,22.1600,22.3900,21.7100,21.7600,22.0300,378511,8292350.5600,3,0.348611,1,-1.225600,0
2012-05-22,sz.002227,21.8200,22.1600,21.7800,21.9800,21.7600,363203,7973179.8100,3,0.334512,1,1.011000,0
2012-05-23,sz.002227,21.9900,22.3700,21.7200,22.3400,21.9800,430530,9497627.7800,3,0.396521,1,1.637900,0
2012-05-24,sz.002227,22.3000,22.3600,21.8800,21.9300,22.3400,458571,10134084.7200,3,0.422347,1,-1.835300,0
2012-05-25,sz.002227,21.7600,22.2000,21.5000,21.5100,21.9300,377701,8208037.8300,3,0.347865,1,-1.915200,0
2012-05-28,sz.002227,21.2700,21.7500,20.7300,21.7300,21.5100,404973,8618182.8500,3,0.372982,1,1.022800,0
2012-05-29,sz.002227,21.7300,22.3900,21.5600,22.2800,21.7300,1220450,26835066.0700,3,1.124042,1,2.531100,0
2012-05-30,sz.002227,22.2500,22.5500,21.9700,22.2600,22.1800,949907,21156048.1100,3,0.874870,1,0.360700,0
2012-05-31,sz.002227,22.2000,22.7100,22.0300,22.4400,22.2600,790223,17779341.5600,3,0.727800,1,0.808600,0
2012-06-01,sz.002227,22.8000,23.1900,22.3800,22.5100,22.4400,962552,21949511.0400,3,0.886516,1,0.311900,0
2012-06-04,sz.002227,22.1100,22.2600,21.6200,21.7100,22.5100,723828,15769052.0300,3,0.666650,1,-3.554000,0
2012-06-05,sz.002227,21.7200,21.9200,21.4000,21.5000,21.7100,392785,8492831.1200,3,0.361757,1,-0.967300,0
2012-06-06,sz.002227,21.5900,21.7200,21.4900,21.5100,21.5000,218793,4722522.6700,3,0.201510,1,0.046500,0
2012-06-07,sz.002227,21.8200,21.8900,21.2000,21.3300,21.5100,279282,6011222.4400,3,0.257220,1,-0.836800,0
2012-06-08,sz.002227,21.6400,21.7000,21.1800,21.2400,21.3300,265279,5680388.1300,3,0.244323,1,-0.421900,0
2012-06-11,sz.002227,21.2500,21.6900,21.1800,21.4900,21.2400,376945,8092307.8500,3,0.347169,1,1.177000,0
2012-06-12,sz.002227,21.3600,21.6800,21.3600,21.5100,21.4900,327461,7062157.5400,3,0.301593,1,0.093100,0
2012-06-13,sz.002227,21.4000,21.7200,21.4000,21.7200,21.5100,387227,8367841.8200,3,0.356638,1,0.976300,0
2012-06-14,sz.002227,21.7300,21.9500,21.6100,21.6500,21.7200,468558,10226614.7400,3,0.431545,1,-0.322300,0
2012-06-15,sz.002227,21.8900,21.8900,21.0000,21.3600,21.6500,361776,7741087.8800,3,0.333198,1,-1.339500,0
2012-06-18,sz.002227,21.3500,21.8800,21.3500,21.6300,21.3600,389758,8428674.9200,3,0.358969,1,1.264000,0
2012-06-19,sz.002227,21.6500,21.8100,21.3000,21.4200,21.6300,283766,6096667.5400,3,0.261350,1,-0.970900,0
2012-06-20,sz.002227,21.4300,21.6000,21.2300,21.2900,21.4200,232904,4975918.5100,3,0.214506,1,-0.606900,0
2012-06-21,sz.002227,21.3800,21.3800,21.1000,21.1400,21.2900,208041,4404681.4200,3,0.191607,1,-0.704600,0
2012-06-25,sz.002227,21.0000,21.1800,19.9500,19.9700,21.1400,331779,6783109.1700,3,0.305570,1,-5.534500,0
2012-06-26,sz.002227,19.9400,20.0100,19.2500,19.7400,19.9700,345127,6764926.8000,3,0.317864,1,-1.151700,0
2012-06-27,sz.002227,19.7000,19.9900,19.5000,19.6600,19.7400,246187,4875556.4000,3,0.226740,1,-0.405300,0
2012-06-28,sz.002227,19.6700,19.8700,19.1800,19.1800,19.6600,193541,3778002.9500,3,0.178252,1,-2.441500,0
2012-06-29,sz.002227,19.2400,19.5200,18.7600,19.4500,19.1800,197218,3781325.5700,3,0.181639,1,1.407700,0
2012-07-02,sz.002227,19.6600,19.9900,19.4500,19.7800,19.4500,211130,4169096.8600,3,0.194452,1,1.696700,0
2012-07-03,sz.002227,19.8200,19.9500,19.6500,19.8000,19.7800,225348,4460687.8000,3,0.207547,1,0.101100,0
2012-07-04,sz.002227,19.9200,20.5500,19.6000,20.4000,19.8000,574453,11541139.4000,3,0.529075,1,3.030300,0
2012-07-05,sz.002227,20.1100,20.2100,19.6000,19.6500,20.4000,346223,6843275.3700,3,0.318873,1,-3.676500,0
2012-07-06,sz.002227,20.2400,20.2400,19.4700,20.0600,19.6500,384016,7646500.1500,3,0.353681,1,2.086500,0
2012-07-09,sz.002227,19.7200,21.0000,19.7200,20.2000,20.0600,849443,17378199.3000,3,0.782342,1,0.697900,0
2012-07-10,sz.002227,20.4400,20.4400,19.6300,19.6900,20.2000,644248,12818537.6300,3,0.593356,1,-2.524800,0
2012-07-11,sz.002227,19.6000,19.6500,19.2200,19.4000,19.6900,300500,5835699.7100,3,0.276762,1,-1.472800,0
2012-07-12,sz.002227,19.4500,19.7500,19.2600,19.7300,19.4000,185286,3622068.9000,3,0.170649,1,1.701000,0
2012-07-13,sz.002227,19.7100,19.8500,19.4200,19.4400,19.7300,205798,4029663.9300,3,0.189541,1,-1.469800,0
2012-07-16,sz.002227,19.4000,19.4000,18.0700,18.1600,19.4400,355822,6680540.0500,3,0.327714,1,-6.584400,0
2012-07-17,sz.002227,18.1500,18.7000,18.1000,18.3600,18.1600,156788,2871313.5200,3,0.144403,1,1.101300,0
2012-07-18,sz.002227,18.3600,18.5700,18.1500,18.5600,18.3600,193218,3551047.8900,3,0.177955,1,1.089300,0
2012-07-19,sz.002227,18.6500,18.9600,18.4000,18.8200,18.5600,291960,5494595.4100,3,0.268897,1,1.400900,0
2012-07-20,sz.002227,18.8200,18.8600,18.5800,18.6000,18.8200,187487,3510747.1600,3,0.172677,1,-1.169000,0
2012-07-23,sz.002227,18.4900,18.5000,18.0000,18.2400,18.6000,144862,2641399.8500,3,0.133419,1,-1.935500,0
2012-07-24,sz.002227,18.0500,18.4300,18.0000,18.2100,18.2400,145944,2662098.1600,3,0.134415,1,-0.164500,0
2012-07-25,sz.002227,18.4000,18.6300,18.0700,18.4500,18.2100,304319,5592154.4900,3,0.280280,1,1.318000,0
2012-07-26,sz.002227,18.4900,18.5900,18.3900,18.3900,18.4500,181210,3349461.2200,3,0.166895,1,-0.325200,0
2012-07-27,sz.002227,18.3900,18.7400,18.3900,18.5000,18.3900,196144,3642079.0900,3,0.180650,1,0.598200,0
2012-07-30,sz.002227,18.2400,18.6900,18.1000,18.1700,18.5000,159025,2903560.0000,3,0.146463,1,-1.783800,0
2012-07-31,sz.002227,18.1800,18.3800,16.6100,17.1900,18.1700,226736,3940799.9600,3,0.208825,1,-5.393500,0
2012-08-01,sz.002227,17.1500,17.9800,17.1500,17.5700,17.1900,220914,3893912.1500,3,0.203463,1,2.210600,0
2012-08-02,sz.002227,17.6700,18.9100,17.6700,18.1000,17.5700,556427,10232978.2400,3,0.512472,1,3.016500,0
2012-08-03,sz.002227,18.0000,18.2600,17.6100,18.2500,18.1000,247723,4469255.1200,3,0.228154,1,0.828700,0
2012-08-06,sz.002227,17.9100,18.5800,17.9000,18.5400,18.2500,396432,7298456.0000,3,0.365116,1,1.589000,0
2012-08-07,sz.002227,18.4900,18.8000,18.3000,18.7500,18.5400,400303,7456956.0900,3,0.368681,1,1.132700,0
2012-08-08,sz.002227,18.7400,18.8300,18.6000,18.6500,18.7500,336580,6294032.9400,3,0.309992,1,-0.533300,0
2012-08-09,sz.002227,18.4500,18.7800,18.4500,18.6600,18.6500,329379,6120476.3700,3,0.303360,1,0.053600,0
2012-08-10,sz.002227,18.6700,19.9700,18.5200,19.1200,18.6600,868122,16851165.4200,3,0.799545,1,2.465200,0
2012-08-13,sz.002227,19.0000,19.0000,18.4600,18.4700,19.1200,446312,8305889.7600,3,0.411056,1,-3.399600,0
2012-08-14,sz.002227,18.6600,18.6600,18.0300,18.4000,18.4700,265695,4851012.6400,3,0.244707,1,-0.379000,0
2012-08-15,sz.002227,18.3900,18.4800,18.2800,18.3200,18.4000,156247,2867681.0200,3,0.143904,1,-0.434800,0
2012-08-16,sz.002227,18.1200,18.4100,18.1200,18.1500,18.3200,149200,2721504.0100,3,0.137414,1,-0.927900,0
2012-08-17,sz.002227,18.1500,18.3200,17.9500,18.1700,18.1500,144823,2618301.8900,3,0.133383,1,0.110200,0
2012-08-20,sz.002227,18.2600,18.2600,17.7600,18.0400,18.1700,102572,1847247.9000,3,0.094469,1,-0.715500,0
2012-08-21,sz.002227,18.0100,18.3000,17.6900,18.2000,18.0400,342663,6202453.4500,3,0.315595,1,0.886900,0
2012-08-22,sz.002227,18.0300,18.4000,17.8700,17.9100,18.2000,242650,4399621.8700,3,0.223482,1,-1.593400,0
2012-08-23,sz.002227,17.9500,18.0000,17.2200,17.7300,17.9100,353441,6227437.3800,3,0.325521,1,-1.005000,0
2012-08-24,sz.002227,17.7400,18.6900,17.5200,18.6400,17.7300,975091,17902095.8100,3,0.898064,1,5.132500,0
2012-08-27,sz.002227,18.6600,19.4300,18.6300,19.2000,18.6400,2206972,42300764.7600,3,2.032634,1,3.004300,0
2012-08-28,sz.002227,18.9200,18.9900,18.5100,18.9400,19.2000,916385,17180058.7800,3,0.843996,1,-1.354200,0
2012-08-29,sz.002227,18.6700,18.9600,18.5100,18.9000,18.9400,739869,13866433.8400,3,0.681424,1,-0.211200,0
2012-08-30,sz.002227,18.7000,18.9900,18.4000,18.4900,18.9000,553038,10321090.9900,3,0.509351,1,-2.169312,0
2012-08-31,sz.002227,18.6100,19.0000,18.5300,18.7600,18.4900,440758,8293743.7000,3,0.405941,1,1.460200,0
2012-09-03,sz.002227,18.6900,19.8100,18.5500,19.5000,18.7600,792639,15209862.7100,3,0.730025,1,3.944600,0
2012-09-04,sz.002227,19.3800,19.3900,18.6300,18.6300,19.5000,752696,14295710.0400,3,0.693237,1,-4.461500,0
2012-09-05,sz.002227,18.6700,19.4500,18.5900,19.0300,18.6300,746153,14241740.4800,3,0.687211,1,2.147100,0
2012-09-06,sz.002227,18.9100,19.3500,18.9000,19.1100,19.0300,698769,13329854.9800,3,0.643570,1,0.420400,0
2012-09-07,sz.002227,19.2300,19.8000,19.1800,19.5800,19.1100,1120899,21893236.1000,3,1.032354,1,2.459400,0
2012-09-10,sz.002227,19.6900,20.8900,19.4800,20.4800,19.5800,1961445,40053732.2600,3,1.806502,1,4.596500,0
2012-09-11,sz.002227,20.2800,20.4500,19.8800,20.2000,20.4800,770487,15494920.5100,3,0.709623,1,-1.367200,0
2012-09-12,sz.002227,20.4500,20.6100,20.0100,20.4500,20.2000,651252,13261906.7300,3,0.599807,1,1.237600,0
2012-09-13,sz.002227,20.6000,20.6300,19.6700,19.6700,20.4500,661563,13264485.0100,3,0.609303,1,-3.814200,0
2012-09-14,sz.002227,19.8000,19.9600,19.5100,19.6100,19.6700,477165,9395642.4800,3,0.439472,1,-0.305000,0
2012-09-17,sz.002227,19.5500,19.8300,18.6800,18.7900,19.6100,460750,8828916.9800,3,0.424353,1,-4.181500,0
2012-09-18,sz.002227,18.7900,18.8500,18.3000,18.4000,18.7900,304331,5671098.0800,3,0.280291,1,-2.075600,0
2012-09-19,sz.002227,18.6800,18.7300,18.4000,18.6500,18.4000,176170,3270265.6000,3,0.162254,1,1.358700,0
2012-09-20,sz.002227,18.6300,18.6400,17.8300,17.8800,18.6500,257717,4688673.2400,3,0.237359,1,-4.128700,0
2012-09-21,sz.002227,17.9400,18.0800,17.6400,17.7000,17.8800,264029,4713186.8100,3,0.243172,1,-1.006700,0
2012-09-24,sz.002227,17.7000,17.9800,17.3500,17.9800,17.7000,314219,5564664.1200,3,0.289398,1,1.581900,0
2012-09-25,sz.002227,17.6700,18.0000,17.6200,17.6900,17.9800,187286,3335751.7100,3,0.172491,1,-1.612900,0
2012-09-26,sz.002227,17.7000,17.9900,17.3100,17.3300,17.6900,221000,3879659.1600,3,0.203542,1,-2.035000,0
2012-09-27,sz.002227,17.3300,17.8200,17.2200,17.6300,17.3300,267110,4677557.0600,3,0.246010,1,1.731100,0
2012-09-28,sz.002227,17.6400,17.9700,17.5300,17.9200,17.6300,196513,3507825.8800,3,0.180990,1,1.644900,0
2012-10-08,sz.002227,17.9200,18.1800,17.7500,17.8800,17.9200,200376,3594082.3400,3,0.184547,1,-0.223200,0
2012-10-09,sz.002227,17.8500,18.3400,17.8300,18.2700,17.8800,270821,4928488.5100,3,0.249428,1,2.181200,0
2012-10-10,sz.002227,18.2500,18.4600,18.1000,18.4600,18.2700,343178,6298131.7200,3,0.316069,1,1.040000,0
2012-10-11,sz.002227,18.3800,18.4000,17.9600,17.9800,18.4600,270023,4896398.5700,3,0.248693,1,-2.600200,0
2012-10-12,sz.002227,18.1300,18.2600,17.7600,18.0600,17.9800,178221,3217032.1300,3,0.164143,1,0.444900,0
2012-10-15,sz.002227,18.1000,18.2800,17.5000,17.6900,18.0600,216049,3816679.4000,3,0.198982,1,-2.048700,0
2012-10-16,sz.002227,17.6900,17.9500,17.6200,17.7600,17.6900,138443,2464792.9900,3,0.127507,1,0.395700,0
2012-10-17,sz.002227,17.9000,18.3600,17.5900,18.1500,17.7600,221803,3990497.0300,3,0.204282,1,2.195900,0
2012-10-18,sz.002227,18.0800,18.3300,17.9300,18.3300,18.1500,298612,5442692.4200,3,0.275023,1,0.991700,0
2012-10-19,sz.002227,18.2600,18.4500,18.1300,18.1600,18.3300,191698,3491967.7400,3,0.176555,1,-0.927442,0
2012-10-22,sz.002227,18.1600,18.3800,18.0000,18.2000,18.1600,243867,4433383.1600,3,0.224603,1,0.220300,0
2012-10-23,sz.002227,18.1400,18.3700,18.1400,18.2500,18.2000,250606,4577601.3700,3,0.230810,1,0.274700,0
2012-10-24,sz.002227,18.1900,18.2000,17.9500,17.9700,18.2500,185591,3354998.3600,3,0.170930,1,-1.534200,0
2012-10-25,sz.002227,18.4200,19.7700,18.3400,19.7700,17.9700,1542542,30004780.8500,3,1.420690,1,10.016700,0
2012-10-26,sz.002227,20.0100,20.0100,18.8100,18.9000,19.7700,2071242,39908019.6200,3,1.907626,1,-4.400600,0
2012-10-29,sz.002227,18.6000,19.2000,18.5800,19.0500,18.9000,776964,14658574.5200,3,0.715588,1,0.793700,0
2012-10-30,sz.002227,19.0600,19.2800,18.2300,18.2600,19.0500,904838,16923378.2200,3,0.833361,1,-4.147000,0
2012-10-31,sz.002227,17.8800,19.0600,17.8800,18.5000,18.2600,664399,12021058.8700,3,0.611915,1,1.314300,0
2012-11-01,sz.002227,18.3700,18.9500,18.2800,18.6600,18.5000,697458,12973474.6600,3,0.642363,1,0.864900,0
2012-11-02,sz.002227,18.6500,18.8000,18.4800,18.5600,18.6600,470101,8727048.0600,3,0.432966,1,-0.535900,0
2012-11-05,sz.002227,18.5300,18.6700,18.2600,18.3700,18.5600,324904,5989392.7500,3,0.299238,1,-1.023700,0
2012-11-06,sz.002227,18.5800,19.9900,18.5800,18.9700,18.3700,1858858,36042478.4400,3,1.712019,1,3.266200,0
2012-11-07,sz.002227,18.5500,19.2800,18.3500,19.1800,18.9700,1146852,21633262.1300,3,1.056257,1,1.107000,0
2012-11-08,sz.002227,18.5000,18.9600,18.5000,18.5200,19.1800,555872,10402771.4400,3,0.511961,1,-3.441100,0
2012-11-09,sz.002227,18.4100,18.7000,17.8300,17.8900,18.5200,585960,10677728.5000,3,0.539673,1,-3.401700,0
2012-11-12,sz.002227,17.8900,18.4000,17.8900,18.2000,17.8900,406187,7356834.3400,3,0.374101,1,1.732800,0
2012-11-13,sz.002227,18.2300,18.2800,17.5600,17.5600,18.2000,456139,8115091.3300,3,0.420107,1,-3.516500,0
2012-11-14,sz.002227,17.5600,17.7800,17.3300,17.4200,17.5600,328743,5749775.6500,3,0.302774,1,-0.797300,0
2012-11-15,sz.002227,17.4800,17.5600,17.0500,17.0800,17.4200,273614,4753369.8800,3,0.252000,1,-1.951800,0
2012-11-16,sz.002227,17.7700,17.7700,16.8000,17.1800,17.0800,134980,2308702.3000,3,0.124317,1,0.585500,0
2012-11-19,sz.002227,16.8800,17.5800,16.8800,17.2000,17.1800,163566,2811303.3400,3,0.150645,1,0.116400,0
2012-11-20,sz.002227,17.3200,17.4600,17.1800,17.2000,17.2000,188400,3265642.4100,3,0.173517,1,0.000000,0
2012-11-21,sz.002227,17.2200,17.3800,17.1000,17.3500,17.2000,156598,2697960.5700,3,0.144228,1,0.872100,0
2012-11-22,sz.002227,17.4000,17.6600,17.2000,17.3800,17.3500,164908,2868143.3200,3,0.151881,1,0.172900,0
2012-11-23,sz.002227,17.3700,17.4000,17.0000,17.3200,17.3800,175603,3034832.2900,3,0.161731,1,-0.345200,0
2012-11-26,sz.002227,17.2000,17.2600,16.9200,16.9500,17.3200,205121,3496170.1100,3,0.188918,1,-2.136300,0
2012-11-27,sz.002227,16.9000,16.9000,15.8800,16.0000,16.9500,422494,6854190.0100,3,0.389119,1,-5.604700,0
2012-11-28,sz.002227,16.0000,16.2500,15.6000,15.7100,16.0000,184764,2912334.1500,3,0.170169,1,-1.812500,0
2012-11-29,sz.002227,15.5700,15.8100,14.9100,15.0000,15.7100,212190,3251177.2900,3,0.195428,1,-4.519400,0
2012-11-30,sz.002227,15.1500,15.1500,14.3000,14.7200,15.0000,557666,8171442.7600,3,0.513614,1,-1.866700,0
2012-12-03,sz.002227,14.6800,14.8500,13.8500,13.8800,14.7200,307290,4445204.4000,3,0.283016,1,-5.706500,0
2012-12-04,sz.002227,13.8700,13.8800,13.2000,13.8100,13.8800,482091,6525878.0600,3,0.444009,1,-0.504300,0
2012-12-05,sz.002227,13.7000,14.6000,13.6200,14.4600,13.8100,470017,6742222.0000,3,0.432888,1,4.706700,0
2012-12-06,sz.002227,14.8000,14.8000,14.2300,14.4100,14.4600,236064,3407944.6100,3,0.217416,1,-0.345800,0
2012-12-07,sz.002227,14.3500,14.8200,14.2700,14.7400,14.4100,371050,5436538.7600,3,0.341739,1,2.290100,0
2012-12-10,sz.002227,14.8000,15.3000,14.7700,15.1600,14.7400,493865,7449894.3600,3,0.454853,1,2.849400,0
2012-12-11,sz.002227,15.2900,15.7500,15.2000,15.2600,15.1600,598869,9213112.7100,3,0.551562,1,0.659600,0
2012-12-12,sz.002227,14.8000,15.2500,14.7000,15.0600,15.2600,438768,6554411.1100,3,0.404108,1,-1.310600,0
2012-12-13,sz.002227,14.9000,15.0600,14.6100,14.7500,15.0600,342209,5074697.3700,3,0.315176,1,-2.058400,0
2012-12-14,sz.002227,14.5100,15.3600,14.5100,15.3000,14.7500,787141,11945282.6900,3,0.724961,1,3.728800,0
2012-12-17,sz.002227,15.3000,15.6100,15.2000,15.2900,15.3000,522822,8007151.1400,3,0.481522,1,-0.065400,0
2012-12-18,sz.002227,15.4400,16.7900,15.3900,15.6400,15.2900,830637,13059726.9700,3,0.765021,1,2.289100,0
2012-12-19,sz.002227,15.5200,15.7300,15.4600,15.6100,15.6400,487111,7594030.6400,3,0.448632,1,-0.191800,0
2012-12-20,sz.002227,15.6000,15.6800,15.2100,15.6400,15.6100,536689,8317000.8300,3,0.494294,1,0.192200,0
2012-12-21,sz.002227,15.6100,15.7100,15.4000,15.5000,15.6400,414458,6448420.4200,3,0.381718,1,-0.895100,0
2012-12-24,sz.002227,15.5000,15.6900,15.3600,15.5700,15.5000,349286,5427797.4100,3,0.321694,1,0.451600,0
2012-12-25,sz.002227,15.5900,15.9700,15.5000,15.9200,15.5700,686349,10873325.2400,3,0.632131,1,2.247900,0
2012-12-26,sz.002227,15.8100,16.7500,15.8100,16.4300,15.9200,922397,15042288.5000,3,0.849533,1,3.203500,0
2012-12-27,sz.002227,16.5000,16.5000,16.0200,16.0700,16.4300,669592,10852453.7800,3,0.616698,1,-2.191100,0
2012-12-28,sz.002227,16.0300,16.2700,16.0300,16.2300,16.0700,460388,7445756.9100,3,0.424020,1,0.995600,0
2012-12-31,sz.002227,16.2000,16.3800,16.1500,16.3500,16.2300,489223,7964420.8400,3,0.450577,1,0.739400,0
2013-01-04,sz.002227,16.4200,16.4800,15.9500,16.0900,16.3500,635802,10245471.6100,3,0.585577,1,-1.590200,0
2013-01-07,sz.002227,16.0900,16.4000,16.0700,16.3000,16.0900,486548,7898059.4300,3,0.448114,1,1.305200,0
2013-01-08,sz.002227,16.4800,17.2800,16.4700,16.7500,16.3000,1038413,17476709.7500,3,0.956384,1,2.760700,0
2013-01-09,sz.002227,17.0500,17.5700,16.8900,17.3300,16.7500,1484495,25542889.9900,3,1.367228,1,3.462700,0
2013-01-10,sz.002227,17.5000,17.9700,17.0000,17.2200,17.3300,1451285,25528911.6600,3,1.336642,1,-0.634700,0
2013-01-11,sz.002227,17.0000,17.3800,16.5000,16.5000,17.2200,942102,15830927.7500,3,0.867681,1,-4.181200,0
2013-01-14,sz.002227,16.4100,17.0500,16.4100,16.9900,16.5000,872764,14719237.4700,3,0.803821,1,2.969700,0
2013-01-15,sz.002227,17.0600,17.7500,17.0200,17.4400,16.9900,1138362,19848995.9900,3,1.048438,1,2.648600,0
2013-01-16,sz.002227,17.3100,17.4900,16.9000,17.2400,17.4400,802604,13797917.8600,3,0.739203,1,-1.146800,0
2013-01-17,sz.002227,17.2400,17.2400,16.8800,16.9300,17.2400,508192,8657375.2500,3,0.468048,1,-1.798100,0
2013-01-18,sz.002227,17.0000,17.3000,16.9000,17.2700,16.9300,622351,10656769.9900,3,0.573189,1,2.008300,0
2013-01-21,sz.002227,17.7500,18.3000,17.6000,17.6800,17.2700,1521148,27233671.4600,3,1.400986,1,2.374100,0
2013-01-22,sz.002227,17.6000,17.6000,16.9600,17.1800,17.6800,911836,15750439.8600,3,0.839806,1,-2.828100,0
2013-01-23,sz.002227,17.1000,17.3500,16.7000,17.1400,17.1800,411376,7005314.6400,3,0.378880,1,-0.232800,0
2013-01-24,sz.002227,17.4400,18.2000,17.1400,17.2500,17.1400,1080426,18993732.8800,3,0.995079,1,0.641800,0
2013-01-25,sz.002227,17.2500,18.5600,16.9000,18.3400,17.2500,1283101,23007900.8300,3,1.181743,1,6.318800,0
2013-01-28,sz.002227,18.3400,19.9300,17.9500,18.9500,18.3400,2315028,43433163.3500,3,2.132154,1,3.326100,0
2013-01-29,sz.002227,18.7800,19.0000,18.4500,18.6400,18.9500,1259609,23588602.1600,3,1.160107,1,-1.635900,0
2013-01-30,sz.002227,18.9600,18.9600,18.3000,18.5200,18.6400,775310,14361552.9500,3,0.714065,1,-0.643800,0
2013-01-31,sz.002227,18.5000,19.5000,17.9600,19.0100,18.5200,1487911,28039539.6200,3,1.370375,1,2.645800,0
2013-02-01,sz.002227,18.9300,18.9800,18.3200,18.9800,19.0100,1104431,20676753.5700,3,1.017187,1,-0.157800,0
2013-02-04,sz.002227,20.7900,20.8800,20.0900,20.8800,18.9800,4808165,99465650.6800,3,4.428348,1,10.010500,0
2013-02-05,sz.002227,20.8800,22.3800,20.7000,21.0900,20.8800,4416235,94833852.0700,3,4.067378,1,1.005700,0
2013-02-06,sz.002227,20.5800,20.9000,20.2500,20.9000,21.0900,2096704,43030787.7000,3,1.931077,1,-0.900900,0
2013-02-07,sz.002227,20.7000,21.9300,20.7000,21.2300,20.9000,2357785,50485934.1400,3,2.171534,1,1.578900,0
2013-02-08,sz.002227,21.0000,21.7000,20.8200,21.3500,21.2300,1798404,38304509.1700,3,1.656341,1,0.565200,0
2013-02-18,sz.002227,21.4600,22.4000,21.3500,21.6000,21.3500,1994052,43701262.0600,3,1.836533,1,1.171000,0
2013-02-19,sz.002227,21.3700,21.6800,20.4100,20.5500,21.6000,1921758,40039398.3400,3,1.769950,1,-4.861100,0
2013-02-20,sz.002227,20.5000,20.7600,20.2500,20.7000,20.5500,1253685,25726314.0900,3,1.154651,1,0.729900,0
2013-02-21,sz.002227,20.6900,20.6900,19.7700,20.1400,20.7000,1253829,25202594.8900,3,1.154784,1,-2.705300,0
2013-02-22,sz.002227,20.1700,20.2500,19.9200,20.0100,20.1400,663342,13315876.1000,3,0.610942,1,-0.645500,0
2013-02-25,sz.002227,20.1000,20.7600,20.1000,20.5200,20.0100,1257978,25844448.7400,3,1.158605,1,2.548700,0
2013-02-26,sz.002227,20.4000,20.4700,20.0000,20.0000,20.5200,827873,16714881.3400,3,0.762476,1,-2.534100,0
2013-02-27,sz.002227,20.1300,20.5000,19.6300,19.8200,20.0000,726941,14523179.8200,3,0.669517,1,-0.900000,0
2013-02-28,sz.002227,19.8200,20.3600,19.7500,20.3000,19.8200,825078,16647573.1400,3,0.759902,1,2.421800,0
2013-03-01,sz.002227,20.4500,21.1000,20.3500,21.0700,20.3000,1568089,32553886.6300,3,1.444219,1,3.793100,0
2013-03-04,sz.002227,20.9900,20.9900,19.8000,19.9200,21.0700,1315790,26759708.9900,3,1.211850,1,-5.458000,0
2013-03-05,sz.002227,19.9500,20.4000,19.8900,20.3500,19.9200,664114,13362734.4400,3,0.611653,1,2.158600,0
2013-03-06,sz.002227,20.3700,20.9800,20.3000,20.7000,20.3500,976637,20177690.3500,3,0.899488,1,1.719900,0
2013-03-07,sz.002227,20.5500,20.5700,19.9800,20.1000,20.7000,875048,17726303.1700,3,0.805924,1,-2.898600,0
2013-03-08,sz.002227,20.2000,20.6600,19.9000,20.0100,20.1000,520001,10502487.7800,3,0.478924,1,-0.447800,0
2013-03-11,sz.002227,20.1000,20.3800,19.9500,20.1900,20.0100,375543,7572384.7800,3,0.345877,1,0.899600,0
2013-03-12,sz.002227,20.1800,20.4600,19.0000,19.1300,20.1900,970394,18888989.0100,3,0.893738,1,-5.250100,0
2013-03-13,sz.002227,19.1800,19.1800,18.3800,18.6500,19.1300,840622,15647532.4500,3,0.774218,1,-2.509100,0
2013-03-14,sz.002227,18.9000,19.5600,18.8000,19.2300,18.6500,940068,18104687.6600,3,0.865808,1,3.109900,0
2013-03-15,sz.002227,19.0900,19.4300,18.8800,18.9800,19.2300,571455,10946149.7400,3,0.526313,1,-1.300100,0
2013-03-18,sz.002227,18.9800,19.1200,18.5700,18.7100,18.9800,394200,7398704.5000,3,0.363060,1,-1.422600,0
2013-03-19,sz.002227,18.8800,19.1600,18.6000,18.8000,18.7100,326498,6156293.0000,3,0.300707,1,0.481000,0
2013-03-20,sz.002227,18.6800,19.2700,18.6800,19.2600,18.8000,581612,11117949.0000,3,0.535668,1,2.446800,0
2013-03-21,sz.002227,19.2600,19.6500,19.2600,19.5900,19.2600,607517,11824617.0000,3,0.559527,1,1.713400,0
2013-03-22,sz.002227,19.6100,19.6100,19.2800,19.4600,19.5900,552177,10721443.0000,3,0.508558,1,-0.663600,0
2013-03-25,sz.002227,19.4700,19.4900,18.9500,18.9800,19.4600,589019,11278182.0000,3,0.542490,1,-2.466600,0
2013-03-26,sz.002227,18.9100,18.9600,18.6100,18.7700,18.9800,403550,7561570.0000,3,0.371672,1,-1.106400,0
2013-03-27,sz.002227,18.7800,19.1100,18.6800,19.0100,18.7700,418882,7941595.0000,3,0.385793,1,1.278600,0
2013-03-28,sz.002227,18.9000,18.9100,18.1500,18.1500,19.0100,575150,10589593.0000,3,0.529716,1,-4.523900,0
2013-03-29,sz.002227,18.1500,18.3100,18.0000,18.0300,18.1500,337638,6125695.0000,3,0.310967,1,-0.661200,0
2013-04-01,sz.002227,17.8500,18.3500,17.8500,18.2500,18.0300,218517,3979862.0000,3,0.201255,1,1.220200,0
2013-04-02,sz.002227,18.1900,18.4000,18.0400,18.0400,18.2500,334850,6096399.0000,3,0.308399,1,-1.150700,0
2013-04-03,sz.002227,18.0500,18.3800,17.8000,17.9000,18.0400,249163,4473774.0000,3,0.229481,1,-0.776100,0
2013-04-08,sz.002227,17.8800,17.8800,17.0300,17.6100,17.9000,400731,6954647.0000,3,0.369076,1,-1.620100,0
2013-04-09,sz.002227,17.6500,17.9700,17.6100,17.9700,17.6100,312729,5558924.0000,3,0.288025,1,2.044300,0
2013-04-10,sz.002227,17.8900,17.9900,17.6000,17.8100,17.9700,238630,4243396.0000,3,0.219780,1,-0.890400,0
2013-04-11,sz.002227,17.5000,17.9000,17.5000,17.5800,17.8100,183793,3255099.0000,3,0.169274,1,-1.291400,0
2013-04-12,sz.002227,17.4600,17.8800,17.4000,17.6400,17.5800,196669,3475346.0000,3,0.181133,1,0.341294,0
2013-04-15,sz.002227,17.4000,17.5900,17.3300,17.4100,17.6400,201851,3514329.0000,3,0.185906,1,-1.303900,0
2013-04-16,sz.002227,17.3200,17.6000,17.0500,17.5100,17.4100,186580,3233787.0000,3,0.171841,1,0.574385,0
2013-04-17,sz.002227,17.4100,17.8000,17.4000,17.7700,17.5100,328964,5827691.0000,3,0.302978,1,1.484900,0
2013-04-18,sz.002227,17.7500,17.8000,17.5100,17.7700,17.7700,243199,4308085.0000,3,0.223988,1,0.000000,0
2013-04-19,sz.002227,17.8400,18.5500,17.7700,18.5200,17.7700,779499,14269513.0000,3,0.717923,1,4.220596,0
2013-04-22,sz.002227,18.3000,18.9900,18.1200,18.8200,18.5200,795073,14885408.0000,3,0.732267,1,1.619900,0
2013-04-23,sz.002227,18.9900,19.1000,18.2100,18.2600,18.8200,580500,10735868.0000,3,0.534644,1,-2.975600,0
2013-04-24,sz.002227,18.2500,18.7500,18.2000,18.6700,18.2600,361493,6709303.0000,3,0.332937,1,2.245300,0
2013-04-25,sz.002227,18.7000,18.9800,18.4900,18.7000,18.6700,574151,10783811.0000,3,0.528796,1,0.160700,0
2013-04-26,sz.002227,18.8900,18.8900,17.8800,17.9500,18.7000,396304,7248064.0000,3,0.364998,1,-4.010695,0
2013-05-02,sz.002227,17.9400,18.2500,17.8400,17.9100,17.9500,163946,2940955.0000,3,0.150995,1,-0.222800,0
2013-05-03,sz.002227,18.0500,19.7000,18.0500,19.7000,17.9100,1698643,32675652.0000,3,1.564460,1,9.994422,0
2013-05-06,sz.002227,19.8000,20.7800,19.6400,20.2700,19.7000,2940378,59404760.0000,3,2.708105,1,2.893400,0
2013-05-07,sz.002227,20.2500,20.2500,19.7300,20.0000,20.2700,1379578,27516228.0000,3,1.270599,1,-1.332000,0
2013-05-08,sz.002227,19.9900,21.2100,19.7000,20.8100,20.0000,2427328,50060112.0000,3,2.235583,1,4.050000,0
2013-05-09,sz.002227,20.6700,21.3400,20.5000,21.2000,20.8100,2603987,54659224.0000,3,2.398287,1,1.874100,0
2013-05-10,sz.002227,21.0300,21.9900,20.7100,20.8200,21.2000,2180311,46552632.0000,3,2.008079,1,-1.792500,0
2013-05-13,sz.002227,20.8600,21.0500,20.0900,20.5500,20.8200,1417001,28939488.0000,3,1.305066,1,-1.296800,0
2013-05-14,sz.002227,20.5500,20.8000,19.9000,20.3500,20.5500,1330488,26940528.0000,3,1.225387,1,-0.973200,0
2013-05-15,sz.002227,20.4500,21.0000,20.2300,20.8500,20.3500,1236680,25414768.0000,3,1.138989,1,2.457000,0
2013-05-16,sz.002227,20.8600,21.1200,20.1000,20.2100,20.8500,1612468,33205446.0000,3,1.485092,1,-3.069500,0
2013-05-17,sz.002227,20.2100,20.4400,20.0800,20.2600,20.2100,841657,17057316.0000,3,0.775171,1,0.247400,0
2013-05-20,sz.002227,20.2800,21.0900,20.1000,20.9800,20.2600,1800235,37322748.0000,3,1.658027,1,3.553800,0
2013-05-21,sz.002227,21.3000,21.3000,20.7600,21.1500,20.9800,1841204,38713272.0000,3,1.695760,1,0.810296,0
2013-05-22,sz.002227,21.3800,21.9900,20.7500,20.8400,21.1500,2651794,56969456.0000,3,2.442318,1,-1.465700,0
2013-05-23,sz.002227,20.3000,21.9000,20.1000,21.7000,20.8400,3163809,66774156.0000,3,2.913886,1,4.126700,0
2013-05-24,sz.002227,21.4900,21.8000,21.3800,21.7300,21.7000,1778354,38415748.0000,3,1.637874,1,0.138200,0
2013-05-27,sz.002227,21.7200,21.9500,21.4400,21.8200,21.7300,1543915,33515806.0000,3,1.421955,1,0.414200,0
2013-05-28,sz.002227,21.8100,22.0000,21.2000,21.3300,21.8200,1370718,29377128.0000,3,1.262439,1,-2.245600,0
2013-05-29,sz.002227,21.3400,22.4000,21.2000,22.0400,21.2300,2644958,58200816.0000,3,2.436022,1,3.815400,0
2013-05-30,sz.002227,22.0200,22.1200,21.5100,21.9900,22.0400,1733757,37864064.0000,3,1.596800,1,-0.226900,0
2013-05-31,sz.002227,23.8100,24.1900,22.8600,22.9000,21.9900,5554102,130845240.0000,3,5.115360,1,4.138244,0
2013-06-03,sz.002227,22.9100,23.3800,22.4000,22.9500,22.9000,2911303,66796228.0000,3,2.681327,1,0.218300,0
2013-06-04,sz.002227,22.6300,22.9000,21.3000,21.3800,22.9500,2235671,49042732.0000,3,2.059066,1,-6.841000,0
2013-06-05,sz.002227,21.3500,21.5900,20.6500,20.8800,21.3800,1451742,30465764.0000,3,1.337063,1,-2.338600,0
2013-06-06,sz.002227,20.7500,21.3500,20.6700,20.6700,20.8800,989675,20783384.0000,3,0.911496,1,-1.005700,0
2013-06-07,sz.002227,20.8000,21.0900,20.0000,20.1400,20.6700,856932,17417238.0000,3,0.789239,1,-2.564100,0
2013-06-13,sz.002227,19.9900,19.9900,18.7800,19.0700,20.1400,836897,16015728.0000,3,0.770787,1,-5.312800,0
2013-06-14,sz.002227,19.2200,20.0000,19.1200,19.7000,19.0700,722333,14058202.0000,3,0.665273,1,3.303600,0
2013-06-17,sz.002227,19.7300,20.4900,19.4100,20.2200,19.7000,1126188,22511684.0000,3,1.037226,1,2.639600,0
2013-06-18,sz.002227,20.2200,20.4000,19.6800,19.8000,20.2200,715548,14294067.0000,3,0.659024,1,-2.077200,0
2013-06-19,sz.002227,19.8000,20.2000,19.6100,20.0800,19.8000,753724,15024501.0000,3,0.694184,1,1.414100,0
2013-06-20,sz.002227,19.8200,20.0500,18.6600,18.7000,20.0800,964557,18617912.0000,3,0.888363,1,-6.872500,0
2013-06-21,sz.002227,17.3700,18.2900,17.0200,18.0900,18.7000,731845,13113605.0000,3,0.674033,1,-3.262000,0
2013-06-24,sz.002227,18.1100,18.1300,16.3100,16.5700,18.0900,784195,13459356.0000,3,0.722248,1,-8.402400,0
2013-06-25,sz.002227,16.4800,17.0000,14.9500,16.7900,16.5700,1114478,17860410.0000,3,1.026441,1,1.327700,0
2013-06-26,sz.002227,16.8700,17.4200,16.4500,17.1700,16.7900,809595,13813255.0000,3,0.745642,1,2.263300,0
2013-06-27,sz.002227,17.0000,17.3700,16.0000,16.0000,17.1700,981874,16524699.0000,3,0.904312,1,-6.814200,0
2013-06-28,sz.002227,16.0000,16.5000,15.6200,15.9100,16.0000,704938,11311777.0000,3,0.649252,1,-0.562500,0
2013-07-01,sz.002227,16.0100,16.3300,15.8300,16.3000,15.9100,525400,8475184.0000,3,0.483916,1,2.451300,0
2013-07-02,sz.002227,16.3200,17.2100,16.3200,17.1500,16.3000,1063752,18043016.0000,3,0.979762,1,5.214700,0
2013-07-03,sz.002227,17.0500,17.1900,16.6000,17.1000,17.1500,731075,12357853.0000,3,0.673352,1,-0.291500,0
2013-07-04,sz.002227,17.0000,17.9800,16.7700,17.6400,17.1000,1368930,24073392.0000,3,1.260845,1,3.157900,0
2013-07-05,sz.002227,17.6500,17.9500,17.2500,17.4000,17.6400,987797,17341370.0000,3,0.909804,1,-1.360500,0
2013-07-08,sz.002227,17.0000,17.0600,16.3200,16.4800,17.4000,618886,10314500.0000,3,0.570021,1,-5.287400,0
2013-07-09,sz.002227,16.6000,16.6800,16.1900,16.5900,16.4800,351897,5803457.0000,3,0.324113,1,0.667500,0
2013-07-10,sz.002227,16.3000,17.3000,16.3000,17.2900,16.5900,621119,10588996.0000,3,0.572078,1,4.219400,0
2013-07-11,sz.002227,17.3900,17.9000,17.1200,17.6500,17.2900,930224,16350750.0000,3,0.856777,1,2.082100,0
2013-07-12,sz.002227,17.7400,17.9000,17.3300,17.4000,17.6500,905462,16023327.0000,3,0.833970,1,-1.416400,0
2013-07-15,sz.002227,17.9900,18.2000,17.7200,17.9500,17.4000,985544,17692336.0000,3,0.907729,1,3.160900,0
2013-07-16,sz.002227,18.2200,18.4300,17.8800,18.3000,17.9500,911417,16580173.0000,3,0.839455,1,1.949900,0
2013-07-17,sz.002227,18.3400,18.3400,17.6900,17.7500,18.3000,942073,16947670.0000,3,0.867691,1,-3.005500,0
2013-07-18,sz.002227,17.7100,18.0400,17.5000,17.7500,17.7500,602349,10730645.0000,3,0.554790,1,0.000000,0
2013-07-19,sz.002227,18.8000,19.5300,18.8000,19.5300,17.7500,4925194,95394048.0000,3,4.536320,1,10.028200,0
2013-07-22,sz.002227,19.5100,21.4400,19.3000,21.1500,19.5300,5378565,109265960.0000,3,4.953895,1,8.294900,0
2013-07-23,sz.002227,21.1500,21.4900,20.5600,21.1900,21.1500,3439138,72080032.0000,3,3.167597,1,0.189100,0
2013-07-24,sz.002227,20.9400,21.1200,20.5000,21.0400,21.1900,2541130,52970364.0000,3,2.340492,1,-0.707900,0
2013-07-25,sz.002227,20.9000,21.9700,20.8100,20.8900,21.0400,3641021,78272336.0000,3,3.353540,1,-0.712900,0
2013-07-26,sz.002227,20.3000,20.8000,19.7300,20.4000,20.8900,2071101,41788736.0000,3,1.907575,1,-2.345600,0
2013-07-29,sz.002227,20.3200,20.3200,19.3600,19.6300,20.4000,1768034,34927120.0000,3,1.628437,1,-3.774500,0
2013-07-30,sz.002227,19.3700,19.8000,18.4500,19.1800,19.6300,1585552,30191220.0000,3,1.460363,1,-2.292400,0
2013-07-31,sz.002227,19.1300,19.6200,18.8900,19.3100,19.1800,930039,17953328.0000,3,0.856607,1,0.677800,0
2013-08-01,sz.002227,19.5800,20.2000,19.3500,20.2000,19.3100,1564159,31074574.0000,3,1.440659,1,4.609000,0
2013-08-02,sz.002227,20.3000,20.8000,20.0500,20.3300,20.2000,1699928,34800240.0000,3,1.565708,1,0.643600,0
2013-08-05,sz.002227,20.1800,20.7400,20.0800,20.5800,20.3300,1055574,21713328.0000,3,0.972230,1,1.229700,0
2013-08-06,sz.002227,20.6000,21.1000,20.5000,21.0900,20.5800,1092824,22701580.0000,3,1.006539,1,2.478100,0
2013-08-07,sz.002227,20.9700,20.9700,19.8800,19.9800,21.0900,1557634,31836794.0000,3,1.434649,1,-5.263200,0
2013-08-08,sz.002227,20.0000,20.3800,19.7000,20.0000,19.9800,960091,19229996.0000,3,0.884286,1,0.100100,0
2013-08-09,sz.002227,19.8600,21.3000,19.8600,21.2600,20.0000,2164152,44785272.0000,3,1.993279,1,6.300000,0
2013-08-12,sz.002227,21.2700,21.5000,20.8100,21.2000,21.2600,1876223,39578152.0000,3,1.728084,1,-0.282200,0
2013-08-13,sz.002227,21.2600,21.3800,20.7500,20.9300,21.2000,1291583,27221818.0000,3,1.189605,1,-1.273600,0
2013-08-14,sz.002227,21.0500,21.5500,20.9500,21.0900,20.9300,1732904,36816392.0000,3,1.596081,1,0.764500,0
2013-08-15,sz.002227,21.0800,21.0800,20.2000,20.2000,21.0900,1371951,28180604.0000,3,1.263627,1,-4.220000,0
2013-08-16,sz.002227,20.0900,20.3500,19.5100,19.5200,20.2000,1433138,28526588.0000,3,1.319983,1,-3.366300,0
2013-08-19,sz.002227,19.3100,20.1900,19.0000,20.1300,19.5200,764651,15102477.0000,3,0.704277,1,3.125000,0
2013-08-20,sz.002227,20.2500,20.2600,19.8900,19.8900,20.1300,539036,10809400.0000,3,0.496476,1,-1.192300,0
2013-08-21,sz.002227,19.9000,20.5500,19.8200,20.4700,19.8900,1050123,21358232.0000,3,0.967209,1,2.916000,0
2013-08-22,sz.002227,20.3600,20.8900,20.3600,20.6300,20.4700,1086022,22445672.0000,3,1.000274,1,0.781600,0
2013-08-23,sz.002227,20.8500,20.9500,20.1100,20.7700,20.6300,1407781,28975896.0000,3,1.296628,1,0.678600,0
2013-08-26,sz.002227,20.8100,21.1300,20.7000,21.0000,20.7700,1813333,38037636.0000,3,1.670159,1,1.107400,0
2013-08-27,sz.002227,21.2300,21.2800,20.6000,20.9500,21.0000,874123,18224826.0000,3,0.805106,1,-0.238100,0
2013-08-28,sz.002227,20.8000,20.8000,20.1500,20.2000,20.9500,1046887,21355396.0000,3,0.964229,1,-3.580000,0
2013-08-29,sz.002227,20.1800,20.3900,19.7200,19.9100,20.2000,826983,16536622.0000,3,0.761688,1,-1.435600,0
2013-08-30,sz.002227,19.8800,20.1400,19.5000,19.5500,19.9100,808092,15997564.0000,3,0.744288,1,-1.808100,0
2013-09-02,sz.002227,19.5500,19.5500,19.5500,19.5500,19.5500,0,0.0000,3,,0,0.000000,0
2013-09-03,sz.002227,19.5500,19.5500,19.5500,19.5500,19.5500,0,0.0000,3,,0,0.000000,0
2013-09-04,sz.002227,21.5100,21.5100,21.5100,21.5100,19.5500,785497,16896040.0000,3,0.723477,1,10.025600,0
2013-09-05,sz.002227,23.6600,23.6600,21.9000,23.1900,21.5100,7942517,181258704.0000,3,7.315407,1,7.810300,0
2013-09-06,sz.002227,23.0300,25.5100,22.5500,25.5100,23.1900,5911900,144356400.0000,3,5.445120,1,10.004300,0
2013-09-09,sz.002227,26.5000,28.0600,26.1300,27.8000,25.5100,8266082,227268800.0000,3,7.613425,1,8.976900,0
2013-09-10,sz.002227,27.2500,28.3000,27.2500,27.4000,27.8000,4527898,125082168.0000,3,4.170393,1,-1.438800,0
2013-09-11,sz.002227,27.1100,30.1400,26.7000,30.1400,27.4000,7899355,228821182.0000,3,7.275653,1,10.000000,0
2013-09-12,sz.002227,30.0000,32.0000,29.1900,30.6000,30.1400,6944253,211879826.0000,3,6.395962,1,1.526200,0
2013-09-13,sz.002227,30.0200,32.9900,29.4400,31.5800,30.6000,5034874,158085610.0000,3,4.637340,1,3.202600,0
2013-09-16,sz.002227,31.4400,31.5800,30.3000,31.0800,31.5800,2735860,84575982.0000,3,2.519847,1,-1.583300,0
2013-09-17,sz.002227,31.0000,31.7800,29.4000,30.1300,31.0800,3269066,99449548.0000,3,3.010954,1,-3.056600,0
2013-09-18,sz.002227,31.0000,31.0000,28.5000,29.3700,30.1300,3700598,108721251.0000,3,3.408413,1,-2.522400,0
2013-09-23,sz.002227,29.2400,30.9400,29.0000,30.5100,29.3700,3227205,97028655.0000,3,2.972398,1,3.881500,0
2013-09-24,sz.002227,30.7500,30.7500,28.9000,29.7000,30.5100,2743107,81417350.0000,3,2.526522,1,-2.654900,0
2013-09-25,sz.002227,29.4600,30.4200,29.2300,29.8600,29.7000,2042210,61037880.0000,3,1.880965,1,0.538700,0
2013-09-26,sz.002227,29.9100,31.3800,29.1700,29.7700,29.8600,2991790,90626644.0000,3,2.755570,1,-0.301400,0
2013-09-27,sz.002227,29.6500,29.6700,28.0100,28.9900,29.7700,2520304,72362016.0000,3,2.321311,1,-2.620100,0
2013-09-30,sz.002227,28.9900,29.6600,28.6000,29.6600,28.9900,1880569,54877563.0000,3,1.732087,1,2.311100,0
2013-10-08,sz.002227,29.2500,32.6300,28.8500,32.6300,29.6600,3908421,119249980.0000,3,3.599828,1,10.013500,0
2013-10-09,sz.002227,32.3000,33.8500,31.5800,33.0200,32.6300,3741704,122549962.0000,3,3.446274,1,1.195200,0
2013-10-10,sz.002227,33.0100,33.2000,31.5000,31.7700,33.0200,2009743,64910840.0000,3,1.851062,1,-3.785600,0
2013-10-11,sz.002227,31.9500,32.3600,31.0200,32.0000,31.7700,1826403,57695954.0000,3,1.682197,1,0.724000,0
2013-10-14,sz.002227,31.5500,32.0000,30.9000,31.6800,32.0000,1705002,53712252.0000,3,1.570382,1,-1.000000,0
2013-10-15,sz.002227,31.7100,33.7500,31.1500,31.8000,31.6800,2344290,75532889.0000,3,2.159194,1,0.378800,0
2013-10-16,sz.002227,31.5000,31.5000,28.7900,29.0000,31.8000,2761891,82333469.0000,3,2.543823,1,-8.805000,0
2013-10-17,sz.002227,29.2100,29.8900,28.7500,28.9700,29.0000,1448213,42365934.0000,3,1.333868,1,-0.103400,0
2013-10-18,sz.002227,28.9700,29.9900,28.7000,29.7400,28.9700,1190128,34895111.0000,3,1.096160,1,2.657900,0
2013-10-21,sz.002227,29.7000,31.5100,29.4200,30.9900,29.7400,1563003,48134898.0000,3,1.439594,1,4.203100,0
2013-10-22,sz.002227,30.8200,30.9800,29.9600,30.5000,30.9900,1328953,40412619.0000,3,1.224024,1,-1.581200,0
2013-10-23,sz.002227,30.4500,31.1300,28.6500,28.8500,30.5000,1523879,45492422.0000,3,1.403560,1,-5.409800,0
2013-10-24,sz.002227,28.5600,28.8400,27.5500,27.6800,28.8500,1262955,35292432.0000,3,1.163237,1,-4.055500,0
2013-10-25,sz.002227,27.5000,30.4500,27.5000,29.7000,27.6800,3049443,89821755.0000,3,2.808671,1,7.297700,0
2013-10-28,sz.002227,29.8000,30.6000,27.6000,27.8800,29.7000,2022066,59541776.0000,3,1.862412,1,-6.127900,0
2013-10-29,sz.002227,28.0200,29.2600,26.3100,27.4500,27.8800,1976394,54815800.0000,3,1.820346,1,-1.542300,0
2013-10-30,sz.002227,27.2400,28.1000,27.1000,27.8700,27.4500,1087676,30131683.0000,3,1.001797,1,1.530100,0
2013-10-31,sz.002227,27.4900,28.8000,26.9300,28.0000,27.8700,1135019,31732015.0000,3,1.045402,1,0.466500,0
2013-11-01,sz.002227,28.0100,28.0100,26.9900,27.5100,28.0000,909338,24871144.0000,3,0.837540,1,-1.750000,0
2013-11-04,sz.002227,27.4100,27.8900,27.0500,27.4200,27.5100,602537,16537245.0000,3,0.554963,1,-0.327200,0
2013-11-05,sz.002227,27.5300,28.3000,27.0000,28.2900,27.4200,1031045,28583180.0000,3,0.949638,1,3.172900,0
2013-11-06,sz.002227,28.0000,29.0400,28.0000,28.0900,28.2900,1113366,31785055.0000,3,1.025459,1,-0.707000,0
2013-11-07,sz.002227,27.8200,27.9900,27.1600,27.2000,28.0900,785438,21556119.0000,3,0.723423,1,-3.168400,0
2013-11-08,sz.002227,26.9900,27.3500,26.4400,26.4700,27.2000,987962,26387670.0000,3,0.909956,1,-2.683800,0
2013-11-11,sz.002227,26.6100,26.9200,25.8100,26.8000,26.4700,512870,13663544.0000,3,0.472376,1,1.246700,0
2013-11-12,sz.002227,26.8900,27.4700,26.5000,27.1400,26.8000,713922,19329284.0000,3,0.657554,1,1.268700,0
2013-11-13,sz.002227,27.2500,27.2600,26.1500,26.2600,27.1400,669738,17805105.0000,3,0.616858,1,-3.242400,0
2013-11-14,sz.002227,26.2000,27.1900,26.2000,26.9300,26.2600,737529,19777446.0000,3,0.679297,1,2.551400,0
2013-11-15,sz.002227,26.8600,27.8700,26.8000,27.2700,26.9300,1114274,30602789.0000,3,1.026295,1,1.262500,0
2013-11-18,sz.002227,27.2900,28.7700,27.2000,28.3100,27.2700,1663155,46930221.0000,3,1.531839,1,3.813700,0
2013-11-19,sz.002227,28.3500,29.4800,28.0500,28.9600,28.3100,1781387,51622212.0000,3,1.640736,1,2.296000,0
2013-11-20,sz.002227,28.9700,29.1300,28.1100,29.0300,28.9600,782083,22462987.0000,3,0.720333,1,0.241700,0
2013-11-21,sz.002227,28.9600,29.7500,28.5100,29.5400,29.0300,1345998,39627566.0000,3,1.239723,1,1.756800,0
2013-11-22,sz.002227,29.5000,29.7500,28.6100,28.9000,29.5400,842678,24451201.0000,3,0.776143,1,-2.166600,0
2013-11-25,sz.002227,28.7400,29.3500,28.1000,28.9800,28.9000,1215010,34775425.0000,3,1.119078,1,0.276800,0
2013-11-26,sz.002227,28.9500,29.2900,28.6100,29.0300,28.9800,720712,20859568.0000,3,0.663807,1,0.172500,0
2013-11-27,sz.002227,29.0700,31.9200,29.0700,30.6000,29.0300,2942124,90124661.0000,3,2.709826,1,5.408200,0
2013-11-28,sz.002227,30.2500,30.9000,30.2500,30.5600,30.6000,1232767,37677100.0000,3,1.135433,1,-0.130700,0
2013-11-29,sz.002227,30.4000,31.7200,30.3200,30.9300,30.5600,1271322,39655872.0000,3,1.170943,1,1.210700,0
2013-12-02,sz.002227,29.5000,29.9500,27.8500,27.8500,30.9300,1798861,52164716.0000,3,1.656830,1,-9.958000,0
2013-12-03,sz.002227,27.2200,28.7500,27.0000,28.6000,27.8500,824024,23139275.0000,3,0.758962,1,2.693000,0
2013-12-04,sz.002227,28.3200,29.3500,28.3100,28.5500,28.6000,985892,28435899.0000,3,0.908050,1,-0.174800,0
2013-12-05,sz.002227,28.3000,29.1700,28.1600,28.3300,28.5500,657190,18749839.0000,3,0.605301,1,-0.770600,0
2013-12-06,sz.002227,28.1200,28.8500,27.8000,27.8100,28.3300,682657,19247334.0000,3,0.628757,1,-1.835500,0
2013-12-09,sz.002227,27.9100,28.3000,27.7300,28.1000,27.8100,909659,25469163.0000,3,0.837836,1,1.042800,0
2013-12-10,sz.002227,28.0000,28.3500,27.4000,27.5400,28.1000,828864,22930360.0000,3,0.763420,1,-1.992900,0
2013-12-11,sz.002227,27.5400,27.8500,27.1800,27.8400,27.5400,444945,12217970.0000,3,0.409814,1,1.089300,0
2013-12-12,sz.002227,27.8500,28.5900,27.7000,28.1900,27.8400,721315,20370120.0000,3,0.664363,1,1.257200,0
2013-12-13,sz.002227,28.0500,28.9100,27.9800,28.6700,28.1900,642374,18431385.0000,3,0.591655,1,1.702700,0
2013-12-16,sz.002227,29.0000,29.9700,28.7000,28.8700,28.6700,1228682,35938752.0000,3,1.131670,1,0.697600,0
2013-12-17,sz.002227,28.8800,29.4000,28.6100,28.9000,28.8700,788084,22865403.0000,3,0.725860,1,0.103900,0
2013-12-18,sz.002227,29.0000,29.1000,27.8500,27.9000,28.9000,866835,24538920.0000,3,0.798393,1,-3.460200,0
2013-12-19,sz.002227,27.8000,28.1700,27.4600,27.5000,27.9000,645353,17914679.0000,3,0.594398,1,-1.433700,0
2013-12-20,sz.002227,27.2500,27.6000,27.1800,27.2800,27.5000,313444,8576087.0000,3,0.288696,1,-0.800000,0
2013-12-23,sz.002227,27.5300,27.7700,27.2000,27.3700,27.2800,396213,10898458.0000,3,0.364930,1,0.329900,0
2013-12-24,sz.002227,27.6000,27.8800,27.3700,27.7000,27.3700,470543,13004660.0000,3,0.433391,1,1.205700,0
2013-12-25,sz.002227,27.6900,28.8500,27.6900,28.8400,27.7000,921289,26335618.0000,3,0.848548,1,4.115500,0
2013-12-26,sz.002227,28.9100,29.8000,28.6100,29.2600,28.8400,1388689,40719002.0000,3,1.279044,1,1.456300,0
2013-12-27,sz.002227,29.0200,30.1000,28.9000,29.7000,29.2600,1299897,38737848.0000,3,1.197271,1,1.503800,0
2013-12-30,sz.002227,29.9800,30.1800,29.2000,29.4200,29.7000,809110,23945579.0000,3,0.745231,1,-0.942800,0
2013-12-31,sz.002227,29.3100,30.0200,29.0600,29.1500,29.4200,685598,20255111.0000,3,0.631470,1,-0.917700,0
2014-01-02,sz.002227,28.8900,29.5800,28.6800,29.4800,29.1500,909197,26437174.0000,3,0.837416,1,1.132100,0
2014-01-03,sz.002227,29.1800,30.3000,29.0200,29.9600,29.4800,1388752,41611337.0000,3,1.279110,1,1.628200,0
2014-01-06,sz.002227,29.9900,30.8100,29.1000,29.5200,29.9600,1431427,43132914.0000,3,1.318416,1,-1.468600,0
2014-01-07,sz.002227,29.2000,29.6800,28.7000,29.6800,29.5200,836127,24446897.0000,3,0.770115,1,0.542000,0
2014-01-08,sz.002227,29.7500,31.0800,29.7100,31.0600,29.6800,2113383,64818037.0000,3,1.946532,1,4.649600,0
2014-01-09,sz.002227,30.9900,31.1400,29.7000,29.7500,31.0600,1339343,40781790.0000,3,1.233602,1,-4.217600,0
2014-01-10,sz.002227,29.6500,29.7000,27.7000,27.8600,29.7500,1683907,47807707.0000,3,1.550963,1,-6.352900,0
2014-01-13,sz.002227,27.5500,28.2000,26.1500,26.8700,27.8600,1251777,34124558.0000,3,1.152950,1,-3.553500,0
2014-01-14,sz.002227,26.9500,27.6000,26.8700,27.5600,26.8700,823521,22469020.0000,3,0.758504,1,2.567900,0
2014-01-15,sz.002227,28.3000,29.1100,28.2000,28.3900,27.5600,1158116,33097659.0000,3,1.066683,1,3.011600,0
2014-01-16,sz.002227,28.3600,28.4300,27.7000,28.1000,28.3900,944196,26495485.0000,3,0.869652,1,-1.021500,0
2014-01-17,sz.002227,27.8500,28.2800,27.6700,27.8000,28.1000,389719,10867175.0000,3,0.358951,1,-1.067600,0
2014-01-20,sz.002227,27.8000,27.9500,26.8900,27.1500,27.8000,641445,17470879.0000,3,0.590803,1,-2.338100,0
2014-01-21,sz.002227,27.0000,27.9800,27.0000,27.5500,27.1500,590293,16304110.0000,3,0.543690,1,1.473300,0
2014-01-22,sz.002227,27.7100,28.4800,27.3600,28.4400,27.5500,886999,24933888.0000,3,0.816971,1,3.230500,0
2014-01-23,sz.002227,28.7500,29.0900,28.1200,28.5900,28.4400,1173873,33554894.0000,3,1.081196,1,0.527400,0
2014-01-24,sz.002227,29.0000,31.4500,28.8000,31.4500,28.5900,3450460,105421168.0000,3,3.178047,1,10.003500,0
2014-01-27,sz.002227,32.9000,34.6000,32.3900,33.6700,31.4500,5569839,187759819.0000,3,5.130102,1,7.058800,0
2014-01-28,sz.002227,33.9900,35.2900,33.5300,34.7600,33.6700,5024539,173296786.0000,3,4.627853,1,3.237300,0
2014-01-29,sz.002227,35.0900,35.8000,33.8900,34.7500,34.7600,3732026,129069591.0000,3,3.437384,1,-0.028800,0
2014-01-30,sz.002227,35.0000,36.2800,34.0100,34.4800,34.7500,3287074,116052036.0000,3,3.027561,1,-0.777000,0
2014-02-07,sz.002227,34.0800,37.4100,34.0600,35.6300,34.4800,4863795,174348062.0000,3,4.479800,1,3.335300,0
2014-02-10,sz.002227,35.9000,38.2600,35.7000,38.1000,35.6300,4997124,183980490.0000,3,4.602603,1,6.932400,0
2014-02-11,sz.002227,38.0000,38.8800,36.0300,36.4300,38.1000,4147049,154494825.0000,3,3.819641,1,-4.383200,0
2014-02-12,sz.002227,36.4400,36.9300,35.3500,36.5900,36.4300,2867554,103751776.0000,3,2.641162,1,0.439200,0
2014-02-13,sz.002227,36.9500,40.2500,36.6600,39.3700,36.5900,8102808,320920304.0000,3,7.463094,1,7.597700,0
2014-02-14,sz.002227,39.3000,39.6000,38.0800,39.5000,39.3700,3143939,122106069.0000,3,2.895726,1,0.330200,0
2014-02-17,sz.002227,39.5200,40.1500,38.4600,39.3000,39.5000,3490593,136038284.0000,3,3.215012,1,-0.506300,0
2014-02-18,sz.002227,39.1900,39.1900,37.3500,37.7800,39.3000,3237609,123000316.0000,3,2.982001,1,-3.867700,0
2014-02-19,sz.002227,37.8300,38.0000,36.3300,36.6900,37.7800,2474988,91411217.0000,3,2.279589,1,-2.885100,0
2014-02-20,sz.002227,36.5900,36.9800,35.6000,36.4300,36.6900,1488090,53915590.0000,3,1.370606,1,-0.708600,0
2014-02-21,sz.002227,36.7800,38.0500,35.9000,36.7800,36.4300,2229132,82730596.0000,3,2.053143,1,0.960700,0
2014-02-24,sz.002227,36.3800,36.4000,34.8100,36.0600,36.7800,2188399,77954156.0000,3,2.015626,1,-1.957600,0
2014-02-25,sz.002227,36.2500,37.2900,33.1000,33.5000,36.0600,2769759,98646303.0000,3,2.551087,1,-7.099300,0
2014-02-26,sz.002227,36.5000,36.8500,35.1100,36.8500,33.5000,4729842,173039616.0000,3,4.356423,1,10.000000,0
2014-02-27,sz.002227,40.4000,40.5400,38.7900,39.0600,36.8500,10642616,426140576.0000,3,9.802385,1,5.997300,0
2014-02-28,sz.002227,37.5000,39.1600,35.5100,38.5800,39.0600,6874033,259853020.0000,3,6.331330,1,-1.228900,0
2014-03-03,sz.002227,38.9100,40.4000,37.5100,38.3300,38.5800,4475736,173670823.0000,3,4.122378,1,-0.648000,0
2014-03-04,sz.002227,37.9500,39.8500,37.1200,38.4000,38.3300,3552807,136651516.0000,3,3.272314,1,0.182600,0
2014-03-05,sz.002227,38.0000,39.4100,36.6000,36.6700,38.4000,3457949,130762017.0000,3,3.184945,1,-4.505200,0
2014-03-06,sz.002227,36.2800,36.9700,34.2300,35.4300,36.6700,2897080,102496052.0000,3,2.668356,1,-3.381500,0
2014-03-07,sz.002227,35.2700,38.2000,34.9800,36.8900,35.4300,3392847,125189628.0000,3,3.124983,1,4.120800,0
2014-03-10,sz.002227,36.0300,36.6000,33.5800,33.7000,36.8900,2568787,89576034.0000,3,2.365982,1,-8.647300,0
2014-03-11,sz.002227,33.5900,34.0000,31.9000,32.4500,33.7000,2642518,86164345.0000,3,2.433892,1,-3.709200,0
2014-03-12,sz.002227,32.3800,33.3000,31.6800,32.4000,32.4500,2980991,96494139.0000,3,2.745643,1,-0.154100,0
2014-03-13,sz.002227,31.9800,32.5900,31.7000,32.4400,32.4000,1461020,47061277.0000,3,1.345673,1,0.123400,0
2014-03-14,sz.002227,32.0000,32.9700,31.7000,32.4900,32.4400,1433981,46543769.0000,3,1.320769,1,0.154100,0
2014-03-17,sz.002227,32.5500,34.2400,31.9000,34.0600,32.4900,2702912,90608106.0000,3,2.489518,1,4.832300,0
2014-03-18,sz.002227,34.5100,34.8800,33.5100,33.6000,34.0600,2180906,74771909.0000,3,2.008724,1,-1.350600,0
2014-03-19,sz.002227,33.2000,35.1600,33.1000,34.6800,33.6000,2469716,85407845.0000,3,2.274733,1,3.214300,0
2014-03-20,sz.002227,34.5600,34.5700,32.2800,32.3100,34.6800,2347205,78388315.0000,3,2.161894,1,-6.833900,0
2014-03-21,sz.002227,32.0000,33.8800,31.5200,33.4900,32.3100,1669054,54551899.0000,3,1.537283,1,3.652100,0
2014-03-24,sz.002227,33.5100,33.9000,33.0000,33.5000,33.4900,1004898,33548204.0000,3,0.925562,1,0.029900,0
2014-03-25,sz.002227,33.3900,33.9000,32.7200,33.6000,33.5000,1394426,46464410.0000,3,1.284337,1,0.298500,0
2014-03-26,sz.002227,33.6000,34.5000,33.4500,34.2800,33.6000,1379318,47084678.0000,3,1.270421,1,2.023800,0
2014-03-27,sz.002227,34.6600,34.6600,32.6100,32.6600,34.2800,1581478,52755935.0000,3,1.456621,1,-4.725800,0
2014-03-28,sz.002227,32.3000,32.6000,29.6100,30.0100,32.6600,2241124,69373609.0000,3,2.064188,1,-8.113900,0
2014-03-31,sz.002227,30.0500,30.6300,29.8900,30.1900,30.0100,568298,17170404.0000,3,0.523431,1,0.599800,0
2014-04-01,sz.002227,30.1000,31.3800,30.1000,31.3200,30.1900,909565,28175014.0000,3,0.837755,1,3.743000,0
2014-04-02,sz.002227,31.3900,34.3900,31.1100,32.2000,31.3200,1507313,48915685.0000,3,1.388311,1,2.809700,0
2014-04-03,sz.002227,32.1800,32.1800,31.4000,31.6400,32.2000,945707,29944750.0000,3,0.871044,1,-1.739100,0
2014-04-04,sz.002227,31.5000,32.8800,31.4200,32.3500,31.6400,924476,29980018.0000,3,0.851489,1,2.244000,0
2014-04-08,sz.002227,32.1800,32.9900,31.8600,32.5800,32.3500,645455,20936739.0000,3,0.594497,1,0.711000,0
2014-04-09,sz.002227,32.5800,33.2100,32.3100,32.9300,32.5800,921729,30304116.0000,3,0.848959,1,1.074300,0
2014-04-10,sz.002227,32.8300,33.6100,32.5500,33.1200,32.9300,1467239,48607547.0000,3,1.351401,1,0.577000,0
2014-04-11,sz.002227,32.8500,33.6900,32.3000,33.3900,33.1200,1563732,51898422.0000,3,1.440276,1,0.815200,0
2014-04-14,sz.002227,33.3000,34.9600,33.1000,34.4900,33.3900,2147444,73605633.0000,3,1.977904,1,3.294400,0
2014-04-15,sz.002227,34.3000,34.4900,33.2800,33.6200,34.4900,1304195,43967938.0000,3,1.201229,1,-2.522500,0
2014-04-16,sz.002227,33.3200,36.6800,33.2200,35.1300,33.6200,2741070,96533457.0000,3,2.524663,1,4.491400,0
2014-04-17,sz.002227,34.8800,35.7800,34.6000,35.3500,35.1300,1452559,51072643.0000,3,1.337880,1,0.626200,0
2014-04-18,sz.002227,36.6800,37.4800,35.3300,35.3500,35.3500,2629436,94710616.0000,3,2.421843,1,0.000000,0
2014-04-21,sz.002227,34.9800,35.3000,34.4000,34.6500,35.3500,1639274,56881503.0000,3,1.509854,1,-1.980200,0
2014-04-22,sz.002227,34.6500,35.2700,33.2200,33.5700,34.6500,1847302,62886623.0000,3,1.701458,1,-3.116900,0
2014-04-23,sz.002227,33.4000,33.8500,33.2000,33.5000,33.5700,865870,29019280.0000,3,0.797510,1,-0.208500,0
2014-04-24,sz.002227,33.5000,33.7700,32.1300,32.3400,33.5000,1176987,38612005.0000,3,1.084064,1,-3.462700,0
2014-04-25,sz.002227,32.3500,32.8500,31.2800,31.2800,32.3400,1152629,36963922.0000,3,1.061629,1,-3.277700,0
2014-04-28,sz.002227,31.0000,31.2300,30.5000,30.8300,31.2800,831937,25634935.0000,3,0.766256,1,-1.438600,0
2014-04-29,sz.002227,30.8300,31.6600,30.8300,31.5000,30.8300,719920,22637910.0000,3,0.663083,1,2.173200,0
2014-04-30,sz.002227,31.7800,32.1100,31.3600,31.9500,31.5000,514036,16354816.0000,3,0.473453,1,1.428600,0
2014-05-05,sz.002227,31.5300,32.3900,31.5300,32.3000,31.9500,629813,20161730.0000,3,0.580089,1,1.095500,0
2014-05-06,sz.002227,32.3100,32.5900,32.0400,32.2600,32.3000,701146,22697644.0000,3,0.645791,1,-0.123800,0
2014-05-07,sz.002227,31.9200,32.0000,30.5300,30.6100,32.2600,1113149,34695771.0000,3,1.025266,1,-5.114700,0
2014-05-08,sz.002227,30.5000,32.1200,30.0400,30.9500,30.6100,960725,29944200.0000,3,0.884876,1,1.110700,0
2014-05-09,sz.002227,30.3900,31.0200,30.0400,30.2400,30.9500,711630,21599557.0000,3,0.655447,1,-2.294000,0
2014-05-12,sz.002227,30.7500,31.2500,30.5000,31.1600,30.2400,714988,22090198.0000,3,0.658540,1,3.042300,0
2014-05-13,sz.002227,31.4500,31.9500,31.1600,31.4500,31.1600,679335,21495863.0000,3,0.625702,1,0.930700,0
2014-05-14,sz.002227,31.6400,31.9700,31.3500,31.5700,31.4500,513782,16259459.0000,3,0.473219,1,0.381600,0
2014-05-15,sz.002227,31.2100,31.9000,31.2100,31.4800,31.5700,808351,25515740.0000,3,0.744532,1,-0.285100,0
2014-05-16,sz.002227,31.4000,31.8000,31.1400,31.5200,31.4800,453347,14279992.0000,3,0.417555,1,0.127100,0
2014-05-19,sz.002227,31.5200,31.5200,30.8000,30.8100,31.5200,503324,15631882.0000,3,0.463587,1,-2.252500,0
2014-05-20,sz.002227,31.2300,31.7200,31.0100,31.5200,30.8100,546784,17199629.0000,3,0.503595,1,2.304400,0
2014-05-21,sz.002227,31.9200,33.4400,31.5700,33.3700,31.5200,1748845,57215650.0000,3,1.610708,1,5.869300,0
2014-05-22,sz.002227,33.9200,33.9200,32.8100,32.8100,33.3700,1143955,37984628.0000,3,1.053596,1,-1.678100,0
2014-05-23,sz.002227,32.8500,33.9000,32.5400,33.7800,32.8100,924425,31031423.0000,3,0.851407,1,2.956400,0
2014-05-26,sz.002227,35.0000,35.8000,34.2000,34.4000,33.7800,1912124,66590781.0000,3,1.761089,1,1.835400,0
2014-05-27,sz.002227,34.5000,34.5600,33.7200,34.3400,34.4000,1447015,49385864.0000,3,1.332718,1,-0.174400,0
2014-05-28,sz.002227,17.3100,18.7500,17.3000,18.5900,17.1200,9816138,178420718.0000,3,4.520391,1,8.586400,0
2014-05-29,sz.002227,18.3500,18.5800,17.7900,17.9500,18.5900,5805535,105711436.0000,3,2.673484,1,-3.442700,0
2014-05-30,sz.002227,17.9600,18.9600,17.6800,18.8500,17.9500,7272062,133996907.0000,3,3.348829,1,5.013900,0
2014-06-03,sz.002227,18.8000,19.0000,18.1400,18.2100,18.8500,4988332,92313507.0000,3,2.297157,1,-3.395200,0
2014-06-04,sz.002227,18.0500,18.5000,17.6100,17.9400,18.2100,3250509,57937709.0000,3,1.496879,1,-1.482700,0
2014-06-05,sz.002227,18.0300,18.3900,17.8000,18.2000,17.9400,3211226,58139139.0000,3,1.478789,1,1.449300,0
2014-06-06,sz.002227,18.2800,18.6000,17.8000,18.5900,18.2000,4579538,83271965.0000,3,2.108905,1,2.142900,0
2014-06-09,sz.002227,18.9000,19.4900,18.5100,18.5400,18.5900,6933977,131607257.0000,3,3.193139,1,-0.269000,0
2014-06-10,sz.002227,18.1200,19.0300,18.0500,18.9200,18.5400,4964515,92010121.0000,3,2.286189,1,2.049600,0
2014-06-11,sz.002227,18.6500,19.2000,18.5500,19.1000,18.9200,4767246,90221771.0000,3,2.195346,1,0.951400,0
2014-06-12,sz.002227,19.0800,19.0800,18.5100,18.6100,19.1000,3922190,73485217.0000,3,1.806192,1,-2.565400,0
2014-06-13,sz.002227,18.6000,19.2300,18.4200,18.8800,18.6100,4457263,84639241.0000,3,2.052597,1,1.450800,0
2014-06-16,sz.002227,18.9900,19.3600,18.7200,19.1300,18.8800,4378758,83649530.0000,3,2.016445,1,1.324200,0
2014-06-17,sz.002227,19.1000,19.2800,18.8800,18.9200,19.1300,3220394,61310627.0000,3,1.483011,1,-1.097700,0
2014-06-18,sz.002227,19.0900,19.0900,18.3300,18.4500,18.9200,3478908,64676572.0000,3,1.602058,1,-2.484100,0
2014-06-19,sz.002227,18.7200,18.7200,17.3600,17.5200,18.4500,3533177,63348672.0000,3,1.627049,1,-5.040700,0
2014-06-20,sz.002227,17.6700,17.9000,17.5500,17.8400,17.5200,2004084,35580873.0000,3,0.922893,1,1.826500,0
2014-06-23,sz.002227,17.8800,18.3300,17.8800,18.0700,17.8400,2087218,37788822.0000,3,0.961177,1,1.289200,0
2014-06-24,sz.002227,18.2100,18.7300,18.1300,18.4700,18.0700,3104865,57232033.0000,3,1.429809,1,2.213600,0
2014-06-25,sz.002227,18.4500,18.4500,17.8800,18.1200,18.4700,2127652,38490731.0000,3,0.979797,1,-1.895000,0
2014-06-26,sz.002227,18.1300,18.6500,18.1300,18.5300,18.1200,2374757,43750686.0000,3,1.093590,1,2.262700,0
2014-06-27,sz.002227,18.5200,19.3300,18.2000,18.9700,18.5300,7155945,136144416.0000,3,3.295356,1,2.374500,0
2014-06-30,sz.002227,18.9000,19.7400,18.6700,19.6500,18.9700,6714989,129543573.0000,3,3.092293,1,3.584600,0
2014-07-01,sz.002227,19.8500,19.9800,19.3800,19.7500,19.6500,5287411,103905577.0000,3,2.434885,1,0.508900,0
2014-07-02,sz.002227,19.7900,19.7900,19.1000,19.4300,19.7500,4546451,88125851.0000,3,2.093668,1,-1.620300,0
2014-07-03,sz.002227,19.6000,21.3700,19.5200,21.2200,19.4300,12632059,260237269.0000,3,5.817140,1,9.212600,0
2014-07-04,sz.002227,21.0000,22.1300,20.6900,21.6700,21.2200,10904385,232125619.0000,3,5.021536,1,2.120600,0
2014-07-07,sz.002227,21.8600,22.3600,21.2000,21.3600,21.6700,5187331,112450746.0000,3,2.388797,1,-1.430500,0
2014-07-08,sz.002227,21.4800,23.0000,20.9900,22.4600,21.3600,8195559,180582881.0000,3,3.774105,1,5.149800,0
2014-07-09,sz.002227,22.4800,24.5100,21.9300,22.8600,22.4600,12041359,278258240.0000,3,5.545119,1,1.781000,0
2014-07-10,sz.002227,23.5100,24.0600,22.6100,23.0000,22.8600,10676221,249457730.0000,3,4.916465,1,0.612400,0
2014-07-11,sz.002227,22.5000,23.5000,22.1600,23.2000,23.0000,7354818,167502169.0000,3,3.386938,1,0.869600,0
2014-07-14,sz.002227,23.8000,24.4600,22.8000,23.8300,23.2000,8154440,195368232.0000,3,3.755169,1,2.715500,0
2014-07-15,sz.002227,23.7000,24.3200,23.2500,24.1200,23.8300,7063961,168622267.0000,3,3.252997,1,1.217000,0
2014-07-16,sz.002227,24.2400,24.2800,22.6800,22.8200,24.1200,5069207,117590225.0000,3,2.334401,1,-5.389700,0
2014-07-17,sz.002227,22.6200,23.2800,21.9800,22.2800,22.8200,4797226,108143107.0000,3,2.209152,1,-2.366300,0
2014-07-18,sz.002227,21.9700,22.6900,21.7000,22.2800,22.2800,5570954,123560525.0000,3,2.565458,1,0.000000,0
2014-07-21,sz.002227,21.9800,22.5600,21.6700,22.0600,22.2800,5521214,122160154.0000,3,2.542553,1,-0.987400,0
2014-07-22,sz.002227,22.0700,24.2000,22.0700,23.9900,22.0600,14211216,331255808.0000,3,6.544351,1,8.748900,0
2014-07-23,sz.002227,23.4000,23.4700,22.5000,22.7000,23.9900,9480690,217713919.0000,3,4.365915,1,-5.377200,0
2014-07-24,sz.002227,22.5000,22.6500,21.5400,22.1400,22.7000,4758133,104957303.0000,3,2.191149,1,-2.467000,0
2014-07-25,sz.002227,22.1400,22.3800,21.8000,21.9000,22.1400,2689919,59149693.0000,3,1.238724,1,-1.084000,0
2014-07-28,sz.002227,21.8300,22.1600,21.7000,22.1300,21.9000,3434102,75455630.0000,3,1.581425,1,1.050200,0
2014-07-29,sz.002227,22.0300,23.1000,21.9800,22.8600,22.1300,5642999,128256388.0000,3,2.598635,1,3.298700,0
2014-07-30,sz.002227,22.8600,23.7600,22.5000,23.2600,22.8600,6061442,140701751.0000,3,2.791331,1,1.749800,0
2014-07-31,sz.002227,23.3500,24.1900,23.3000,23.8100,23.2600,6577490,156478102.0000,3,3.028974,1,2.364600,0
2014-08-01,sz.002227,23.6300,23.6800,22.8000,22.9000,23.8100,4272575,99331294.0000,3,1.967547,1,-3.821900,0
2014-08-04,sz.002227,23.0100,23.2000,22.8000,23.1400,22.9000,2903481,66667384.0000,3,1.337071,1,1.048000,0
2014-08-05,sz.002227,23.1400,23.1800,22.2100,22.7800,23.1400,3192957,72324402.0000,3,1.470376,1,-1.555700,0
2014-08-06,sz.002227,22.6500,23.0500,22.4200,22.9400,22.7800,2396976,54649053.0000,3,1.103822,1,0.702400,0
2014-08-07,sz.002227,23.2500,23.3900,22.5100,22.5500,22.9400,2697033,61809549.0000,3,1.242000,1,-1.700100,0
2014-08-08,sz.002227,22.5000,22.8800,22.4000,22.7000,22.5500,1654453,37419010.0000,3,0.761886,1,0.665200,0
2014-08-11,sz.002227,22.6600,23.3400,22.6600,23.2500,22.7000,2997016,69270965.0000,3,1.380144,1,2.422900,0
2014-08-12,sz.002227,23.4000,24.0000,23.3800,23.7500,23.2500,5302821,126085908.0000,3,2.441981,1,2.150500,0
2014-08-13,sz.002227,23.8500,23.8500,22.7300,23.2100,23.7500,3346815,77598245.0000,3,1.541229,1,-2.273700,0
2014-08-14,sz.002227,23.1100,23.6000,22.8700,22.8900,23.2100,2367143,54968011.0000,3,1.090084,1,-1.378700,0
2014-08-15,sz.002227,22.8300,23.5000,22.8100,23.4300,22.8900,2568681,59595508.0000,3,1.182893,1,2.359100,0
2014-08-18,sz.002227,23.6000,23.9600,23.2100,23.4600,23.4300,3061630,71949662.0000,3,1.409899,1,0.128000,0
2014-08-19,sz.002227,23.4600,24.3800,23.0300,23.9700,23.4600,6321391,150223112.0000,3,2.911039,1,2.173900,0
2014-08-20,sz.002227,23.8200,23.8300,23.3600,23.7500,23.9700,3847576,90820280.0000,3,1.771832,1,-0.917800,0
2014-08-21,sz.002227,23.8400,24.8500,23.7000,24.8300,23.7500,9584487,234415058.0000,3,4.413715,1,4.547400,0
2014-08-22,sz.002227,24.8400,25.4000,24.4000,24.9300,24.8300,5438619,135068805.0000,3,2.504517,1,0.402700,0
2014-08-25,sz.002227,24.6000,24.7300,23.7400,23.9100,24.9300,5209844,125242929.0000,3,2.399165,1,-4.091500,0
2014-08-26,sz.002227,23.7000,23.8500,23.0600,23.0700,23.9100,3456791,80866760.0000,3,1.591873,1,-3.513200,0
2014-08-27,sz.002227,23.5100,23.9000,23.4000,23.5000,23.0700,3282581,77682148.0000,3,1.511649,1,1.863900,0
2014-08-28,sz.002227,23.6800,23.7100,23.0500,23.1100,23.5000,2510764,58556484.0000,3,1.156222,1,-1.659600,0
2014-08-29,sz.002227,22.8000,23.5800,22.5800,23.5400,23.1100,3014362,70168435.0000,3,1.388132,1,1.860700,0
2014-09-01,sz.002227,23.5400,23.7000,23.2000,23.6800,23.5400,2281551,53731034.0000,3,1.050668,1,0.594700,0
2014-09-02,sz.002227,23.6900,24.5000,23.5800,24.1400,23.6800,4743378,113893900.0000,3,2.184354,1,1.942600,0
2014-09-03,sz.002227,24.1000,24.2500,23.8300,24.0700,24.1400,3691522,88750600.0000,3,1.699968,1,-0.290000,0
2014-09-04,sz.002227,24.3300,24.5400,23.9700,24.5100,24.0700,4302585,104368725.0000,3,1.981367,1,1.828000,0
2014-09-05,sz.002227,24.5600,25.1000,24.1000,24.9000,24.5100,6891056,170154500.0000,3,3.173373,1,1.591200,0
2014-09-09,sz.002227,24.8800,24.8800,24.3500,24.5500,24.9000,2973569,72937820.0000,3,1.369347,1,-1.405600,0
2014-09-10,sz.002227,24.4000,24.4700,24.0800,24.3000,24.5500,3003923,72701735.0000,3,1.383325,1,-1.018300,0
2014-09-11,sz.002227,24.3000,24.6900,24.0500,24.0700,24.3000,3701032,90094204.0000,3,1.704348,1,-0.946500,0
2014-09-12,sz.002227,24.0900,24.4100,24.0900,24.2400,24.0700,2593600,62779484.0000,3,1.194369,1,0.706300,0
2014-09-15,sz.002227,24.1600,24.2000,23.7600,24.0000,24.2400,2898265,69450358.0000,3,1.334669,1,-0.990100,0
2014-09-16,sz.002227,24.0000,25.5100,23.5000,25.1200,24.0000,11680112,285398672.0000,3,5.378763,1,4.666700,0
2014-09-17,sz.002227,25.0000,27.5800,23.9000,26.8900,25.1200,17050364,437089056.0000,3,7.851796,1,7.046200,0
2014-09-18,sz.002227,26.0000,26.4900,25.6000,26.0800,26.8900,7951453,207276988.0000,3,3.661692,1,-3.012300,0
2014-09-19,sz.002227,26.2600,26.7700,25.7500,26.0000,26.0800,4957385,129671222.0000,3,2.282906,1,-0.306700,0
2014-09-22,sz.002227,26.0800,26.0800,24.7000,24.8500,26.0000,4606962,115853634.0000,3,2.121534,1,-4.423100,0
2014-09-23,sz.002227,24.8200,25.3500,24.7000,25.1400,24.8500,2939889,73746345.0000,3,1.353837,1,1.167000,0
2014-09-24,sz.002227,25.0600,25.3700,24.8100,25.3400,25.1400,3691944,92634982.0000,3,1.700163,1,0.795500,0
2014-09-25,sz.002227,25.5500,27.2800,25.5500,26.1700,25.3400,8410434,222206144.0000,3,3.873056,1,3.275500,0
2014-09-26,sz.002227,26.0000,26.7000,25.7300,26.2600,26.1700,3883407,101628141.0000,3,1.788333,1,0.343900,0
2014-09-29,sz.002227,26.2900,26.4500,25.7700,26.0000,26.2600,3465364,90089473.0000,3,1.595821,1,-0.990100,0
2014-09-30,sz.002227,26.0100,26.2700,25.8100,26.1100,26.0000,2336352,60949986.0000,3,1.075904,1,0.423100,0
2014-10-08,sz.002227,26.2600,26.2600,25.8100,26.1300,26.1100,2535281,65860552.0000,3,1.167512,1,0.076600,0
2014-10-09,sz.002227,26.2800,27.2500,26.1300,27.1000,26.1300,8166558,218477491.0000,3,3.760750,1,3.712200,0
2014-10-10,sz.002227,26.8000,26.8000,26.2500,26.3900,27.1000,5227649,138549338.0000,3,2.407364,1,-2.619900,0
2014-10-13,sz.002227,26.1500,26.2900,25.6300,26.1000,26.3900,2565087,66598009.0000,3,1.181238,1,-1.098900,0
2014-10-14,sz.002227,25.9000,26.3000,25.6800,25.8500,26.1000,2359369,61355532.0000,3,1.086504,1,-0.957900,0
2014-10-15,sz.002227,25.8100,26.1700,25.6800,26.0000,25.8500,1914492,49647185.0000,3,0.881635,1,0.580300,0
2014-10-16,sz.002227,25.9800,25.9800,24.8000,24.8200,26.0000,5323874,134798202.0000,3,2.451676,1,-4.538500,0
2014-10-17,sz.002227,24.8000,24.8000,23.5800,23.9900,24.8200,3409680,82133087.0000,3,1.570178,1,-3.344100,0
2014-10-20,sz.002227,24.1100,24.4600,24.1000,24.2200,23.9900,1873154,45341656.0000,3,0.862599,1,0.958700,0
2014-10-21,sz.002227,24.2400,24.2800,23.5100,23.5200,24.2200,2653767,63244368.0000,3,1.222076,1,-2.890200,0
2014-10-22,sz.002227,23.4000,23.7700,22.8900,22.9400,23.5200,2476986,57782099.0000,3,1.140667,1,-2.466000,0
2014-10-23,sz.002227,22.9500,24.0700,22.9500,23.5000,22.9400,3286462,77735330.0000,3,1.513436,1,2.441100,0
2014-10-24,sz.002227,23.4000,24.1900,23.3400,23.7400,23.5000,2216720,52678232.0000,3,1.020813,1,1.021300,0
2014-10-27,sz.002227,23.5000,23.6700,23.0000,23.2900,23.7400,2077276,48219756.0000,3,0.956598,1,-1.895500,0
2014-10-28,sz.002227,23.3600,24.2900,23.3600,24.2000,23.2900,3084029,73982592.0000,3,1.420214,1,3.907300,0
2014-10-29,sz.002227,24.5300,25.4500,24.5300,25.2200,24.2000,6634062,165644561.0000,3,3.055026,1,4.214900,0
2014-10-30,sz.002227,25.5000,25.6900,24.8000,24.9800,25.2200,4188236,105223726.0000,3,1.928708,1,-0.951600,0
2014-10-31,sz.002227,24.9800,25.4400,24.4500,24.7400,24.9800,3565381,88272612.0000,3,1.641880,1,-0.960800,0
2014-11-03,sz.002227,24.8800,25.1000,24.4000,24.6400,24.7400,2453604,60681448.0000,3,1.129900,1,-0.404200,0
2014-11-04,sz.002227,24.7000,24.7000,23.7800,24.0800,24.6400,3164787,76462038.0000,3,1.457404,1,-2.272700,0
2014-11-05,sz.002227,23.9500,24.1600,23.6300,23.9800,24.0800,1762881,42110960.0000,3,0.811817,1,-0.415300,0
2014-11-06,sz.002227,23.9800,24.4700,23.7000,24.4200,23.9800,2221844,53734156.0000,3,1.023173,1,1.834900,0
2014-11-07,sz.002227,24.5100,24.6000,23.7000,23.7400,24.4200,3696225,88889682.0000,3,1.702134,1,-2.784600,0
2014-11-10,sz.002227,23.6500,24.1300,23.1400,24.0500,23.7400,2932822,68888499.0000,3,1.350582,1,1.305800,0
2014-11-11,sz.002227,23.9600,23.9600,23.1000,23.2000,24.0500,2404737,56277539.0000,3,1.107396,1,-3.534300,0
2014-11-12,sz.002227,23.1000,23.5200,22.9000,23.3700,23.2000,1426432,33202851.0000,3,0.656881,1,0.732800,0
2014-11-13,sz.002227,23.4200,23.6500,22.8400,22.9200,23.3700,2092818,48372008.0000,3,0.963755,1,-1.925500,0
2014-11-14,sz.002227,22.8200,23.3000,22.7600,23.0900,22.9200,1252944,28789724.0000,3,0.576988,1,0.741700,0
2014-11-17,sz.002227,23.1500,23.3500,22.8600,23.1100,23.0900,1462371,33939488.0000,3,0.673431,1,0.086600,0
2014-11-18,sz.002227,23.1500,23.3400,23.1000,23.2900,23.1100,1092516,25362242.0000,3,0.503110,1,0.778900,0
2014-11-19,sz.002227,23.3300,23.4800,23.0500,23.3300,23.2900,1522149,35391620.0000,3,0.700959,1,0.171700,0
2014-11-20,sz.002227,23.3200,23.6800,23.0900,23.6600,23.3300,2082856,48924694.0000,3,0.959168,1,1.414500,0
2014-11-21,sz.002227,23.5800,23.7900,23.4900,23.5900,23.6600,1682298,39697839.0000,3,0.774708,1,-0.295900,0
2014-11-24,sz.002227,23.6500,24.0000,23.5100,23.9000,23.5900,3417420,81340439.0000,3,1.573743,1,1.314100,0
2014-11-25,sz.002227,23.9000,24.1300,23.7700,24.1000,23.9000,2305315,55283561.0000,3,1.061612,1,0.836800,0
2014-11-26,sz.002227,24.9700,25.5600,24.1200,24.4500,24.1000,6745687,167342100.0000,3,3.106430,1,1.452300,0
2014-11-27,sz.002227,24.4400,24.8000,24.0100,24.1400,24.4500,3876574,94020391.0000,3,1.785186,1,-1.267900,0
2014-11-28,sz.002227,24.2100,24.2700,23.5000,23.5700,24.1400,3386782,80333717.0000,3,1.559634,1,-2.361200,0
2014-12-01,sz.002227,23.5800,23.8000,22.7500,23.1000,23.5700,4017343,92163266.0000,3,1.850011,1,-1.994100,0
2014-12-02,sz.002227,23.0100,23.4500,23.0100,23.2500,23.1000,2135391,49699389.0000,3,0.983361,1,0.649300,0
2014-12-03,sz.002227,23.2500,23.7300,22.8600,23.6000,23.2500,4320166,100548636.0000,3,1.989463,1,1.505400,0
2014-12-04,sz.002227,23.6000,23.8000,23.3000,23.6800,23.6000,3703125,87312013.0000,3,1.705312,1,0.339000,0
2014-12-05,sz.002227,23.7300,23.8500,22.8800,22.9700,23.6800,4008939,92812060.0000,3,1.846141,1,-2.998300,0
2014-12-08,sz.002227,23.0000,23.2900,22.1500,22.3000,22.9700,7481835,168994804.0000,3,3.445430,1,-2.916800,0
2014-12-09,sz.002227,22.5000,22.9700,22.1200,22.1300,22.3000,6775044,152525261.0000,3,3.119949,1,-0.762300,0
2014-12-10,sz.002227,22.0000,22.5800,21.8000,22.5500,22.1300,3176932,70929156.0000,3,1.462996,1,1.897900,0
2014-12-11,sz.002227,22.6500,23.2200,22.6000,22.9900,22.5500,4185162,96133589.0000,3,1.927293,1,1.951200,0
2014-12-12,sz.002227,22.9800,23.2000,22.5800,23.0900,22.9900,3539137,81109066.0000,3,1.629794,1,0.435000,0
2014-12-15,sz.002227,22.8500,23.0600,22.7000,23.0300,23.0900,2318580,53112156.0000,3,1.067720,1,-0.259900,0
2014-12-16,sz.002227,23.0000,23.0800,22.5500,22.6100,23.0300,2848928,64780291.0000,3,1.311949,1,-1.823700,0
2014-12-17,sz.002227,22.7000,22.7000,22.1200,22.1600,22.6100,2557263,56828605.0000,3,1.177635,1,-1.990300,0
2014-12-18,sz.002227,22.0100,22.3700,21.9600,22.0000,22.1600,1921590,42596469.0000,3,0.884904,1,-0.722000,0
2014-12-19,sz.002227,21.9000,22.0900,21.0000,21.0700,22.0000,3532417,75182464.0000,3,1.626699,1,-4.227300,0
2014-12-22,sz.002227,21.0200,21.1100,19.0000,19.0300,21.0700,3951800,77158547.0000,3,1.819828,1,-9.682000,0
2014-12-23,sz.002227,19.0500,19.4200,19.0000,19.0600,19.0300,1828680,35036900.0000,3,0.839323,1,0.157600,0
2014-12-24,sz.002227,19.2300,19.7000,19.1300,19.7000,19.0600,1698314,33085884.0000,3,0.779488,1,3.357800,0
2014-12-25,sz.002227,19.7500,20.2200,19.7500,19.8500,19.7000,1683372,33615332.0000,3,0.772630,1,0.761400,0
2014-12-26,sz.002227,19.9000,20.1200,19.4300,19.5100,19.8500,1609633,31556482.0000,3,0.738785,1,-1.712800,0
2014-12-29,sz.002227,19.5500,19.5800,18.7000,18.7500,19.5100,2227309,42247312.0000,3,1.022285,1,-3.895400,0
2014-12-30,sz.002227,18.6800,19.5000,18.6800,19.0000,18.7500,1891959,36316231.0000,3,0.868367,1,1.333300,0
2014-12-31,sz.002227,19.0000,19.0000,18.6300,18.9200,19.0000,1513065,28437629.0000,3,0.694865,1,-0.421100,0
2015-01-05,sz.002227,18.8600,18.8600,17.8900,18.5500,18.9200,2681598,49051891.0000,3,1.231505,1,-1.955600,0
2015-01-06,sz.002227,18.5400,19.5000,18.2600,19.3800,18.5500,2822400,54018261.0000,3,1.294322,1,4.474400,0
2015-01-07,sz.002227,19.4000,19.5500,18.9700,19.4700,19.3800,2240727,43154311.0000,3,1.027573,1,0.464400,0
2015-01-08,sz.002227,19.4700,19.9800,19.3500,19.6900,19.4700,3326107,65770892.0000,3,1.525317,1,1.129900,0
2015-01-09,sz.002227,19.6800,19.8500,19.3000,19.3000,19.6900,1944158,38010236.0000,3,0.891570,1,-1.980700,0
2015-01-12,sz.002227,19.6000,21.0500,19.5000,20.8000,19.3000,6227934,127178504.0000,3,2.856063,1,7.772000,0
2015-01-13,sz.002227,20.8000,21.2000,20.2800,20.9500,20.8000,5055962,104950082.0000,3,2.318609,1,0.721200,0
2015-01-14,sz.002227,20.9900,21.0400,20.3300,20.3500,20.9500,2390023,49216601.0000,3,1.096039,1,-2.864000,0
2015-01-15,sz.002227,20.3800,20.7300,20.1100,20.1700,20.3500,1867163,37898596.0000,3,0.856261,1,-0.884500,0
2015-01-16,sz.002227,20.6500,21.9700,20.6500,21.7000,20.1700,6725068,144718928.0000,3,3.084043,1,7.585500,0
2015-01-19,sz.002227,20.8800,22.0000,20.4000,20.8800,21.7000,5587317,119372670.0000,3,2.562283,1,-3.778800,0
2015-01-20,sz.002227,20.6900,21.5000,20.6900,21.5000,20.8800,3209171,68302858.0000,3,1.471691,1,2.969400,0
2015-01-21,sz.002227,21.8800,21.9200,21.3900,21.6600,21.5000,3748980,80995020.0000,3,1.719242,1,0.744200,0
2015-01-22,sz.002227,21.6900,21.9200,21.4800,21.6500,21.6600,3346090,72342697.0000,3,1.534481,1,-0.046200,0
2015-01-23,sz.002227,21.6000,21.6600,21.1700,21.2200,21.6500,2796620,59606894.0000,3,1.282500,1,-1.986100,0
2015-01-26,sz.002227,21.2300,21.4400,21.1200,21.3600,21.2200,1880586,40039348.0000,3,0.862416,1,0.659800,0
2015-01-27,sz.002227,21.4600,21.5700,21.0000,21.3500,21.3600,2248358,47761398.0000,3,1.031073,1,-0.046800,0
2015-01-28,sz.002227,21.3100,21.3800,21.0600,21.1200,21.3500,2029619,43006158.0000,3,0.930761,1,-1.077300,0
2015-01-29,sz.002227,21.1100,21.1100,20.5900,20.6900,21.1200,1790818,37208689.0000,3,0.821250,1,-2.036000,0
2015-01-30,sz.002227,20.7000,21.4000,20.7000,21.3400,20.6900,3191053,67447528.0000,3,1.463382,1,3.141600,0
2015-02-02,sz.002227,21.2500,21.6000,21.0000,21.3600,21.3400,2756346,58987735.0000,3,1.264030,1,0.093700,0
2015-02-03,sz.002227,21.3700,21.4600,21.0200,21.4300,21.3600,2004279,42677520.0000,3,0.919141,1,0.327700,0
2015-02-04,sz.002227,21.4100,21.8300,21.2700,21.6600,21.4300,4369641,94195580.0000,3,2.003870,1,1.073300,0
2015-02-05,sz.002227,21.7900,22.6700,21.6600,22.3000,21.6600,7980936,177352716.0000,3,3.659971,1,2.954800,0
2015-02-06,sz.002227,22.3000,22.3000,22.3000,22.3000,22.3000,0,0.0000,3,,0,0.000000,0
2015-02-09,sz.002227,22.3000,22.3000,22.3000,22.3000,22.3000,0,0.0000,3,,0,0.000000,0
2015-02-10,sz.002227,22.3000,22.3000,22.3000,22.3000,22.3000,0,0.0000,3,,0,0.000000,0
2015-02-11,sz.002227,22.3000,22.3000,22.3000,22.3000,22.3000,0,0.0000,3,,0,0.000000,0
2015-02-12,sz.002227,22.3000,22.3000,22.3000,22.3000,22.3000,0,0.0000,3,,0,0.000000,0
2015-02-13,sz.002227,22.3000,22.3000,22.3000,22.3000,22.3000,0,0.0000,3,,0,0.000000,0
2015-02-16,sz.002227,22.3000,22.3000,22.3000,22.3000,22.3000,0,0.0000,3,,0,0.000000,0
2015-02-17,sz.002227,22.3000,22.3000,22.3000,22.3000,22.3000,0,0.0000,3,,0,0.000000,0
2015-02-25,sz.002227,22.3000,22.3000,22.3000,22.3000,22.3000,0,0.0000,3,,0,0.000000,0
2015-02-26,sz.002227,22.3000,22.3000,22.3000,22.3000,22.3000,0,0.0000,3,,0,0.000000,0
2015-02-27,sz.002227,22.3000,22.3000,22.3000,22.3000,22.3000,0,0.0000,3,,0,0.000000,0
2015-03-02,sz.002227,22.3000,22.3000,22.3000,22.3000,22.3000,0,0.0000,3,,0,0.000000,0
2015-03-03,sz.002227,22.3000,22.3000,22.3000,22.3000,22.3000,0,0.0000,3,,0,0.000000,0
2015-03-04,sz.002227,22.3000,22.3000,22.3000,22.3000,22.3000,0,0.0000,3,,0,0.000000,0
2015-03-05,sz.002227,22.3000,22.3000,22.3000,22.3000,22.3000,0,0.0000,3,,0,0.000000,0
2015-03-06,sz.002227,22.3000,22.3000,22.3000,22.3000,22.3000,0,0.0000,3,,0,0.000000,0
2015-03-09,sz.002227,22.3000,22.3000,22.3000,22.3000,22.3000,0,0.0000,3,,0,0.000000,0
2015-03-10,sz.002227,22.3000,22.3000,22.3000,22.3000,22.3000,0,0.0000,3,,0,0.000000,0
2015-03-11,sz.002227,22.3000,22.3000,22.3000,22.3000,22.3000,0,0.0000,3,,0,0.000000,0
2015-03-12,sz.002227,22.3000,22.3000,22.3000,22.3000,22.3000,0,0.0000,3,,0,0.000000,0
2015-03-13,sz.002227,22.3000,22.3000,22.3000,22.3000,22.3000,0,0.0000,3,,0,0.000000,0
2015-03-16,sz.002227,22.3000,22.3000,22.3000,22.3000,22.3000,0,0.0000,3,,0,0.000000,0
2015-03-17,sz.002227,22.3000,22.3000,22.3000,22.3000,22.3000,0,0.0000,3,,0,0.000000,0
2015-03-18,sz.002227,22.3000,22.3000,22.3000,22.3000,22.3000,0,0.0000,3,,0,0.000000,0
2015-03-19,sz.002227,22.3000,22.3000,22.3000,22.3000,22.3000,0,0.0000,3,,0,0.000000,0
2015-03-20,sz.002227,24.5300,24.5300,24.5300,24.5300,22.3000,122319,3000485.0000,3,0.056094,1,10.000000,0
2015-03-23,sz.002227,26.9800,26.9800,26.9800,26.9800,24.5300,370664,10000514.0000,3,0.169982,1,9.987800,0
2015-03-24,sz.002227,29.6800,29.6800,28.0100,29.6800,26.9800,24459631,709640016.0000,3,11.216922,1,10.007400,0
2015-03-25,sz.002227,29.5000,30.2500,28.7400,29.9300,29.6800,16014124,474166176.0000,3,7.343904,1,0.842300,0
2015-03-26,sz.002227,29.0800,29.5100,27.6300,28.3000,29.9300,10125662,290685920.0000,3,4.643519,1,-5.446000,0
2015-03-27,sz.002227,28.0700,28.9800,28.0000,28.6500,28.3000,6066875,173317190.0000,3,2.782203,1,1.236800,0
2015-03-30,sz.002227,28.8600,31.4700,28.5600,30.9000,28.6500,17658466,535121392.0000,3,8.097981,1,7.853400,0
2015-03-31,sz.002227,30.3000,33.9900,29.7000,33.9900,30.9000,18742788,605411488.0000,3,8.595240,1,10.000000,0
2015-04-01,sz.002227,34.7000,37.3900,34.6900,37.3900,33.9900,4294951,157304536.0000,3,1.969618,1,10.002900,0
2015-04-02,sz.002227,41.1300,41.1300,41.1300,41.1300,37.3900,1393085,57297586.0000,3,0.638854,1,10.002700,0
2015-04-03,sz.002227,40.9900,43.7000,40.0000,42.7200,41.1300,19727730,829728592.0000,3,9.046923,1,3.865800,0
2015-04-07,sz.002227,41.2200,42.6600,40.0000,41.5300,42.7200,11942042,492910576.0000,3,5.476491,1,-2.785600,0
2015-04-08,sz.002227,41.5000,42.4500,38.0000,40.4900,41.5300,13578217,549795296.0000,3,6.226823,1,-2.504200,0
2015-04-09,sz.002227,39.5000,40.0900,36.4400,38.9400,40.4900,9360931,358432368.0000,3,4.292822,1,-3.828100,0
2015-04-10,sz.002227,38.8000,41.4000,38.1600,40.0900,38.9400,9934217,398832848.0000,3,4.555724,1,2.953300,0
2015-04-13,sz.002227,40.0800,43.0000,38.5000,40.3700,40.0900,9834157,404056608.0000,3,4.509838,1,0.698400,0
2015-04-14,sz.002227,39.4000,40.9700,38.7500,38.9000,40.3700,7118827,282791008.0000,3,3.264617,1,-3.641300,0
2015-04-15,sz.002227,38.8000,39.9300,36.2100,36.5600,38.9000,6687317,254398043.0000,3,3.066731,1,-6.015400,0
2015-04-16,sz.002227,34.6100,38.2000,33.8800,36.2600,36.5600,6653253,239819838.0000,3,3.051110,1,-0.820600,0
2015-04-17,sz.002227,37.2500,39.8900,37.0200,38.4400,36.2600,10137335,390845712.0000,3,4.648872,1,6.012100,0
2015-04-20,sz.002227,37.5100,38.3100,35.5000,35.6100,38.4400,7988896,295143024.0000,3,3.663621,1,-7.362100,0
2015-04-21,sz.002227,35.3600,37.7000,35.2000,36.7900,35.6100,9293651,338160864.0000,3,4.261968,1,3.313700,0
2015-04-22,sz.002227,36.7800,38.4900,36.6000,37.8600,36.7900,6916796,260865046.0000,3,3.171924,1,2.908400,0
2015-04-23,sz.002227,38.6000,40.5000,37.7000,39.9000,37.8600,11506699,451709504.0000,3,5.276775,1,5.388300,0
2015-04-24,sz.002227,38.9000,39.8700,38.0000,38.2100,39.9000,6883771,266489695.0000,3,3.156779,1,-4.235600,0
2015-04-27,sz.002227,38.2000,38.4800,36.8000,37.1000,38.2100,9118353,340734848.0000,3,4.181520,1,-2.905000,0
2015-04-28,sz.002227,37.2500,37.2800,34.6000,34.7900,37.1000,8024311,285328464.0000,3,3.679811,1,-6.226400,0
2015-04-29,sz.002227,35.0000,36.9600,34.0100,35.8500,34.7900,4653982,165056233.0000,3,2.134236,1,3.046800,0
2015-04-30,sz.002227,36.0200,36.3300,35.3800,35.6500,35.8500,3218210,115503734.0000,3,1.475816,1,-0.557900,0
2015-05-04,sz.002227,35.1500,35.8500,34.0800,34.3800,35.6500,5474931,189971093.0000,3,2.510710,1,-3.562400,0
2015-05-05,sz.002227,34.4500,35.5800,34.0800,34.7800,34.3800,3312550,115301274.0000,3,1.519079,1,1.163500,0
2015-05-06,sz.002227,35.9900,37.5000,35.2000,35.5300,34.7800,6524196,237743513.0000,3,2.991884,1,2.156400,0
2015-05-07,sz.002227,34.6000,35.0300,33.7000,34.0000,35.5300,3660910,125020620.0000,3,1.678831,1,-4.306200,0
2015-05-08,sz.002227,34.2600,36.5000,34.2600,36.0600,34.0000,6844681,243736136.0000,3,3.138853,1,6.058800,0
2015-05-11,sz.002227,36.5000,39.6700,36.5000,39.6700,36.0600,8154346,313323776.0000,3,3.739443,1,10.011100,0
2015-05-12,sz.002227,42.0000,43.6400,40.7000,43.6400,39.6700,16159699,679867504.0000,3,7.410561,1,10.007600,0
2015-05-13,sz.002227,44.0000,45.0000,41.2900,43.8000,43.6400,10902203,471580272.0000,3,4.999563,1,0.366600,0
2015-05-14,sz.002227,43.2000,47.5800,42.1100,46.6500,43.8000,13830109,620688704.0000,3,6.342251,1,6.506900,0
2015-05-15,sz.002227,45.0000,46.8700,42.7000,45.1000,46.6500,10385518,464281776.0000,3,4.762621,1,-3.322600,0
2015-05-18,sz.002227,45.1000,45.2600,42.0000,43.3000,45.1000,8883007,387264992.0000,3,4.073595,1,-3.991100,0
2015-05-19,sz.002227,43.2800,43.3300,41.3200,43.2400,43.3000,6943058,294017072.0000,3,3.183967,1,-0.138600,0
2015-05-20,sz.002227,43.2500,44.8300,42.5500,43.2900,43.2400,8415738,367926720.0000,3,3.859313,1,0.115600,0
2015-05-21,sz.002227,42.6300,45.3000,42.6300,44.4700,43.2900,7603040,336332560.0000,3,3.486624,1,2.725800,0
2015-05-22,sz.002227,44.5000,46.6800,44.4400,46.0300,44.4700,9399376,428145008.0000,3,4.310393,1,3.508000,0
2015-05-25,sz.002227,45.8500,45.9500,44.2500,44.5000,46.0300,9326733,418548528.0000,3,4.277080,1,-3.323900,0
2015-05-26,sz.002227,44.7800,47.7900,44.7800,47.1800,44.5000,12393861,569154448.0000,3,5.683612,1,6.022500,0
2015-05-27,sz.002227,47.2100,47.3000,44.4000,44.6800,47.1800,9328973,422073952.0000,3,4.278107,1,-5.298900,0
2015-05-28,sz.002227,43.9800,43.9800,40.2100,40.2100,44.6800,13875391,582539808.0000,3,6.363016,1,-10.004500,0
2015-05-29,sz.002227,39.2100,40.5500,36.4000,38.9400,40.2100,6822047,267353408.0000,3,3.128474,1,-3.158400,0
2015-06-01,sz.002227,39.4300,41.3000,38.9400,41.2000,38.9400,6631484,269390592.0000,3,3.041085,1,5.803800,0
2015-06-02,sz.002227,41.2500,45.3200,40.8400,45.1200,41.2000,10356345,447276448.0000,3,4.749242,1,9.514600,0
2015-06-03,sz.002227,45.5500,49.6300,42.5000,49.6300,45.1200,14961650,691902192.0000,3,6.861156,1,9.995600,0
2015-06-04,sz.002227,48.8900,54.5900,44.8500,49.0000,49.6300,12748821,626321248.0000,3,5.846391,1,-1.269400,0
2015-06-05,sz.002227,49.1000,51.5400,47.0000,49.7000,49.0000,15932393,788017984.0000,3,7.306322,1,1.428600,0
2015-06-08,sz.002227,49.0000,49.0100,46.5000,46.8800,49.7000,7198238,343058880.0000,3,3.300989,1,-5.674000,0
2015-06-09,sz.002227,46.8500,49.0900,45.8900,48.5700,46.8800,6296286,301431504.0000,3,2.887369,1,3.604900,0
2015-06-10,sz.002227,48.0000,50.9000,47.0000,49.7600,48.5700,9111277,454304816.0000,3,4.178275,1,2.450100,0
2015-06-11,sz.002227,49.0000,49.9100,48.0000,49.0200,49.7600,7042791,343564912.0000,3,3.229703,1,-1.487100,0
2015-06-12,sz.002227,48.8100,51.5000,48.8100,50.6000,49.0200,10497532,529002544.0000,3,4.813988,1,3.223200,0
2015-06-15,sz.002227,50.9800,53.0000,47.0100,47.6000,50.6000,9960019,503286800.0000,3,4.567494,1,-5.928900,0
2015-06-16,sz.002227,46.9500,49.6000,45.0000,45.6000,47.6000,5825306,273014464.0000,3,2.671385,1,-4.201700,0
2015-06-17,sz.002227,46.1800,47.3200,43.4600,46.9800,45.6000,5147301,234803079.0000,3,2.360464,1,3.026300,0
2015-06-18,sz.002227,47.5000,47.5000,43.7000,43.8000,46.9800,3892948,178033819.0000,3,1.785239,1,-6.768800,0
2015-06-19,sz.002227,42.4700,42.4700,39.4200,39.4200,43.8000,4816063,194050304.0000,3,2.208564,1,-10.000000,0
2015-06-23,sz.002227,38.5300,40.0000,35.5000,38.8200,39.4200,4023850,152961133.0000,3,1.845269,1,-1.522100,0
2015-06-24,sz.002227,39.0100,40.4000,38.1200,39.6000,38.8200,4084747,161444889.0000,3,1.873195,1,2.009300,0
2015-06-25,sz.002227,39.8000,39.8000,35.6600,36.9000,39.6000,4327860,164657740.0000,3,1.984682,1,-6.818200,0
2015-06-26,sz.002227,35.2000,35.2000,33.2100,33.2100,36.9000,3647280,123392107.0000,3,1.672580,1,-10.000000,0
2015-06-29,sz.002227,33.9900,33.9900,29.8900,29.8900,33.2100,4632685,142477908.0000,3,2.124470,1,-9.997000,0
2015-06-30,sz.002227,27.0100,31.8800,26.9000,31.7500,29.8900,6851551,199929970.0000,3,3.141308,1,6.222800,0
2015-07-01,sz.002227,31.8000,33.0800,28.9700,29.7000,31.7500,6239604,195574029.0000,3,2.860742,1,-6.456700,0
2015-07-02,sz.002227,29.5000,30.3000,26.7300,26.7300,29.7000,4996580,137724725.0000,3,2.290839,1,-10.000000,0
2015-07-03,sz.002227,25.6000,27.2900,24.0600,24.0600,26.7300,5997948,148105675.0000,3,2.749947,1,-9.988800,0
2015-07-06,sz.002227,26.4700,26.4700,21.6500,21.6500,24.0600,6944934,162123446.0000,3,3.184122,1,-10.016600,0
2015-07-07,sz.002227,20.6000,20.7800,19.4900,19.4900,21.6500,2086085,41121153.0000,3,0.956431,1,-9.976900,0
2015-07-08,sz.002227,17.5400,18.4400,17.5400,17.8800,19.4900,13038343,231063907.0000,3,5.977837,1,-8.260600,0
2015-07-09,sz.002227,17.0000,19.6700,17.0000,19.6700,17.8800,5646202,107733310.0000,3,2.588678,1,10.011200,0
2015-07-10,sz.002227,21.4000,21.5500,20.4000,21.5500,19.5900,2205560,46809917.0000,3,1.011208,1,10.005100,0
2015-07-13,sz.002227,23.7100,23.7100,23.6500,23.7100,21.5500,2199288,52142032.0000,3,1.008332,1,10.023200,0
2015-07-14,sz.002227,26.0800,26.0800,25.0500,26.0800,23.7100,3972214,103476711.0000,3,1.821186,1,9.995800,0
2015-07-15,sz.002227,26.5000,26.5000,23.4700,23.4700,26.0800,8277931,201869157.0000,3,3.795277,1,-10.007700,0
2015-07-16,sz.002227,21.4000,24.9500,21.3800,24.3000,23.4700,5984659,142198965.0000,3,2.743854,1,3.536400,0
2015-07-17,sz.002227,24.7100,26.7300,24.5000,26.7300,24.3000,6823215,177033963.0000,3,3.128317,1,10.000000,0
2015-07-20,sz.002227,27.9800,29.1800,27.1300,28.5000,26.7300,8590051,241880358.0000,3,3.938378,1,6.621800,0
2015-07-21,sz.002227,28.9000,30.8000,27.4000,30.0000,28.5000,8663259,258071151.0000,3,3.971942,1,5.263200,0
2015-07-22,sz.002227,29.0000,29.9400,28.5000,29.3000,30.0000,6074401,178032649.0000,3,2.784999,1,-2.333300,0
2015-07-23,sz.002227,29.0000,31.2600,28.6700,30.5700,29.3000,6501796,195296239.0000,3,2.980952,1,4.334500,0
2015-07-24,sz.002227,30.6700,33.6300,30.6700,33.3200,30.5700,13536827,444337440.0000,3,6.206382,1,8.995700,0
2015-07-27,sz.002227,33.1900,36.4800,31.0500,31.4000,33.3200,16871352,572249488.0000,3,7.735200,1,-5.762300,0
2015-07-28,sz.002227,29.0000,33.0000,28.4000,31.3000,31.4000,11711040,361936848.0000,3,5.369293,1,-0.318500,0
2015-07-29,sz.002227,31.5000,32.8800,28.2000,32.8000,31.3000,10182403,315104336.0000,3,4.668441,1,4.792300,0
2015-07-30,sz.002227,32.0000,32.8500,29.8000,29.8500,32.8000,7760499,246417678.0000,3,3.558044,1,-8.993900,0
2015-07-31,sz.002227,29.0000,31.0000,27.5400,29.0100,29.8500,5098259,151413659.0000,3,2.337456,1,-2.814100,0
2015-08-03,sz.002227,28.5500,28.8800,26.1100,26.1600,29.0100,4714571,127233852.0000,3,2.161543,1,-9.824200,0
2015-08-04,sz.002227,26.1500,28.7800,26.1000,28.7800,26.1600,5450228,150401596.0000,3,2.498828,1,10.015300,0
2015-08-05,sz.002227,29.5000,31.2900,29.0100,30.3400,28.7800,7922382,240484370.0000,3,3.632264,1,5.420400,0
2015-08-06,sz.002227,29.3300,33.3700,28.9000,33.3700,30.3400,11031645,360962272.0000,3,5.057803,1,9.986800,0
2015-08-07,sz.002227,35.0000,35.5100,33.3500,34.6300,33.3700,15455516,532789072.0000,3,7.086065,1,3.775900,0
2015-08-10,sz.002227,34.0200,37.6500,33.5800,36.6900,34.6300,10336448,369576464.0000,3,4.739068,1,5.948600,0
2015-08-11,sz.002227,36.3600,38.4900,35.6400,36.1300,36.6900,9502713,353769840.0000,3,4.356816,1,-1.526300,0
2015-08-12,sz.002227,35.4800,36.4000,33.8000,34.8200,36.1300,6693491,235667213.0000,3,3.068841,1,-3.625800,0
2015-08-13,sz.002227,34.1500,36.2800,34.0000,36.2600,34.8200,6209247,220115082.0000,3,2.846824,1,4.135600,0
2015-08-14,sz.002227,36.3200,36.7500,35.0100,35.2000,36.2600,4839159,172547334.0000,3,2.218664,1,-2.923300,0
2015-08-17,sz.002227,35.0500,36.1500,33.8700,35.3000,35.2000,4550274,159047145.0000,3,2.086216,1,0.284100,0
2015-08-18,sz.002227,35.2900,36.5000,31.7700,31.7700,35.3000,7245760,249123163.0000,3,3.322046,1,-10.000000,0
2015-08-19,sz.002227,28.6600,32.9900,28.6600,32.3300,31.7700,5195338,159637546.0000,3,2.381965,1,1.762700,0
2015-08-20,sz.002227,32.3400,33.8800,31.0000,31.2900,32.3300,5215282,169964457.0000,3,2.391109,1,-3.216800,0
2015-08-21,sz.002227,30.0100,30.9700,28.1600,28.1600,31.2900,4565751,134762008.0000,3,2.093311,1,-10.003200,0
2015-08-24,sz.002227,25.3500,26.7700,25.3400,25.3400,28.1600,2622638,66704437.0000,3,1.202431,1,-10.014200,0
2015-08-25,sz.002227,22.8100,23.8100,22.8100,22.8100,25.3400,3439524,78925052.0000,3,1.576957,1,-9.984200,0
2015-08-26,sz.002227,22.9800,23.9000,20.5900,20.6300,22.8100,5083190,112848029.0000,3,2.330548,1,-9.557200,0
2015-08-27,sz.002227,20.0100,21.8800,18.5700,20.2000,20.6300,16583154,325102288.0000,3,7.603066,1,-2.084300,0
2015-08-28,sz.002227,20.8000,22.2200,19.7000,22.2200,20.2000,13096718,272795216.0000,3,6.004600,1,10.000000,0
2015-08-31,sz.002227,21.7000,23.7800,21.1100,22.1000,22.2200,10408014,232923729.0000,3,4.771880,1,-0.540000,0
2015-09-01,sz.002227,22.0600,22.0600,19.8900,19.8900,22.1000,5914007,120226370.0000,3,2.711462,1,-10.000000,0
2015-09-02,sz.002227,17.9200,20.6500,17.9000,17.9000,19.8900,6380599,119108430.0000,3,2.925385,1,-10.005000,0
2015-09-07,sz.002227,18.5000,19.6900,17.5100,18.0800,17.9000,8873645,164527688.0000,3,4.068400,1,1.005600,0
2015-09-08,sz.002227,18.2700,19.3000,17.2200,19.2900,18.0800,6575864,120959728.0000,3,3.014911,1,6.692500,0
2015-09-09,sz.002227,19.9400,21.2200,19.6200,21.2200,19.2900,15655089,317677456.0000,3,7.177566,1,10.005200,0
2015-09-10,sz.002227,20.6500,22.4800,20.5000,21.5100,21.2200,13983691,301313072.0000,3,6.411261,1,1.366600,0
2015-09-11,sz.002227,21.3800,21.8800,21.0000,21.5600,21.5100,9168792,196976460.0000,3,4.203720,1,0.232400,0
2015-09-14,sz.002227,21.3000,21.8000,19.4000,19.4000,21.5600,8347651,172761611.0000,3,3.827242,1,-10.018600,0
2015-09-15,sz.002227,18.5000,18.8800,17.4600,17.4600,19.4000,6994455,124999525.0000,3,3.206827,1,-10.000000,0
2015-09-16,sz.002227,17.5800,19.2100,17.3000,19.2100,17.4600,9289043,169343801.0000,3,4.258853,1,10.022900,0
2015-09-17,sz.002227,19.5700,21.1300,18.8800,19.8100,19.2100,18069044,371409104.0000,3,8.284319,1,3.123400,0
2015-09-18,sz.002227,20.0000,21.1500,19.8000,20.9400,19.8100,15196608,310002496.0000,3,6.967361,1,5.704200,0
2015-09-21,sz.002227,20.8000,23.0300,20.2100,23.0300,20.9400,14841868,329675984.0000,3,6.804719,1,9.980900,0
2015-09-22,sz.002227,24.8000,25.3300,24.1100,25.3300,23.0300,5145627,128637237.0000,3,2.359174,1,9.987000,0
2015-09-23,sz.002227,26.6000,27.8600,26.6000,27.8600,25.3300,13140513,356406112.0000,3,6.024680,1,9.988200,0
2015-09-24,sz.002227,30.6500,30.6500,28.7000,29.6800,27.8600,35216678,1054580320.0000,3,16.146189,1,6.532700,0
2015-09-25,sz.002227,30.0000,32.6500,29.3200,32.6500,29.6800,36216715,1128472032.0000,3,16.604687,1,10.006700,0
2015-09-28,sz.002227,31.3000,32.4800,29.3900,31.8100,32.6500,29606810,905929920.0000,3,13.574169,1,-2.572700,0
2015-09-29,sz.002227,30.5100,33.3700,30.0100,30.5200,31.8100,24507632,774762480.0000,3,11.236291,1,-4.055300,0
2015-09-30,sz.002227,31.7000,32.3000,29.1000,30.5000,30.5200,23423376,720837184.0000,3,10.739180,1,-0.065500,0
2015-10-08,sz.002227,31.7100,33.5500,30.8200,33.5500,30.5000,11215698,366246368.0000,3,5.142188,1,10.000000,0
2015-10-09,sz.002227,35.8800,36.2500,32.4800,34.8800,33.5500,36217127,1255884176.0000,3,16.604876,1,3.964200,0
2015-10-12,sz.002227,34.0000,38.0000,33.7000,34.7800,34.8800,31266311,1117870416.0000,3,14.335019,1,-0.286700,0
2015-10-13,sz.002227,33.9700,38.2600,33.7000,38.2600,34.7800,26721135,966876304.0000,3,12.251141,1,10.005700,0
2015-10-14,sz.002227,38.0000,41.5000,36.7000,39.0400,38.2600,29753080,1157344320.0000,3,13.641231,1,2.038700,0
2015-10-15,sz.002227,37.9100,40.4800,37.9100,39.2500,39.0400,21373010,833624720.0000,3,9.799126,1,0.537900,0
2015-10-16,sz.002227,38.9900,42.0000,38.6000,39.5400,39.2500,22065602,892193136.0000,3,10.116666,1,0.738900,0
2015-10-19,sz.002227,38.5100,42.0000,37.2000,41.1000,39.5400,26764272,1070210608.0000,3,12.270918,1,3.945400,0
2015-10-20,sz.002227,40.0000,40.4400,38.8300,39.3500,41.1000,16730373,660895600.0000,3,7.670563,1,-4.257900,0
2015-10-21,sz.002227,39.3400,39.7800,35.4200,35.4200,39.3500,17385855,649563920.0000,3,7.971090,1,-9.987300,0
2015-10-22,sz.002227,35.2000,38.2000,34.3000,37.5100,35.4200,19296278,698226896.0000,3,8.846983,1,5.900600,0
2015-10-23,sz.002227,37.1300,39.3000,36.3800,37.7800,37.5100,20661105,781024368.0000,3,9.472730,1,0.719800,0
2015-10-26,sz.002227,37.7100,39.8200,35.5100,38.3700,37.7800,20131763,769442096.0000,3,9.230037,1,1.561700,0
2015-10-27,sz.002227,37.0000,38.7500,35.5500,37.7200,38.3700,13516756,500697568.0000,3,6.197180,1,-1.694000,0
2015-10-28,sz.002227,37.9500,41.4900,37.8000,40.2500,37.7200,34438107,1408635632.0000,3,15.789228,1,6.707300,0
2015-10-29,sz.002227,39.6500,40.5100,37.2000,38.9900,40.2500,25884245,1004771968.0000,3,11.867443,1,-3.130400,0
2015-10-30,sz.002227,38.2000,41.6700,36.6000,38.8300,38.9900,23394213,916895376.0000,3,10.725809,1,-0.410400,0
2015-11-02,sz.002227,36.2100,37.9900,34.9500,35.0700,38.8300,17925726,651943136.0000,3,8.218610,1,-9.683200,0
2015-11-03,sz.002227,35.2500,35.8800,33.7500,34.1700,35.0700,10784695,375360624.0000,3,4.944581,1,-2.566300,0
2015-11-04,sz.002227,34.4500,36.5000,34.4500,36.4800,34.1700,12856569,458615872.0000,3,5.894497,1,6.760300,0
2015-11-05,sz.002227,36.4800,38.5900,35.7500,36.3900,36.4800,14267134,525476064.0000,3,6.541214,1,-0.246700,0
2015-11-06,sz.002227,35.9800,37.5000,35.9600,36.7000,36.3900,13282738,487043840.0000,3,6.089887,1,0.851900,0
2015-11-09,sz.002227,36.3000,39.1500,35.4000,38.6500,36.7000,20584353,777077024.0000,3,9.437541,1,5.313400,0
2015-11-10,sz.002227,38.6000,41.1200,38.0000,39.5900,38.6500,20873207,828074688.0000,3,9.569975,1,2.432100,0
2015-11-11,sz.002227,39.6500,41.0000,38.6400,39.8600,39.5900,15538377,617136720.0000,3,7.124055,1,0.682000,0
2015-11-12,sz.002227,39.9600,43.8500,39.5000,43.8500,39.8600,26302866,1123325008.0000,3,12.059372,1,10.010000,0
2015-11-13,sz.002227,46.0000,48.2400,45.8800,48.2400,43.8500,23262869,1106756160.0000,3,10.665591,1,10.011400,0
2015-11-16,sz.002227,49.0000,51.5000,47.0000,50.5500,48.2400,29770787,1465142624.0000,3,13.649349,1,4.788600,0
2015-11-17,sz.002227,50.3000,50.5500,46.8600,47.1100,50.5500,24998381,1221291488.0000,3,11.461290,1,-6.805100,0
2015-11-18,sz.002227,48.1700,49.5000,44.5800,44.9500,47.1100,22870190,1083461392.0000,3,10.485555,1,-4.585000,0
2015-11-19,sz.002227,45.0100,49.4000,43.9800,48.9500,44.9500,23690017,1104105664.0000,3,10.861430,1,8.898800,0
2015-11-20,sz.002227,47.9700,48.8400,46.6900,47.1300,48.9500,19289858,915665792.0000,3,8.844039,1,-3.718100,0
2015-11-23,sz.002227,46.2000,46.2000,43.8700,44.4800,47.1300,14115632,634814432.0000,3,6.471753,1,-5.622700,0
2015-11-24,sz.002227,44.4000,45.5500,43.9100,45.0900,44.4800,8045161,361678016.0000,3,3.688556,1,1.371400,0
2015-11-25,sz.002227,45.1900,47.6000,44.2800,46.4100,45.0900,12947124,595912256.0000,3,5.936014,1,2.927500,0
2015-11-26,sz.002227,46.0000,46.3000,44.5000,44.6800,46.4100,10790134,487468816.0000,3,4.947075,1,-3.727600,0
2015-11-27,sz.002227,43.8700,45.5200,40.5000,42.0000,44.6800,11134375,488391808.0000,3,5.104903,1,-5.998200,0
2015-11-30,sz.002227,41.9000,43.2200,39.0000,42.7700,42.0000,11024339,460822800.0000,3,5.054453,1,1.833300,0
2015-12-01,sz.002227,42.4500,42.4500,40.0000,41.2000,42.7700,7542036,312821520.0000,3,3.457883,1,-3.670800,0
2015-12-02,sz.002227,41.1300,44.6300,40.3100,42.6500,41.2000,11464120,492834656.0000,3,5.256085,1,3.519400,0
2015-12-03,sz.002227,42.2400,43.7900,41.5100,43.7900,42.6500,9865269,424533072.0000,3,4.523041,1,2.672900,0
2015-12-04,sz.002227,44.8000,46.9700,44.2500,44.3500,43.7900,15311173,697029536.0000,3,7.019887,1,1.278800,0
2015-12-07,sz.002227,43.3500,45.4000,42.5000,45.1700,44.3500,10376450,458275088.0000,3,4.757408,1,1.848900,0
2015-12-08,sz.002227,44.6000,47.0800,44.1600,44.8100,45.1700,12275855,560564944.0000,3,5.628250,1,-0.797000,0
2015-12-09,sz.002227,44.0000,48.8000,43.0000,47.6900,44.8100,21555506,1000865664.0000,3,9.882797,1,6.427100,0
2015-12-10,sz.002227,46.8700,47.4700,44.5200,44.7800,47.6900,13569590,621611648.0000,3,6.221403,1,-6.101900,0
2015-12-11,sz.002227,44.0100,44.2600,42.3100,42.5600,44.7800,8796139,378401264.0000,3,4.032865,1,-4.957600,0
2015-12-14,sz.002227,39.9500,42.4000,39.5100,41.8700,42.5600,10369629,422421104.0000,3,4.754281,1,-1.621200,0
2015-12-15,sz.002227,39.3100,42.8900,39.3100,41.7400,41.8700,14960041,612067584.0000,3,6.822573,1,-0.310500,0
2015-12-16,sz.002227,41.5000,42.0000,40.5800,41.1100,41.7400,10446871,430837488.0000,3,4.764328,1,-1.509300,0
2015-12-17,sz.002227,41.5500,45.2000,41.5500,43.9200,41.1100,17909404,781812352.0000,3,8.167640,1,6.835300,0
2015-12-18,sz.002227,42.8800,43.5800,42.0200,42.2000,43.9200,10834311,460969280.0000,3,4.941021,1,-3.916200,0
2015-12-21,sz.002227,41.5100,42.0000,41.2200,41.5700,42.2000,6127002,254423701.0000,3,2.794238,1,-1.492900,0
2015-12-22,sz.002227,41.5700,42.8000,41.5700,41.8800,41.5700,6200104,261363387.0000,3,2.827577,1,0.745700,0
2015-12-23,sz.002227,42.0000,42.2700,40.5000,40.7600,41.8800,6933020,285462496.0000,3,3.161825,1,-2.674300,0
2015-12-24,sz.002227,40.7600,41.4000,39.7900,41.1300,40.7600,5357379,216659313.0000,3,2.443249,1,0.907800,0
2015-12-25,sz.002227,41.1200,41.7600,40.9000,41.1800,41.1300,4319776,178120176.0000,3,1.970047,1,0.121600,0
2015-12-28,sz.002227,41.2300,41.9500,40.0100,40.0700,41.1800,7212351,295911760.0000,3,3.289215,1,-2.695500,0
2015-12-29,sz.002227,40.0800,40.9500,40.0700,40.7800,40.0700,6231157,253040749.0000,3,2.841739,1,1.771900,0
2015-12-30,sz.002227,40.4000,40.7800,39.9000,40.3200,40.7800,5753364,231203009.0000,3,2.623840,1,-1.128000,0
2015-12-31,sz.002227,40.6800,40.7500,39.5000,39.5000,40.3200,4430602,177495031.0000,3,2.023266,1,-2.033700,0
2016-01-04,sz.002227,39.4800,39.4800,35.5500,35.5500,39.5000,5073369,186464502.0000,3,2.316791,1,-10.000000,0
2016-01-05,sz.002227,33.0800,34.8000,32.0000,32.1800,35.5500,7112839,236185857.0000,3,3.248129,1,-9.479600,0
2016-01-06,sz.002227,32.7000,33.7000,32.0100,33.4900,32.1800,5331937,175746470.0000,3,2.431004,1,4.070900,0
2016-01-07,sz.002227,33.1400,33.1400,30.1400,30.1500,33.4900,1425400,44443229.0000,3,0.649886,1,-9.973100,0
2016-01-08,sz.002227,31.2700,31.5200,27.7000,30.0300,30.1500,5996592,181053808.0000,3,2.734042,1,-0.398000,0
2016-01-11,sz.002227,29.4000,29.7900,27.0300,27.0300,30.0300,4822951,136661804.0000,3,2.198941,1,-9.990000,0
2016-01-12,sz.002227,26.6800,29.7300,26.6500,29.7300,27.0300,9953062,283481680.0000,3,4.537926,1,9.988900,0
2016-01-13,sz.002227,30.0000,31.4400,29.6000,29.8000,29.7300,10572125,323452800.0000,3,4.820177,1,0.235500,0
2016-01-14,sz.002227,28.1100,32.7800,28.0000,32.7800,29.8000,11543777,362556608.0000,3,5.263185,1,10.000000,0
2016-01-15,sz.002227,32.6000,34.6900,32.1100,33.0700,32.7800,13394801,447365952.0000,3,6.107127,1,0.884700,0
2016-01-18,sz.002227,32.2000,35.0000,32.1500,33.4900,33.0700,10367334,353311952.0000,3,4.726806,1,1.270000,0
2016-01-19,sz.002227,33.0000,36.8000,32.0000,36.0100,33.4900,13252365,447115408.0000,3,6.042186,1,7.524600,0
2016-01-20,sz.002227,35.0000,35.9800,34.6000,34.6600,36.0100,10555175,372027296.0000,3,4.812449,1,-3.749000,0
2016-01-21,sz.002227,33.7500,34.9000,32.0100,32.0300,34.6600,7976606,269285952.0000,3,3.636795,1,-7.588000,0
2016-01-22,sz.002227,32.9000,34.0200,32.0300,33.2600,32.0300,7522802,248136502.0000,3,3.429891,1,3.840100,0
2016-01-25,sz.002227,33.8000,34.5000,33.1800,33.6000,33.2600,5914183,200654769.0000,3,2.696469,1,1.022200,0
2016-01-26,sz.002227,32.6600,33.2600,30.2400,30.2400,33.6000,6462526,203752387.0000,3,2.946477,1,-10.000000,0
2016-01-27,sz.002227,30.0000,31.2000,27.5100,30.5500,30.2400,6785476,197781552.0000,3,3.093720,1,1.025100,0
2016-01-28,sz.002227,29.1600,30.4000,27.8000,28.1600,30.5500,5053051,147090659.0000,3,2.303851,1,-7.823200,0
2016-01-29,sz.002227,28.2200,30.9800,28.2200,30.9800,28.1600,7675114,230626914.0000,3,3.499335,1,10.014200,0
2016-02-01,sz.002227,30.5000,31.0000,29.5000,30.4000,30.9800,7249264,220292108.0000,3,3.305176,1,-1.872200,0
2016-02-02,sz.002227,30.4000,32.5000,30.4000,31.5200,30.4000,7221978,230396854.0000,3,3.292736,1,3.684200,0
2016-02-03,sz.002227,31.0000,34.6000,30.6000,33.5900,31.5200,8275463,266826581.0000,3,3.773054,1,6.567300,0
2016-02-04,sz.002227,33.7900,34.5000,33.3500,34.1500,33.5900,10057953,342077088.0000,3,4.585749,1,1.667200,0
2016-02-05,sz.002227,34.1200,34.3900,32.6000,32.6500,34.1500,5694057,190127776.0000,3,2.596107,1,-4.392400,0
2016-02-15,sz.002227,31.0100,32.9500,30.9000,32.2000,32.6500,4727528,151204920.0000,3,2.155434,1,-1.378300,0
2016-02-16,sz.002227,33.2200,34.2000,33.0200,33.7600,32.2000,6475496,219082995.0000,3,2.952390,1,4.844700,0
2016-02-17,sz.002227,33.5000,35.9800,33.2300,34.6600,33.7600,9893546,340794688.0000,3,4.510791,1,2.665900,0
2016-02-18,sz.002227,34.4500,34.9600,33.7000,34.0900,34.6600,9719085,332295104.0000,3,4.431248,1,-1.644500,0
2016-02-19,sz.002227,33.9700,35.5000,33.5100,35.2700,34.0900,12542585,435625536.0000,3,5.718574,1,3.461400,0
2016-02-22,sz.002227,35.4100,37.7900,34.5000,36.5500,35.2700,15792881,569892000.0000,3,7.200490,1,3.629100,0
2016-02-23,sz.002227,36.3400,37.4900,35.3000,36.9600,36.5500,14352030,522838752.0000,3,6.543559,1,1.121800,0
2016-02-24,sz.002227,36.3700,37.9000,36.2000,36.8000,36.9600,13570940,504797856.0000,3,6.187435,1,-0.432900,0
2016-02-25,sz.002227,37.5900,39.1200,33.7000,34.7800,36.8000,20423403,759587264.0000,3,9.311697,1,-5.489100,0
2016-02-26,sz.002227,34.8500,35.7600,32.8500,33.7300,34.7800,10427567,357035952.0000,3,4.754268,1,-3.019000,0
2016-02-29,sz.002227,33.0000,33.5000,30.3600,30.3600,33.7300,7441702,230136975.0000,3,3.392915,1,-9.991100,0
2016-03-01,sz.002227,30.7300,31.1800,28.5000,30.7300,30.3600,7221503,219350162.0000,3,3.292519,1,1.218700,0
2016-03-02,sz.002227,30.4100,32.6900,30.2000,32.2600,30.7300,8421278,265099489.0000,3,3.839536,1,4.978800,0
2016-03-03,sz.002227,32.1600,34.4000,31.9600,33.3500,32.2600,10671828,352768208.0000,3,4.865635,1,3.378800,0
2016-03-04,sz.002227,32.7000,32.9800,30.3300,30.5200,33.3500,7671941,242581124.0000,3,3.497889,1,-8.485800,0
2016-03-07,sz.002227,30.9100,31.9700,30.9100,31.2000,30.5200,4189883,131960744.0000,3,1.910305,1,2.228000,0
2016-03-08,sz.002227,30.9100,31.4900,29.0000,31.3100,31.2000,5082419,154638494.0000,3,2.317241,1,0.352600,0
2016-03-09,sz.002227,30.6700,32.3000,30.1100,31.0600,31.3100,5153976,162123912.0000,3,2.349866,1,-0.798500,0
2016-03-10,sz.002227,31.2500,31.4900,30.0500,30.1400,31.0600,4157448,127179253.0000,3,1.895516,1,-2.962000,0
2016-03-11,sz.002227,29.3900,30.3800,29.0000,29.6800,30.1400,3438680,101984387.0000,3,1.567807,1,-1.526200,0
2016-03-14,sz.002227,30.3600,31.5800,30.0300,30.8200,29.6800,5560972,172360807.0000,3,2.535429,1,3.841000,0
2016-03-15,sz.002227,30.6000,32.1400,30.4100,31.1000,30.8200,6682048,210049945.0000,3,3.046564,1,0.908500,0
2016-03-16,sz.002227,31.5000,32.3200,29.9100,31.1400,31.1000,6802935,211523652.0000,3,3.101680,1,0.128600,0
2016-03-17,sz.002227,31.2100,32.6500,31.0500,32.5000,31.1400,10011203,320616400.0000,3,4.564435,1,4.367400,0
2016-03-18,sz.002227,32.7000,34.2600,32.5400,33.6400,32.5000,11151622,376176688.0000,3,5.084389,1,3.507700,0
2016-03-21,sz.002227,34.0300,34.6600,33.8000,34.2500,33.6400,9842107,336302016.0000,3,4.487338,1,1.813300,0
2016-03-22,sz.002227,33.6000,34.1400,33.3300,33.5000,34.2500,6289041,211905911.0000,3,2.867379,1,-2.189800,0
2016-03-23,sz.002227,33.2700,36.1100,33.1800,35.4900,33.5000,12934241,452505264.0000,3,5.897143,1,5.940300,0
2016-03-24,sz.002227,35.0000,35.5000,33.7000,34.0500,35.4900,10906454,377256048.0000,3,4.972609,1,-4.057500,0
2016-03-25,sz.002227,33.5500,34.4900,33.3300,33.8000,34.0500,5716524,192614835.0000,3,2.606350,1,-0.734200,0
2016-03-28,sz.002227,34.2400,34.7900,33.2500,33.5300,33.8000,6398072,218686261.0000,3,2.917090,1,-0.798800,0
2016-03-29,sz.002227,33.5100,33.7500,32.1200,32.5300,33.5300,5625733,184369867.0000,3,2.564955,1,-2.982400,0
2016-03-30,sz.002227,32.7900,33.9700,32.6000,33.9700,32.5300,6703084,223143033.0000,3,3.056155,1,4.426700,0
2016-03-31,sz.002227,34.3800,34.6900,33.3100,33.4100,33.9700,6795391,230698324.0000,3,3.095091,1,-1.648500,0
2016-04-01,sz.002227,32.9000,33.1800,31.7800,32.3400,33.4100,6809540,219839948.0000,3,3.101535,1,-3.202600,0
2016-04-05,sz.002227,32.6400,35.5000,32.6400,35.0200,32.3400,12041896,409724048.0000,3,5.484712,1,8.287000,0
2016-04-06,sz.002227,34.6600,34.6900,33.8500,34.2500,35.0200,9564275,327767632.0000,3,4.356232,1,-2.198700,0
2016-04-07,sz.002227,34.5800,36.3500,33.9600,34.8500,34.2500,16123915,567062000.0000,3,7.343945,1,1.751800,0
2016-04-08,sz.002227,33.9700,36.9700,33.7000,35.9400,34.8500,19323148,691004384.0000,3,8.801097,1,3.127700,0
2016-04-11,sz.002227,35.7000,37.7000,35.7000,36.0800,35.9400,14736378,539489824.0000,3,6.711965,1,0.389500,0
2016-04-12,sz.002227,36.0800,36.0800,34.0100,34.6300,36.0800,9321558,325684448.0000,3,4.245682,1,-4.018800,0
2016-04-13,sz.002227,34.9600,35.9200,34.2000,34.8000,34.6300,8803720,310449744.0000,3,4.009823,1,0.490900,0
2016-04-14,sz.002227,35.1100,35.5900,34.5500,35.3500,34.8000,6051386,212101150.0000,3,2.756219,1,1.580500,0
2016-04-15,sz.002227,35.9000,36.3200,35.0100,35.5500,35.3500,8020893,286388848.0000,3,3.653269,1,0.565800,0
2016-04-18,sz.002227,35.0000,35.0700,34.2000,34.8500,35.5500,6449360,222777857.0000,3,2.937484,1,-1.969100,0
2016-04-19,sz.002227,35.1200,35.2900,34.5000,34.9200,34.8500,5293369,184743571.0000,3,2.410966,1,0.200900,0
2016-04-20,sz.002227,34.9900,35.1500,31.5100,32.2500,34.9200,9103740,301249952.0000,3,4.146472,1,-7.646000,0
2016-04-21,sz.002227,32.0700,32.5000,31.0000,31.1600,32.2500,4690150,149592818.0000,3,2.136219,1,-3.379800,0
2016-04-22,sz.002227,31.1800,32.0000,30.3300,31.8600,31.1600,4404361,138267742.0000,3,2.006050,1,2.246500,0
2016-04-25,sz.002227,31.9000,31.9000,30.8000,31.3000,31.8600,3058391,95757588.0000,3,1.393003,1,-1.757700,0
2016-04-26,sz.002227,31.3900,31.9000,31.3100,31.9000,31.3000,3223008,102013000.0000,3,1.467981,1,1.916900,0
2016-04-27,sz.002227,32.0000,32.8200,31.7000,32.0500,31.9000,4637246,149397812.0000,3,2.112122,1,0.470200,0
2016-04-28,sz.002227,32.1400,32.3000,30.6000,31.4600,32.0500,3989287,124854227.0000,3,1.816997,1,-1.840900,0
2016-04-29,sz.002227,31.5300,32.2500,31.3000,31.9900,31.4600,4271830,136305740.0000,3,1.945687,1,1.684700,0
2016-05-03,sz.002227,31.9900,33.5000,31.9900,33.2700,31.9900,6959853,229495865.0000,3,3.169998,1,4.001300,0
2016-05-04,sz.002227,33.0000,33.1900,32.5000,32.7300,33.2700,5648669,185329953.0000,3,2.572794,1,-1.623100,0
2016-05-05,sz.002227,32.5100,33.1100,32.4000,32.8800,32.7300,3403761,111473882.0000,3,1.550308,1,0.458300,0
2016-05-06,sz.002227,32.8800,32.9900,30.8000,30.8600,32.8800,6029243,191937699.0000,3,2.746134,1,-6.143600,0
2016-05-09,sz.002227,30.5000,30.5000,29.0400,29.3000,30.8600,4397885,130351334.0000,3,2.003101,1,-5.055100,0
2016-05-10,sz.002227,29.3500,31.1300,29.3500,30.3100,29.3000,4923508,149621109.0000,3,2.242506,1,3.447100,0
2016-05-11,sz.002227,30.5000,30.5000,29.3800,29.6800,30.3100,3392547,101285082.0000,3,1.545200,1,-2.078500,0
2016-05-12,sz.002227,29.3000,30.6900,28.3000,30.1000,29.6800,3970031,117318361.0000,3,1.808227,1,1.415100,0
2016-05-13,sz.002227,30.1300,30.8800,29.8100,30.0000,30.1000,3359444,101552594.0000,3,1.530123,1,-0.332200,0
2016-05-16,sz.002227,29.9000,30.5000,29.5000,30.4400,30.0000,3347471,101070134.0000,3,1.524670,1,1.466700,0
2016-05-17,sz.002227,30.5000,31.5700,30.0100,30.9200,30.4400,6846050,212186237.0000,3,3.118164,1,1.576900,0
2016-05-18,sz.002227,30.1500,30.2300,29.0200,29.3900,30.9200,4589983,136187131.0000,3,2.090596,1,-4.948300,0
2016-05-19,sz.002227,29.3900,30.1800,29.3900,29.5900,29.3900,3252147,97111633.0000,3,1.481253,1,0.680500,0
2016-05-20,sz.002227,29.2000,30.1400,29.0000,29.7500,29.5900,2502542,74228756.0000,3,1.139831,1,0.540700,0
2016-05-23,sz.002227,30.0000,30.5500,30.0000,30.2300,29.7500,3108550,94204055.0000,3,1.415849,1,1.613400,0
2016-05-24,sz.002227,30.0000,30.5700,29.9000,30.0700,30.2300,2907309,87753850.0000,3,1.324189,1,-0.529300,0
2016-05-25,sz.002227,30.4300,30.5700,29.7100,29.7900,30.0700,2571035,77282766.0000,3,1.171027,1,-0.931200,0
2016-05-26,sz.002227,29.8200,29.9400,28.7000,29.6600,29.7900,2900418,84775633.0000,3,1.321051,1,-0.436400,0
2016-05-27,sz.002227,29.6000,29.7400,29.3000,29.5100,29.6600,1954425,57743334.0000,3,0.890180,1,-0.505700,0
2016-05-30,sz.002227,29.3900,29.6900,28.9100,29.4800,29.5100,1831849,53972913.0000,3,0.834351,1,-0.101700,0
2016-05-31,sz.002227,29.6500,30.9500,29.5000,30.7900,29.4800,5481258,166238292.0000,3,2.496544,1,4.443700,0
2016-06-01,sz.002227,30.7000,31.7800,30.6100,31.3000,30.7900,6843805,213709548.0000,3,3.117142,1,1.656400,0
2016-06-02,sz.002227,31.3500,31.6900,30.8500,31.2600,31.3000,4562915,142281987.0000,3,2.078267,1,-0.127800,0
2016-06-03,sz.002227,31.2500,32.3400,30.9000,31.5200,31.2600,7220495,228809615.0000,3,3.288713,1,0.831700,0
2016-06-06,sz.002227,31.4600,31.6000,30.8000,31.0600,31.5200,4598298,143053638.0000,3,2.094383,1,-1.459400,0
2016-06-07,sz.002227,31.1500,31.9100,30.7600,31.7000,31.0600,5776761,181675321.0000,3,2.631136,1,2.060500,0
2016-06-08,sz.002227,31.5000,32.0000,30.8800,31.3500,31.7000,5402075,169751378.0000,3,2.460478,1,-1.104100,0
2016-06-13,sz.002227,30.8800,30.8800,29.0000,29.1600,31.3500,5003549,150646015.0000,3,2.278962,1,-6.985600,0
2016-06-14,sz.002227,29.0000,29.9700,29.0000,29.3700,29.1600,2479211,72881631.0000,3,1.129204,1,0.720200,0
2016-06-15,sz.002227,29.1000,31.8000,29.0000,31.2100,29.3700,7218365,221903352.0000,3,3.287742,1,6.264900,0
2016-06-16,sz.002227,31.4200,34.3300,30.9100,33.4900,31.2100,18369635,608911152.0000,3,8.366802,1,7.305400,0
2016-06-17,sz.002227,32.8800,33.4700,32.5400,32.8200,33.4900,11324218,373190096.0000,3,5.157832,1,-2.000600,0
2016-06-20,sz.002227,32.6000,33.0300,32.2000,32.7600,32.8200,4203058,137102263.0000,3,1.914363,1,-0.182800,0
2016-06-21,sz.002227,33.2900,33.3300,31.0100,31.2200,32.7600,7035049,225317051.0000,3,3.204248,1,-4.700900,0
2016-06-22,sz.002227,31.2100,31.8900,30.9800,31.8000,31.2200,4323445,135994593.0000,3,1.969196,1,1.857800,0
2016-06-23,sz.002227,31.7600,33.1900,31.4600,32.1000,31.8000,6749885,218706394.0000,3,3.074364,1,0.943400,0
2016-06-24,sz.002227,32.1100,32.8800,30.0000,32.0500,32.1000,7853831,248037555.0000,3,3.577178,1,-0.155800,0
2016-06-27,sz.002227,31.4500,32.6900,31.4000,32.5000,32.0500,5225706,168343950.0000,3,2.379982,1,1.404100,0
2016-06-28,sz.002227,32.2900,33.2800,32.0700,32.9700,32.5000,7816308,256275503.0000,3,3.559839,1,1.446200,0
2016-06-29,sz.002227,32.9000,33.5000,32.4800,32.5700,32.9700,6159016,203192152.0000,3,2.805046,1,-1.213200,0
2016-06-30,sz.002227,32.5700,33.1800,32.2700,32.6800,32.5700,4218311,138143199.0000,3,1.921177,1,0.337700,0
2016-07-01,sz.002227,32.6900,33.1000,32.2100,32.3300,32.6800,3353987,109423141.0000,3,1.527531,1,-1.071000,0
2016-07-04,sz.002227,31.8600,33.0000,31.7600,32.6200,32.3300,3407889,110439074.0000,3,1.552080,1,0.897000,0
2016-07-05,sz.002227,32.7800,33.3800,32.6300,33.3300,32.6200,6411373,212458896.0000,3,2.919979,1,2.176600,0
2016-07-06,sz.002227,33.2300,33.2300,32.7000,32.8500,33.3300,4013284,131984587.0000,3,1.827800,1,-1.440200,0
2016-07-07,sz.002227,32.6000,32.8500,32.0300,32.6100,32.8500,3485196,113119238.0000,3,1.587289,1,-0.730600,0
2016-07-08,sz.002227,32.5900,32.6600,32.1300,32.1900,32.5900,3311767,107051200.0000,3,1.508303,1,-1.227400,0
2016-07-11,sz.002227,32.0800,33.8500,31.7700,33.4900,32.1900,11466603,378369584.0000,3,5.222320,1,4.038500,0
2016-07-12,sz.002227,33.2500,33.4800,32.0300,32.7700,33.4900,11691494,382520112.0000,3,5.324743,1,-2.149900,0
2016-07-13,sz.002227,32.3600,32.6000,32.0000,32.3500,32.7700,5814254,187686728.0000,3,2.648029,1,-1.281700,0
2016-07-14,sz.002227,32.1200,33.7700,32.1200,33.3500,32.3500,11751916,390383312.0000,3,5.352262,1,3.091200,0
2016-07-15,sz.002227,33.1500,33.2200,32.3000,32.4200,33.3500,6757222,220263073.0000,3,3.076651,1,-2.788600,0
2016-07-18,sz.002227,32.3700,32.3700,31.6800,31.9100,32.4200,4152312,132772031.0000,3,1.890592,1,-1.573100,0
2016-07-19,sz.002227,31.8000,32.2000,31.7000,32.1300,31.9100,2576207,82359423.0000,3,1.172974,1,0.689400,0
2016-07-20,sz.002227,32.4000,35.3400,32.3000,33.9600,32.1300,19997219,692343856.0000,3,9.104933,1,5.695600,0
2016-07-21,sz.002227,33.3500,33.7500,32.9000,33.2600,33.9600,12451208,414707408.0000,3,5.669143,1,-2.061300,0
2016-07-22,sz.002227,33.0500,33.9300,33.0500,33.3800,33.2600,7551123,252809520.0000,3,3.438073,1,0.360800,0
2016-07-25,sz.002227,33.4000,34.3100,33.3600,33.8000,33.3800,6980344,235714170.0000,3,3.178183,1,1.258200,0
2016-07-26,sz.002227,33.9000,34.2400,33.3500,33.9700,33.8000,7456470,251745519.0000,3,3.394958,1,0.503000,0
2016-07-27,sz.002227,34.0000,34.0100,31.5100,31.7700,33.9700,9210275,300042080.0000,3,4.193472,1,-6.476300,0
2016-07-28,sz.002227,31.6500,31.9800,30.5000,30.9500,31.7700,5387686,168147867.0000,3,2.453033,1,-2.581100,0
2016-07-29,sz.002227,31.0000,31.1000,30.2900,30.4000,30.9500,3294168,100697346.0000,3,1.499847,1,-1.777100,0
2016-08-01,sz.002227,30.1800,30.2500,29.6000,29.8700,30.4000,2825453,84253861.0000,3,1.286439,1,-1.743400,0
2016-08-02,sz.002227,30.0000,30.4500,30.0000,30.2500,29.8700,1839119,55610863.0000,3,0.837358,1,1.272200,0
2016-08-03,sz.002227,30.5000,30.5000,30.1000,30.1600,30.2500,1770612,53542970.0000,3,0.806166,1,-0.297500,0
2016-08-04,sz.002227,30.2000,30.4400,29.9000,30.2600,30.1600,2190814,66080809.0000,3,0.997486,1,0.331600,0
2016-08-05,sz.002227,30.1500,30.4500,30.0000,30.0100,30.2600,1923874,58030946.0000,3,0.875947,1,-0.826200,0
2016-08-08,sz.002227,29.9800,30.3000,29.3000,30.2200,30.0100,2239046,66881818.0000,3,1.019446,1,0.699800,0
2016-08-09,sz.002227,30.2300,30.5500,30.2300,30.4300,30.2200,2129193,64771949.0000,3,0.969429,1,0.694900,0
2016-08-10,sz.002227,30.5300,31.3300,30.5300,30.5700,30.4300,2954311,90898341.0000,3,1.345109,1,0.460100,0
2016-08-11,sz.002227,30.6000,31.1000,30.2700,30.3400,30.5700,2890909,88655152.0000,3,1.316241,1,-0.752400,0
2016-08-12,sz.002227,30.1500,30.4000,29.9300,30.3900,30.3400,2178316,65606703.0000,3,0.991795,1,0.164800,0
2016-08-15,sz.002227,30.6000,31.1400,30.1000,30.9400,30.3900,3898114,119834965.0000,3,1.774825,1,1.809800,0
2016-08-16,sz.002227,30.9400,31.1600,30.8000,30.9700,30.9400,2739694,84883938.0000,3,1.247393,1,0.097000,0
2016-08-17,sz.002227,31.0000,31.0000,30.7000,30.8000,30.9700,2336932,71986912.0000,3,1.064014,1,-0.548900,0
2016-08-18,sz.002227,30.7100,31.6500,30.5000,31.1500,30.8000,4478558,138790393.0000,3,2.039104,1,1.136400,0
2016-08-19,sz.002227,30.9600,31.2000,30.7500,30.8100,31.1500,2857533,88242952.0000,3,1.301045,1,-1.091500,0
2016-08-22,sz.002227,30.6000,30.9400,30.1200,30.1200,30.8100,2559237,77788403.0000,3,1.165230,1,-2.239500,0
2016-08-23,sz.002227,30.1000,30.3300,30.0000,30.1300,30.1200,1825534,55067731.0000,3,0.831172,1,0.033200,0
2016-08-24,sz.002227,30.1300,31.3900,30.1200,31.2500,30.1300,5669616,175079873.0000,3,2.581397,1,3.717200,0
2016-08-25,sz.002227,31.1000,31.1000,30.3100,30.7600,31.2500,5545085,170768002.0000,3,2.524697,1,-1.568000,0
2016-08-26,sz.002227,30.6500,30.9000,30.4100,30.4700,30.7600,2813148,86111762.0000,3,1.280837,1,-0.942800,0
2016-08-29,sz.002227,30.4300,30.5900,30.2500,30.4300,30.4700,1703832,51783303.0000,3,0.775761,1,-0.131300,0
2016-08-30,sz.002227,30.4300,30.6800,30.3100,30.4800,30.4300,1559476,47478985.0000,3,0.710035,1,0.164300,0
2016-08-31,sz.002227,30.7800,31.2900,30.5500,30.6000,30.4800,3708878,114507720.0000,3,1.688666,1,0.393700,0
2016-09-01,sz.002227,30.3600,30.4200,30.1000,30.1000,30.6000,3209190,97057648.0000,3,1.461156,1,-1.634000,0
2016-09-02,sz.002227,30.1200,30.2400,29.8000,29.8700,30.1000,1980834,59394465.0000,3,0.901881,1,-0.764100,0
2016-09-05,sz.002227,29.8800,30.1900,29.8600,29.9900,29.8700,1136102,34058214.0000,3,0.517271,1,0.401737,0
2016-09-06,sz.002227,30.1900,30.2200,29.6900,30.2100,29.9900,1793303,53843397.0000,3,0.816497,1,0.733576,0
2016-09-07,sz.002227,30.2100,30.6700,30.1000,30.1300,30.2100,2270286,68841828.0000,3,1.033669,1,-0.264813,0
2016-09-08,sz.002227,29.9200,30.2600,29.9200,30.0500,30.1300,1548600,46526471.0000,3,0.705083,1,-0.265516,0
2016-09-09,sz.002227,30.2300,30.4800,30.0300,30.0700,30.0500,2079425,62886319.0000,3,0.946770,1,0.066557,0
2016-09-12,sz.002227,29.5700,29.9700,29.0200,29.3000,30.0700,2018600,59444813.0000,3,0.919076,1,-2.560693,0
2016-09-13,sz.002227,29.7000,29.9000,29.3000,29.3600,29.3000,1394093,41075351.0000,3,0.634736,1,0.204783,0
2016-09-14,sz.002227,29.2400,29.5900,29.1000,29.2500,29.3600,1234963,36243013.0000,3,0.562283,1,-0.374661,0
2016-09-19,sz.002227,29.2600,29.6700,29.2600,29.4400,29.2500,1211502,35726515.0000,3,0.551601,1,0.649575,0
2016-09-20,sz.002227,29.5000,29.5900,29.1100,29.1800,29.4400,1292093,37759522.0000,3,0.588295,1,-0.883153,0
2016-09-21,sz.002227,29.3000,29.3800,29.1800,29.2300,29.1800,806110,23589837.0000,3,0.367025,1,0.171348,0
2016-09-22,sz.002227,29.3600,29.5900,29.2000,29.2500,29.2300,1114603,32706970.0000,3,0.507475,1,0.068424,0
2016-09-23,sz.002227,29.3000,29.4200,29.0000,29.0000,29.2500,1179094,34342036.0000,3,0.536837,1,-0.854701,0
2016-09-26,sz.002227,29.0000,29.1800,28.0000,28.1100,29.0000,2123552,60409158.0000,3,0.966846,1,-3.068964,0
2016-09-27,sz.002227,27.9800,28.1900,27.8600,28.1200,28.1100,1398344,39187437.0000,3,0.636574,1,0.035575,0
2016-09-28,sz.002227,28.2000,28.3600,28.0000,28.1000,28.1200,1062600,29962824.0000,3,0.483732,1,-0.071125,0
2016-09-29,sz.002227,28.2900,28.2900,28.0200,28.0300,28.1000,982776,27597817.0000,3,0.447393,1,-0.249109,0
2016-09-30,sz.002227,28.0200,28.1700,27.9600,28.0900,28.0300,586800,16464983.0000,3,0.267131,1,0.214055,0
2016-10-10,sz.002227,28.2100,28.8800,28.1900,28.7300,28.0900,1652962,47228837.0000,3,0.752485,1,2.278389,0
2016-10-11,sz.002227,28.9900,29.0700,28.6800,28.7400,28.7300,1717277,49533205.0000,3,0.781763,1,0.034808,0
2016-10-12,sz.002227,28.7700,28.7700,28.5100,28.6100,28.7400,925569,26473540.0000,3,0.421351,1,-0.452328,0
2016-10-13,sz.002227,28.7300,28.7300,28.5500,28.5700,28.6100,1047188,29957526.0000,3,0.476716,1,-0.139815,0
2016-10-14,sz.002227,28.6500,28.6500,28.2800,28.6100,28.5700,824782,23498379.0000,3,0.375469,1,0.140010,0
2016-10-17,sz.002227,28.7000,28.7000,28.2300,28.3200,28.6100,1192821,33892136.0000,3,0.543013,1,-1.013635,0
2016-10-18,sz.002227,28.4300,29.7000,28.2600,29.0800,28.3200,3694957,107871826.0000,3,1.682071,1,2.683617,0
2016-10-19,sz.002227,29.2900,29.2900,28.7000,28.7700,29.0800,1961137,56524523.0000,3,0.892777,1,-1.066023,0
2016-10-20,sz.002227,28.7600,28.9300,28.6600,28.7400,28.7700,1152007,33145125.0000,3,0.524433,1,-0.104278,0
2016-10-21,sz.002227,28.7000,28.8500,28.3100,28.4800,28.7400,1509036,43043377.0000,3,0.686965,1,-0.904663,0
2016-10-24,sz.002227,28.3600,28.7700,28.3600,28.6100,28.4800,1313201,37502959.0000,3,0.597814,1,0.456464,0
2016-10-25,sz.002227,28.5500,29.1700,28.4700,28.7600,28.6100,1976876,56771558.0000,3,0.899942,1,0.524291,0
2016-10-26,sz.002227,28.7000,28.7200,28.4100,28.5200,28.7600,1480129,42248409.0000,3,0.673805,1,-0.834492,0
2016-10-27,sz.002227,28.5800,28.6200,28.4100,28.4900,28.5200,970028,27656074.0000,3,0.441590,1,-0.105192,0
2016-10-28,sz.002227,28.4900,30.0000,28.3300,29.1200,28.4900,6167880,180918982.0000,3,2.807830,1,2.211306,0
2016-10-31,sz.002227,28.6000,28.8600,28.4000,28.5700,29.1200,2414274,69135984.0000,3,1.099060,1,-1.888740,0
2016-11-01,sz.002227,28.4500,28.6600,28.4500,28.6500,28.5700,1658725,47396438.0000,3,0.755108,1,0.280014,0
2016-11-02,sz.002227,28.6300,28.6300,28.3500,28.3600,28.6500,1631948,46426517.0000,3,0.742919,1,-1.012213,0
2016-11-03,sz.002227,28.2100,28.7600,28.1400,28.4800,28.3600,1998921,57088922.0000,3,0.909977,1,0.423127,0
2016-11-04,sz.002227,28.3200,28.6600,28.3100,28.3800,28.4800,1467714,41759985.0000,3,0.668154,1,-0.351125,0
2016-11-07,sz.002227,28.2000,28.4900,28.2000,28.3200,28.3800,878435,24912889.0000,3,0.399894,1,-0.211415,0
2016-11-08,sz.002227,28.5100,28.5700,28.2800,28.3400,28.3200,1073704,30494625.0000,3,0.488787,1,0.070623,0
2016-11-09,sz.002227,28.3100,28.4200,27.5000,27.8000,28.3400,1962653,54976786.0000,3,0.893467,1,-1.905437,0
2016-11-10,sz.002227,28.2000,28.2000,27.8900,27.9200,27.8000,1731152,48566674.0000,3,0.788080,1,0.431658,0
2016-11-11,sz.002227,27.9100,28.1300,27.8800,28.0000,27.9200,1406936,39343398.0000,3,0.640485,1,0.286533,0
2016-11-14,sz.002227,28.0400,28.3800,28.0200,28.1800,28.0000,1648372,46505093.0000,3,0.750395,1,0.642858,0
2016-11-15,sz.002227,28.4000,28.4000,28.1000,28.3300,28.1800,1591271,44929295.0000,3,0.724401,1,0.532291,0
2016-11-16,sz.002227,28.5200,28.9900,28.3700,28.5100,28.3300,2907479,83245209.0000,3,1.323584,1,0.635370,0
2016-11-17,sz.002227,28.3000,28.3900,28.0800,28.1200,28.5100,1827963,51476633.0000,3,0.832151,1,-1.367939,0
2016-11-18,sz.002227,28.1300,28.2500,28.0000,28.0300,28.1200,1237822,34785274.0000,3,0.563499,1,-0.320057,0
2016-11-21,sz.002227,28.0300,28.2000,28.0100,28.0800,28.0300,1255246,35242321.0000,3,0.571431,1,0.178378,0
2016-11-22,sz.002227,28.1800,28.6800,28.0200,28.6000,28.0800,3833667,108982407.0000,3,1.745216,1,1.851853,0
2016-11-23,sz.002227,28.5200,29.4900,28.3500,28.8400,28.6000,7431232,215776295.0000,3,3.382951,1,0.839160,0
2016-11-24,sz.002227,28.8600,28.8600,28.2200,28.3800,28.8400,3053275,86998704.0000,3,1.389955,1,-1.595010,0
2016-11-25,sz.002227,28.3000,28.5200,27.8000,28.4800,28.3800,2116350,59678464.0000,3,0.963435,1,0.352362,0
2016-11-28,sz.002227,28.6100,28.7200,28.2800,28.3700,28.4800,1733646,49346493.0000,3,0.789215,1,-0.386231,0
2016-11-29,sz.002227,28.4900,28.4900,27.9100,27.9300,28.3700,2165535,60844094.0000,3,0.985826,1,-1.550936,0
2016-11-30,sz.002227,27.8000,28.1300,27.7800,27.8400,27.9300,1685411,46985708.0000,3,0.767257,1,-0.322235,0
2016-12-01,sz.002227,27.9000,27.9500,27.7800,27.8200,27.8400,1257847,35034329.0000,3,0.572615,1,-0.071841,0
2016-12-02,sz.002227,27.8700,27.9800,26.9800,27.1300,27.8200,1905295,52351651.0000,3,0.867355,1,-2.480232,0
2016-12-05,sz.002227,26.9600,27.2800,26.7500,27.0300,27.1300,962421,26035608.0000,3,0.438127,1,-0.368590,0
2016-12-06,sz.002227,27.1000,27.5000,27.1000,27.2400,27.0300,912501,24860745.0000,3,0.415402,1,0.776911,0
2016-12-07,sz.002227,27.2500,27.4000,27.1000,27.3600,27.2400,947532,25796948.0000,3,0.431349,1,0.440532,0
2016-12-08,sz.002227,27.4800,27.4800,27.0700,27.0700,27.3600,940587,25601406.0000,3,0.428187,1,-1.059945,0
2016-12-09,sz.002227,27.0700,27.2800,26.8600,26.8900,27.0700,982335,26574212.0000,3,0.447192,1,-0.664944,0
2016-12-12,sz.002227,26.8100,26.9300,24.2000,24.2400,26.8900,3285097,83559849.0000,3,1.495489,1,-9.854963,0
2016-12-13,sz.002227,24.0000,24.1100,23.3000,23.9600,24.2400,1899470,45057080.0000,3,0.864704,1,-1.155118,0
2016-12-14,sz.002227,23.9700,24.9500,23.4200,24.1600,23.9600,2380840,57352951.0000,3,1.083840,1,0.834728,0
2016-12-15,sz.002227,23.9900,24.6200,23.8000,24.1700,24.1600,1422888,34503629.0000,3,0.647747,1,0.041392,0
2016-12-16,sz.002227,24.1700,24.6300,24.1700,24.3900,24.1700,1262110,30823715.0000,3,0.574556,1,0.910216,0
2016-12-19,sz.002227,24.3000,24.4000,23.9400,24.0500,24.3900,897811,21636107.0000,3,0.408714,1,-1.394015,0
2016-12-20,sz.002227,24.2200,24.2200,23.9100,24.0300,24.0500,793636,19089396.0000,3,0.361290,1,-0.083154,0
2016-12-21,sz.002227,24.0400,24.4600,24.0400,24.3000,24.0300,869496,21119813.0000,3,0.395824,1,1.123590,0
2016-12-22,sz.002227,24.4200,26.4800,24.2100,25.9000,24.3000,5286051,135614642.0000,3,2.406391,1,6.584364,0
2016-12-23,sz.002227,25.6000,25.7500,24.7800,24.9200,25.9000,3045373,76496587.0000,3,1.386358,1,-3.783782,0
2016-12-26,sz.002227,24.6900,25.2100,24.0000,25.1000,24.9200,1997422,49671205.0000,3,0.909295,1,0.722313,0
2016-12-27,sz.002227,25.0400,25.1400,24.7100,24.7300,25.1000,1257709,31230446.0000,3,0.572552,1,-1.474107,0
2016-12-28,sz.002227,24.9200,24.9200,24.4500,24.6600,24.7300,925060,22823261.0000,3,0.421119,1,-0.283056,0
2016-12-29,sz.002227,24.7800,24.8200,24.1000,24.1800,24.6600,967963,23645600.0000,3,0.440650,1,-1.946470,0
2016-12-30,sz.002227,24.1500,24.3900,24.0800,24.1700,24.1800,725879,17568478.0000,3,0.330445,1,-0.041357,0
2017-01-03,sz.002227,24.2700,24.6800,24.2700,24.5500,24.1700,898476,21992008.0000,3,0.409106,1,1.572193,0
2017-01-04,sz.002227,24.4300,25.5700,24.3900,25.2000,24.5500,2831165,71408860.0000,3,1.289123,1,2.647664,0
2017-01-05,sz.002227,25.0000,25.9700,24.5800,25.3800,25.2000,3320395,84727330.0000,3,1.511885,1,0.714279,0
2017-01-06,sz.002227,25.0000,25.5000,24.9000,24.9200,25.3800,1901683,47645064.0000,3,0.865899,1,-1.812447,0
2017-01-09,sz.002227,25.0000,25.4900,24.8800,25.2200,24.9200,1445416,36427271.0000,3,0.658145,1,1.203849,0
2017-01-10,sz.002227,25.2200,25.2200,24.7600,24.8700,25.2200,1151588,28732391.0000,3,0.524356,1,-1.387782,0
2017-01-11,sz.002227,24.8700,25.0100,24.6100,24.8000,24.8700,879510,21851985.0000,3,0.400470,1,-0.281470,0
2017-01-12,sz.002227,24.7200,24.9400,24.3700,24.5000,24.8000,848642,20918100.0000,3,0.386415,1,-1.209674,0
2017-01-13,sz.002227,24.5100,24.7800,24.1000,24.1100,24.5000,982008,23940653.0000,3,0.447141,1,-1.591834,0
2017-01-16,sz.002227,24.4400,25.8000,23.3100,25.5600,24.1100,6306758,158436826.0000,3,2.871675,1,6.014097,0
2017-01-17,sz.002227,25.5100,26.0000,24.6800,25.9500,25.5600,6670276,170067904.0000,3,3.037196,1,1.525827,0
2017-01-18,sz.002227,25.5500,25.6800,25.1400,25.2500,25.9500,3683589,93485537.0000,3,1.677259,1,-2.697498,0
2017-01-19,sz.002227,24.8700,24.8700,24.1500,24.3800,25.2500,3353558,81908528.0000,3,1.526985,1,-3.445548,0
2017-01-20,sz.002227,24.2000,24.9300,24.2000,24.8000,24.3800,2053650,50754143.0000,3,0.935094,1,1.722724,0
2017-01-23,sz.002227,24.8000,24.9500,24.5100,24.7400,24.8000,1545126,38155459.0000,3,0.703547,1,-0.241933,0
2017-01-24,sz.002227,24.6800,24.8700,24.3200,24.4300,24.7400,1297110,31820175.0000,3,0.590617,1,-1.253029,0
2017-01-25,sz.002227,24.3300,24.7100,24.3000,24.5000,24.4300,1141538,28006085.0000,3,0.519780,1,0.286532,0
2017-01-26,sz.002227,24.6800,24.7200,24.3700,24.5800,24.5000,1006700,24656673.0000,3,0.458384,1,0.326530,0
2017-02-03,sz.002227,24.5800,24.5800,24.2500,24.4900,24.5800,777321,18963890.0000,3,0.353940,1,-0.366152,0
2017-02-06,sz.002227,24.4800,24.7800,24.3500,24.7000,24.4900,1442804,35494685.0000,3,0.656956,1,0.857497,0
2017-02-07,sz.002227,24.7000,25.1900,24.5800,24.9900,24.7000,2025419,50465615.0000,3,0.922240,1,1.174085,0
2017-02-08,sz.002227,25.1000,25.3500,24.9000,25.2200,24.9900,2424771,60999584.0000,3,1.104078,1,0.920366,0
2017-02-09,sz.002227,25.2800,25.5000,25.0500,25.2000,25.2200,2520616,63607589.0000,3,1.147719,1,-0.079296,0
2017-02-10,sz.002227,25.0100,25.2700,24.7300,24.7600,25.2000,2022191,50494924.0000,3,0.920770,1,-1.746034,0
2017-02-13,sz.002227,24.7500,25.2500,24.6000,25.2000,24.7600,1852160,46408079.0000,3,0.843349,1,1.777062,0
2017-02-14,sz.002227,25.1900,25.2300,24.9100,25.0000,25.2000,1220629,30536014.0000,3,0.555793,1,-0.793654,0
2017-02-15,sz.002227,24.9500,25.1600,24.5900,24.6000,25.0000,1775600,44248173.0000,3,0.808489,1,-1.599998,0
2017-02-16,sz.002227,24.6000,24.8500,24.5100,24.6900,24.6000,1585405,39099011.0000,3,0.721887,1,0.365854,0
2017-02-17,sz.002227,24.6800,25.3000,24.3800,25.0100,24.6900,3304655,82284557.0000,3,1.504718,1,1.296070,0
2017-02-20,sz.002227,25.0100,25.0100,24.6100,24.8800,25.0100,1738682,43086996.0000,3,0.791679,1,-0.519796,0
2017-02-21,sz.002227,24.9000,25.3700,24.9000,25.2200,24.8800,3295792,83041256.0000,3,1.500683,1,1.366560,0
2017-02-22,sz.002227,25.2000,25.3800,25.0200,25.3500,25.2200,3179934,80300381.0000,3,1.447929,1,0.515468,0
2017-02-23,sz.002227,25.3000,25.3500,25.0100,25.2200,25.3500,2072185,52116537.0000,3,0.943534,1,-0.512825,0
2017-02-24,sz.002227,25.2200,25.6500,25.1000,25.5400,25.2200,3554260,90353128.0000,3,1.618372,1,1.268841,0
2017-02-27,sz.002227,25.3700,25.7700,25.1000,25.1300,25.5400,2827760,71897793.0000,3,1.287572,1,-1.605332,0
2017-02-28,sz.002227,25.3500,25.4000,25.1000,25.3300,25.1300,1621275,40868577.0000,3,0.738220,1,0.795865,0
2017-03-01,sz.002227,25.3500,25.4900,25.1600,25.2200,25.3300,2053600,52003406.0000,3,0.935072,1,-0.434270,0
2017-03-02,sz.002227,25.2800,25.3800,24.9000,24.9000,25.2200,1713191,42975459.0000,3,0.780072,1,-1.268833,0
2017-03-03,sz.002227,24.8100,25.6400,24.7600,25.4400,24.9000,3563406,90155612.0000,3,1.622536,1,2.168679,0
2017-03-06,sz.002227,25.6000,26.1200,25.4100,25.7900,25.4400,4057905,104829938.0000,3,1.847698,1,1.375788,0
2017-03-07,sz.002227,25.8100,25.9400,25.5000,25.7900,25.7900,2408323,61848022.0000,3,1.096589,1,0.000000,0
2017-03-08,sz.002227,25.7200,25.9800,25.5100,25.5400,25.7900,1688592,43389461.0000,3,0.768872,1,-0.969368,0
2017-03-09,sz.002227,25.5000,25.5000,25.2100,25.2500,25.5400,1520974,38468943.0000,3,0.692550,1,-1.135477,0
2017-03-10,sz.002227,25.2600,25.7600,25.2600,25.6600,25.2500,2256472,57644402.0000,3,1.027446,1,1.623762,0
2017-03-13,sz.002227,25.6000,25.7600,25.3000,25.6000,25.6600,2051815,52411249.0000,3,0.934259,1,-0.233825,0
2017-03-14,sz.002227,25.5500,25.6900,25.2800,25.3600,25.6000,1521329,38679235.0000,3,0.692711,1,-0.937499,0
2017-03-15,sz.002227,25.4400,25.4400,25.1100,25.1800,25.3600,1490054,37574710.0000,3,0.678471,1,-0.709780,0
2017-03-16,sz.002227,25.1900,25.4700,25.1700,25.3600,25.1800,1575505,39873251.0000,3,0.717379,1,0.714854,0
2017-03-17,sz.002227,25.4000,25.4400,24.9600,25.0000,25.3600,1831983,46165374.0000,3,0.834162,1,-1.419561,0
2017-03-20,sz.002227,24.9800,25.4800,24.9100,25.4000,25.0000,2070847,52222727.0000,3,0.942925,1,1.599998,0
2017-03-21,sz.002227,25.3800,25.4800,25.0700,25.1700,25.4000,1328894,33537952.0000,3,0.605089,1,-0.905510,0
2017-03-22,sz.002227,25.0000,25.2000,24.5000,24.5000,25.1700,2545696,63039045.0000,3,1.159139,1,-2.661899,0
2017-03-23,sz.002227,24.5100,24.7400,24.2100,24.4000,24.5000,1770327,43290255.0000,3,0.806088,1,-0.408165,0
2017-03-24,sz.002227,24.6000,24.6000,24.3100,24.4800,24.4000,956274,23360524.0000,3,0.435423,1,0.327869,0
2017-03-27,sz.002227,24.5900,24.5900,24.3000,24.3900,24.4800,1136319,27718611.0000,3,0.517403,1,-0.367648,0
2017-03-28,sz.002227,24.4000,24.5000,24.3500,24.4300,24.3900,743319,18147004.0000,3,0.338458,1,0.164005,0
2017-03-29,sz.002227,24.3900,24.4900,24.0100,24.0100,24.4300,1427700,34539155.0000,3,0.650079,1,-1.719198,0
2017-03-30,sz.002227,24.0200,24.0300,23.2300,23.2300,24.0100,1929662,45333812.0000,3,0.878639,1,-3.248649,0
2017-03-31,sz.002227,23.1000,23.3600,21.3100,21.7400,23.2300,3966530,87959399.0000,3,1.806092,1,-6.414119,0
2017-04-05,sz.002227,21.7700,22.4100,21.4100,22.2600,21.7400,2492142,54789119.0000,3,1.134754,1,2.391906,0
2017-04-06,sz.002227,22.2900,22.7800,22.0100,22.3900,22.2600,1925866,43067425.0000,3,0.876910,1,0.584003,0
2017-04-07,sz.002227,22.3100,24.0200,22.1900,23.0100,22.3900,2772120,63954662.0000,3,1.262237,1,2.769097,0
2017-04-10,sz.002227,22.7200,23.5600,22.7000,22.8500,23.0100,2536058,58627632.0000,3,1.154751,1,-0.695349,0
2017-04-11,sz.002227,22.7500,23.0500,22.0000,22.6500,22.8500,2057312,46450249.0000,3,0.936762,1,-0.875277,0
2017-04-12,sz.002227,22.7000,22.9500,22.2500,22.4100,22.6500,1489027,33753704.0000,3,0.678003,1,-1.059602,0
2017-04-13,sz.002227,22.4000,22.7700,22.2600,22.3100,22.4100,994993,22329746.0000,3,0.453053,1,-0.446231,0
2017-04-14,sz.002227,22.2600,22.4500,21.9300,21.9600,22.3100,1147418,25509249.0000,3,0.522457,1,-1.568805,0
2017-04-17,sz.002227,21.8500,22.3700,21.6000,22.1000,21.9600,1240402,27294089.0000,3,0.564796,1,0.637529,0
2017-04-18,sz.002227,22.1000,22.6000,22.0000,22.4300,22.1000,2185040,48760152.0000,3,0.994921,1,1.493212,0
2017-04-19,sz.002227,22.3500,22.3500,20.6000,20.9200,22.4300,2873458,61240084.0000,3,1.308380,1,-6.732056,0
2017-04-20,sz.002227,21.0000,21.0600,20.0100,20.0800,20.9200,1746860,35863112.0000,3,0.795403,1,-4.015297,0
2017-04-21,sz.002227,20.0000,20.2300,19.8800,20.1000,20.0800,1057461,21211686.0000,3,0.481497,1,0.099604,0
2017-04-24,sz.002227,20.0800,20.0800,18.6100,18.6100,20.1000,1707425,32550983.0000,3,0.777447,1,-7.412934,0
2017-04-25,sz.002227,18.6100,18.9500,18.5800,18.6600,18.6100,870086,16364018.0000,3,0.396179,1,0.268669,0
2017-04-26,sz.002227,18.6900,19.0000,18.5200,18.7300,18.6600,915132,17194256.0000,3,0.416690,1,0.375132,0
2017-04-27,sz.002227,18.9200,18.9200,18.0900,18.8000,18.7300,1225813,22758710.0000,3,0.558153,1,0.373730,0
2017-04-28,sz.002227,18.8600,19.3900,18.8000,19.2200,18.8000,1034986,19848710.0000,3,0.471263,1,2.234043,0
2017-05-02,sz.002227,19.5000,19.5000,19.0500,19.0600,19.2200,702399,13437579.0000,3,0.319825,1,-0.832465,0
2017-05-03,sz.002227,19.0600,19.1700,18.9100,19.0300,19.0600,573591,10913941.0000,3,0.261175,1,-0.157391,0
2017-05-04,sz.002227,18.8800,19.5000,18.8700,19.4500,19.0300,1358671,26235479.0000,3,0.618648,1,2.207042,0
2017-05-05,sz.002227,19.4400,19.4400,19.0800,19.0900,19.4500,1001930,19205317.0000,3,0.456212,1,-1.850903,0
2017-05-08,sz.002227,19.0200,19.0200,18.5900,18.6600,19.0900,903657,16920613.0000,3,0.411465,1,-2.252490,0
2017-05-09,sz.002227,18.7300,19.4600,18.6100,19.2000,18.6600,1397116,26746413.0000,3,0.636153,1,2.893896,0
2017-05-10,sz.002227,19.1500,19.2800,18.4000,18.4000,19.2000,1132124,21354848.0000,3,0.515493,1,-4.166672,0
2017-05-11,sz.002227,18.3000,18.4000,17.0000,17.8500,18.4000,1748034,30951653.0000,3,0.795937,1,-2.989126,0
2017-05-12,sz.002227,17.8500,17.8500,17.3200,17.3500,17.8500,1129265,19760527.0000,3,0.514192,1,-2.801121,0
2017-05-15,sz.002227,17.3600,17.6500,17.3600,17.4500,17.3500,716654,12571368.0000,3,0.326316,1,0.576371,0
2017-05-16,sz.002227,17.5400,18.0300,17.3300,17.9000,17.4500,1295762,22938875.0000,3,0.590003,1,2.578790,0
2017-05-17,sz.002227,17.9600,18.4700,17.9600,18.1200,17.9000,1334532,24369518.0000,3,0.607656,1,1.229057,0
2017-05-18,sz.002227,17.8200,18.3000,17.8200,18.0900,18.1200,970633,17620890.0000,3,0.441961,1,-0.165567,0
2017-05-19,sz.002227,18.0900,18.3500,17.9600,18.0600,18.0900,743632,13475230.0000,3,0.338600,1,-0.165841,0
2017-05-22,sz.002227,17.8200,18.3500,17.3500,17.4600,18.0600,1166624,20809311.0000,3,0.531202,1,-3.322261,0
2017-05-23,sz.002227,17.5500,17.8000,16.9300,16.9700,17.4600,1051094,18162369.0000,3,0.478598,1,-2.806414,0
2017-05-24,sz.002227,16.8100,17.3800,16.5100,17.3000,16.9700,1158402,19852015.0000,3,0.527459,1,1.944608,0
2017-05-25,sz.002227,17.3200,17.6900,16.9000,17.5300,17.3000,1266073,21924884.0000,3,0.576485,1,1.329488,0
2017-05-26,sz.002227,17.5200,17.8300,17.4000,17.5300,17.5300,726872,12797596.0000,3,0.330969,1,0.000000,0
2017-05-31,sz.002227,17.6500,17.8800,17.2600,17.2600,17.5300,719800,12627024.0000,3,0.327749,1,-1.540219,0
2017-06-01,sz.002227,17.2400,17.3500,16.5200,16.6300,17.2600,981355,16626904.0000,3,0.446843,1,-3.650064,0
2017-06-02,sz.002227,16.5000,16.9900,16.4100,16.9500,16.6300,948416,15870011.0000,3,0.431845,1,1.924243,0
2017-06-05,sz.002227,16.8500,17.2800,16.8500,17.0800,16.9500,723271,12357626.0000,3,0.329329,1,0.766957,0
2017-06-06,sz.002227,16.9500,17.2300,16.9000,17.2000,17.0800,577342,9882665.0000,3,0.262883,1,0.702581,0
2017-06-07,sz.002227,17.1500,17.5700,17.0600,17.5600,17.2000,1307988,22822084.0000,3,0.595570,1,2.093016,0
2017-06-08,sz.002227,17.7400,18.3300,17.6000,17.9000,17.5600,2282777,41068221.0000,3,1.039424,1,1.936220,0
2017-06-09,sz.002227,17.7000,17.8000,17.3800,17.7100,17.9000,1295767,22754806.0000,3,0.590005,1,-1.061455,0
2017-06-12,sz.002227,17.6600,17.6600,17.2700,17.3200,17.7100,793841,13871226.0000,3,0.361462,1,-2.202142,0
2017-06-13,sz.002227,17.2500,18.2900,17.2500,17.9400,17.3200,1883636,33602158.0000,3,0.857681,1,3.579682,0
2017-06-14,sz.002227,17.9000,18.5000,17.7600,18.4300,17.9400,3387521,61954158.0000,3,1.542450,1,2.731325,0
2017-06-15,sz.002227,18.3900,18.7000,18.2100,18.5400,18.4300,2852295,52715293.0000,3,1.298744,1,0.596856,0
2017-06-16,sz.002227,18.4100,18.6800,18.2100,18.4300,18.5400,1688609,31086555.0000,3,0.768879,1,-0.593315,0
2017-06-19,sz.002227,18.4500,18.6000,18.2200,18.4800,18.4300,1329956,24474275.0000,3,0.605573,1,0.271293,0
2017-06-20,sz.002227,18.5000,19.8800,18.5000,19.3800,18.4800,6724909,130428095.0000,3,3.062072,1,4.870128,0
2017-06-21,sz.002227,19.0400,19.1500,18.4600,18.7500,19.3800,4236008,79751095.0000,3,1.928794,1,-3.250770,0
2017-06-22,sz.002227,18.6600,19.2700,18.5000,18.5900,18.7500,3112564,58532069.0000,3,1.417253,1,-0.853333,0
2017-06-23,sz.002227,18.3900,18.4000,17.8600,18.1800,18.5800,2366589,42820635.0000,3,1.077586,1,-2.152850,0
2017-06-26,sz.002227,18.1100,18.3900,18.0300,18.3400,18.1800,1392984,25393888.0000,3,0.634271,1,0.880087,0
2017-06-27,sz.002227,18.3400,18.4800,18.1800,18.2700,18.3400,953202,17451959.0000,3,0.434024,1,-0.381678,0
2017-06-28,sz.002227,18.0500,18.2900,18.0500,18.1400,18.2700,734102,13332852.0000,3,0.334261,1,-0.711555,0
2017-06-29,sz.002227,18.0900,18.4000,18.0400,18.3500,18.1400,1065285,19461810.0000,3,0.485059,1,1.157668,0
2017-06-30,sz.002227,18.3800,18.4000,18.1000,18.2100,18.3500,814226,14837728.0000,3,0.371006,1,-0.762950,0
2017-07-03,sz.002227,18.3200,18.6800,18.2400,18.6100,18.2100,1453991,26898098.0000,3,0.662518,1,2.196604,0
2017-07-04,sz.002227,18.6000,18.8900,18.5000,18.6400,18.6100,1815849,33963584.0000,3,0.827401,1,0.161197,0
2017-07-05,sz.002227,18.5900,18.8700,18.3500,18.8000,18.6400,1720286,32048478.0000,3,0.783857,1,0.858368,0
2017-07-06,sz.002227,18.8200,19.8800,18.7300,19.3600,18.8000,5617272,108973310.0000,3,2.559539,1,2.978731,0
2017-07-07,sz.002227,19.3000,19.5200,19.1200,19.2700,19.3600,2569747,49572830.0000,3,1.170918,1,-0.464877,0
2017-07-10,sz.002227,19.3000,19.5800,19.1000,19.2100,19.2700,1790750,34548032.0000,3,0.815964,1,-0.311372,0
2017-07-11,sz.002227,19.4200,19.4200,18.3800,18.4800,19.2100,2441270,45868089.0000,3,1.112377,1,-3.800102,0
2017-07-12,sz.002227,18.5000,18.5300,17.6800,18.1400,18.4800,2337906,42122976.0000,3,1.065279,1,-1.839828,0
2017-07-13,sz.002227,18.1500,18.1500,17.8500,18.0100,18.1400,987280,17783404.0000,3,0.449859,1,-0.716644,0
2017-07-14,sz.002227,18.0100,18.2100,17.9300,17.9900,18.0100,1092646,19720205.0000,3,0.497870,1,-0.111052,0
2017-07-17,sz.002227,17.8200,17.9000,16.3000,16.7000,17.9900,2191723,37058768.0000,3,0.998670,1,-7.170645,0
2017-07-18,sz.002227,16.6800,16.9500,16.5800,16.9400,16.7000,985219,16539973.0000,3,0.448920,1,1.437124,0
2017-07-19,sz.002227,16.8900,17.0300,16.7300,17.0100,16.9400,1007247,17010706.0000,3,0.458957,1,0.413221,0
2017-07-20,sz.002227,17.0300,17.4300,17.0000,17.1200,17.0100,1401991,24151469.0000,3,0.638824,1,0.646682,0
2017-07-21,sz.002227,17.0800,17.2900,16.9000,16.9600,17.1200,1029508,17559258.0000,3,0.469101,1,-0.934590,0
2017-07-24,sz.002227,17.2100,17.4900,17.0500,17.2100,16.9600,1122876,19388672.0000,3,0.511644,1,1.474057,0
2017-07-25,sz.002227,17.1900,17.1900,17.0100,17.0300,17.2100,748534,12774193.0000,3,0.341073,1,-1.045894,0
2017-07-26,sz.002227,17.0300,18.5000,16.9100,17.7400,17.0300,3128168,55476744.0000,3,1.425366,1,4.169107,0
2017-07-27,sz.002227,17.7300,18.0900,17.5200,17.9800,17.7400,2648142,47319925.0000,3,1.206639,1,1.352874,0
2017-07-28,sz.002227,17.9700,19.0000,17.7000,18.6600,17.9800,4106198,75610363.0000,3,1.871010,1,3.781982,0
2017-07-31,sz.002227,18.5500,19.1000,18.2600,18.5500,18.6600,3744216,70100598.0000,3,1.706071,1,-0.589499,0
2017-08-01,sz.002227,18.6700,19.9700,18.2000,19.4900,18.5500,7127716,136691325.0000,3,3.247780,1,5.067389,0
2017-08-02,sz.002227,19.3500,20.9700,19.3500,20.8200,19.4900,12225909,250091634.0000,3,5.570798,1,6.824012,0
2017-08-03,sz.002227,20.6100,20.6200,20.0100,20.0600,20.8200,6786351,137645552.0000,3,3.092235,1,-3.650337,0
2017-08-04,sz.002227,20.0600,20.5000,19.5300,19.5400,20.0600,5101344,101523073.0000,3,2.324453,1,-2.592216,0
2017-08-07,sz.002227,19.3800,19.8900,19.2000,19.5000,19.5400,3063616,60044651.0000,3,1.395952,1,-0.204713,0
2017-08-08,sz.002227,19.3800,19.6900,19.2100,19.5700,19.5000,2691959,52303212.0000,3,1.226605,1,0.358973,0
2017-08-09,sz.002227,19.7000,19.9600,19.4000,19.5800,19.5700,2629008,51721127.0000,3,1.197921,1,0.051100,0
2017-08-10,sz.002227,19.5300,20.1000,19.2500,19.8800,19.5800,3769488,74547155.0000,3,1.717586,1,1.532172,0
2017-08-11,sz.002227,19.4300,20.4900,19.4300,19.9700,19.8800,5603321,112319910.0000,3,2.553182,1,0.452717,0
2017-08-14,sz.002227,19.9700,20.2500,19.7500,19.9800,19.9700,3576674,71449777.0000,3,1.629730,1,0.050076,0
2017-08-15,sz.002227,19.9000,20.7600,19.8800,20.6000,19.9800,6180336,126481874.0000,3,2.816102,1,3.103107,0
2017-08-16,sz.002227,20.5000,20.6100,20.0300,20.4000,20.6000,4182054,84916229.0000,3,1.905574,1,-0.970877,0
2017-08-17,sz.002227,20.2500,20.3600,19.9000,19.9900,20.4000,3673651,73682124.0000,3,1.673918,1,-2.009803,0
2017-08-18,sz.002227,19.8000,19.8000,19.4400,19.4700,19.9900,2700687,52818179.0000,3,1.230582,1,-2.601303,0
2017-08-21,sz.002227,19.5600,21.4200,19.5000,21.4200,19.4700,10276065,214074177.0000,3,4.682341,1,10.015410,0
2017-08-22,sz.002227,21.6400,22.8800,21.6400,22.1000,21.4200,17202422,381944496.0000,3,7.838371,1,3.174604,0
2017-08-23,sz.002227,22.1000,22.8200,21.5300,22.2000,22.1000,11436397,254309116.0000,3,5.211053,1,0.452490,0
2017-08-24,sz.002227,21.7000,21.8700,21.1100,21.3900,22.2000,8560902,183096620.0000,3,3.900819,1,-3.648655,0
2017-08-25,sz.002227,21.3400,21.5500,21.0600,21.4100,21.3900,5391486,114954456.0000,3,2.456658,1,0.093504,0
2017-08-28,sz.002227,21.2800,21.8700,21.1100,21.5200,21.4100,6108066,131042040.0000,3,2.783171,1,0.513782,0
2017-08-29,sz.002227,21.7200,21.9400,21.3500,21.5700,21.5200,5709630,123642481.0000,3,2.601622,1,0.232339,0
2017-08-30,sz.002227,21.4000,21.4700,21.1100,21.3100,21.5700,4583800,97460828.0000,3,2.088632,1,-1.205379,0
2017-08-31,sz.002227,21.3700,21.6000,21.1000,21.4900,21.3100,3462067,74120243.0000,3,1.577508,1,0.844675,0
2017-09-01,sz.002227,21.3400,21.4900,21.1600,21.2800,21.4900,3273982,69640942.0000,3,1.491807,1,-0.977194,0
2017-09-04,sz.002227,21.2800,21.5800,21.1000,21.3200,21.2800,3095300,66130728.0000,3,1.410389,1,0.187965,0
2017-09-05,sz.002227,21.3000,21.9000,21.3000,21.6800,21.3200,5221083,113233809.0000,3,2.379013,1,1.688558,0
2017-09-06,sz.002227,21.5000,22.4300,21.4200,22.1600,21.6800,7326418,162139635.0000,3,3.338320,1,2.214020,0
2017-09-07,sz.002227,22.1500,22.2500,21.2700,21.3800,22.1600,5201692,113209549.0000,3,2.370178,1,-3.519859,0
2017-09-08,sz.002227,21.6900,22.0000,21.2300,21.9500,21.3800,5760992,125331776.0000,3,2.625025,1,2.666051,0
2017-09-11,sz.002227,22.9400,24.0000,22.6400,22.8000,21.9500,11966327,276859264.0000,3,5.452518,1,3.872430,0
2017-09-12,sz.002227,22.8800,25.0800,22.8800,24.2900,22.8000,16394922,403315905.6200,3,7.470430,1,6.535095,0
2017-09-13,sz.002227,24.0000,24.8000,23.5200,24.4900,24.2900,14250395,344354492.9900,3,6.493265,1,0.823379,0
2017-09-14,sz.002227,24.2000,24.6400,23.7000,23.8800,24.4900,9063148,217617663.6900,3,4.129670,1,-2.490815,0
2017-09-15,sz.002227,23.8800,23.9600,23.0500,23.2500,23.8800,5415935,126375091.5600,3,2.467798,1,-2.638187,0
2017-09-18,sz.002227,23.4800,23.9600,23.2700,23.8800,23.2500,5274202,124630918.1800,3,2.403217,1,2.709674,0
2017-09-19,sz.002227,23.8000,23.8700,23.2800,23.3500,23.8800,4011368,94134547.5200,3,1.827800,1,-2.219425,0
2017-09-20,sz.002227,23.3100,23.5800,23.0500,23.3800,23.3500,4006138,93411195.4900,3,1.825417,1,0.128474,0
2017-09-21,sz.002227,23.3000,23.8200,22.7800,22.8800,23.3800,4062126,94437013.6400,3,1.850928,1,-2.138580,0
2017-09-22,sz.002227,22.6200,22.9000,22.3500,22.6300,22.8800,2792855,63048497.6900,3,1.272579,1,-1.092657,0
2017-09-25,sz.002227,22.6500,23.0300,22.1600,22.2500,22.6300,2716781,61730946.0900,3,1.237915,1,-1.679183,0
2017-09-26,sz.002227,22.6500,22.6900,22.0000,22.3400,22.2500,2262176,50482926.2500,3,1.030772,1,0.404495,0
2017-09-27,sz.002227,22.3400,22.8200,22.2300,22.4500,22.3400,2736528,61633027.3700,3,1.246913,1,0.492393,0
2017-09-28,sz.002227,22.4800,22.5100,21.8800,21.9300,22.4500,3086422,68365853.4500,3,1.406344,1,-2.316260,0
2017-09-29,sz.002227,22.1100,23.0000,21.9500,23.0000,21.9300,4859158,109847102.1500,3,2.214100,1,4.879159,0
2017-10-09,sz.002227,22.5500,22.9900,22.4500,22.8000,23.0000,5154000,116958950.7200,3,2.348446,1,-0.869568,0
2017-10-10,sz.002227,22.6600,22.7900,22.1500,22.2300,22.8000,3694150,82411483.9700,3,1.683258,1,-2.499999,0
2017-10-11,sz.002227,22.1500,22.4400,21.5700,21.6700,22.2300,4001063,88112987.4400,3,1.823105,1,-2.519116,0
2017-10-12,sz.002227,21.5500,21.5600,20.9500,21.2200,21.6700,3362759,71390213.7300,3,1.532258,1,-2.076607,0
2017-10-13,sz.002227,21.3800,21.4300,21.2000,21.4000,21.2200,1701428,36317697.6200,3,0.775264,1,0.848258,0
2017-10-16,sz.002227,21.4100,22.2000,21.2600,21.7600,21.4000,3730436,81290034.9500,3,1.699792,1,1.682246,0
2017-10-17,sz.002227,21.8600,21.8600,21.2500,21.4000,21.7600,1406800,30187189.0000,3,0.641016,1,-1.654414,0
2017-10-18,sz.002227,21.4000,21.4600,20.4100,20.4200,21.4000,2057600,43223019.0000,3,0.937556,1,-4.579437,0
2017-10-19,sz.002227,20.4000,20.6700,19.8000,20.0800,20.4200,2555363,51382187.1100,3,1.164364,1,-1.665035,0
2017-10-20,sz.002227,20.0800,20.5100,20.0700,20.4900,20.0800,1141701,23217213.2900,3,0.520222,1,2.041832,0
2017-10-23,sz.002227,20.4800,20.6400,20.2000,20.5300,20.4900,1163624,23743972.9600,3,0.530211,1,0.195222,0
2017-10-24,sz.002227,20.6000,20.6000,19.9800,20.1500,20.5300,1423264,28748129.2800,3,0.648518,1,-1.850955,0
2017-10-25,sz.002227,20.1500,20.3500,20.0700,20.3000,20.1500,1064343,21522696.7700,3,0.484973,1,0.744415,0
2017-10-26,sz.002227,20.7900,22.0000,20.7900,21.4200,20.3000,4482905,96149736.5600,3,2.042659,1,5.517246,0
2017-10-27,sz.002227,21.0000,21.3700,20.7300,21.0800,21.4200,1960505,41281829.0700,3,0.893314,1,-1.587302,0
2017-10-30,sz.002227,21.2000,21.2800,19.9200,19.9200,21.0800,2857693,58063542.8100,3,1.302122,1,-5.502846,0
2017-10-31,sz.002227,19.8700,20.1300,19.6900,20.0200,19.9200,1508293,30078563.4900,3,0.687261,1,0.502010,0
2017-11-01,sz.002227,20.0200,20.3500,20.0200,20.1900,20.0200,1512860,30609736.0000,3,0.689342,1,0.849151,0
2017-11-02,sz.002227,20.1900,20.1900,19.4000,19.4900,20.1900,2225851,43740645.7000,3,1.014220,1,-3.467067,0
2017-11-03,sz.002227,19.5100,19.6000,18.9000,19.0000,19.4900,1581860,30229710.6000,3,0.720783,1,-2.514109,0
2017-11-06,sz.002227,19.1900,19.1900,18.4800,18.8900,19.0000,1574235,29427783.8400,3,0.717308,1,-0.578951,0
2017-11-07,sz.002227,18.8900,19.0800,18.6300,19.0800,18.8900,1379609,25998694.9700,3,0.628626,1,1.005826,0
2017-11-08,sz.002227,19.1000,19.5300,19.0500,19.4300,19.0800,2215288,42974547.2000,3,1.009407,1,1.834384,0
2017-11-09,sz.002227,19.4800,19.5800,19.1200,19.2900,19.4300,1539252,29702228.0600,3,0.701368,1,-0.720532,0
2017-11-10,sz.002227,19.2900,19.4200,19.1700,19.3900,19.2900,1062252,20524090.1200,3,0.484021,1,0.518395,0
2017-11-13,sz.002227,19.3900,19.8800,19.3200,19.5000,19.3900,1970520,38633012.4200,3,0.897877,1,0.567306,0
2017-11-14,sz.002227,19.4900,19.4900,18.9300,18.9400,19.5000,1748555,33404257.9500,3,0.796738,1,-2.871792,0
2017-11-15,sz.002227,18.9800,19.2600,18.9100,18.9500,18.9400,1069252,20368412.9600,3,0.487210,1,0.052800,0
2017-11-16,sz.002227,18.9500,18.9500,18.6000,18.6100,18.9500,1077064,20181924.6000,3,0.490770,1,-1.794196,0
2017-11-17,sz.002227,18.6200,18.6200,17.3200,17.6100,18.6100,2110914,37631743.0600,3,0.961849,1,-5.373455,0
2017-11-20,sz.002227,17.6200,18.0800,17.1200,18.0400,17.6100,1387519,24590132.9600,3,0.632230,1,2.441796,0
2017-11-21,sz.002227,17.9000,18.2000,17.7600,17.9600,18.0400,915601,16475893.6000,3,0.417198,1,-0.443469,0
2017-11-22,sz.002227,18.0000,18.0500,17.7500,17.8200,17.9600,979200,17519129.0000,3,0.446177,1,-0.779507,0
2017-11-23,sz.002227,17.8100,17.8500,17.2900,17.3300,17.8200,1146348,20114919.4000,3,0.522339,1,-2.749718,0
2017-11-24,sz.002227,17.3300,17.4800,17.2000,17.3400,17.3300,909752,15794519.4400,3,0.414533,1,0.057705,0
2017-11-27,sz.002227,17.4000,17.5200,17.2000,17.3100,17.3400,752300,13052387.9200,3,0.342789,1,-0.173014,0
2017-11-28,sz.002227,17.4100,18.8000,17.3100,18.1000,17.3100,2138601,38760134.3600,3,0.974464,1,4.563841,0
2017-11-29,sz.002227,17.9400,18.0700,17.6900,18.0200,18.1000,1368266,24453211.7700,3,0.623457,1,-0.441989,0
2017-11-30,sz.002227,17.9500,17.9500,17.4400,17.5000,18.0200,1265355,22383145.1100,3,0.576565,1,-2.885685,0
2017-12-01,sz.002227,17.5000,18.1600,17.4400,17.9400,17.5000,1267900,22631342.0000,3,0.577725,1,2.514289,0
2017-12-04,sz.002227,17.8500,18.0500,17.5000,17.5100,17.9400,883323,15636884.9100,3,0.402491,1,-2.396880,0
2017-12-05,sz.002227,17.3800,17.3800,16.8100,16.8400,17.5100,1565489,26711787.8100,3,0.713323,1,-3.826385,0
2017-12-06,sz.002227,16.8400,17.1800,16.8000,17.1500,16.8400,750716,12737549.4200,3,0.342068,1,1.840852,0
2017-12-07,sz.002227,17.2600,17.2600,17.0100,17.0600,17.1500,592717,10137226.9800,3,0.270075,1,-0.524782,0
2017-12-08,sz.002227,17.0500,17.3000,16.7000,17.1800,17.0600,738133,12644128.5000,3,0.336334,1,0.703405,0
2017-12-11,sz.002227,17.1800,17.4700,17.1000,17.4700,17.1800,1009002,17549571.7600,3,0.459757,1,1.688004,0
2017-12-12,sz.002227,17.4500,17.6400,17.2000,17.3500,17.4700,1017004,17792628.0400,3,0.463403,1,-0.686886,0
2017-12-13,sz.002227,17.3500,17.5000,17.1700,17.5000,17.3500,680005,11838965.8400,3,0.309848,1,0.864551,0
2017-12-14,sz.002227,17.5800,17.6000,17.1900,17.3800,17.5000,737443,12784355.3400,3,0.336020,1,-0.685719,0
2017-12-15,sz.002227,17.3500,17.4400,17.2100,17.3900,17.3800,600523,10419908.1000,3,0.273631,1,0.057539,0
2017-12-18,sz.002227,17.4600,18.5100,17.2300,17.7100,17.3900,1700671,30492260.4700,3,0.774919,1,1.840136,0
2017-12-19,sz.002227,17.5900,17.8500,17.5100,17.7500,17.7100,885100,15716371.0000,3,0.403300,1,0.225866,0
2017-12-20,sz.002227,17.7500,18.2000,17.6900,18.2000,17.7500,2138625,38563681.0200,3,0.974475,1,2.535216,0
2017-12-21,sz.002227,18.2600,18.2600,17.9000,18.1100,18.2000,1423818,25765693.4600,3,0.648770,1,-0.494506,0
2017-12-22,sz.002227,18.1200,18.1500,17.9100,18.0800,18.1100,808200,14543673.0000,3,0.368260,1,-0.165658,0
2017-12-25,sz.002227,18.0800,18.3100,17.6900,17.7000,18.0800,1053800,18916883.0000,3,0.480169,1,-2.101765,0
2017-12-26,sz.002227,17.6500,17.8000,17.2000,17.4900,17.7000,1012722,17650581.4000,3,0.461452,1,-1.186446,0
2017-12-27,sz.002227,17.4800,18.1800,17.2000,17.8600,17.4900,1823517,32250980.2100,3,0.830895,1,2.115499,0
2017-12-28,sz.002227,17.8400,19.5600,17.6200,18.5400,17.8600,4801519,89844881.8800,3,2.187837,1,3.807392,0
2017-12-29,sz.002227,18.4400,18.4400,17.9600,18.2000,18.5400,2546329,46240092.1700,3,1.160248,1,-1.833873,0
2018-01-02,sz.002227,18.1000,18.2300,17.8000,18.1000,18.2000,1511843,27239256.2100,3,0.688879,1,-0.549453,0
2018-01-03,sz.002227,18.0500,18.3600,17.9200,18.2900,18.1000,2131702,38801975.9000,3,0.971321,1,1.049727,0
2018-01-04,sz.002227,18.2600,18.4500,18.1100,18.3500,18.2900,1583089,28931267.4200,3,0.721343,1,0.328045,0
2018-01-05,sz.002227,18.2400,19.0000,18.0900,18.4500,18.3500,1903495,35068840.5900,3,0.867337,1,0.544961,0
2018-01-08,sz.002227,18.2300,18.5800,18.1500,18.4600,18.4500,1621164,29808915.6400,3,0.738692,1,0.054191,0
2018-01-09,sz.002227,18.4500,18.8700,18.3400,18.8100,18.4600,2739733,51122057.1700,3,1.248373,1,1.895994,0
2018-01-10,sz.002227,18.7400,19.0000,18.4100,18.6900,18.8100,2223648,41579887.9500,3,1.013217,1,-0.637953,0
2018-01-11,sz.002227,18.6900,18.6900,18.2200,18.3700,18.6900,1706481,31394186.1400,3,0.777567,1,-1.712144,0
2018-01-12,sz.002227,18.2100,18.7000,18.2100,18.3500,18.3700,1329520,24562437.5600,3,0.605803,1,-0.108876,0
2018-01-15,sz.002227,18.3000,18.3400,17.3000,17.4600,18.3500,1724644,30716552.5200,3,0.785843,1,-4.850143,0
2018-01-16,sz.002227,17.4500,17.7200,17.3500,17.6000,17.4600,818727,14393276.5200,3,0.373057,1,0.801840,0
2018-01-17,sz.002227,17.5700,17.7300,17.3500,17.7200,17.6000,839148,14746415.6000,3,0.382362,1,0.681812,0
2018-01-18,sz.002227,17.6300,18.3800,17.6300,18.0100,17.7200,1202505,21661045.6700,3,0.547928,1,1.636574,0
2018-01-19,sz.002227,18.0100,18.1800,17.8000,18.0000,18.0100,794700,14261733.0000,3,0.362109,1,-0.055526,0
2018-01-22,sz.002227,18.0000,18.3000,17.7700,18.1700,18.0000,993604,18006117.6400,3,0.452741,1,0.944445,0
2018-01-23,sz.002227,18.2000,18.3900,18.0500,18.0700,18.1700,869300,15839486.0000,3,0.396101,1,-0.550360,0
2018-01-24,sz.002227,18.1000,18.1400,17.0000,17.8200,18.0700,1193500,21095275.7600,3,0.543824,1,-1.383509,0
2018-01-25,sz.002227,17.7800,17.8700,17.5600,17.7500,17.8200,974644,17277051.4200,3,0.444102,1,-0.392815,0
2018-01-26,sz.002227,17.7700,17.7700,17.6000,17.6100,17.7500,599803,10592065.8000,3,0.273303,1,-0.788729,0
2018-01-29,sz.002227,17.6000,17.6500,17.1500,17.2000,17.6100,1035220,17932354.7000,3,0.471703,1,-2.328222,0
2018-01-30,sz.002227,17.2000,17.3300,17.1900,17.2000,17.2000,485600,8373935.0000,3,0.221266,1,0.000000,0
2018-01-31,sz.002227,17.2100,17.4600,16.9500,17.2500,17.2000,1078300,18451939.8000,3,0.491333,1,0.290693,0
2018-02-01,sz.002227,17.2500,17.2500,16.5100,16.6700,17.2500,1160300,19515714.0000,3,0.528697,1,-3.362319,0
2018-02-02,sz.002227,16.6600,17.2400,16.0100,16.8300,16.6700,930550,15497220.0000,3,0.424010,1,0.959807,0
2018-02-05,sz.002227,16.7900,16.8200,16.3600,16.6000,16.8300,460884,7664026.3700,3,0.210004,1,-1.366604,0
2018-02-06,sz.002227,16.3400,16.3400,14.9600,15.0000,16.6000,1150018,18103194.0000,3,0.524012,1,-9.638556,0
2018-02-07,sz.002227,15.6000,15.7900,14.5200,15.1500,15.0000,687318,10446555.6700,3,0.313180,1,0.999997,0
2018-02-08,sz.002227,15.2200,15.4500,15.0500,15.2800,15.1500,398799,6095597.5100,3,0.181715,1,0.858087,0
2018-02-09,sz.002227,14.5000,15.1300,14.4800,14.8900,15.2800,695000,10284268.0000,3,0.316680,1,-2.552352,0
2018-02-12,sz.002227,14.9600,15.3900,14.9500,15.2000,14.8900,476402,7258676.5000,3,0.217075,1,2.081931,0
2018-02-13,sz.002227,15.4500,15.5200,15.1500,15.1600,15.2000,343400,5261183.0000,3,0.156472,1,-0.263158,0
2018-02-14,sz.002227,15.5000,16.6800,15.5000,16.4000,15.1600,3633294,59907248.9500,3,1.655529,1,8.179418,0
2018-02-22,sz.002227,15.9900,16.3800,15.7800,16.2600,16.4000,2542769,40966155.7200,3,1.158626,1,-0.853655,0
2018-02-23,sz.002227,16.1800,16.1800,15.8200,16.0000,16.2600,1444600,23095510.4800,3,0.658239,1,-1.599017,0
2018-02-26,sz.002227,16.1400,16.2600,16.0000,16.1700,16.0000,1258871,20294543.7900,3,0.573611,1,1.062500,0
2018-02-27,sz.002227,16.1300,16.5000,16.1300,16.1700,16.1700,1256245,20501572.7600,3,0.572414,1,0.000000,0
2018-02-28,sz.002227,16.2000,16.4100,15.8100,16.2400,16.1700,1282883,20747361.1900,3,0.584552,1,0.432899,0
2018-03-01,sz.002227,16.1800,16.5600,16.1000,16.3500,16.2400,1178002,19291669.6600,3,0.536763,1,0.677344,0
2018-03-02,sz.002227,16.2700,16.6200,16.2700,16.4900,16.3500,1343502,22131786.9800,3,0.612174,1,0.856265,0
2018-03-05,sz.002227,16.4100,16.5500,16.1800,16.3600,16.4900,904500,14764810.0000,3,0.412140,1,-0.788351,0
2018-03-06,sz.002227,16.3400,16.8000,16.1900,16.4800,16.3600,1497603,24649534.8600,3,0.682390,1,0.733490,0
2018-03-07,sz.002227,16.3700,16.4600,16.2500,16.2500,16.4800,804461,13115221.7700,3,0.366557,1,-1.395628,0
2018-03-08,sz.002227,16.2000,16.3900,16.1500,16.3900,16.2500,684702,11168306.5200,3,0.311988,1,0.861535,0
2018-03-09,sz.002227,16.9900,18.0300,16.7500,17.7100,16.3900,8004488,142309200.4400,3,3.647286,1,8.053689,0
2018-03-12,sz.002227,17.0600,17.7100,17.0600,17.6900,17.7100,4768957,83030370.8800,3,2.173000,1,-0.112922,0
2018-03-13,sz.002227,17.4000,17.6700,17.2900,17.3000,17.6900,2338491,40740921.8800,3,1.065545,1,-2.204643,0
2018-03-14,sz.002227,17.3000,18.2300,17.3000,17.4700,17.3000,3239967,57664527.3000,3,1.476307,1,0.982659,0
2018-03-15,sz.002227,17.2000,17.8200,17.0000,17.7600,17.4700,2675414,46387144.9200,3,1.219066,1,1.659994,0
2018-03-16,sz.002227,17.7000,17.7600,17.3900,17.5600,17.7600,1614433,28368305.1100,3,0.735625,1,-1.126130,0
2018-03-19,sz.002227,17.5100,17.8600,17.3100,17.6900,17.5600,1568101,27643783.3100,3,0.714513,1,0.740325,0
2018-03-20,sz.002227,17.4000,17.8800,17.4000,17.7400,17.6900,1936000,34299543.0000,3,0.882148,1,0.282641,0
2018-03-21,sz.002227,17.5900,17.9300,17.4600,17.5000,17.7400,1884046,33400680.3400,3,0.858475,1,-1.352874,0
2018-03-22,sz.002227,17.9300,18.1800,17.7100,17.7800,17.5000,3467519,62071190.2200,3,1.579993,1,1.600004,0
2018-03-23,sz.002227,17.5500,17.7700,16.5200,17.4800,17.7800,3339684,57512566.4700,3,1.521744,1,-1.687296,0
2018-03-26,sz.002227,17.4000,19.0000,16.8200,18.1800,17.4800,5431326,98624315.4000,3,2.474811,1,4.004581,0
2018-03-27,sz.002227,18.3600,19.5000,18.3600,18.6500,18.1800,6282724,118526235.0100,3,2.862755,1,2.585255,0
2018-03-28,sz.002227,18.5900,18.5900,18.0400,18.0500,18.6500,2721569,49738023.3500,3,1.240097,1,-3.217160,0
2018-03-29,sz.002227,18.0800,18.2700,17.7800,17.9000,18.0500,1782910,31961535.3200,3,0.812392,1,-0.831023,0
2018-03-30,sz.002227,18.0400,18.2500,17.9000,17.9400,17.9000,1845600,33252444.4200,3,0.840957,1,0.223469,0
2018-04-02,sz.002227,17.7700,17.7700,17.2800,17.3600,17.9400,3203051,55766595.8300,3,1.459487,1,-3.232998,0
2018-04-03,sz.002227,17.0800,17.0800,16.4000,16.5800,17.3600,3161751,52783753.7300,3,1.440668,1,-4.493091,0
2018-04-04,sz.002227,16.5100,16.9500,16.5100,16.6300,16.5800,1692916,28454615.1500,3,0.771386,1,0.301564,0
2018-04-09,sz.002227,16.5500,16.8400,16.1000,16.6500,16.6300,1547300,25548328.0000,3,0.705035,1,0.120267,0
2018-04-10,sz.002227,16.5000,17.0000,16.5000,16.7900,16.6500,1286902,21604969.6400,3,0.586383,1,0.840849,0
2018-04-11,sz.002227,16.7800,16.9900,16.7000,16.7500,16.7900,1002300,16835900.0000,3,0.456703,1,-0.238242,0
2018-04-12,sz.002227,16.7500,16.9400,16.6100,16.6600,16.7500,931900,15614843.0000,3,0.424625,1,-0.537314,0
2018-04-13,sz.002227,16.6600,17.2900,16.5600,16.8400,16.6600,1540755,26067767.6500,3,0.702053,1,1.080434,0
2018-04-16,sz.002227,16.6600,16.6900,16.2400,16.3900,16.8400,1281202,21049532.7000,3,0.583786,1,-2.672214,0
2018-04-17,sz.002227,16.4000,16.5500,15.7400,15.7500,16.3900,1334844,21377560.0000,3,0.608228,1,-3.904817,0
2018-04-18,sz.002227,15.8000,16.0800,15.7000,15.9600,15.7500,1155822,18379320.5600,3,0.526656,1,1.333333,0
2018-04-19,sz.002227,15.9600,16.2400,15.8100,16.0400,15.9600,856102,13725704.2000,3,0.390087,1,0.501259,0
2018-04-20,sz.002227,16.0500,16.1500,15.6100,15.6600,16.0400,864417,13657008.7500,3,0.393876,1,-2.369084,0
2018-04-23,sz.002227,15.6600,15.9400,15.5000,15.6500,15.6600,696944,10900006.4400,3,0.317566,1,-0.063858,0
2018-04-24,sz.002227,15.6800,15.9600,15.6500,15.9000,15.6500,805517,12767973.5100,3,0.367038,1,1.597444,0
2018-04-25,sz.002227,15.8200,16.0700,15.7600,15.8800,15.9000,920500,14656251.0000,3,0.418595,1,-0.125783,0
2018-04-26,sz.002227,15.8600,15.9600,15.5100,15.5100,15.8800,715300,11254661.0000,3,0.325280,1,-2.329974,0
2018-04-27,sz.002227,15.7700,15.7700,15.4600,15.5300,15.5100,492484,7663596.4600,3,0.223956,1,0.128946,0
2018-05-02,sz.002227,15.5500,15.6300,15.0200,15.1200,15.5300,741752,11329368.1400,3,0.337309,1,-2.640051,0
2018-05-03,sz.002227,15.1400,15.3300,14.9000,15.2600,15.1200,609385,9241364.4500,3,0.277116,1,0.925928,0
2018-05-04,sz.002227,15.3300,15.4600,15.1600,15.3700,15.2600,538300,8241430.0000,3,0.244790,1,0.720836,0
2018-05-07,sz.002227,15.3600,15.5900,15.3000,15.5800,15.3700,714701,11103117.5500,3,0.325008,1,1.366298,0
2018-05-08,sz.002227,15.5800,15.9000,15.4800,15.8100,15.5800,899810,14113985.3000,3,0.409186,1,1.476255,0
2018-05-09,sz.002227,15.7900,16.2200,15.6000,15.9200,15.8100,1056901,16808071.7700,3,0.480622,1,0.695760,0
2018-05-10,sz.002227,15.7100,16.0700,15.7100,16.0000,15.9200,931900,14836384.0000,3,0.423779,1,0.502512,0
2018-05-11,sz.002227,15.8000,15.9800,15.7600,15.7800,16.0000,541105,8572194.9000,3,0.246066,1,-1.375002,0
2018-05-14,sz.002227,15.8000,16.1100,15.5100,15.5200,15.7800,737705,11645144.4000,3,0.335469,1,-1.647651,0
2018-05-15,sz.002227,15.5200,15.8300,15.4400,15.6700,15.5200,704071,10973455.3400,3,0.320174,1,0.966492,0
2018-05-16,sz.002227,15.6700,15.7900,15.4500,15.4600,15.6700,437000,6806169.0000,3,0.198724,1,-1.340141,0
2018-05-17,sz.002227,15.4600,15.7900,15.3500,15.6000,15.4600,600802,9360344.7200,3,0.273213,1,0.905565,0
2018-05-18,sz.002227,15.4900,15.6400,15.4100,15.5100,15.6000,464301,7195657.5100,3,0.211139,1,-0.576924,0
2018-05-21,sz.002227,15.6500,15.8600,15.6500,15.7900,15.5100,914351,14404798.1100,3,0.415798,1,1.805285,0
2018-05-22,sz.002227,15.7900,15.8500,15.6300,15.7800,15.7900,492458,7736334.5000,3,0.223944,1,-0.063333,0
2018-05-23,sz.002227,15.7000,15.7600,15.5100,15.5200,15.7800,571342,8932915.1000,3,0.259816,1,-1.647651,0
2018-05-24,sz.002227,15.5200,15.6500,15.4800,15.5600,15.5200,372800,5804236.0000,3,0.169530,1,0.257732,0
2018-05-25,sz.002227,15.5000,15.6300,15.2000,15.2000,15.5600,612342,9406357.0800,3,0.278461,1,-2.313629,0
2018-05-28,sz.002227,15.2100,15.6100,14.9000,15.6100,15.2000,880897,13449017.9800,3,0.400585,1,2.697367,0
2018-05-29,sz.002227,15.6000,15.6700,15.0300,15.4500,15.6100,1064165,16297273.0100,3,0.483926,1,-1.024983,0
2018-05-30,sz.002227,15.1000,15.8700,14.9800,15.2500,15.4500,1747610,26946813.4000,3,0.794720,1,-1.294497,0
2018-05-31,sz.002227,15.0400,15.9600,15.0100,15.7900,15.2500,2028185,31445923.2100,3,0.922311,1,3.540983,0
2018-06-01,sz.002227,15.6000,15.9100,15.4600,15.5100,15.7700,1233400,19367092.0000,3,0.560885,1,-1.648702,0
2018-06-04,sz.002227,15.5200,15.6600,15.2100,15.3600,15.5100,741382,11414886.8800,3,0.337141,1,-0.967122,0
2018-06-05,sz.002227,15.3600,15.5000,15.2700,15.4300,15.3600,592400,9113352.6400,3,0.269392,1,0.455733,0
2018-06-06,sz.002227,15.4300,15.5000,15.3100,15.3400,15.4300,436100,6704692.0000,3,0.198315,1,-0.583280,0
2018-06-07,sz.002227,15.3900,15.4000,15.0800,15.0900,15.3400,659971,10014275.2300,3,0.300120,1,-1.629726,0
2018-06-08,sz.002227,15.2000,15.2100,14.9200,14.9400,15.0900,436992,6553983.5200,3,0.198721,1,-0.994040,0
2018-06-11,sz.002227,14.9400,15.4900,14.9100,15.1200,14.9400,764531,11637429.2100,3,0.347668,1,1.204821,0
2018-06-12,sz.002227,15.1500,15.2900,14.9300,15.1200,15.1200,403380,6070330.6000,3,0.183436,1,0.000000,0
2018-06-13,sz.002227,15.0000,15.1900,14.9500,14.9800,15.1200,475200,7135123.2000,3,0.216096,1,-0.925928,0
2018-06-14,sz.002227,14.9600,15.1200,14.8000,14.9100,14.9800,547482,8158439.5900,3,0.248966,1,-0.467288,0
2018-06-15,sz.002227,15.0200,15.0700,14.5200,14.7700,14.9100,544168,8022832.6400,3,0.247459,1,-0.938963,0
2018-06-19,sz.002227,14.7700,14.7700,13.2900,13.2900,14.7700,1315453,17903580.3700,3,0.598198,1,-10.020310,0
2018-06-20,sz.002227,13.0000,13.5300,12.4100,13.2100,13.2900,1081618,14052355.2400,3,0.491862,1,-0.601956,0
2018-06-21,sz.002227,13.2100,13.2100,12.0800,12.1900,13.2100,1073300,13586713.0000,3,0.488080,1,-7.721426,0
2018-06-22,sz.002227,12.1900,12.2800,11.6000,12.1800,12.1900,745500,8971200.0000,3,0.339014,1,-0.082029,0
2018-06-25,sz.002227,12.2400,12.3500,12.1000,12.1200,12.1800,374600,4583563.0000,3,0.170348,1,-0.492614,0
2018-06-26,sz.002227,12.0500,12.8000,11.6400,12.4500,12.1200,1333600,16601026.0000,3,0.606450,1,2.722772,0
2018-06-27,sz.002227,12.4600,12.9600,12.3200,12.4900,12.4500,742600,9381742.7700,3,0.337695,1,0.321285,0
2018-06-28,sz.002227,12.3200,12.6900,12.2000,12.3000,12.4900,516002,6411087.6000,3,0.234650,1,-1.521214,0
2018-06-29,sz.002227,12.3100,12.6400,12.2700,12.5100,12.3000,648756,8112714.5800,3,0.295020,1,1.707317,0
2018-07-02,sz.002227,12.7700,12.9800,12.4600,12.6200,12.5100,1183623,15085855.4200,3,0.538249,1,0.879294,0
2018-07-03,sz.002227,13.8700,13.8800,13.7900,13.8800,12.6200,5477130,76015677.4000,3,2.490708,1,9.984155,0
2018-07-04,sz.002227,13.8800,14.8700,13.5500,14.2200,13.8800,7550977,107320845.0400,3,3.433783,1,2.449569,0
2018-07-05,sz.002227,13.5800,13.6500,12.8000,12.8400,14.2200,4433180,58502376.8300,3,2.015975,1,-9.704642,0
2018-07-06,sz.002227,12.8200,12.9700,12.1300,12.4600,12.8400,2906352,36372033.5600,3,1.321655,1,-2.959502,0
2018-07-09,sz.002227,12.2600,12.7300,12.2600,12.6800,12.4600,1829350,23069268.0000,3,0.831891,1,1.765652,0
2018-07-10,sz.002227,12.6800,13.5000,12.5000,13.1000,12.6800,2905080,37683359.8400,3,1.321076,1,3.312304,0
2018-07-11,sz.002227,13.4000,13.5800,12.8500,13.0300,13.1000,3284231,43465479.1800,3,1.493494,1,-0.534356,0
2018-07-12,sz.002227,12.5000,13.3300,12.4200,13.1800,13.0300,2409204,31213249.5600,3,1.095578,1,1.151194,0
2018-07-13,sz.002227,13.0400,13.1800,12.9700,13.0300,13.1800,1492980,19458695.4800,3,0.678928,1,-1.138092,0
2018-07-16,sz.002227,12.8000,13.0200,12.8000,12.8600,13.0300,759376,9773484.8400,3,0.345324,1,-1.304682,0
2018-07-17,sz.002227,12.8600,13.4800,12.6800,13.0800,12.8600,1461795,19040091.4800,3,0.664747,1,1.710733,0
2018-07-18,sz.002227,12.9000,13.5200,12.9000,13.0200,13.0800,1855744,24570408.0400,3,0.843894,1,-0.458711,0
2018-07-19,sz.002227,12.8200,13.0000,12.5100,12.6100,13.0200,1240500,15772882.0000,3,0.564114,1,-3.149008,0
2018-07-20,sz.002227,12.6000,12.8700,12.5200,12.7700,12.6100,843148,10740758.6800,3,0.383419,1,1.268841,0
2018-07-23,sz.002227,12.6900,13.1200,12.6900,13.0300,12.7700,1422275,18492835.0600,3,0.646775,1,2.036016,0
2018-07-24,sz.002227,13.0800,13.2000,12.9000,13.1100,13.0300,1293427,16928943.6500,3,0.588182,1,0.613967,0
2018-07-25,sz.002227,13.2200,13.2500,12.8600,12.8600,13.1100,1161904,15109313.8600,3,0.528372,1,-1.906941,0
2018-07-26,sz.002227,12.8600,12.9900,12.7500,12.8900,12.8600,782300,10076336.0000,3,0.355749,1,0.233287,0
2018-07-27,sz.002227,12.9100,12.9800,12.8200,12.8500,12.8900,581000,7495825.0000,3,0.264208,1,-0.310318,0
2018-07-30,sz.002227,12.8900,12.9100,12.6000,12.6400,12.8500,677400,8616675.0000,3,0.308046,1,-1.634241,0
2018-07-31,sz.002227,12.6500,12.9400,12.6000,12.7300,12.6400,484402,6182729.4400,3,0.220280,1,0.712019,0
2018-08-01,sz.002227,12.7100,12.9000,12.4800,12.4800,12.7300,806980,10235608.8000,3,0.366972,1,-1.963865,0
2018-08-02,sz.002227,12.5400,12.5400,11.6000,11.9900,12.4800,1193158,14303019.0600,3,0.542585,1,-3.926280,0
2018-08-03,sz.002227,11.8100,12.0200,11.7800,11.7800,11.9900,554727,6610966.9100,3,0.252260,1,-1.751460,0
2018-08-06,sz.002227,11.7900,11.7900,11.1800,11.2300,11.7800,854900,9812295.9800,3,0.388763,1,-4.668932,0
2018-08-07,sz.002227,11.2500,11.4500,11.1800,11.4400,11.2300,450114,5111155.5000,3,0.204688,1,1.869991,0
2018-08-08,sz.002227,11.4500,11.6000,11.3500,11.3600,11.4400,434168,4967597.5000,3,0.197437,1,-0.699300,0
2018-08-09,sz.002227,11.4700,11.7200,11.2200,11.6100,11.3600,730238,8440437.9800,3,0.332073,1,2.200704,0
2018-08-10,sz.002227,11.5200,11.6600,11.5000,11.6300,11.6100,505655,5858291.5500,3,0.229945,1,0.172269,0
2018-08-13,sz.002227,11.5100,11.9400,11.3000,11.9000,11.6300,778055,9075403.0400,3,0.353818,1,2.321578,0
2018-08-14,sz.002227,11.8100,12.0000,11.7500,11.8300,11.9000,454503,5392614.4100,3,0.206684,1,-0.588233,0
2018-08-15,sz.002227,11.9000,12.0300,11.7500,11.8400,11.8300,671824,7986225.7800,3,0.305510,1,0.084533,0
2018-08-16,sz.002227,11.7100,11.7700,11.5700,11.5900,11.8400,455622,5307248.5400,3,0.207193,1,-2.111486,0
2018-08-17,sz.002227,11.6100,11.8500,11.3100,11.3500,11.5900,404580,4663113.2000,3,0.183982,1,-2.070749,0
2018-08-20,sz.002227,11.3500,11.5500,11.2200,11.3800,11.3500,411039,4667400.7300,3,0.186919,1,0.264315,0
2018-08-21,sz.002227,11.4000,11.6100,11.3700,11.5900,11.3800,465540,5361691.9200,3,0.211703,1,1.845343,0
2018-08-22,sz.002227,11.6000,11.6300,11.4000,11.4000,11.5900,305600,3507847.0000,3,0.138971,1,-1.639349,0
2018-08-23,sz.002227,11.4000,11.6000,11.4000,11.4700,11.4000,375293,4317291.6500,3,0.170663,1,0.614041,0
2018-08-24,sz.002227,11.3900,11.5800,11.3500,11.3800,11.4700,308396,3527524.2800,3,0.140242,1,-0.784657,0
2018-08-27,sz.002227,11.3000,11.6500,11.3000,11.5800,11.3800,604896,6961485.2600,3,0.275075,1,1.757468,0
2018-08-28,sz.002227,11.5100,11.5300,11.4200,11.4700,11.5800,495350,5678851.5000,3,0.225259,1,-0.949911,0
2018-08-29,sz.002227,11.4500,11.4600,11.3600,11.3600,11.4700,471400,5367046.5600,3,0.214368,1,-0.959029,0
2018-08-30,sz.002227,11.3500,11.4100,11.2900,11.3100,11.3600,354789,4018466.7000,3,0.161339,1,-0.440134,0
2018-08-31,sz.002227,11.3100,11.3100,11.0900,11.0900,11.3100,530661,5922392.5900,3,0.241317,1,-1.945184,0
2018-09-03,sz.002227,11.1900,11.1900,10.7800,10.9800,11.0900,331467,3638789.8000,3,0.150734,1,-0.991890,0
2018-09-04,sz.002227,10.8400,11.0600,10.1800,11.0300,10.9800,427487,4659145.4800,3,0.194398,1,0.455375,0
2018-09-05,sz.002227,10.9700,11.0800,10.8500,10.8500,11.0300,367100,4030095.0000,3,0.166938,1,-1.631907,0
2018-09-06,sz.002227,10.8200,11.2000,10.8000,11.2000,10.8500,724800,7937009.0000,3,0.329601,1,3.225801,0
2018-09-07,sz.002227,11.1300,11.8000,11.0100,11.4500,11.2000,1335837,15381000.9600,3,0.607468,1,2.232143,0
2018-09-10,sz.002227,11.7600,11.8000,11.1500,11.2400,11.4500,635000,7193669.0000,3,0.288764,1,-1.834062,0
2018-09-11,sz.002227,11.7500,12.3600,11.4700,11.9400,11.2400,2560000,30379001.5600,3,1.164152,1,6.227757,0
2018-09-12,sz.002227,11.8000,12.9100,11.5800,12.2400,11.9400,4103321,50610982.3200,3,1.865973,1,2.512564,0
2018-09-13,sz.002227,12.0000,12.8000,11.4300,11.8500,12.2400,3043512,36104061.4400,3,1.384028,1,-3.186270,0
2018-09-14,sz.002227,11.6800,12.1200,11.5300,11.5600,11.8500,1744030,20634330.0100,3,0.793092,1,-2.447257,0
2018-09-17,sz.002227,11.3900,11.3900,10.9200,10.9700,11.5600,1251018,13912888.9000,3,0.568897,1,-5.103807,0
2018-09-18,sz.002227,10.8700,11.1400,10.8200,11.1100,10.9700,932512,10273536.5200,3,0.424057,1,1.276202,0
2018-09-19,sz.002227,11.1900,11.3100,11.0800,11.1700,11.1100,894400,10025029.5400,3,0.406726,1,0.540058,0
2018-09-20,sz.002227,11.2900,11.3100,11.1200,11.2000,11.1700,662704,7425590.6700,3,0.301363,1,0.268574,0
2018-09-21,sz.002227,11.2900,11.4400,11.1500,11.2800,11.2000,1116522,12576874.1600,3,0.507735,1,0.714285,0
2018-09-25,sz.002227,11.2000,11.4900,11.2000,11.3000,11.2800,704300,8011629.0000,3,0.320278,1,0.177309,0
2018-09-26,sz.002227,11.3500,11.3700,11.1800,11.2000,11.3000,790900,8929254.0000,3,0.359659,1,-0.884959,0
2018-09-27,sz.002227,11.1800,11.1800,10.8100,10.8500,11.2000,918037,10058579.1300,3,0.417475,1,-3.124995,0
2018-09-28,sz.002227,10.8500,10.9900,10.8500,10.9200,10.8500,546400,5971782.0000,3,0.248474,1,0.645158,0
2018-10-08,sz.002227,10.8900,10.8900,10.3800,10.4500,10.9200,642802,6849392.7600,3,0.292312,1,-4.304032,0
2018-10-09,sz.002227,10.4500,10.6000,10.4500,10.5100,10.4500,324400,3409857.0000,3,0.147520,1,0.574167,0
2018-10-10,sz.002227,10.5100,11.5600,10.4100,10.9100,10.5100,1085220,11945353.8100,3,0.493501,1,3.805896,0
2018-10-11,sz.002227,10.5000,10.6000,9.8600,10.0000,10.9100,1388020,14238675.2000,3,0.631198,1,-8.340970,0
2018-10-12,sz.002227,9.9300,10.1400,9.2100,9.9900,10.0000,910296,8897554.0400,3,0.413954,1,-0.100002,0
2018-10-15,sz.002227,10.0000,10.1200,9.9000,9.9300,9.9900,451100,4515449.0000,3,0.205136,1,-0.600595,0
2018-10-16,sz.002227,9.9400,10.1000,9.3900,9.5500,9.9300,649700,6261802.0000,3,0.295449,1,-3.826788,0
2018-10-17,sz.002227,9.9000,9.9000,9.4800,9.6500,9.5500,368235,3549094.0000,3,0.167454,1,1.047114,0
2018-10-18,sz.002227,9.6000,9.6000,9.3800,9.3800,9.6500,447500,4245030.0000,3,0.203499,1,-2.797923,0
2018-10-19,sz.002227,9.3900,9.6000,9.1300,9.5400,9.3800,509135,4796164.0000,3,0.231528,1,1.705755,0
2018-10-22,sz.002227,9.6500,10.0800,9.5600,9.9700,9.5400,1096035,10918565.5000,3,0.498419,1,4.507341,0
2018-10-23,sz.002227,9.9000,10.0600,9.7700,9.8400,9.9700,643300,6371831.0000,3,0.292539,1,-1.303913,0
2018-10-24,sz.002227,9.8400,9.9600,9.6700,9.9200,9.8400,624000,6117824.0000,3,0.283762,1,0.813007,0
2018-10-25,sz.002227,9.6200,9.7500,9.4000,9.7000,9.9200,466674,4488369.9200,3,0.212219,1,-2.217745,0
2018-10-26,sz.002227,9.7500,9.9000,9.7300,9.7700,9.7000,681600,6681936.0000,3,0.309956,1,0.721656,0
2018-10-29,sz.002227,9.7700,9.8100,9.3900,9.4900,9.7700,712500,6776362.0000,3,0.324007,1,-2.865923,0
2018-10-30,sz.002227,9.4400,9.7000,9.4000,9.6900,9.4900,739600,7107127.0000,3,0.336331,1,2.107480,0
2018-10-31,sz.002227,9.6900,9.8900,9.6900,9.8400,9.6900,453200,4444407.0000,3,0.206091,1,1.547994,0
2018-11-01,sz.002227,9.8200,10.0000,9.8200,9.9500,9.8400,772000,7660487.0000,3,0.351065,1,1.117883,0
2018-11-02,sz.002227,10.0500,10.4500,10.0000,10.3500,9.9500,1535550,15669503.0200,3,0.698287,1,4.020106,0
2018-11-05,sz.002227,10.3700,10.3800,10.1100,10.2100,10.3500,1046977,10707665.0600,3,0.476110,1,-1.352660,0
2018-11-06,sz.002227,10.2300,10.4000,10.0200,10.2700,10.2100,1202135,12241729.0500,3,0.546667,1,0.587663,0
2018-11-07,sz.002227,10.2600,10.4200,10.2100,10.3400,10.2700,1020475,10551729.2000,3,0.464058,1,0.681594,0
2018-11-08,sz.002227,10.3800,10.4200,10.1800,10.1900,10.3400,878507,9012665.0400,3,0.399498,1,-1.450683,0
2018-11-09,sz.002227,10.0900,10.3700,10.0900,10.1400,10.1900,695786,7104602.2000,3,0.316407,1,-0.490670,0
2018-11-12,sz.002227,10.1800,10.4000,10.1100,10.3700,10.1400,938000,9673170.9000,3,0.426553,1,2.268240,0
2018-11-13,sz.002227,10.3300,10.6100,10.2800,10.5600,10.3700,1363201,14281033.4400,3,0.619912,1,1.832213,0
2018-11-14,sz.002227,10.3800,10.7000,10.3700,10.5600,10.5600,1135900,12039300.0000,3,0.516547,1,0.000000,0
2018-11-15,sz.002227,10.4200,10.8000,10.4200,10.8000,10.5600,1517702,16258251.3800,3,0.690170,1,2.272725,0
2018-11-16,sz.002227,10.8700,11.0700,10.7400,10.9900,10.8000,2083175,22785330.4500,3,0.947318,1,1.759255,0
2018-11-19,sz.002227,10.9900,11.5600,10.8300,11.5500,10.9900,3405984,38409990.4400,3,1.548861,1,5.095545,0
2018-11-20,sz.002227,11.4000,11.4000,10.7200,10.7700,11.5500,3250252,35696512.0000,3,1.478042,1,-6.753244,0
2018-11-21,sz.002227,10.6900,11.2900,10.5300,11.1900,10.7700,2686528,29489622.7400,3,1.221691,1,3.899713,0
2018-11-22,sz.002227,11.1900,11.9000,11.1100,11.8500,11.1900,3982027,46121667.2600,3,1.810815,1,5.898131,0
2018-11-23,sz.002227,11.7300,12.3000,11.0000,11.1000,11.8500,6660431,77768335.5300,3,3.028811,1,-6.329114,0
2018-11-26,sz.002227,11.0300,11.0900,10.5700,10.6100,11.1000,2514378,27046647.5700,3,1.143406,1,-4.414421,0
2018-11-27,sz.002227,10.6800,10.8800,10.5500,10.5900,10.6100,1451800,15524215.0000,3,0.660202,1,-0.188497,0
2018-11-28,sz.002227,10.5200,10.5900,10.2100,10.5400,10.5900,1882998,19589430.0800,3,0.856288,1,-0.472145,0
2018-11-29,sz.002227,10.5400,10.6500,10.0500,10.0500,10.5400,1314714,13597543.4400,3,0.597862,1,-4.648954,0
2018-11-30,sz.002227,10.0000,10.3200,10.0000,10.2600,10.0500,950760,9669554.5900,3,0.432355,1,2.089553,0
2018-12-03,sz.002227,10.5100,10.6500,10.4000,10.4900,10.2600,1461462,15377314.1000,3,0.664595,1,2.241711,0
2018-12-04,sz.002227,10.5200,10.6000,10.4100,10.5800,10.4900,1048384,11058262.2300,3,0.476749,1,0.857962,0
2018-12-05,sz.002227,10.5800,10.5800,10.3300,10.3700,10.5800,1152821,12003073.4000,3,0.524242,1,-1.984877,0
2018-12-06,sz.002227,10.2800,10.5000,10.2300,10.2500,10.3700,671600,6936464.0000,3,0.305408,1,-1.157183,0
2018-12-07,sz.002227,10.2600,10.4000,10.1300,10.2100,10.2500,590777,6057187.1700,3,0.268654,1,-0.390244,0
2018-12-10,sz.002227,10.1500,11.2300,10.0600,11.1100,10.2100,6372683,70375480.5400,3,2.897959,1,8.814883,0
2018-12-11,sz.002227,10.8500,11.8500,10.7600,11.5200,11.1100,7340467,83111315.4600,3,3.338055,1,3.690377,0
2018-12-12,sz.002227,11.3000,11.8800,11.1100,11.3800,11.5200,5390978,61597947.7600,3,2.451531,1,-1.215281,0
2018-12-13,sz.002227,11.3400,11.5000,11.1600,11.3800,11.3800,3713135,42015461.2700,3,1.688537,1,0.000000,0
2018-12-14,sz.002227,11.3600,11.3600,10.7800,10.9100,11.3800,3173989,35074000.9800,3,1.443362,1,-4.130055,0
2018-12-17,sz.002227,10.8600,11.0700,10.8100,10.9200,10.9100,2127108,23261343.7800,3,0.967296,1,0.091661,0
2018-12-18,sz.002227,10.9200,11.3800,10.7800,11.3600,10.9200,3627248,40369955.9200,3,1.649480,1,4.029300,0
2018-12-19,sz.002227,11.1600,11.3000,10.8200,10.9000,11.3600,2639328,29048055.0000,3,1.200227,1,-4.049296,0
2018-12-20,sz.002227,10.8900,10.9700,10.5200,10.6500,10.9000,2052849,22027876.9300,3,0.933527,1,-2.293578,0
2018-12-21,sz.002227,10.6100,10.7300,10.5000,10.6700,10.6500,1040463,11028138.1600,3,0.473147,1,0.187798,0
2018-12-24,sz.002227,10.6900,10.7500,10.5800,10.7200,10.6700,844928,9020554.0800,3,0.384228,1,0.468605,0
2018-12-25,sz.002227,10.6000,10.6000,10.1000,10.4300,10.7200,1620100,16689027.0000,3,0.736736,1,-2.705224,0
2018-12-26,sz.002227,10.4000,10.7900,10.3500,10.5400,10.4300,1615000,17153822.0000,3,0.734416,1,1.054647,0
2018-12-27,sz.002227,10.7700,10.7700,10.1200,10.1700,10.5400,1404400,14799738.9000,3,0.638647,1,-3.510435,0
2018-12-28,sz.002227,10.3300,10.3500,10.1000,10.1700,10.1700,1078009,11015452.8000,3,0.490221,1,0.000000,0
2019-01-02,sz.002227,10.1500,10.2900,10.1400,10.2100,10.1700,719900,7347507.9800,3,0.327372,1,0.393313,0
2019-01-03,sz.002227,10.1900,10.3200,10.0800,10.1900,10.2100,933500,9553824.0000,3,0.424506,1,-0.195891,0
2019-01-04,sz.002227,10.0900,10.5200,9.7600,10.4200,10.1900,1589500,16302620.0000,3,0.722820,1,2.257120,0
2019-01-07,sz.002227,10.5600,11.4600,10.4200,11.1500,10.4200,3909772,43145387.9600,3,1.777957,1,7.005754,0
2019-01-08,sz.002227,11.0000,11.1400,10.8200,10.8400,11.1500,2533121,27697562.1700,3,1.151929,1,-2.780264,0
2019-01-09,sz.002227,10.8700,11.3900,10.7600,10.9400,10.8400,3545300,39456816.0200,3,1.612215,1,0.922504,0
2019-01-10,sz.002227,10.8800,11.5700,10.8200,11.5300,10.9400,4705290,53005516.0100,3,2.139717,1,5.393054,0
2019-01-11,sz.002227,11.3700,11.4800,11.1000,11.3300,11.5300,3813604,42972447.0200,3,1.734225,1,-1.734604,0
2019-01-14,sz.002227,11.3000,11.4400,11.0100,11.0600,11.3300,1897309,21092549.4500,3,0.862796,1,-2.383049,0
2019-01-15,sz.002227,11.0600,11.3400,11.0500,11.2700,11.0600,1920109,21549830.4500,3,0.873164,1,1.898734,0
2019-01-16,sz.002227,11.1100,11.3100,11.0600,11.0700,11.2700,1417562,15809095.1000,3,0.644632,1,-1.774630,0
2019-01-17,sz.002227,11.0500,11.1000,10.8300,10.9000,11.0700,1318800,14406806.0000,3,0.599720,1,-1.535683,0
2019-01-18,sz.002227,10.9100,11.3600,10.7900,11.3300,10.9000,2539909,28279221.7900,3,1.155016,1,3.944957,0
2019-01-21,sz.002227,12.0000,12.3900,11.4000,11.4300,11.3300,5453190,64355377.9400,3,2.479822,1,0.882616,0
2019-01-22,sz.002227,11.3300,11.4300,11.0300,11.1200,11.4300,2663202,29706191.5500,3,1.211083,1,-2.712165,0
2019-01-23,sz.002227,11.0400,11.7900,10.9100,11.5400,11.1200,3416510,38858971.8200,3,1.553648,1,3.776979,0
2019-01-24,sz.002227,11.4000,11.5400,11.2500,11.2900,11.5400,2302201,26144245.0900,3,1.046919,1,-2.166378,0
2019-01-25,sz.002227,11.3000,11.3000,11.1100,11.1500,11.2900,1401760,15686375.5800,3,0.637446,1,-1.240039,0
2019-01-28,sz.002227,11.1600,11.3500,11.1100,11.1600,11.1500,1159445,13001528.4700,3,0.527254,1,0.089688,0
2019-01-29,sz.002227,11.2000,11.2000,10.1500,10.4400,11.1600,2105562,22306337.2400,3,0.957498,1,-6.451616,0
2019-01-30,sz.002227,10.4700,10.5800,10.2200,10.2300,10.4400,1052260,10950710.2000,3,0.478512,1,-2.011495,0
2019-01-31,sz.002227,10.2500,10.4500,10.0300,10.1700,10.2300,1332015,13681386.5000,3,0.605730,1,-0.586505,0
2019-02-01,sz.002227,10.2600,10.4500,10.2500,10.4200,10.1700,710800,7374588.0000,3,0.323234,1,2.458210,0
2019-02-11,sz.002227,10.8900,10.8900,10.5100,10.7100,10.4200,1169817,12537954.1300,3,0.531971,1,2.783109,0
2019-02-12,sz.002227,10.7500,11.7800,10.7500,11.7800,10.7100,3801921,43904180.3100,3,1.728912,1,9.990660,0
2019-02-13,sz.002227,12.1500,12.9600,11.8200,12.9600,11.7800,15114219,189355048.3400,3,6.873146,1,10.016980,0
2019-02-14,sz.002227,12.7200,12.8600,12.3700,12.4800,12.9600,10443030,131283293.6100,3,4.748937,1,-3.703707,0
2019-02-15,sz.002227,12.2000,12.5700,12.1800,12.3000,12.4800,6017314,74229313.3900,3,2.736356,1,-1.442303,0
2019-02-18,sz.002227,12.5000,12.7600,12.3600,12.6500,12.3000,6881425,86483228.3500,3,3.129307,1,2.845524,0
2019-02-19,sz.002227,12.7300,12.7400,12.2600,12.4300,12.6500,6576786,81881400.6800,3,2.990774,1,-1.739125,0
2019-02-20,sz.002227,12.5200,12.7300,12.3100,12.3900,12.4300,4750954,59485221.6900,3,2.160482,1,-0.321802,0
2019-02-21,sz.002227,12.3300,13.3300,12.1000,12.5300,12.3900,8341852,105611265.0700,3,3.793432,1,1.129939,0
2019-02-22,sz.002227,12.3800,12.4800,12.1100,12.4800,12.5300,5859239,72015981.6700,3,2.664471,1,-0.399044,0
2019-02-25,sz.002227,12.5500,13.3500,12.4100,13.0900,12.4800,8372958,107402898.1200,3,3.807578,1,4.887825,0
2019-02-26,sz.002227,13.1100,14.1400,13.1100,13.1800,13.0900,8753655,117683373.9300,3,3.980698,1,0.687549,0
2019-02-27,sz.002227,13.1000,13.8200,12.9500,13.3400,13.1800,6006921,80013700.7700,3,2.731629,1,1.213959,0
2019-02-28,sz.002227,13.2100,13.6600,13.0700,13.4900,13.3400,3852912,51179640.3600,3,1.752100,1,1.124435,0
2019-03-01,sz.002227,13.4300,13.7800,13.3000,13.5200,13.4900,4201778,56710770.5000,3,1.910746,1,0.222392,0
2019-03-04,sz.002227,13.7300,14.5300,13.6600,14.1900,13.5200,9728666,137574575.2100,3,4.424082,1,4.955615,0
2019-03-05,sz.002227,14.0000,14.2500,13.6700,14.2300,14.1900,6661302,92814321.8800,3,3.029207,1,0.281888,0
2019-03-06,sz.002227,14.3900,15.1800,13.8600,14.5000,14.2300,8445062,122161173.5500,3,3.840367,1,1.897403,0
2019-03-07,sz.002227,14.2900,14.4700,14.0500,14.2700,14.5000,6339530,90411740.6600,3,2.882882,1,-1.586204,0
2019-03-08,sz.002227,13.8400,14.1300,13.2800,13.3500,14.2700,4760302,65703397.6800,3,2.164733,1,-6.447093,0
2019-03-11,sz.002227,13.4300,14.2600,13.4300,14.2200,13.3500,5471208,76275657.9400,3,2.488016,1,6.516853,0
2019-03-12,sz.002227,14.4100,14.6000,13.8100,14.0400,14.2200,5961293,84131120.1600,3,2.710880,1,-1.265825,0
2019-03-13,sz.002227,14.0300,14.0300,13.4500,13.5900,14.0400,3896273,53407782.9100,3,1.771819,1,-3.205127,0
2019-03-14,sz.002227,13.2500,14.1600,13.2500,13.6300,13.5900,3691803,50856810.4800,3,1.678836,1,0.294334,0
2019-03-15,sz.002227,13.6200,13.7800,13.4000,13.6700,13.6300,2564639,34825133.0300,3,1.166262,1,0.293470,0
2019-03-18,sz.002227,13.9800,14.1000,13.5200,13.8600,13.6700,2241973,30846910.0200,3,1.019531,1,1.389902,0
2019-03-19,sz.002227,14.0000,15.2500,14.0000,14.7800,13.8600,12145288,180692933.1300,3,5.523033,1,6.637807,0
2019-03-20,sz.002227,14.3000,14.6000,13.8600,14.2300,14.7800,7731771,109155946.7000,3,3.516000,1,-3.721246,0
2019-03-21,sz.002227,14.1700,14.3700,13.9100,14.1500,14.2300,5149467,72495670.0000,3,2.341705,1,-0.562192,0
2019-03-22,sz.002227,14.1200,14.1200,13.7800,13.9900,14.1500,3016750,42060070.5000,3,1.371858,1,-1.130741,0
2019-03-25,sz.002227,13.6600,13.9600,13.5800,13.7500,13.9900,2503051,34581953.6000,3,1.138255,1,-1.715509,0
2019-03-26,sz.002227,13.7500,13.9000,13.0100,13.2000,13.7500,3202851,43071561.2300,3,1.456487,1,-4.000001,0
2019-03-27,sz.002227,14.5200,14.5200,14.3000,14.5200,13.2000,9802381,142271340.1000,3,4.457603,1,10.000010,0
2019-03-28,sz.002227,14.5400,15.9700,14.4000,15.1200,14.5200,18842028,287890287.7300,3,8.568356,1,4.132227,0
2019-03-29,sz.002227,14.6000,14.8200,13.9100,14.6900,15.1200,11325762,163132508.2100,3,5.150356,1,-2.843917,0
2019-04-01,sz.002227,14.4200,16.1600,14.4200,16.1600,14.6900,11234294,171756540.9800,3,5.108762,1,10.006810,0
2019-04-02,sz.002227,15.7500,17.7100,15.5800,16.6100,16.1600,12537726,203160702.2100,3,5.701493,1,2.784658,0
2019-04-03,sz.002227,16.1500,16.7200,16.0000,16.4000,16.6100,7524873,122690311.6200,3,3.421914,1,-1.264305,0
2019-04-04,sz.002227,16.5900,16.5900,16.0000,16.0100,16.4000,5643100,91092192.8900,3,2.566183,1,-2.378045,0
2019-04-08,sz.002227,16.0800,16.1600,15.1700,15.5200,16.0100,6254559,96986271.4400,3,2.844242,1,-3.060586,0
2019-04-09,sz.002227,15.4000,15.9200,15.2900,15.5400,15.5200,3885823,60678060.8000,3,1.767066,1,0.128863,0
2019-04-10,sz.002227,15.2000,15.5200,15.0100,15.3200,15.5400,3133901,47808488.2400,3,1.425132,1,-1.415703,0
2019-04-11,sz.002227,15.5800,15.9700,15.3200,15.7700,15.3200,6562771,103513900.1600,3,2.984401,1,2.937342,0
2019-04-12,sz.002227,15.7900,16.2900,15.4000,15.6500,15.7700,3851385,60762327.4400,3,1.751406,1,-0.760944,0
2019-04-15,sz.002227,15.7000,15.9500,15.3000,15.3000,15.6500,3011586,47165458.2000,3,1.369510,1,-2.236418,0
2019-04-16,sz.002227,15.2300,15.5200,14.8000,15.5100,15.3000,3103278,47007277.0400,3,1.411206,1,1.372549,0
2019-04-17,sz.002227,15.5700,15.9800,15.3900,15.7100,15.5100,4037490,63630232.6000,3,1.836037,1,1.289489,0
2019-04-18,sz.002227,15.8000,16.3900,15.4500,15.7000,15.7100,5193104,82128531.0400,3,2.361549,1,-0.063655,0
2019-04-19,sz.002227,15.6500,16.4000,15.2900,15.8600,15.7000,5981193,94311287.3300,3,2.719930,1,1.019107,0
2019-04-22,sz.002227,15.7500,15.7800,15.2900,15.2900,15.8600,3504530,54335154.1800,3,1.593675,1,-3.593945,0
2019-04-23,sz.002227,15.3000,15.3000,14.5200,14.6200,15.2900,2929714,43622592.3400,3,1.332279,1,-4.381949,0
2019-04-24,sz.002227,14.6600,14.9300,14.6600,14.8500,14.6200,1695610,25064261.5300,3,0.771074,1,1.573191,0
2019-04-25,sz.002227,14.8000,14.8100,13.8500,13.9000,14.8500,3070621,43819684.1300,3,1.396356,1,-6.397311,0
2019-04-26,sz.002227,13.9200,13.9900,13.6300,13.6500,13.9000,1901930,26266792.7000,3,0.864897,1,-1.798561,0
2019-04-29,sz.002227,13.6100,13.7800,13.0100,13.1300,13.6500,2106300,28275520.4000,3,0.956109,1,-3.809520,0
2019-04-30,sz.002227,13.3100,13.4900,13.1400,13.3700,13.1300,1295424,17306843.1200,3,0.588030,1,1.827873,0
2019-05-06,sz.002227,12.9900,12.9900,12.0300,12.0500,13.3700,2184942,27244671.1600,3,0.991807,1,-9.872848,0
2019-05-07,sz.002227,12.0300,12.4300,12.0300,12.2700,12.0500,1431918,17540803.5800,3,0.649988,1,1.825728,0
2019-05-08,sz.002227,12.1100,12.5700,11.9900,12.3300,12.2700,1184740,14613738.2000,3,0.537787,1,0.488993,0
2019-05-09,sz.002227,12.2600,12.5200,12.2200,12.3000,12.3300,1066200,13216409.0000,3,0.483978,1,-0.243307,0
2019-05-10,sz.002227,12.3300,12.7900,12.0600,12.7100,12.3000,1948440,24509814.4000,3,0.884452,1,3.333332,0
2019-05-13,sz.002227,12.6000,12.8000,12.4600,12.6500,12.7100,1238801,15685020.5100,3,0.562327,1,-0.472073,0
2019-05-14,sz.002227,12.5000,12.7500,12.4000,12.4900,12.6500,1199202,15069848.2600,3,0.544352,1,-1.264821,0
2019-05-15,sz.002227,12.6600,13.0000,12.6500,12.9500,12.4900,1740001,22360895.9500,3,0.789836,1,3.682947,0
2019-05-16,sz.002227,12.9500,13.1600,12.8200,13.0200,12.9500,1649801,21413085.0000,3,0.748891,1,0.540546,0
2019-05-17,sz.002227,13.0800,13.1000,12.2000,12.3400,13.0200,1686500,21386014.0000,3,0.765550,1,-5.222736,0
2019-05-20,sz.002227,12.1200,12.6200,12.1200,12.5800,12.3400,1144500,14175159.0000,3,0.519521,1,1.944893,0
2019-05-21,sz.002227,12.6700,12.8000,12.4800,12.7500,12.5800,1238532,15687556.9200,3,0.562205,1,1.351352,0
2019-05-22,sz.002227,12.8800,12.9000,12.4500,12.5500,12.7500,1233644,15595463.1200,3,0.559986,1,-1.568626,0
2019-05-23,sz.002227,12.4000,12.6800,12.2800,12.3500,12.5500,1147000,14284977.0000,3,0.520656,1,-1.593624,0
2019-05-24,sz.002227,12.4900,12.5800,12.1300,12.2100,12.3500,973682,11983612.0000,3,0.441982,1,-1.133606,0
2019-05-27,sz.002227,12.3000,12.6400,12.1500,12.5700,12.2100,1208263,15042745.9700,3,0.548465,1,2.948400,0
2019-05-28,sz.002227,12.5700,13.1000,12.5700,12.8400,12.5700,1883005,24156054.0500,3,0.854749,1,2.147975,0
2019-05-29,sz.002227,12.7000,12.8500,12.6000,12.7700,12.8400,1235388,15721817.7200,3,0.560778,1,-0.545169,0
2019-05-30,sz.002227,12.7500,12.7500,12.2000,12.3900,12.7700,1472117,18222817.6500,3,0.668236,1,-2.975725,0
2019-05-31,sz.002227,12.3800,12.6300,12.3800,12.4800,12.3700,1076017,13459937.1400,3,0.488435,1,0.889245,0
2019-06-03,sz.002227,12.4500,12.6800,12.2600,12.3600,12.4800,932800,11540305.0000,3,0.423424,1,-0.961538,0
2019-06-04,sz.002227,12.4500,12.4500,12.1300,12.2600,12.3600,870500,10660156.0000,3,0.395145,1,-0.809057,0
2019-06-05,sz.002227,12.4000,12.4000,12.1000,12.1400,12.2600,1163800,14226132.0000,3,0.528282,1,-0.978792,0
2019-06-06,sz.002227,12.0900,12.0900,11.3000,11.3800,12.1400,1859700,21567672.0000,3,0.844171,1,-6.260298,0
2019-06-10,sz.002227,11.8600,11.8600,11.4600,11.6800,11.3800,1075246,12531902.9000,3,0.488085,1,2.636206,0
2019-06-11,sz.002227,11.6700,12.2700,11.6700,12.2600,11.6800,1598602,19219803.9400,3,0.725651,1,4.965753,0
2019-06-12,sz.002227,12.2600,12.4900,12.1100,12.1700,12.2600,1300200,15996829.0000,3,0.590198,1,-0.734096,0
2019-06-13,sz.002227,12.1700,12.3600,12.1400,12.2500,12.1700,844783,10354862.5300,3,0.383471,1,0.657354,0
2019-06-14,sz.002227,12.2500,12.4500,11.9100,11.9400,12.2500,1112340,13574949.4000,3,0.504923,1,-2.530616,0
2019-06-17,sz.002227,11.9400,12.4000,11.9400,12.2400,11.9400,935231,11389291.4500,3,0.424528,1,2.512564,0
2019-06-18,sz.002227,12.2100,12.2200,11.7900,11.8500,12.2400,1181253,14072432.1500,3,0.536204,1,-3.186270,0
2019-06-19,sz.002227,12.2200,12.3800,11.9100,11.9900,11.8500,979844,11847706.5000,3,0.444779,1,1.181429,0
2019-06-20,sz.002227,11.9300,12.2100,11.8900,12.1700,11.9900,1243240,15024718.0000,3,0.564342,1,1.501254,0
2019-06-21,sz.002227,12.2400,12.4600,12.1300,12.4000,12.1700,1481274,18303417.1300,3,0.672392,1,1.889889,0
2019-06-24,sz.002227,12.4600,12.4900,12.2200,12.3200,12.4000,1035126,12719986.3900,3,0.469873,1,-0.645161,0
2019-06-25,sz.002227,12.3300,12.4700,12.0300,12.0700,12.3200,1337500,16342378.0000,3,0.607129,1,-2.029221,0
2019-06-26,sz.002227,12.1600,12.3900,12.0700,12.2600,12.0700,1249804,15367013.0000,3,0.567321,1,1.574155,0
2019-06-27,sz.002227,12.2600,12.4300,12.2000,12.3400,12.2600,1208400,14870889.7300,3,0.548527,1,0.652528,0
2019-06-28,sz.002227,12.3500,12.4000,11.9800,12.1100,12.3400,1191753,14393405.7700,3,0.540970,1,-1.863861,0
2019-07-01,sz.002227,12.3700,12.4400,12.2000,12.3900,12.1100,1761273,21763922.4800,3,0.799492,1,2.312145,0
2019-07-02,sz.002227,12.3600,12.9000,12.2600,12.4600,12.3900,2293477,28763190.0600,3,1.041074,1,0.564969,0
2019-07-03,sz.002227,12.4500,12.4700,12.1600,12.2400,12.4600,1141600,13979122.0000,3,0.518205,1,-1.765652,0
2019-07-04,sz.002227,12.4200,12.4300,12.1700,12.2300,12.2400,917657,11265930.6800,3,0.416551,1,-0.081701,0
2019-07-05,sz.002227,12.2900,12.5400,12.2900,12.4000,12.2300,1498883,18539068.9300,3,0.680385,1,1.390025,0
2019-07-08,sz.002227,12.4400,12.4400,11.7500,11.8200,12.4000,1509800,18003769.9600,3,0.685341,1,-4.677419,0
2019-07-09,sz.002227,11.8900,11.8900,11.6500,11.8100,11.8200,787771,9261007.4200,3,0.357592,1,-0.084596,0
2019-07-10,sz.002227,11.8000,11.9400,11.7100,11.8000,11.8100,618400,7321965.0000,3,0.280709,1,-0.084676,0
2019-07-11,sz.002227,11.9600,11.9600,11.6400,11.7000,11.8000,623300,7344000.0000,3,0.282934,1,-0.847461,0
2019-07-12,sz.002227,11.6900,11.8000,11.6000,11.7900,11.7000,577102,6762059.3800,3,0.261963,1,0.769232,0
2019-07-15,sz.002227,11.7000,11.7700,11.4100,11.7200,11.7900,900030,10473187.4000,3,0.408549,1,-0.593721,0
2019-07-16,sz.002227,11.7000,11.7900,11.6100,11.7400,11.7200,573786,6727188.9500,3,0.260458,1,0.170644,0
2019-07-17,sz.002227,11.7400,11.9100,11.6800,11.8300,11.7400,809200,9548765.0400,3,0.367319,1,0.766611,0
2019-07-18,sz.002227,11.7200,11.7200,11.4500,11.4500,11.8300,830104,9572481.2800,3,0.376808,1,-3.212173,0
2019-07-19,sz.002227,11.5400,11.7400,11.4200,11.5700,11.4500,670934,7789415.0400,3,0.304556,1,1.048034,0
2019-07-22,sz.002227,11.6500,11.6500,11.2000,11.2200,11.5700,833002,9409957.4600,3,0.378123,1,-3.025060,0
2019-07-23,sz.002227,11.2600,11.2900,11.0300,11.1400,11.2200,877022,9772956.2600,3,0.398105,1,-0.713012,0
2019-07-24,sz.002227,11.1200,11.3500,11.1200,11.1800,11.1400,788774,8874354.0200,3,0.358047,1,0.359066,0
2019-07-25,sz.002227,11.2800,11.3500,11.1600,11.1600,11.1800,865805,9738475.8500,3,0.393013,1,-0.178895,0
2019-07-26,sz.002227,11.1100,11.2900,11.1100,11.1900,11.1600,680366,7610847.3600,3,0.308800,1,0.268800,0
2019-07-29,sz.002227,11.2800,11.2800,11.0400,11.1000,11.1900,513800,5710060.0000,3,0.233228,1,-0.804282,0
2019-07-30,sz.002227,11.1000,11.2000,11.0400,11.1300,11.1000,586800,6534310.0000,3,0.266400,1,0.270300,0
2019-07-31,sz.002227,11.2000,11.3000,11.0300,11.0600,11.1300,553300,6147221.0000,3,0.251200,1,-0.628900,0
2019-08-01,sz.002227,11.0000,11.1500,10.8800,11.1400,11.0600,842130,9273664.0000,3,0.382300,1,0.723300,0
2019-08-02,sz.002227,11.0000,11.0000,10.6800,10.8200,11.1400,694000,7531159.2600,3,0.315000,1,-2.872500,0
2019-08-05,sz.002227,10.6200,10.8600,10.6000,10.6600,10.8200,581719,6230012.4900,3,0.264100,1,-1.478700,0
2019-08-06,sz.002227,10.5800,10.6100,9.8600,10.1700,10.6600,1121474,11372850.9200,3,0.509100,1,-4.596600,0
2019-08-07,sz.002227,10.1900,10.3200,10.1000,10.1800,10.1700,443174,4512491.1000,3,0.201200,1,0.098300,0
2019-08-08,sz.002227,10.2600,10.3600,10.1800,10.3000,10.1800,461471,4744303.4900,3,0.209500,1,1.178800,0
2019-08-09,sz.002227,10.3300,10.5400,10.3000,10.4100,10.3000,891471,9287975.7400,3,0.404700,1,1.068000,0
2019-08-12,sz.002227,10.4300,10.4900,10.3000,10.4900,10.4100,749400,7803077.0000,3,0.340200,1,0.768500,0
2019-08-13,sz.002227,10.3600,10.4000,10.2800,10.2900,10.4900,453500,4683094.0000,3,0.205900,1,-1.906600,0
2019-08-14,sz.002227,10.3200,10.6900,10.3200,10.4800,10.2900,1263010,13260826.8800,3,0.573300,1,1.846400,0
2019-08-15,sz.002227,10.3000,10.5800,10.1500,10.4800,10.4800,1148556,11895458.6400,3,0.521400,1,0.000000,0
2019-08-16,sz.002227,10.4900,11.2800,10.3500,11.2800,10.4800,1293210,13810350.0000,3,0.587000,1,7.633600,0
2019-08-19,sz.002227,11.3500,11.8000,11.2200,11.4700,11.2800,4747578,54396578.9800,3,2.155100,1,1.684400,0
2019-08-20,sz.002227,11.3000,11.4800,11.1000,11.3600,11.4700,2944253,33227963.0100,3,1.336500,1,-0.959000,0
2019-08-21,sz.002227,11.2500,11.2600,10.9000,10.9400,11.3600,2454933,27248306.0100,3,1.114400,1,-3.697200,0
2019-08-22,sz.002227,10.9400,12.0300,10.9400,12.0300,10.9400,4878302,57031561.6100,3,2.214400,1,9.963400,0
2019-08-23,sz.002227,12.3000,12.3700,11.6100,11.7300,12.0300,5435235,64767870.4200,3,2.467200,1,-2.493800,0
2019-08-26,sz.002227,11.4700,11.6600,11.2500,11.5900,11.7300,3550696,40435315.5800,3,1.611800,1,-1.193500,0
2019-08-27,sz.002227,11.5500,11.9200,11.4600,11.6700,11.5900,3333443,38924738.7000,3,1.513100,1,0.690200,0
2019-08-28,sz.002227,11.6100,11.9000,11.4700,11.6200,11.6700,2353700,27517475.5700,3,1.068400,1,-0.428500,0
2019-08-29,sz.002227,11.5100,11.7000,11.2900,11.3700,11.6200,2057975,23449821.2500,3,0.934100,1,-2.151500,0
2019-08-30,sz.002227,11.4600,11.4600,11.0100,11.0100,11.3700,2086495,23293896.5000,3,0.947100,1,-3.166200,0
2019-09-02,sz.002227,11.0100,11.4000,11.0100,11.3700,11.0100,1783188,20133585.1200,3,0.809400,1,3.269800,0
2019-09-03,sz.002227,11.4800,11.6100,11.0000,11.5700,11.3700,2323576,26638739.0100,3,1.054700,1,1.759000,0
2019-09-04,sz.002227,11.4600,11.5900,11.3500,11.4600,11.5700,1512621,17305088.7100,3,0.686600,1,-0.950700,0
2019-09-05,sz.002227,11.4500,11.7200,11.4500,11.5600,11.4600,2436795,28268075.0600,3,1.106100,1,0.872600,0
2019-09-06,sz.002227,11.5700,11.7500,11.4400,11.6000,11.5600,1766122,20471333.1200,3,0.801700,1,0.346000,0
2019-09-09,sz.002227,11.7600,11.8300,11.5500,11.8100,11.6000,2236200,26177697.0000,3,1.015000,1,1.810300,0
2019-09-10,sz.002227,11.9600,11.9600,11.6200,11.7500,11.8100,1444770,16957443.0000,3,0.655800,1,-0.508000,0
2019-09-11,sz.002227,11.7500,11.8000,11.6200,11.7500,11.7500,1334702,15648089.4400,3,0.605800,1,0.000000,0
2019-09-12,sz.002227,11.7200,11.8500,11.5700,11.8200,11.7500,1708066,20085701.2200,3,0.775300,1,0.595700,0
2019-09-16,sz.002227,11.9700,12.3700,11.8300,12.2100,11.8200,4095570,49936864.1300,3,1.859000,1,3.299500,0
2019-09-17,sz.002227,12.1900,12.1900,11.7000,11.7900,12.2100,2015669,23970288.3900,3,0.914900,1,-3.439800,0
2019-09-18,sz.002227,11.7900,11.8900,11.5300,11.5500,11.7900,1372103,15981535.6500,3,0.622800,1,-2.035600,0
2019-09-19,sz.002227,11.5500,11.6600,11.3400,11.6600,11.5500,1804270,20760256.6200,3,0.819000,1,0.952400,0
2019-09-20,sz.002227,11.7500,11.7500,11.4600,11.4800,11.6600,1132118,13088921.9500,3,0.513900,1,-1.543700,0
2019-09-23,sz.002227,11.4800,11.5800,11.3000,11.4400,11.4800,993194,11339699.3600,3,0.450800,1,-0.348400,0
2019-09-24,sz.002227,11.5500,11.7000,11.4700,11.5900,11.4400,1255304,14571894.9100,3,0.569800,1,1.311200,0
2019-09-25,sz.002227,11.5000,11.5700,11.1800,11.2900,11.5900,1416200,16090102.0000,3,0.642800,1,-2.588400,0
2019-09-26,sz.002227,11.2900,11.3500,10.8100,10.8300,11.2900,1443902,15880641.7900,3,0.655400,1,-4.074400,0
2019-09-27,sz.002227,10.8300,11.0900,10.8300,11.0400,10.8300,805570,8855475.8000,3,0.365700,1,1.939100,0
2019-09-30,sz.002227,11.1500,11.1500,10.8600,11.0100,11.0400,585970,6429405.2000,3,0.266000,1,-0.271700,0
2019-10-08,sz.002227,11.0700,11.0700,10.8100,10.8700,11.0100,656703,7176432.6000,3,0.298100,1,-1.271600,0
2019-10-09,sz.002227,10.8700,11.5500,10.7300,11.2600,10.8700,1777502,19913290.3600,3,0.806800,1,3.587900,0
2019-10-10,sz.002227,11.1300,11.3600,11.1300,11.2300,11.2600,819202,9199743.4000,3,0.371800,1,-0.266400,0
2019-10-11,sz.002227,11.2300,11.3500,11.1800,11.2500,11.2300,834476,9400705.3000,3,0.378800,1,0.178100,0
2019-10-14,sz.002227,11.4700,11.4700,11.2500,11.2900,11.2500,1054734,11947514.2200,3,0.478800,1,0.355600,0
2019-10-15,sz.002227,11.3300,11.4100,10.9800,11.0300,11.2900,939656,10418075.6600,3,0.426500,1,-2.302900,0
2019-10-16,sz.002227,11.1800,11.1800,10.9300,11.0500,11.0300,562382,6190134.9000,3,0.255300,1,0.181300,0
2019-10-17,sz.002227,10.9900,11.0700,10.8200,10.9200,11.0500,643700,7036659.0000,3,0.292200,1,-1.176500,0
2019-10-18,sz.002227,10.9100,10.9500,10.7000,10.7200,10.9200,703778,7606411.7800,3,0.319500,1,-1.831500,0
2019-10-21,sz.002227,10.7200,10.7200,10.4300,10.5600,10.7200,717142,7554512.5000,3,0.325500,1,-1.492500,0
2019-10-22,sz.002227,10.6700,10.6700,10.4900,10.6500,10.5600,562180,5944297.0000,3,0.255200,1,0.852300,0
2019-10-23,sz.002227,10.6300,10.7500,10.5700,10.6500,10.6500,424200,4514516.0000,3,0.192500,1,0.000000,0
2019-10-24,sz.002227,10.6500,10.7200,10.5600,10.6000,10.6500,413400,4397149.0000,3,0.187600,1,-0.469500,0
2019-10-25,sz.002227,10.6700,10.7600,10.5500,10.7100,10.6000,423601,4521321.5500,3,0.192300,1,1.037700,0
2019-10-28,sz.002227,10.7200,10.9400,10.6700,10.9000,10.7100,781400,8475751.0000,3,0.354700,1,1.774000,0
2019-10-29,sz.002227,10.9600,11.1200,10.7300,10.8400,10.9000,679900,7393642.0000,3,0.308600,1,-0.550500,0
2019-10-30,sz.002227,10.7600,10.8200,10.4700,10.5200,10.8400,630003,6675401.0200,3,0.286000,1,-2.952000,0
2019-10-31,sz.002227,10.6000,10.6000,10.4000,10.5000,10.5200,587094,6140250.9400,3,0.266500,1,-0.190100,0
2019-11-01,sz.002227,10.5400,10.6500,10.3800,10.5500,10.5000,731474,7670431.1800,3,0.332000,1,0.476200,0
2019-11-04,sz.002227,10.5500,10.6500,10.4800,10.5600,10.5500,515300,5429773.0000,3,0.233900,1,0.094800,0
2019-11-05,sz.002227,10.6100,10.6100,10.4100,10.5300,10.5600,601122,6314107.2000,3,0.272900,1,-0.284100,0
2019-11-06,sz.002227,10.5800,10.7800,10.5000,10.5600,10.5300,1002320,10664834.4000,3,0.455000,1,0.284900,0
2019-11-07,sz.002227,10.4300,10.7400,10.2200,10.6500,10.5600,903370,9539811.6000,3,0.410100,1,0.852300,0
2019-11-08,sz.002227,10.6900,10.7300,10.5700,10.7100,10.6500,656370,6984510.0800,3,0.297900,1,0.563400,0
2019-11-11,sz.002227,10.6600,10.6600,10.3800,10.3900,10.7100,714538,7456002.1800,3,0.324300,1,-2.987900,0
2019-11-12,sz.002227,10.5600,10.5600,10.3700,10.4900,10.3900,485608,5090241.1000,3,0.220400,1,0.962500,0
2019-11-13,sz.002227,10.4300,10.4800,10.3400,10.3600,10.4900,394610,4095423.6000,3,0.179100,1,-1.239300,0
2019-11-14,sz.002227,10.3600,10.4300,10.3400,10.3500,10.3600,260652,2706114.7200,3,0.118300,1,-0.096500,0
2019-11-15,sz.002227,10.3500,10.3800,10.0100,10.0400,10.3500,563555,5744585.0500,3,0.255800,1,-2.995200,0
2019-11-18,sz.002227,10.0400,10.2000,10.0400,10.1700,10.0400,384852,3910933.5200,3,0.174700,1,1.294800,0
2019-11-19,sz.002227,10.1900,10.3500,10.1500,10.3100,10.1700,696428,7149498.6400,3,0.316100,1,1.376600,0
2019-11-20,sz.002227,10.3500,10.4100,10.2300,10.2400,10.3100,456000,4700690.9800,3,0.207000,1,-0.679000,0
2019-11-21,sz.002227,10.2100,10.3400,10.0300,10.1900,10.2400,461626,4709020.4600,3,0.209500,1,-0.488300,0
2019-11-22,sz.002227,10.2600,10.3200,10.0700,10.0900,10.1900,494105,5031708.5500,3,0.224300,1,-0.981300,0
2019-11-25,sz.002227,10.1000,10.1800,10.0300,10.0900,10.0900,413320,4164842.0000,3,0.187600,1,0.000000,0
2019-11-26,sz.002227,10.1700,10.1700,10.0600,10.1000,10.0900,290200,2934457.0000,3,0.131700,1,0.099100,0
2019-11-27,sz.002227,10.1600,10.1600,10.0300,10.0800,10.1000,251200,2533596.0000,3,0.114000,1,-0.198000,0
2019-11-28,sz.002227,10.0800,10.1200,9.9800,10.0000,10.0800,432900,4344444.0000,3,0.196500,1,-0.793700,0
2019-11-29,sz.002227,10.0000,10.0600,9.9700,10.0500,10.0000,379538,3801493.4400,3,0.172300,1,0.500000,0
2019-12-02,sz.002227,10.0600,10.0900,10.0200,10.0700,10.0500,368301,3703759.0400,3,0.167200,1,0.199000,0
2019-12-03,sz.002227,10.0700,10.3100,9.9600,10.2000,10.0700,474800,4815329.9800,3,0.215500,1,1.291000,0
2019-12-04,sz.002227,10.1600,10.3000,10.1100,10.2300,10.2000,525808,5378780.7000,3,0.238700,1,0.294100,0
2019-12-05,sz.002227,10.2500,10.3600,10.2200,10.3100,10.2300,448806,4616108.5000,3,0.203700,1,0.782000,0
2019-12-06,sz.002227,10.3000,10.4500,10.2500,10.4000,10.3100,946271,9836433.2100,3,0.429500,1,0.872900,0
2019-12-09,sz.002227,10.4800,10.4800,10.3100,10.3300,10.4000,469105,4865587.9500,3,0.212900,1,-0.673100,0
2019-12-10,sz.002227,10.3300,10.4000,10.1600,10.3900,10.3300,731402,7503756.4800,3,0.332000,1,0.580800,0
2019-12-11,sz.002227,10.3100,10.5000,10.3000,10.4200,10.3900,863200,9011511.0000,3,0.391800,1,0.288700,0
2019-12-12,sz.002227,10.3800,10.4200,10.2600,10.3200,10.4200,681300,7051028.0000,3,0.309300,1,-0.959700,0
2019-12-13,sz.002227,10.4000,10.4400,10.3000,10.3900,10.3200,733719,7604412.9000,3,0.333000,1,0.678300,0
2019-12-16,sz.002227,10.3900,10.6100,10.3600,10.5800,10.3900,1306472,13772496.1200,3,0.593000,1,1.828700,0
2019-12-17,sz.002227,10.5900,10.7600,10.5200,10.7100,10.5800,1034571,11047422.8900,3,0.469600,1,1.228700,0
2019-12-18,sz.002227,10.7100,10.7700,10.5800,10.6300,10.7100,821400,8767832.0000,3,0.372800,1,-0.747000,0
2019-12-19,sz.002227,10.6000,10.8000,10.6000,10.8000,10.6300,1199600,12906301.2800,3,0.544500,1,1.599200,0
2019-12-20,sz.002227,10.7900,10.8700,10.6600,10.6700,10.8000,947447,10193074.7800,3,0.430100,1,-1.203700,0
2019-12-23,sz.002227,10.6200,10.7000,10.2000,10.3100,10.6700,987471,10313522.9100,3,0.448200,1,-3.373900,0
2019-12-24,sz.002227,10.3000,11.3400,10.3000,11.3400,10.3100,2510104,27836479.3200,3,1.139400,1,9.990300,0
2019-12-25,sz.002227,12.1600,12.4700,11.6200,11.6400,11.3400,10939125,132904175.9400,3,4.965400,1,2.645500,0
2019-12-26,sz.002227,11.1900,11.3900,10.9500,11.3200,11.6400,7736012,86324247.0000,3,3.511500,1,-2.749100,0
2019-12-27,sz.002227,11.2300,11.3100,10.9900,11.0100,11.3200,4421154,49187203.7400,3,2.006800,1,-2.738500,0
2019-12-30,sz.002227,10.9000,11.4700,10.7000,11.1100,11.0100,3517097,38794035.3300,3,1.596500,1,0.908300,0
2019-12-31,sz.002227,11.1000,11.1800,11.0200,11.0800,11.1100,1930189,21385167.9800,3,0.876100,1,-0.270000,0
2020-01-02,sz.002227,11.1200,11.3500,11.0800,11.2200,11.0800,2564300,28739997.1100,3,1.164000,1,1.263500,0
2020-01-03,sz.002227,11.2100,11.3100,11.1000,11.2200,11.2200,2255774,25270945.1600,3,1.023900,1,0.000000,0
2020-01-06,sz.002227,11.1900,11.8900,11.1000,11.8800,11.2200,5731776,66579735.9000,3,2.601700,1,5.882400,0
2020-01-07,sz.002227,12.0200,12.4200,11.5600,11.8300,11.8800,5461356,65195342.6100,3,2.479000,1,-0.420900,0
2020-01-08,sz.002227,11.7300,13.0100,11.6500,13.0100,11.8300,10816964,137544804.9900,3,4.910000,1,9.974600,0
2020-01-09,sz.002227,13.5000,14.0900,12.6500,13.4300,13.0100,16306009,215667221.2900,3,7.401500,1,3.228300,0
2020-01-10,sz.002227,12.8200,13.0800,12.7500,12.8300,13.4300,7565383,97494404.1300,3,3.434000,1,-4.467600,0
2020-01-13,sz.002227,12.9800,13.3600,12.9500,13.0100,12.8300,6800081,89264418.2700,3,3.086600,1,1.403000,0
2020-01-14,sz.002227,13.1700,13.2500,12.7500,12.7800,13.0100,6193372,80350707.3100,3,2.811300,1,-1.767900,0
2020-01-15,sz.002227,12.7000,12.7000,12.3200,12.5000,12.7800,4028087,50234948.1200,3,1.828400,1,-2.190900,0
2020-01-16,sz.002227,12.6300,12.6300,12.2200,12.3100,12.5000,2631585,32471427.7400,3,1.194500,1,-1.520000,0
2020-01-17,sz.002227,12.3000,12.5700,12.1600,12.4300,12.3100,2808221,34695783.3700,3,1.274700,1,0.974800,0
2020-01-20,sz.002227,12.4900,12.6200,12.2500,12.6200,12.4300,2611453,32733455.4800,3,1.185400,1,1.528600,0
2020-01-21,sz.002227,12.6200,12.6200,12.0000,12.1200,12.6200,2712887,33217524.9900,3,1.231400,1,-3.962000,0
2020-01-22,sz.002227,12.0400,12.4500,11.7600,12.3400,12.1200,2655910,32380892.4100,3,1.205600,1,1.815200,0
2020-01-23,sz.002227,12.2000,12.4700,11.7800,11.9200,12.3400,2920409,35235532.4500,3,1.325600,1,-3.403600,0
2020-02-03,sz.002227,10.7300,10.7300,10.7300,10.7300,11.9200,321200,3446476.0000,3,0.145800,1,-9.983200,0
2020-02-04,sz.002227,9.7000,10.4700,9.7000,10.1100,10.7300,5216564,53113467.7800,3,2.367900,1,-5.778200,0
2020-02-05,sz.002227,10.3000,10.6300,10.1900,10.3500,10.1100,3975093,41456637.4200,3,1.804300,1,2.373900,0
2020-02-06,sz.002227,10.2400,10.7300,10.2400,10.6200,10.3500,3276297,34339492.4400,3,1.487200,1,2.608700,0
2020-02-07,sz.002227,10.6700,10.8700,10.5300,10.7000,10.6200,2795948,29848797.8500,3,1.269100,1,0.753300,0
2020-02-10,sz.002227,10.7600,11.1100,10.5700,11.0800,10.7000,3136354,34322562.5200,3,1.423600,1,3.551400,0
2020-02-11,sz.002227,11.0200,11.1200,10.8200,10.8500,11.0800,2356402,25706987.7800,3,1.069600,1,-2.075800,0
2020-02-12,sz.002227,10.9300,11.2800,10.7700,11.1300,10.8500,2845175,31517746.8700,3,1.291500,1,2.580600,0
2020-02-13,sz.002227,11.0500,11.2500,10.8800,10.9600,11.1300,2501514,27552802.3200,3,1.135500,1,-1.527400,0
2020-02-14,sz.002227,11.1600,11.6500,11.0100,11.1400,10.9600,4086400,46220377.3700,3,1.854900,1,1.642300,0
2020-02-17,sz.002227,11.0700,11.4100,11.0000,11.4000,11.1400,3805070,42979091.8000,3,1.727200,1,2.333900,0
2020-02-18,sz.002227,11.5500,11.8400,11.3500,11.8000,11.4000,5543563,64619544.0500,3,2.516300,1,3.508800,0
2020-02-19,sz.002227,11.7500,12.2100,11.6900,11.8800,11.8000,4567391,54694362.0600,3,2.073200,1,0.678000,0
2020-02-20,sz.002227,11.8800,12.6800,11.8800,12.4000,11.8800,6175930,76203924.2200,3,2.803300,1,4.377100,0
2020-02-21,sz.002227,12.2400,12.4500,12.1200,12.1800,12.4000,4972853,60925923.7700,3,2.257200,1,-1.774200,0
2020-02-24,sz.002227,12.1800,12.3500,11.8100,12.3000,12.1800,4179115,50565809.9800,3,1.897000,1,0.985200,0
2020-02-25,sz.002227,11.9600,12.2000,11.5500,12.0900,12.3000,5299679,63143397.2100,3,2.405600,1,-1.707300,0
2020-02-26,sz.002227,12.0000,12.6500,11.8500,12.1900,12.0900,5956957,73623993.6800,3,2.703900,1,0.827100,0
2020-02-27,sz.002227,12.1800,12.3500,11.9100,12.0300,12.1900,2593597,31420680.9800,3,1.177300,1,-1.312600,0
2020-02-28,sz.002227,11.6100,11.6100,10.9500,10.9700,12.0300,4308253,48687362.7800,3,1.955600,1,-8.811300,0
2020-03-02,sz.002227,11.1300,11.5300,11.1300,11.4800,10.9700,2186582,24880507.4200,3,0.992500,1,4.649000,0
2020-03-03,sz.002227,11.7400,12.6300,11.7400,12.6300,11.4800,3734190,46397913.8900,3,1.695000,1,10.017400,0
2020-03-04,sz.002227,12.9800,13.5300,12.6900,12.7800,12.6300,12838646,167563615.1500,3,5.827600,1,1.187600,0
2020-03-05,sz.002227,12.8600,14.0200,12.8600,13.2500,12.7800,11315656,151170225.0800,3,5.136300,1,3.677600,0
2020-03-06,sz.002227,12.7000,13.2500,12.5500,12.7900,13.2500,7299444,93941261.9600,3,3.313300,1,-3.471700,0
2020-03-09,sz.002227,12.4100,14.0700,12.4100,14.0700,12.7900,8860072,120510340.6200,3,4.021700,1,10.007800,0
2020-03-10,sz.002227,14.6700,15.4800,14.1200,15.4800,14.0700,20358993,303219450.6100,3,9.241200,1,10.021300,0
2020-03-11,sz.002227,17.0300,17.0300,16.5000,17.0300,15.4800,6529529,111005047.7500,3,2.963800,1,10.012900,0
2020-03-12,sz.002227,16.8000,18.7300,15.6200,18.7300,17.0300,34773782,628910737.1800,3,15.784300,1,9.982400,0
2020-03-13,sz.002227,17.2900,20.2500,16.9000,17.5700,18.7300,32746451,597517653.5700,3,14.864000,1,-6.193300,0
2020-03-16,sz.002227,16.7500,17.0700,15.8100,15.8100,17.5700,16292644,261686776.5100,3,7.395400,1,-10.017100,0
2020-03-17,sz.002227,14.9000,15.4300,14.2300,14.3800,15.8100,18946703,275900728.7100,3,8.600200,1,-9.044900,0
2020-03-18,sz.002227,14.5100,15.2500,14.3100,14.6000,14.3800,16278903,240756433.6300,3,7.389200,1,1.529900,0
2020-03-19,sz.002227,14.3000,15.3500,13.8100,14.7900,14.6000,14604082,210923074.2200,3,6.629000,1,1.301400,0
2020-03-20,sz.002227,15.0000,15.1500,14.3100,14.5100,14.7900,11355813,167212894.1100,3,5.154500,1,-1.893200,0
2020-03-23,sz.002227,13.8800,14.4900,13.3100,13.5000,14.5100,10148741,140460688.2000,3,4.606600,1,-6.960700,0
2020-03-24,sz.002227,13.8800,14.1700,13.1500,13.9700,13.5000,9916478,136975605.8700,3,4.501200,1,3.481500,0
2020-03-25,sz.002227,14.7500,15.3700,14.4500,15.3700,13.9700,6602892,99400425.4000,3,2.997100,1,10.021500,0
2020-03-26,sz.002227,15.5200,16.5000,15.3700,15.7600,15.3700,22805198,360775155.9500,3,10.351600,1,2.537400,0
2020-03-27,sz.002227,15.6000,15.7500,14.5100,14.6500,15.7600,14664735,220872404.3000,3,6.656500,1,-7.043200,0
2020-03-30,sz.002227,15.2300,16.1200,14.7800,16.1200,14.6500,20324269,315828420.6800,3,9.225400,1,10.034100,0
2020-03-31,sz.002227,15.7000,17.1000,15.6600,16.3300,16.1200,23157219,379717099.3500,3,10.511400,1,1.302700,0
2020-04-01,sz.002227,16.2200,17.5000,16.0700,16.8600,16.3300,18219909,306050706.2500,3,8.270300,1,3.245600,0
2020-04-02,sz.002227,16.3200,17.5000,15.7300,16.9100,16.8600,17580201,286525378.6700,3,7.979900,1,0.296600,0
2020-04-03,sz.002227,16.5000,16.8000,15.8100,15.9100,16.9100,12302963,199023781.4700,3,5.584500,1,-5.913700,0
2020-04-07,sz.002227,16.1800,16.9600,15.5600,16.5700,15.9100,15337325,248404400.2000,3,6.961800,1,4.148300,0
2020-04-08,sz.002227,16.3900,16.3900,15.6600,15.6700,16.5700,10885856,173029101.1600,3,4.941200,1,-5.431500,0
2020-04-09,sz.002227,15.4100,15.8800,15.2000,15.4600,15.6700,8184923,126665789.2000,3,3.715200,1,-1.340100,0
2020-04-10,sz.002227,16.0500,16.9000,15.6500,16.1900,15.4600,15313233,247301618.5500,3,6.950900,1,4.721900,0
2020-04-13,sz.002227,15.2400,15.4700,14.5700,15.0300,16.1900,9579023,143964099.9800,3,4.348000,1,-7.164900,0
2020-04-14,sz.002227,15.2200,16.4000,14.7400,15.9600,15.0300,12877902,201984959.5400,3,5.845400,1,6.187600,0
2020-04-15,sz.002227,16.0500,16.7500,15.7100,16.0700,15.9600,15024702,244186559.3000,3,6.819900,1,0.689200,0
2020-04-16,sz.002227,15.6700,17.5000,15.5600,17.0800,16.0700,19558469,330144420.4400,3,8.877800,1,6.285000,0
2020-04-17,sz.002227,16.8500,17.2000,16.6700,16.7600,17.0800,14826490,250691745.4500,3,6.729900,1,-1.873500,0
2020-04-20,sz.002227,16.8800,17.4900,16.5200,17.1200,16.7600,12915085,220245776.2200,3,5.862400,1,2.148000,0
2020-04-21,sz.002227,17.2000,17.2000,16.2100,16.6000,17.1200,10360095,170711596.9800,3,4.702600,1,-3.037400,0
2020-04-22,sz.002227,16.2300,17.2000,16.0800,16.9900,16.6000,10800080,181681040.2700,3,4.902300,1,2.349400,0
2020-04-23,sz.002227,17.0700,17.0700,16.0300,16.0500,16.9900,9860663,161788417.9600,3,4.475900,1,-5.532700,0
2020-04-24,sz.002227,15.9800,15.9800,14.8600,14.9300,16.0500,9974881,152442469.6800,3,4.527800,1,-6.978200,0
2020-04-27,sz.002227,15.0500,15.0600,14.5300,14.6000,14.9300,5149100,76093666.0000,3,2.337300,1,-2.210300,0
2020-04-28,sz.002227,14.6000,14.8100,13.5000,14.1300,14.6000,5675838,80044960.5200,3,2.576400,1,-3.219200,0
2020-04-29,sz.002227,13.9700,14.3300,13.8200,13.9000,14.1300,3707959,51995234.8200,3,1.683100,1,-1.627700,0
2020-04-30,sz.002227,13.8900,14.4300,13.8700,14.3300,13.9000,4732748,67418014.3200,3,2.148300,1,3.093500,0
2020-05-06,sz.002227,14.0000,14.7400,13.8800,14.6200,14.3300,4122312,59763766.9800,3,1.871200,1,2.023700,0
2020-05-07,sz.002227,14.6500,15.3500,14.4500,14.9300,14.6200,6212560,92103225.4600,3,2.820000,1,2.120400,0
2020-05-08,sz.002227,15.0000,15.0800,14.7800,14.8900,14.9300,4566999,68090058.8100,3,2.073000,1,-0.267900,0
2020-05-11,sz.002227,14.9500,15.1200,14.7200,14.8400,14.8900,3671300,54734333.8800,3,1.666500,1,-0.335800,0
2020-05-12,sz.002227,14.8500,14.9200,14.3200,14.7700,14.8400,3941746,57462812.5200,3,1.789200,1,-0.471700,0
2020-05-13,sz.002227,14.5500,15.1400,14.5100,14.8500,14.7700,4289638,63860688.8400,3,1.947100,1,0.541600,0
2020-05-14,sz.002227,14.6400,15.9600,14.5300,15.1500,14.8500,7978392,121379018.3800,3,3.621500,1,2.020200,0
2020-05-15,sz.002227,15.2000,15.2100,14.8300,14.9500,15.1500,4818948,72095632.1000,3,2.187400,1,-1.320100,0
2020-05-18,sz.002227,14.3600,14.7300,14.3000,14.3000,14.9500,4769321,69020997.1300,3,2.164900,1,-4.347800,0
2020-05-19,sz.002227,14.4300,14.5300,14.1300,14.1900,14.3000,3086100,43928745.0000,3,1.400800,1,-0.769200,0
2020-05-20,sz.002227,14.2000,14.4000,14.1000,14.1300,14.1900,3075646,43808616.5000,3,1.396100,1,-0.422800,0
2020-05-21,sz.002227,14.1900,14.8800,13.8000,14.3900,14.1300,5566196,79516933.2600,3,2.526600,1,1.840100,0
2020-05-22,sz.002227,14.1500,14.7500,13.9700,14.1700,14.3900,4535902,65237116.1000,3,2.058900,1,-1.528800,0
2020-05-25,sz.002227,14.0600,14.5800,13.7400,13.9600,14.1700,3015002,42526234.9800,3,1.368600,1,-1.482000,0
2020-05-26,sz.002227,13.9500,14.2800,13.8900,14.2000,13.9600,2703323,38089853.3600,3,1.227100,1,1.719200,0
2020-05-27,sz.002227,14.3000,14.3700,13.9000,13.9700,14.2000,2858114,40314410.6600,3,1.297300,1,-1.619700,0
2020-05-28,sz.002227,13.9700,14.0000,13.2400,13.4400,13.9700,4405021,59724847.8900,3,1.999500,1,-3.793800,0
2020-05-29,sz.002227,13.4400,13.5300,13.2200,13.3500,13.4400,1976800,26480926.0000,3,0.897300,1,-0.669600,0
2020-06-01,sz.002227,13.3700,13.9300,13.3700,13.8300,13.3500,3065499,41955430.5500,3,1.391500,1,3.595500,0
2020-06-02,sz.002227,13.9500,14.0200,13.7100,13.8600,13.8300,2903100,40237819.0000,3,1.317800,1,0.216900,0
2020-06-03,sz.002227,13.8600,13.9700,13.7600,13.7700,13.8600,1906022,26377088.7600,3,0.865200,1,-0.649300,0
2020-06-04,sz.002227,13.7600,14.1200,13.7200,13.8100,13.7700,3067732,42650137.2400,3,1.392500,1,0.290500,0
2020-06-05,sz.002227,13.8800,13.8800,13.4400,13.5600,13.8100,2855233,38791542.5500,3,1.296000,1,-1.810300,0
2020-06-08,sz.002227,13.6100,13.7500,13.4600,13.6000,13.5400,2245062,30555595.3700,3,1.019100,1,0.443100,0
2020-06-09,sz.002227,13.7400,13.7400,13.4600,13.5000,13.6000,2192189,29829835.8500,3,0.995100,1,-0.735300,0
2020-06-10,sz.002227,13.5200,13.5700,13.1500,13.1900,13.5000,2901587,38513995.3200,3,1.317100,1,-2.296300,0
2020-06-11,sz.002227,13.2200,13.8400,13.2200,13.5300,13.1900,4972789,67714029.0400,3,2.257200,1,2.577700,0
2020-06-12,sz.002227,13.1800,13.3900,13.1000,13.2500,13.5300,3056091,40463117.9100,3,1.387200,1,-2.069500,0
2020-06-15,sz.002227,13.2000,13.3800,13.0800,13.1400,13.2500,2064387,27228288.9200,3,0.937100,1,-0.830200,0
2020-06-16,sz.002227,13.2200,13.4200,13.1900,13.3800,13.1400,2406260,32031921.6000,3,1.092200,1,1.826500,0
2020-06-17,sz.002227,13.3800,13.9500,13.2900,13.6200,13.3800,3802801,51801040.5900,3,1.726200,1,1.793700,0
2020-06-18,sz.002227,13.6600,14.0000,13.6600,13.8100,13.6200,4578863,63323166.6400,3,2.078400,1,1.395000,0
2020-06-19,sz.002227,13.8300,14.5000,13.6600,14.1800,13.8100,5751666,80721379.8200,3,2.610800,1,2.679200,0
2020-06-22,sz.002227,14.1000,14.3700,13.8600,14.0800,14.1800,4384610,61657788.0900,3,1.990200,1,-0.705200,0
2020-06-23,sz.002227,14.0900,14.1700,13.7200,13.7600,14.0800,3107502,43047795.7000,3,1.410500,1,-2.272700,0
2020-06-24,sz.002227,13.9000,14.0600,13.7600,13.7800,13.7600,2162200,30011367.9400,3,0.981500,1,0.145300,0
2020-06-29,sz.002227,13.7800,14.1800,13.6500,14.0200,13.7800,3142110,43949742.7000,3,1.426300,1,1.741700,0
2020-06-30,sz.002227,13.9800,14.1300,13.9100,14.0300,14.0200,2775606,38867720.3300,3,1.259900,1,0.071300,0
2020-07-01,sz.002227,14.0100,14.0700,13.7700,13.8700,14.0300,2984125,41339863.8200,3,1.354500,1,-1.140400,0
2020-07-02,sz.002227,13.9800,14.3300,13.9600,14.1100,13.8700,4188902,59208195.2800,3,1.901400,1,1.730400,0
2020-07-03,sz.002227,14.1100,14.1400,13.9100,14.0700,14.1100,3528004,49409764.9800,3,1.601400,1,-0.283500,0
2020-07-06,sz.002227,14.1600,14.5900,14.0900,14.5500,14.0700,6374488,91666972.1100,3,2.893500,1,3.411500,0
2020-07-07,sz.002227,14.6600,15.0300,14.4700,14.8300,14.5500,7399839,109694450.2600,3,3.358900,1,1.924400,0
2020-07-08,sz.002227,14.7300,15.3500,14.7000,15.2900,14.8300,7287470,109455344.2300,3,3.307900,1,3.101800,0
2020-07-09,sz.002227,15.2300,15.5500,15.0300,15.3100,15.2900,6931258,105631775.8400,3,3.146200,1,0.130800,0
2020-07-10,sz.002227,15.2100,15.5900,15.0500,15.2200,15.3100,6182522,94800116.5800,3,2.806300,1,-0.587900,0
2020-07-13,sz.002227,15.2200,16.3500,15.2000,15.9800,15.2200,9097275,143131123.0900,3,4.129400,1,4.993400,0
2020-07-14,sz.002227,15.8700,15.9000,15.0500,15.5100,15.9800,7045100,109134133.1500,3,3.197900,1,-2.941200,0
2020-07-15,sz.002227,15.1800,15.4000,14.5000,14.5600,15.5100,6598899,97513251.0700,3,2.995300,1,-6.125100,0
2020-07-16,sz.002227,14.6000,14.7700,14.0100,14.1000,14.5600,3964101,57221521.5800,3,1.799400,1,-3.159300,0
2020-07-17,sz.002227,14.0000,15.3900,13.8100,14.6600,14.1000,4429904,63529042.8800,3,2.010800,1,3.971600,0
2020-07-20,sz.002227,14.6600,15.2700,14.4000,14.9100,14.6600,4025971,59539686.6700,3,1.827500,1,1.705300,0
2020-07-21,sz.002227,14.7000,15.0600,14.6600,14.9000,14.9100,3227816,47872015.6800,3,1.465200,1,-0.067100,0
2020-07-22,sz.002227,14.7000,14.9800,14.6700,14.7200,14.9000,2723081,40298329.6200,3,1.236000,1,-1.208100,0
2020-07-23,sz.002227,14.4300,14.5800,14.0500,14.2900,14.7200,3420787,48884494.0300,3,1.552700,1,-2.921200,0
2020-07-24,sz.002227,14.2500,14.5800,13.7900,13.8900,14.2900,3249971,46217323.6900,3,1.475200,1,-2.799200,0
2020-07-27,sz.002227,13.7400,14.2300,13.5100,14.0700,13.8900,2780687,38506056.7400,3,1.262100,1,1.295900,0
2020-07-28,sz.002227,14.2100,14.2100,13.9800,14.0100,14.0700,1603375,22541841.7500,3,0.727700,1,-0.426400,0
2020-07-29,sz.002227,13.8500,14.1500,13.7900,14.1200,14.0100,1944111,27241369.0500,3,0.882400,1,0.785200,0
2020-07-30,sz.002227,14.1700,14.2900,14.0200,14.0500,14.1200,1977502,27952071.1600,3,0.897600,1,-0.495800,0
2020-07-31,sz.002227,14.0000,14.1800,13.9200,14.1300,14.0500,1955501,27527882.0700,3,0.887600,1,0.569400,0
2020-08-03,sz.002227,14.1800,14.5000,14.1700,14.5000,14.1300,3196800,45864945.0000,3,1.451000,1,2.618500,0
2020-08-04,sz.002227,14.5400,14.7300,14.2600,14.4000,14.5000,3789211,54735128.8400,3,1.719900,1,-0.689700,0
2020-08-05,sz.002227,14.4100,14.4500,14.2500,14.3600,14.4000,2004400,28744097.0000,3,0.909800,1,-0.277800,0
2020-08-06,sz.002227,14.4200,14.7100,14.3000,14.6200,14.3600,4125810,60034091.4000,3,1.872600,1,1.810600,0
2020-08-07,sz.002227,14.4800,14.5400,13.9400,14.0400,14.6200,3549400,50352523.2600,3,1.611000,1,-3.967200,0
2020-08-10,sz.002227,14.0900,14.2300,13.9800,14.1300,14.0400,1827900,25764679.0100,3,0.829700,1,0.641000,0
2020-08-11,sz.002227,14.1700,14.2100,13.8100,13.8300,14.1300,1929600,27012091.0000,3,0.875800,1,-2.123100,0
2020-08-12,sz.002227,14.0000,14.0000,13.5700,13.8700,13.8300,1833200,25191063.0000,3,0.832100,1,0.289200,0
2020-08-13,sz.002227,13.9100,14.1500,13.8700,14.0000,13.8700,1400800,19638992.0000,3,0.635800,1,0.937300,0
2020-08-14,sz.002227,14.0300,14.2600,13.8900,14.1500,14.0000,1697600,23923773.0000,3,0.770500,1,1.071400,0
2020-08-17,sz.002227,14.1400,14.2800,14.0700,14.2400,14.1500,2109801,29942039.1900,3,0.957600,1,0.636000,0
2020-08-18,sz.002227,14.2400,14.3800,14.1800,14.3800,14.2400,2410101,34429667.2700,3,1.093900,1,0.983100,0
2020-08-19,sz.002227,14.4000,14.4500,14.2100,14.2600,14.3800,2319900,33219612.0000,3,1.053000,1,-0.834500,0
2020-08-20,sz.002227,14.0800,14.2500,13.8700,14.0800,14.2600,1514794,21370176.4100,3,0.687500,1,-1.262300,0
2020-08-21,sz.002227,14.1900,14.3400,13.9700,14.1300,14.0800,1436676,20312331.6600,3,0.652100,1,0.355100,0
2020-08-24,sz.002227,14.0600,14.1000,13.8300,14.0000,14.1300,1413266,19725539.5200,3,0.641500,1,-0.920000,0
2020-08-25,sz.002227,14.1600,14.1600,13.8100,13.8300,14.0000,1663107,23143836.7400,3,0.754900,1,-1.214300,0
2020-08-26,sz.002227,13.8000,13.8200,13.5000,13.5100,13.8300,1763013,24069855.4400,3,0.800200,1,-2.313800,0
2020-08-27,sz.002227,13.5000,13.8000,13.4500,13.7100,13.5100,1204100,16434923.0000,3,0.546500,1,1.480400,0
2020-08-28,sz.002227,13.7100,13.7100,13.5000,13.6700,13.7100,1434200,19491935.9400,3,0.651000,1,-0.291800,0
2020-08-31,sz.002227,13.7500,13.8200,13.6100,13.6300,13.6700,1010358,13852270.5000,3,0.458600,1,-0.292600,0
2020-09-01,sz.002227,13.6600,13.9500,13.5500,13.9100,13.6300,1828104,25199183.0200,3,0.829700,1,2.054300,0
2020-09-02,sz.002227,13.8400,13.9400,13.7200,13.7600,13.9100,1330676,18352686.0400,3,0.604000,1,-1.078400,0
2020-09-03,sz.002227,13.7600,13.7600,13.3600,13.3900,13.7600,1637800,22198448.0000,3,0.743400,1,-2.689000,0
2020-09-04,sz.002227,13.3000,13.5700,13.0500,13.4900,13.3900,1327802,17666027.5800,3,0.602700,1,0.746800,0
2020-09-07,sz.002227,13.4500,13.7000,13.2000,13.3000,13.4900,1464301,19747152.8900,3,0.664600,1,-1.408500,0
2020-09-08,sz.002227,13.3000,13.4900,13.2400,13.3500,13.3000,1251410,16698443.3000,3,0.568000,1,0.375900,0
2020-09-09,sz.002227,13.2500,13.4400,13.0500,13.1800,13.3500,1578600,20922190.0000,3,0.716500,1,-1.273400,0
2020-09-10,sz.002227,13.1800,13.3900,12.6000,12.6000,13.1800,2260687,29243669.6700,3,1.026100,1,-4.400600,0
2020-09-11,sz.002227,12.8400,12.9700,12.4300,12.8600,12.6000,1008800,12904114.9800,3,0.457900,1,2.063500,0
2020-09-14,sz.002227,13.0100,13.3000,12.8600,12.9200,12.8600,1048051,13684423.9900,3,0.475700,1,0.466600,0
2020-09-15,sz.002227,12.9000,12.9400,12.6700,12.7400,12.9200,874900,11179362.0000,3,0.397100,1,-1.393200,0
2020-09-16,sz.002227,12.7300,12.8800,12.5200,12.6300,12.7400,885092,11239807.5200,3,0.401700,1,-0.863400,0
2020-09-17,sz.002227,12.7300,12.8700,12.5400,12.7500,12.6300,1016222,12932891.2800,3,0.461200,1,0.950100,0
2020-09-18,sz.002227,12.6800,12.9200,12.6800,12.9100,12.7500,806633,10346862.7100,3,0.366100,1,1.254900,0
2020-09-21,sz.002227,13.0500,13.2200,12.9400,13.0800,12.9100,1216000,15904635.0000,3,0.551900,1,1.316800,0
2020-09-22,sz.002227,13.0600,13.0600,12.6300,12.7400,13.0800,947100,12172972.0000,3,0.429900,1,-2.599400,0
2020-09-23,sz.002227,12.7500,12.8500,12.6600,12.7400,12.7400,475600,6051930.6700,3,0.215900,1,0.000000,0
2020-09-24,sz.002227,12.7400,12.7400,12.2500,12.3000,12.7400,1082600,13462311.0000,3,0.491400,1,-3.453700,0
2020-09-25,sz.002227,12.3300,12.3700,12.2100,12.2300,12.3000,526000,6458082.0000,3,0.238700,1,-0.569100,0
2020-09-28,sz.002227,12.2400,12.2900,12.0200,12.0400,12.2300,551600,6705753.0000,3,0.250400,1,-1.553600,0
2020-09-29,sz.002227,12.0500,12.2800,12.0500,12.1000,12.0400,543255,6598244.5000,3,0.246600,1,0.498300,0
2020-09-30,sz.002227,12.2200,12.2200,11.9600,12.0300,12.1000,573068,6911600.3200,3,0.260100,1,-0.578500,0
2020-10-09,sz.002227,12.1200,12.4400,12.1100,12.3400,12.0300,701607,8644370.2900,3,0.318400,1,2.576900,0
2020-10-12,sz.002227,12.6500,13.5700,12.6100,13.4300,12.3400,5279615,70264518.5500,3,2.396300,1,8.833100,0
2020-10-13,sz.002227,13.1300,13.2900,12.8800,13.2000,13.4300,3825834,49910599.0800,3,1.736500,1,-1.712600,0
2020-10-14,sz.002227,13.1000,13.5600,13.0100,13.3900,13.2000,3798611,50876612.4800,3,1.724100,1,1.439400,0
2020-10-15,sz.002227,13.0300,13.5000,13.0300,13.0900,13.3900,2241800,29644664.0000,3,1.017500,1,-2.240500,0
2020-10-16,sz.002227,12.9500,13.4000,11.7800,13.2200,13.0900,2105391,27597987.0300,3,0.955600,1,0.993100,0
2020-10-19,sz.002227,13.4200,13.4300,13.0200,13.0400,13.2200,1162461,15341418.7200,3,0.527600,1,-1.361600,0
2020-10-20,sz.002227,13.0100,13.2500,12.9100,13.1700,13.0400,945802,12366837.8200,3,0.429300,1,0.996900,0
2020-10-21,sz.002227,13.1700,13.2000,12.7800,12.8100,13.1700,1237000,15955768.0000,3,0.561500,1,-2.733500,0
2020-10-22,sz.002227,12.9800,12.9800,12.5900,12.6300,12.8100,814500,10314830.0000,3,0.369700,1,-1.405200,0
2020-10-23,sz.002227,12.7700,13.1400,12.6000,12.6400,12.6300,1322923,17026830.5400,3,0.600500,1,0.079200,0
2020-10-26,sz.002227,12.5400,13.3500,12.3700,13.2100,12.6400,2910401,38085806.1200,3,1.321000,1,4.509500,0
2020-10-27,sz.002227,13.2000,13.3800,13.0100,13.1600,13.2100,1745100,23022494.0000,3,0.792100,1,-0.378500,0
2020-10-28,sz.002227,13.1400,13.3100,12.8200,13.2600,13.1600,2144674,28080718.2400,3,0.973400,1,0.759900,0
2020-10-29,sz.002227,13.2000,13.8000,13.0000,13.5300,13.2600,4578400,61431767.8700,3,2.078100,1,2.036200,0
2020-10-30,sz.002227,13.8000,14.8800,13.6600,14.5400,13.5300,14973476,216288668.8700,3,6.796200,1,7.464900,0
2020-11-02,sz.002227,14.9000,15.9900,14.6000,15.9900,14.5400,19756359,306389812.0000,3,8.967100,1,9.972500,0
2020-11-03,sz.002227,15.9300,15.9300,15.0000,15.4000,15.9900,16624210,255807000.2700,3,7.545400,1,-3.689800,0
2020-11-04,sz.002227,15.3900,16.8600,15.0300,15.4400,15.4000,14362379,227234297.3400,3,6.518800,1,0.259700,0
2020-11-05,sz.002227,15.6000,16.2700,15.5100,15.8600,15.4400,10530660,167535983.3400,3,4.779700,1,2.720200,0
2020-11-06,sz.002227,15.9700,16.6400,15.4200,15.8800,15.8600,9764192,155714878.0800,3,4.431800,1,0.126100,0
2020-11-09,sz.002227,15.7000,16.1100,15.5200,15.7100,15.8800,10541074,165793473.5400,3,4.784400,1,-1.070500,0
2020-11-10,sz.002227,15.6000,15.6000,14.5700,14.6500,15.7100,8824680,131625999.6200,3,4.005400,1,-6.747300,0
2020-11-11,sz.002227,14.6300,14.8300,14.1500,14.3800,14.6500,6868291,98710929.0700,3,3.117400,1,-1.843000,0
2020-11-12,sz.002227,14.3300,14.6000,14.1300,14.5700,14.3800,5772200,83131041.0000,3,2.619900,1,1.321300,0
2020-11-13,sz.002227,14.5600,14.7900,14.3700,14.5200,14.5700,3841000,55805994.0000,3,1.743400,1,-0.343200,0
2020-11-16,sz.002227,14.4500,15.1000,14.2900,14.9000,14.5200,5857104,86833209.0600,3,2.658400,1,2.617100,0
2020-11-17,sz.002227,14.8000,15.3600,14.6600,14.9200,14.9000,5716602,86118544.0100,3,2.594700,1,0.134200,0
2020-11-18,sz.002227,14.8500,15.9000,14.6900,15.8000,14.9200,8778929,134825614.8200,3,3.984600,1,5.898100,0
2020-11-19,sz.002227,15.5300,15.9600,15.2300,15.4000,15.8000,5323877,82521597.6500,3,2.416400,1,-2.531600,0
2020-11-20,sz.002227,15.4300,16.0000,15.4000,15.4400,15.4000,6257470,98029782.8000,3,2.840200,1,0.259700,0
2020-11-23,sz.002227,15.3900,15.7300,15.0400,15.1900,15.4400,5903604,90460844.9800,3,2.679500,1,-1.619200,0
2020-11-24,sz.002227,15.7400,16.7100,15.7400,16.7100,15.1900,5970918,98885171.8500,3,2.710100,1,10.006600,0
2020-11-25,sz.002227,17.5100,18.3800,17.3000,18.3800,16.7100,15132055,273169483.2800,3,6.868200,1,9.994000,0
2020-11-26,sz.002227,18.0000,18.1400,16.6300,17.0100,18.3800,17547839,303816743.5100,3,7.964600,1,-7.453800,0
2020-11-27,sz.002227,17.0900,18.7100,17.0200,18.7100,17.0100,25722874,470685116.4300,3,11.675100,1,9.994100,0
2020-11-30,sz.002227,18.5000,20.5800,17.9000,18.9700,18.7100,25699153,493444134.8600,3,11.664400,1,1.389600,0
2020-12-01,sz.002227,18.7100,18.9700,17.6800,18.2200,18.9700,19580801,356412696.7000,3,8.887400,1,-3.953600,0
2020-12-02,sz.002227,18.1200,18.5800,17.1500,17.2200,18.2200,17706440,310690211.3900,3,8.036600,1,-5.488500,0
2020-12-03,sz.002227,17.1300,17.1600,16.3200,16.5700,17.2200,11804886,196343374.9500,3,5.358000,1,-3.774700,0
2020-12-04,sz.002227,16.4800,16.8500,16.3200,16.8000,16.5700,8580071,142802557.4500,3,3.894300,1,1.388100,0
2020-12-07,sz.002227,16.6600,18.4800,16.3600,18.0300,16.8000,14542345,251421217.4900,3,6.600500,1,7.321400,0
2020-12-08,sz.002227,17.4900,18.4300,17.4100,17.6000,18.0300,10746110,191805769.5100,3,4.877500,1,-2.384900,0
2020-12-09,sz.002227,17.6000,18.1500,17.2400,17.7300,17.6000,10213861,181186068.6900,3,4.635900,1,0.738600,0
2020-12-10,sz.002227,17.1500,17.9900,17.1500,17.3200,17.7300,7187908,126807322.8000,3,3.262500,1,-2.312500,0
2020-12-11,sz.002227,17.4000,17.8800,16.9000,17.7800,17.3200,8358375,145319780.9200,3,3.793700,1,2.655900,0
2020-12-14,sz.002227,17.9800,18.8500,17.8000,18.7000,17.7800,13174037,244538812.5700,3,5.979500,1,5.174400,0
2020-12-15,sz.002227,18.2300,18.2300,17.4600,18.2300,18.7000,9661048,172987449.8200,3,4.385000,1,-2.513400,0
2020-12-16,sz.002227,17.9000,18.4500,17.7500,17.8500,18.2300,7066094,127045314.4700,3,3.207200,1,-2.084500,0
2020-12-17,sz.002227,17.7800,17.7800,16.6500,17.0100,17.8500,9662724,164368570.0400,3,4.385700,1,-4.705900,0
2020-12-18,sz.002227,16.7800,17.4700,16.5600,17.1900,17.0100,6692710,114344234.9400,3,3.037700,1,1.058200,0
2020-12-21,sz.002227,16.8600,17.3900,16.8000,17.2200,17.1900,7541960,128520237.6000,3,3.423200,1,0.174500,0
2020-12-22,sz.002227,17.1500,17.1500,15.5200,15.7100,17.2200,10040056,164635994.7900,3,4.557000,1,-8.768900,0
2020-12-23,sz.002227,15.7300,16.4500,15.5800,16.3100,15.7100,6835123,109942936.3500,3,3.102300,1,3.819200,0
2020-12-24,sz.002227,16.2600,16.2600,15.5000,15.5100,16.3100,6155111,96998179.9500,3,2.793700,1,-4.905000,0
2020-12-25,sz.002227,15.3800,16.2800,15.3300,16.1100,15.5100,6980060,110619810.5000,3,3.168100,1,3.868500,0
2020-12-28,sz.002227,16.1400,16.2000,15.5800,15.7000,16.1100,5158424,81519059.0400,3,2.341300,1,-2.545000,0
2020-12-29,sz.002227,15.7100,15.8700,14.8800,15.0200,15.7000,6078087,92388496.6100,3,2.758700,1,-4.331200,0
2020-12-30,sz.002227,15.0800,15.4000,14.7500,15.0700,15.0200,5307000,80328224.5200,3,2.408800,1,0.332900,0
2020-12-31,sz.002227,14.9000,15.3500,14.8600,15.1400,15.0700,3693054,55825154.9200,3,1.676200,1,0.464500,0
2021-01-04,sz.002227,15.4000,16.5000,15.3600,16.0300,15.1400,7012254,112526001.0800,3,3.182700,1,5.878500,0
2021-01-05,sz.002227,15.9400,16.4800,15.7800,16.0700,16.0300,6846200,110402201.0000,3,3.107400,1,0.249500,0
2021-01-06,sz.002227,16.4200,16.4200,15.3200,15.5400,16.0700,5831800,91141276.0000,3,2.646900,1,-3.298100,0
2021-01-07,sz.002227,15.4000,16.2500,14.8600,15.6700,15.5400,7974583,123765167.4000,3,3.619500,1,0.836600,0
2021-01-08,sz.002227,15.5000,15.5000,14.8900,15.0400,15.6700,4906600,73721863.3600,3,2.227000,1,-4.020400,0
2021-01-11,sz.002227,15.0600,15.0600,14.2900,14.3000,15.0400,5234301,76069791.5900,3,2.375800,1,-4.920200,0
2021-01-12,sz.002227,14.0400,14.5900,14.0400,14.4300,14.3000,2743485,39413512.6500,3,1.245200,1,0.909100,0
2021-01-13,sz.002227,14.4600,14.4800,13.9100,13.9200,14.4300,3616200,50822715.2900,3,1.641300,1,-3.534300,0
2021-01-14,sz.002227,13.9700,14.0800,13.4000,13.5100,13.9200,2963901,40320802.6300,3,1.345300,1,-2.945400,0
2021-01-15,sz.002227,13.5900,13.8000,13.3800,13.7800,13.5100,2186943,29793072.2000,3,0.992600,1,1.998500,0
2021-01-18,sz.002227,14.0900,14.5500,14.0100,14.3700,13.7800,3244303,46401334.3000,3,1.472500,1,4.281600,0
2021-01-19,sz.002227,14.3600,14.6800,14.2000,14.2600,14.3700,2676689,38651153.9100,3,1.214900,1,-0.765500,0
2021-01-20,sz.002227,14.2600,14.6800,14.2600,14.4400,14.2600,2049102,29696596.8200,3,0.930100,1,1.262300,0
2021-01-21,sz.002227,14.4400,14.8900,14.2000,14.6500,14.4400,3038758,44339166.3800,3,1.379200,1,1.454300,0
2021-01-22,sz.002227,14.6500,14.8100,14.1700,14.2500,14.6500,2713203,39128925.4700,3,1.231500,1,-2.730400,0
2021-01-25,sz.002227,13.9500,14.4600,13.8500,14.0600,14.2500,2924569,41420753.1000,3,1.327400,1,-1.333300,0
2021-01-26,sz.002227,14.2200,15.2000,14.1200,14.5100,14.0600,4706366,68983386.1300,3,2.136100,1,3.200600,0
2021-01-27,sz.002227,14.5000,15.2000,14.4200,15.1000,14.5100,5442749,80992113.0800,3,2.470400,1,4.066200,0
2021-01-28,sz.002227,14.8900,15.3900,14.6800,14.7300,15.1000,3808549,57183964.4100,3,1.728600,1,-2.450300,0
2021-01-29,sz.002227,14.7300,14.9500,13.9100,13.9900,14.7300,3683300,52471982.0000,3,1.671800,1,-5.023800,0
2021-02-01,sz.002227,13.9000,13.9000,12.8600,13.2100,13.9900,4585868,60764478.2900,3,2.081400,1,-5.575400,0
2021-02-02,sz.002227,13.0500,13.3700,12.9000,13.1200,13.2100,2308794,30274299.4000,3,1.047900,1,-0.681300,0
2021-02-03,sz.002227,13.1400,13.2400,12.6000,12.6500,13.1200,2679403,34264804.0500,3,1.216100,1,-3.582300,0
2021-02-04,sz.002227,12.6500,12.9800,12.0100,12.3900,12.6500,2710684,33333054.7600,3,1.230300,1,-2.055300,0
2021-02-05,sz.002227,12.3700,12.5500,11.9900,12.0600,12.3900,1726303,21059161.2200,3,0.783500,1,-2.663400,0
2021-02-08,sz.002227,11.8400,12.1900,11.7300,12.1000,12.0600,1608027,19277783.1700,3,0.729900,1,0.331700,0
2021-02-09,sz.002227,12.1300,12.4100,12.0000,12.2900,12.1000,1527600,18637643.0000,3,0.693400,1,1.570200,0
2021-02-10,sz.002227,12.4100,12.7800,12.4000,12.6400,12.2900,1721900,21568851.0000,3,0.781500,1,2.847800,0
2021-02-18,sz.002227,12.9600,13.1200,12.7900,12.9100,12.6400,1824400,23649237.0000,3,0.828100,1,2.136100,0
2021-02-19,sz.002227,12.9200,13.2500,12.8300,13.1900,12.9100,1758967,22956165.3600,3,0.798400,1,2.168900,0
2021-02-22,sz.002227,13.1900,13.5500,13.1000,13.2000,13.1900,2289305,30602547.0900,3,1.039100,1,0.075800,0
2021-02-23,sz.002227,13.2000,14.5200,12.9300,14.1300,13.2000,5844363,81284782.7500,3,2.652700,1,7.045500,0
2021-02-24,sz.002227,13.9000,14.3900,13.5300,13.7800,14.1300,3292469,45734811.7100,3,1.494400,1,-2.477000,0
2021-02-25,sz.002227,13.7800,13.9300,13.5100,13.6400,13.7800,2000900,27358853.0000,3,0.908200,1,-1.016000,0
2021-02-26,sz.002227,13.3900,13.8300,13.3800,13.5500,13.6400,1394800,18981042.0000,3,0.633100,1,-0.659800,0
2021-03-01,sz.002227,13.5500,14.3900,13.5500,14.1800,13.5500,2825300,39961037.9400,3,1.282400,1,4.649400,0
2021-03-02,sz.002227,14.1900,15.5000,13.9100,14.7900,14.1800,5345002,78145874.1200,3,2.426000,1,4.301800,0
2021-03-03,sz.002227,14.5600,15.1000,14.3800,14.8900,14.7900,3734937,55182137.4000,3,1.695200,1,0.676100,0
2021-03-04,sz.002227,14.7200,15.1000,14.5800,14.6400,14.8900,2809020,41702944.8000,3,1.275000,1,-1.679000,0
2021-03-05,sz.002227,14.5800,15.4800,14.3500,15.1400,14.6400,4108907,61538733.3200,3,1.865000,1,3.415300,0
2021-03-08,sz.002227,15.2200,15.3600,14.5400,14.6400,15.1400,3669812,54543395.6600,3,1.665700,1,-3.302500,0
2021-03-09,sz.002227,14.7900,14.7900,13.8900,13.9100,14.6400,3511287,50217162.7600,3,1.593700,1,-4.986300,0
2021-03-10,sz.002227,14.1100,14.4500,13.8300,13.8800,13.9100,2123501,29779097.8700,3,0.963800,1,-0.215700,0
2021-03-11,sz.002227,13.8800,14.4000,13.8000,14.3000,13.8800,1984972,28224361.0000,3,0.900900,1,3.025900,0
2021-03-12,sz.002227,14.3000,14.5500,14.1300,14.2400,14.3000,1894500,27151659.0000,3,0.859900,1,-0.419600,0
2021-03-15,sz.002227,14.2400,14.3300,13.9000,14.0300,14.2400,1899101,26681023.0400,3,0.862000,1,-1.474700,0
2021-03-16,sz.002227,14.0300,15.2500,14.0000,14.9800,14.0300,4919077,72702351.3000,3,2.232700,1,6.771200,0
2021-03-17,sz.002227,15.1200,15.1200,14.7100,14.9100,14.9800,2785500,41429459.0000,3,1.264300,1,-0.467300,0
2021-03-18,sz.002227,14.8600,15.0500,14.7500,14.8800,14.9100,2422672,36142854.0800,3,1.099600,1,-0.201200,0
2021-03-19,sz.002227,14.7600,15.0000,14.6200,14.7100,14.8800,1613200,23845903.0000,3,0.732200,1,-1.142500,0
2021-03-22,sz.002227,14.7300,15.1000,14.7000,14.8300,14.7100,1854900,27472964.0000,3,0.841900,1,0.815800,0
2021-03-23,sz.002227,15.0000,15.0000,14.1200,14.2000,14.8300,2597466,37393794.8800,3,1.178900,1,-4.248100,0
2021-03-24,sz.002227,14.0000,14.2800,13.6800,13.8700,14.2000,2013800,28029980.0000,3,0.914000,1,-2.323900,0
2021-03-25,sz.002227,13.8700,13.9200,13.4200,13.6000,13.8700,1292477,17607085.7100,3,0.586600,1,-1.946600,0
2021-03-26,sz.002227,13.6000,14.0400,13.4800,13.8600,13.6000,1340451,18485594.6800,3,0.608400,1,1.911800,0
2021-03-29,sz.002227,13.9900,13.9900,13.7100,13.8400,13.8600,1125000,15548991.0000,3,0.510600,1,-0.144300,0
2021-03-30,sz.002227,13.7100,13.7400,13.4400,13.5000,13.8400,1372100,18606278.0000,3,0.622800,1,-2.456600,0
2021-03-31,sz.002227,13.3800,13.7900,13.3700,13.6300,13.5000,1248400,16951609.0000,3,0.566600,1,0.963000,0
2021-04-01,sz.002227,13.7400,13.9900,13.4300,13.5200,13.6300,1081500,14689429.0000,3,0.490900,1,-0.807000,0
2021-04-02,sz.002227,13.5400,13.8800,13.3800,13.6500,13.5200,1185702,16175718.1600,3,0.538200,1,0.961500,0
2021-04-06,sz.002227,13.7300,13.9600,13.6900,13.8400,13.6500,1172001,16194465.8200,3,0.532000,1,1.391900,0
2021-04-07,sz.002227,13.8200,13.9200,13.6600,13.7500,13.8400,944302,12985567.3800,3,0.428600,1,-0.650300,0
2021-04-08,sz.002227,13.7500,14.0000,13.5600,13.5900,13.7500,1355824,18666835.1600,3,0.615400,1,-1.163600,0
2021-04-09,sz.002227,13.5100,13.8900,13.4500,13.8100,13.5900,1408401,19142191.7000,3,0.639200,1,1.618800,0
2021-04-12,sz.002227,13.7900,13.7900,12.9300,13.0000,13.8100,2222934,29672901.2000,3,1.008900,1,-5.865300,0
2021-04-13,sz.002227,12.9200,13.0900,12.6300,12.6800,13.0000,1375400,17559598.0000,3,0.624300,1,-2.461500,0
2021-04-14,sz.002227,12.6400,13.0800,12.6400,13.0400,12.6800,1039401,13404577.0100,3,0.471800,1,2.839100,0
2021-04-15,sz.002227,12.9300,13.1200,12.8200,13.0600,13.0400,704105,9139552.8400,3,0.319600,1,0.153400,0
2021-04-16,sz.002227,12.9600,13.3400,12.9600,13.2800,13.0600,933200,12333529.0000,3,0.423600,1,1.684500,0
2021-04-19,sz.002227,13.3600,13.7700,13.2800,13.6400,13.2800,1716260,23344134.6000,3,0.779000,1,2.710800,0
2021-04-20,sz.002227,13.6000,13.7300,13.4600,13.5400,13.6400,1085100,14767563.0000,3,0.492500,1,-0.733100,0
2021-04-21,sz.002227,13.4800,13.7700,13.4300,13.5900,13.5400,916400,12476955.0000,3,0.415900,1,0.369300,0
2021-04-22,sz.002227,13.6000,13.8000,13.5300,13.5700,13.5900,834200,11386732.0000,3,0.378600,1,-0.147200,0
2021-04-23,sz.002227,13.6000,14.3700,13.3000,13.9200,13.5700,3827415,53367486.8700,3,1.737200,1,2.579200,0
2021-04-26,sz.002227,13.8000,13.8400,13.0300,13.4400,13.9200,1938300,26337414.0000,3,0.879800,1,-3.448300,0
2021-04-27,sz.002227,13.4100,13.4100,13.1000,13.1700,13.4400,1195727,15790978.8500,3,0.542700,1,-2.008900,0
2021-04-28,sz.002227,13.3600,14.1000,13.3600,13.8200,13.1700,2586100,35560879.8800,3,1.173800,1,4.935500,0
2021-04-29,sz.002227,13.5900,14.0000,13.5100,13.6600,13.8200,1712901,23566524.8600,3,0.777500,1,-1.157700,0
2021-04-30,sz.002227,13.6700,13.8300,13.4800,13.5100,13.6600,1506477,20420820.5000,3,0.683800,1,-1.098100,0
2021-05-06,sz.002227,13.5900,14.3300,13.5200,13.9800,13.5100,3350200,46800598.0000,3,1.520700,1,3.478900,0
2021-05-07,sz.002227,13.9000,14.0400,13.8200,13.9400,13.9800,1974145,27474816.0600,3,0.896100,1,-0.286100,0
2021-05-10,sz.002227,13.8300,14.3200,13.8300,14.2600,13.9400,2816734,40000675.9400,3,1.278500,1,2.295600,0
2021-05-11,sz.002227,14.1500,14.2500,13.9100,14.1300,14.2600,1785200,25075636.0000,3,0.810300,1,-0.911600,0
2021-05-12,sz.002227,13.8600,14.2300,13.8600,14.2300,14.1300,1985750,27897590.3200,3,0.901300,1,0.707700,0
2021-05-13,sz.002227,14.1800,14.3000,13.9600,13.9900,14.2300,1566300,22098198.0000,3,0.711000,1,-1.686600,0
2021-05-14,sz.002227,14.1200,14.9700,14.0200,14.4600,13.9900,3034922,44038285.4100,3,1.377600,1,3.359500,0
2021-05-17,sz.002227,14.3500,14.6000,14.0500,14.0700,14.4600,3117577,44414402.6500,3,1.415100,1,-2.697100,0
2021-05-18,sz.002227,14.1000,14.1000,13.2700,13.3700,14.0700,4673272,63236972.0800,3,2.121200,1,-4.975100,0
2021-05-19,sz.002227,13.4200,13.8000,13.2200,13.5000,13.3700,2801677,37752329.7900,3,1.271700,1,0.972300,0
2021-05-20,sz.002227,13.3700,14.8500,13.3700,14.8500,13.5000,7592621,109876140.8500,3,3.446300,1,10.000000,0
2021-05-21,sz.002227,15.9200,16.3400,15.9200,16.3400,14.8500,6395122,103530035.0800,3,2.902800,1,10.033700,0
2021-05-24,sz.002227,16.3200,16.3200,15.3900,15.5700,16.3400,17195768,272298991.5800,3,7.805200,1,-4.712400,0
2021-05-25,sz.002227,15.4200,17.0000,15.2400,15.9300,15.5700,16909115,271361505.6300,3,7.675100,1,2.312100,0
2021-05-26,sz.002227,15.7300,16.7000,15.6000,16.2100,15.9300,11677382,188194348.7600,3,5.300400,1,1.757700,0
2021-05-27,sz.002227,15.7000,16.9900,15.5300,16.7200,16.2100,11769598,191884347.2300,3,5.342300,1,3.146200,0
2021-05-28,sz.002227,16.7000,17.4500,16.3100,16.5300,16.7200,11531344,193227372.9200,3,5.234100,1,-1.136400,0
2021-05-31,sz.002227,16.4500,16.8500,16.2100,16.7500,16.5300,8093800,133849363.9200,3,3.673800,1,1.330900,0
2021-06-01,sz.002227,16.6100,16.7600,16.1000,16.4100,16.7500,5927360,97148631.8400,3,2.690500,1,-2.029900,0
2021-06-02,sz.002227,16.2300,17.0000,16.0900,16.0900,16.4100,7753053,128498213.6700,3,3.519200,1,-1.950000,0
2021-06-03,sz.002227,15.8000,16.0500,15.4200,15.9200,16.0900,6950975,109347141.5000,3,3.155100,1,-1.056600,0
2021-06-04,sz.002227,15.7100,17.1700,15.5800,16.7900,15.9200,9881300,164365232.0000,3,4.485200,1,5.464800,0
2021-06-07,sz.002227,16.7400,16.9800,16.3000,16.5100,16.7900,6454502,107075319.9600,3,2.929700,1,-1.667700,0
2021-06-08,sz.002227,16.5100,16.8900,16.1800,16.2200,16.5100,5528600,91146639.0000,3,2.509500,1,-1.756500,0
2021-06-09,sz.002227,16.1800,17.8000,15.7300,17.1800,16.2200,10859475,184127684.5600,3,4.929200,1,5.918600,0
2021-06-10,sz.002227,17.4900,17.8000,16.8200,16.8600,17.1800,8510224,145877026.3600,3,3.862800,1,-1.862600,0
2021-06-11,sz.002227,16.7700,16.9400,16.3400,16.3400,16.8600,6296300,104335132.0000,3,2.857900,1,-3.084200,0
2021-06-15,sz.002227,16.5900,17.1600,16.2200,16.5800,16.3400,5563160,92759758.2000,3,2.525100,1,1.468800,0
2021-06-16,sz.002227,16.5000,17.1000,16.2300,16.5500,16.5800,5009840,83242944.6000,3,2.274000,1,-0.180900,0
2021-06-17,sz.002227,16.5100,16.6700,15.2500,15.7000,16.5500,6761440,106520927.0000,3,3.069100,1,-5.136000,0
2021-06-18,sz.002227,15.4800,15.8100,15.3300,15.8100,15.7000,4145640,64384992.8000,3,1.881700,1,0.700600,0
2021-06-21,sz.002227,15.8000,17.3200,15.6500,16.9900,15.8100,10132688,170257153.0600,3,4.599300,1,7.463600,0
2021-06-22,sz.002227,16.9800,16.9800,16.6000,16.8100,16.9900,5139373,86261752.2400,3,2.332800,1,-1.059400,0
2021-06-23,sz.002227,16.9900,17.2800,16.7300,17.2200,16.8100,6595296,112516874.9600,3,2.993600,1,2.439000,0
2021-06-24,sz.002227,17.2200,17.5000,16.9400,17.0600,17.2200,6291296,108163167.9600,3,2.855700,1,-0.929200,0
2021-06-25,sz.002227,16.8700,17.1700,16.7200,16.8700,17.0600,4406398,74393930.4800,3,2.000100,1,-1.113700,0
2021-06-28,sz.002227,16.8600,17.4700,16.5800,17.2000,16.8700,5543900,95067968.0000,3,2.516400,1,1.956100,0
2021-06-29,sz.002227,17.2600,18.6500,17.0600,18.2200,17.2000,10898580,195887195.1000,3,4.946900,1,5.930200,0
2021-06-30,sz.002227,18.1700,18.4100,17.6700,17.7300,18.2200,7394600,132517853.0000,3,3.356400,1,-2.689400,0
2021-07-01,sz.002227,17.8300,18.2800,17.1300,17.2000,17.7300,7546000,133832336.9400,3,3.425200,1,-2.989300,0
2021-07-02,sz.002227,17.2900,17.4900,16.7000,16.9700,17.2000,4722502,80069425.5400,3,2.143600,1,-1.337200,0
2021-07-05,sz.002227,16.8400,17.4800,16.6100,17.3300,16.9700,4937810,84799801.3000,3,2.241300,1,2.121400,0
2021-07-06,sz.002227,17.1900,17.2800,16.3800,16.7700,17.3300,5303300,89322134.9600,3,2.407200,1,-3.231400,0
2021-07-07,sz.002227,16.7000,17.9400,16.5800,17.7000,16.7700,7330122,128726364.3800,3,3.327200,1,5.545600,0
2021-07-08,sz.002227,17.5000,18.0800,17.4400,17.9800,17.7000,6404500,114443258.7800,3,2.907000,1,1.581900,0
2021-07-09,sz.002227,17.9000,18.2500,17.6000,18.1200,17.9800,5750308,103215416.2400,3,2.610100,1,0.778600,0
2021-07-12,sz.002227,18.2200,18.4900,17.7500,18.1700,18.1200,6452519,116344685.4200,3,2.928800,1,0.275900,0
2021-07-13,sz.002227,18.2000,18.2800,17.7100,17.9600,18.1700,5019660,90335533.8000,3,2.278400,1,-1.155800,0
2021-07-14,sz.002227,17.8500,17.9300,17.3900,17.5200,17.9600,4790000,84554257.0000,3,2.174200,1,-2.449900,0
2021-07-15,sz.002227,17.2900,17.9000,17.1000,17.2300,17.5200,5498700,95984047.0000,3,2.495900,1,-1.655300,0
2021-07-16,sz.002227,17.0600,18.6000,17.0600,17.6900,17.2300,5847502,104606754.0200,3,2.654200,1,2.669800,0
2021-07-19,sz.002227,17.3300,17.6900,16.8100,17.2100,17.6900,5169454,89052239.3800,3,2.346400,1,-2.713400,0
2021-07-20,sz.002227,16.9000,17.2900,16.7000,17.0800,17.2100,3898100,66205266.0000,3,1.769400,1,-0.755400,0
2021-07-21,sz.002227,17.2400,17.7400,17.1100,17.2300,17.0800,4344300,75531203.0000,3,1.971900,1,0.878200,0
2021-07-22,sz.002227,17.1800,17.4800,16.9400,17.2700,17.2300,2991600,51324562.0000,3,1.357900,1,0.232200,0
2021-07-23,sz.002227,17.3700,18.1800,17.1500,17.7100,17.2700,6599702,117171502.3400,3,2.995600,1,2.547800,0
2021-07-26,sz.002227,17.8000,17.8800,17.0900,17.1100,17.7100,5257776,91517130.6000,3,2.386500,1,-3.387900,0
2021-07-27,sz.002227,17.3800,17.3800,15.6600,15.7100,17.1100,6464602,106375738.0400,3,2.934300,1,-8.182300,0
2021-07-28,sz.002227,15.6000,15.6000,14.4900,14.9600,15.7100,4538700,68104999.0000,3,2.060100,1,-4.774000,0
2021-07-29,sz.002227,15.2000,16.1000,15.2000,15.8600,14.9600,3871620,60855492.2000,3,1.757300,1,6.016000,0
2021-07-30,sz.002227,15.8000,16.9600,15.7200,16.9200,15.8600,5561300,92051776.0000,3,2.524300,1,6.683500,0
2021-08-02,sz.002227,16.9500,17.7500,16.9500,17.2500,16.9200,5284021,91892122.2000,3,2.398400,1,1.950400,0
2021-08-03,sz.002227,17.2700,17.5300,17.0100,17.1100,17.2500,3577300,61623467.0000,3,1.623800,1,-0.811600,0
2021-08-04,sz.002227,17.0500,17.7100,16.9100,17.5900,17.1100,4057708,70827080.5600,3,1.841800,1,2.805400,0
2021-08-05,sz.002227,17.4800,17.7200,17.2600,17.5500,17.5900,3418263,59838251.5400,3,1.551600,1,-0.227400,0
2021-08-06,sz.002227,17.4000,17.7300,17.2400,17.7200,17.5500,3818376,67058033.6600,3,1.733200,1,0.968700,0
2021-08-09,sz.002227,17.6000,17.7000,17.2200,17.6000,17.7200,3739448,65405182.7400,3,1.697400,1,-0.677200,0
2021-08-10,sz.002227,17.5800,18.1800,17.5800,18.0700,17.6000,4862784,87182834.7200,3,2.207200,1,2.670500,0
2021-08-11,sz.002227,18.3400,19.8800,17.8100,19.8800,18.0700,10213023,197727805.0200,3,4.635700,1,10.016600,0
2021-08-12,sz.002227,21.0700,21.0700,19.1100,19.6000,19.8800,14151330,280456929.6800,3,6.423400,1,-1.408500,0
2021-08-13,sz.002227,19.6100,19.6900,18.5800,18.9400,19.6000,8508107,160325779.0200,3,3.861900,1,-3.367300,0
2021-08-16,sz.002227,18.6800,18.8300,18.3000,18.5300,18.9400,5975749,110580588.2400,3,2.712400,1,-2.164700,0
2021-08-17,sz.002227,18.4900,18.4900,17.6100,17.7900,18.5300,5933837,106949969.1400,3,2.693400,1,-3.993500,0
2021-08-18,sz.002227,17.6000,18.0700,17.2100,17.3400,17.7900,4566342,80212265.9200,3,2.072700,1,-2.529500,0
2021-08-19,sz.002227,17.2600,17.3000,16.6300,17.0000,17.3400,5572919,94411947.1900,3,2.529600,1,-1.960800,0
2021-08-20,sz.002227,17.0900,17.1100,16.5000,16.6700,17.0000,3638900,60823824.6300,3,1.651700,1,-1.941200,0
2021-08-23,sz.002227,16.7300,17.3200,16.7300,17.2700,16.6700,3804928,65049281.3500,3,1.727100,1,3.599300,0
2021-08-24,sz.002227,17.3800,17.4000,16.9600,17.0500,17.2700,3048949,52346411.2300,3,1.383900,1,-1.273900,0
2021-08-25,sz.002227,17.1900,17.3000,16.8100,17.2700,17.0500,3885359,66336591.5100,3,1.763600,1,1.290300,0
2021-08-26,sz.002227,17.1700,17.4300,16.3200,16.5000,17.2700,5160844,87141782.7500,3,2.342500,1,-4.458600,0
2021-08-27,sz.002227,16.4000,16.5400,16.0400,16.3000,16.5000,3385000,55008948.0000,3,1.536400,1,-1.212100,0
2021-08-30,sz.002227,16.3000,17.6600,16.2600,17.1900,16.3000,6506100,111534899.0800,3,2.953000,1,5.460100,0
2021-08-31,sz.002227,17.0900,17.1500,16.4300,16.7700,17.1900,3818858,64154913.4800,3,1.733300,1,-2.443300,0
2021-09-01,sz.002227,16.7800,17.1300,16.1000,16.3000,16.7700,3574561,58761539.6800,3,1.622400,1,-2.802600,0
2021-09-02,sz.002227,16.3300,16.7000,16.2000,16.5300,16.3000,2361321,38919220.3200,3,1.071700,1,1.411000,0
2021-09-03,sz.002227,16.4100,17.1800,16.4100,16.5800,16.5300,3381840,56626417.2800,3,1.534900,1,0.302500,0
2021-09-06,sz.002227,16.6700,16.7900,15.9100,16.3500,16.5800,4143681,67201668.6600,3,1.880700,1,-1.387200,0
2021-09-07,sz.002227,16.3300,16.4400,16.1500,16.3700,16.3500,2643952,43082391.2400,3,1.200000,1,0.122300,0
2021-09-08,sz.002227,16.3800,16.5800,16.3400,16.5200,16.3700,2808500,46249771.0000,3,1.274700,1,0.916300,0
2021-09-09,sz.002227,16.4600,16.4600,16.0100,16.1600,16.5200,3121414,50437039.5400,3,1.416700,1,-2.179200,0
2021-09-10,sz.002227,16.1600,17.0000,16.1100,16.6200,16.1600,5992882,99524972.6700,3,2.720000,1,2.846500,0
2021-09-13,sz.002227,16.5800,16.6000,15.9900,16.1600,16.6200,3957826,63976086.1100,3,1.796400,1,-2.767700,0
2021-09-14,sz.002227,16.1000,16.2700,15.9900,16.1100,16.1600,2399999,38704194.7800,3,1.089300,1,-0.309400,0
2021-09-15,sz.002227,16.1500,16.2000,16.0000,16.1500,16.1100,1685735,27146825.4700,3,0.765100,1,0.248300,0
2021-09-16,sz.002227,16.2900,16.3000,16.0000,16.0500,16.1500,2505813,40435054.9600,3,1.137300,1,-0.619200,0
2021-09-17,sz.002227,16.0300,16.1700,15.5100,15.6400,16.0500,2803964,44286873.1400,3,1.272600,1,-2.554500,0
2021-09-22,sz.002227,15.4200,15.9500,15.2600,15.8300,15.6400,2223714,34797360.6900,3,1.009300,1,1.214800,0
2021-09-23,sz.002227,15.9500,16.7400,15.9500,16.2600,15.8300,4017366,65842996.2200,3,1.823400,1,2.716400,0
2021-09-24,sz.002227,16.3000,16.5100,16.0000,16.3600,16.2600,2665922,43204431.6000,3,1.210000,1,0.615000,0
2021-09-27,sz.002227,16.4000,16.6500,16.1200,16.5000,16.3600,2752402,45078548.6000,3,1.249200,1,0.855700,0
2021-09-28,sz.002227,16.5800,16.5800,16.2200,16.2600,16.5000,1626482,26549211.3800,3,0.738200,1,-1.454500,0
2021-09-29,sz.002227,16.2600,16.2600,15.6000,15.6100,16.2600,1959904,31089786.0400,3,0.889500,1,-3.997500,0
2021-09-30,sz.002227,15.6100,16.2000,15.6100,16.1800,15.6100,1798665,28717187.9100,3,0.816400,1,3.651500,0
2021-10-08,sz.002227,17.2000,17.3000,16.3600,16.4700,16.1800,2717300,45252731.0600,3,1.233300,1,1.792300,0
2021-10-11,sz.002227,16.7500,16.8000,16.1900,16.2100,16.4700,1577500,25750311.0000,3,0.716000,1,-1.578600,0
2021-10-12,sz.002227,16.2400,16.4000,15.7100,15.9800,16.2100,1884200,30008784.0000,3,0.855200,1,-1.418900,0
2021-10-13,sz.002227,16.1000,16.1300,15.8600,16.0400,15.9800,1158200,18565936.0000,3,0.525700,1,0.375500,0
2021-10-14,sz.002227,16.1200,16.1200,15.8600,16.0200,16.0400,1044400,16718947.0000,3,0.474000,1,-0.124700,0
2021-10-15,sz.002227,16.0200,16.0200,15.4100,15.4100,16.0200,2340500,36536294.0000,3,1.062300,1,-3.807700,0
2021-10-18,sz.002227,15.5100,15.7000,15.4200,15.4800,15.4100,1300702,20158822.8400,3,0.590400,1,0.454300,0
2021-10-19,sz.002227,15.4900,16.0000,15.4500,15.7300,15.4800,2337400,36842428.0000,3,1.060900,1,1.615000,0
2021-10-20,sz.002227,15.6100,15.6200,15.4000,15.5000,15.7300,1912800,29654447.0000,3,0.868200,1,-1.462200,0
2021-10-21,sz.002227,15.3800,15.4900,14.8500,14.9000,15.5000,3155444,47346284.4000,3,1.432200,1,-3.871000,0
2021-10-22,sz.002227,14.9300,15.0400,14.4800,14.5000,14.9000,2158700,31557484.0000,3,0.979800,1,-2.684600,0
2021-10-25,sz.002227,14.5100,15.0800,14.5100,14.9500,14.5000,2022143,29993044.1100,3,0.917800,1,3.103400,0
2021-10-26,sz.002227,15.0400,15.6400,14.9900,15.2000,14.9500,3148000,48215581.0000,3,1.428800,1,1.672200,0
2021-10-27,sz.002227,15.2600,15.4300,15.0000,15.0100,15.2000,2212943,33523043.4300,3,1.004400,1,-1.250000,0
2021-10-28,sz.002227,14.9900,15.1600,14.5100,14.7600,15.0100,2240700,33218204.0000,3,1.017000,1,-1.665600,0
2021-10-29,sz.002227,15.0500,15.2500,14.7700,15.1500,14.7600,2546201,38264647.1000,3,1.155700,1,2.642300,0
2021-11-01,sz.002227,15.1100,16.2800,15.0800,16.0100,15.1500,6859304,107651360.4000,3,3.113300,1,5.676600,0
2021-11-02,sz.002227,16.2800,16.2800,15.5700,15.6400,16.0100,5600444,89113792.2400,3,2.541900,1,-2.311100,0
2021-11-03,sz.002227,15.7600,15.8600,15.4700,15.7500,15.6400,4043300,63305544.0000,3,1.835100,1,0.703300,0
2021-11-04,sz.002227,15.8100,16.1400,15.7700,16.0000,15.7500,3120033,49897012.3500,3,1.416100,1,1.587300,0
2021-11-05,sz.002227,16.0000,16.1500,15.7100,15.8000,16.0000,3037200,48308426.0000,3,1.378500,1,-1.250000,0
2021-11-08,sz.002227,15.9400,15.9800,15.5100,15.7000,15.8000,2261700,35364270.0000,3,1.026500,1,-0.632900,0
2021-11-09,sz.002227,15.7900,16.1600,15.7900,15.8800,15.7000,2212001,35312204.0200,3,1.004000,1,1.146500,0
2021-11-10,sz.002227,15.9000,16.2000,15.7100,16.1600,15.8800,3343901,53613042.0800,3,1.517700,1,1.763200,0
2021-11-11,sz.002227,16.1000,16.3200,15.9800,16.1100,16.1600,2962200,47856862.0000,3,1.344500,1,-0.309400,0
2021-11-12,sz.002227,16.2000,17.1700,16.1100,16.8800,16.1100,7548903,126923074.3500,3,3.426300,1,4.779600,0
2021-11-15,sz.002227,16.9000,18.2100,16.8200,17.3400,16.8800,9434570,166827178.8000,3,4.282100,1,2.725100,0
2021-11-16,sz.002227,17.4500,18.1900,17.2200,17.2400,17.3400,7810810,137689933.5000,3,3.545100,1,-0.576700,0
2021-11-17,sz.002227,17.2700,18.1000,17.2700,17.9900,17.2400,7858948,140511215.1200,3,3.567000,1,4.350300,0
2021-11-18,sz.002227,17.8300,18.6500,17.5000,17.9600,17.9900,6984443,126490139.5000,3,3.170100,1,-0.166800,0
2021-11-19,sz.002227,17.7100,18.0000,17.5800,17.7400,17.9600,5565402,98883779.7000,3,2.526000,1,-1.224900,0
2021-11-22,sz.002227,17.7800,18.1100,17.5900,17.6400,17.7400,4953700,88003515.0500,3,2.248400,1,-0.563700,0
2021-11-23,sz.002227,17.6000,17.9500,17.4100,17.6300,17.6400,4541700,80033223.0000,3,2.061400,1,-0.056700,0
2021-11-24,sz.002227,17.5000,17.5400,17.0900,17.3100,17.6300,4625435,79909873.9600,3,2.099400,1,-1.815100,0
2021-11-25,sz.002227,17.4200,17.9900,17.4100,17.6700,17.3100,4485800,79525293.3400,3,2.036000,1,2.079700,0
2021-11-26,sz.002227,17.5000,18.3100,17.4800,17.9100,17.6700,6289642,112830357.0000,3,2.854700,1,1.358200,0
2021-11-29,sz.002227,17.7200,18.4300,17.6800,18.2500,17.9100,6899100,125538927.3400,3,3.131300,1,1.898400,0
2021-11-30,sz.002227,18.2500,18.8800,18.0300,18.4600,18.2500,7466800,138478960.0000,3,3.389000,1,1.150700,0
2021-12-01,sz.002227,18.4500,18.7600,18.2100,18.5000,18.4600,4666600,85932502.0000,3,2.118000,1,0.216700,0
2021-12-02,sz.002227,18.4100,18.4900,17.8000,17.9200,18.5000,4440400,80251305.0000,3,2.015400,1,-3.135100,0
2021-12-03,sz.002227,18.0600,18.4000,17.6000,17.8500,17.9200,3715000,66576582.0000,3,1.686100,1,-0.390600,0
2021-12-06,sz.002227,17.9000,18.0000,17.2400,17.2500,17.8500,3806709,66684676.7700,3,1.727800,1,-3.361300,0
2021-12-07,sz.002227,17.3600,17.4500,16.4600,16.6000,17.2500,4223711,70792152.7100,3,1.917000,1,-3.768100,0
2021-12-08,sz.002227,16.6900,16.8000,16.4600,16.7600,16.6000,3092042,51492139.3000,3,1.403400,1,0.963900,0
2021-12-09,sz.002227,16.7600,16.8000,16.5300,16.5500,16.7600,2597000,43160266.0000,3,1.178700,1,-1.253000,0
2021-12-10,sz.002227,16.5100,16.8500,16.4700,16.6000,16.5500,3387100,56331894.0500,3,1.537300,1,0.302100,0
2021-12-13,sz.002227,16.5600,16.9800,16.4600,16.8600,16.6000,4064498,68071157.6000,3,1.844800,1,1.566300,0
2021-12-14,sz.002227,16.8000,17.0900,16.6100,16.9900,16.8600,3822701,64583013.0000,3,1.735000,1,0.771100,0
2021-12-15,sz.002227,17.3500,17.3500,16.1600,16.3000,16.9900,8688802,143880686.2000,3,3.943600,1,-4.061200,0
2021-12-16,sz.002227,16.1600,16.6000,15.9500,16.1600,16.3000,7275538,117851723.8000,3,3.302200,1,-0.858900,0
2021-12-17,sz.002227,16.0600,17.7800,15.8800,17.7800,16.1600,8741836,149207034.9200,3,3.967700,1,10.024800,0
2021-12-20,sz.002227,18.3500,19.2100,17.4700,17.5100,17.7800,23549472,431593868.9100,3,10.688500,1,-1.518600,0
2021-12-21,sz.002227,17.0100,18.4000,16.7800,17.9900,17.5100,13672672,240958601.6400,3,6.205700,1,2.741300,0
2021-12-22,sz.002227,17.7800,18.2000,17.5200,17.6100,17.9900,8466500,150618576.0000,3,3.842700,1,-2.112300,0
2021-12-23,sz.002227,17.5800,18.0000,17.2900,17.9700,17.6100,8223208,145989402.2800,3,3.732300,1,2.044300,0
2021-12-24,sz.002227,17.8800,17.9500,17.0000,17.4000,17.9700,8938210,156945247.8000,3,4.056800,1,-3.172000,0
2021-12-27,sz.002227,17.0300,17.3500,16.7400,17.3400,17.4000,6109852,104277104.0400,3,2.773100,1,-0.344800,0
2021-12-28,sz.002227,17.2800,17.3200,16.7900,17.1200,17.3400,4823712,82372122.5200,3,2.189400,1,-1.268700,0
2021-12-29,sz.002227,17.0900,17.2600,16.7500,16.7500,17.1200,4743400,80210886.0000,3,2.152900,1,-2.161200,0
2021-12-30,sz.002227,16.7700,17.0900,16.7100,16.9300,16.7500,3891700,65946998.0000,3,1.766300,1,1.074600,0
2021-12-31,sz.002227,16.9600,17.5000,16.8100,17.0900,16.9300,5217100,89787346.0000,3,2.367900,1,0.945100,0
2022-01-04,sz.002227,17.2000,17.3600,16.7400,17.3000,17.0900,5289119,90282223.5600,3,2.400600,1,1.228800,0
2022-01-05,sz.002227,17.3000,17.3600,16.3000,16.4800,17.3000,6651405,111235054.9400,3,3.018900,1,-4.739900,0
2022-01-06,sz.002227,16.3100,16.9600,16.2200,16.7300,16.4800,4024623,66920970.2400,3,1.826700,1,1.517000,0
2022-01-07,sz.002227,16.6800,16.8800,15.9000,15.9300,16.7300,5519874,89928347.8600,3,2.505300,1,-4.781800,0
2022-01-10,sz.002227,15.8000,15.9500,15.6900,15.8600,15.9300,3624785,57310374.5500,3,1.645200,1,-0.439400,0
2022-01-11,sz.002227,15.9100,16.0900,15.7000,15.7100,15.8600,2562338,40567437.3300,3,1.163000,1,-0.945800,0
2022-01-12,sz.002227,15.9500,16.4300,15.9300,16.3500,15.7100,4338493,70291438.2600,3,1.969100,1,4.073800,0
2022-01-13,sz.002227,16.2700,16.8200,16.0800,16.2000,16.3500,4026694,65838987.8600,3,1.827600,1,-0.917400,0
2022-01-14,sz.002227,16.2000,16.5000,15.8600,16.1100,16.2000,2837300,46014541.0000,3,1.287800,1,-0.555600,0
2022-01-17,sz.002227,16.0300,16.2700,15.9200,16.2700,16.1100,2477202,39985618.3400,3,1.124300,1,0.993200,0
2022-01-18,sz.002227,16.2000,16.4300,15.9400,15.9800,16.2700,3014342,48411175.1800,3,1.368100,1,-1.782400,0
2022-01-19,sz.002227,16.0800,16.6500,16.0400,16.4300,15.9800,5123605,83917794.3100,3,2.325500,1,2.816000,0
2022-01-20,sz.002227,16.3900,16.4300,15.7900,15.8400,16.4300,3927100,62789726.0000,3,1.782400,1,-3.591000,0
2022-01-21,sz.002227,15.8000,15.8000,15.4100,15.5000,15.8400,2486885,38710560.7300,3,1.128700,1,-2.146500,0
2022-01-24,sz.002227,17.0500,17.0500,17.0500,17.0500,15.5000,3511901,59877912.0500,3,1.594000,1,10.000000,0
2022-01-25,sz.002227,17.2000,17.4600,16.2700,16.2800,17.0500,10603336,177286235.6600,3,4.812600,1,-4.516100,0
2022-01-26,sz.002227,16.2800,16.9800,16.0300,16.4800,16.2800,6064516,100272730.1600,3,2.752500,1,1.228500,0
2022-01-27,sz.002227,16.4800,17.9800,16.2000,16.4200,16.4800,8866488,150118817.3500,3,4.024300,1,-0.364100,0
2022-01-28,sz.002227,16.1300,16.6000,15.5000,16.2900,16.4200,6228602,100385716.4400,3,2.827000,1,-0.791700,0
2022-02-07,sz.002227,15.9000,15.9100,14.6600,14.9700,16.2900,7725820,115971099.7500,3,3.506600,1,-8.103100,0
2022-02-08,sz.002227,14.8700,15.1500,14.6600,15.1000,14.9700,3696907,55050153.9600,3,1.677900,1,0.868400,0
2022-02-09,sz.002227,15.1000,15.3300,14.9200,15.3000,15.1000,3288630,49799857.0500,3,1.492600,1,1.324500,0
2022-02-10,sz.002227,15.3100,15.3100,14.9500,15.0400,15.3000,2586903,39002086.0600,3,1.174100,1,-1.699300,0
2022-02-11,sz.002227,14.9300,15.3000,14.8300,14.9000,15.0400,2828800,42585153.0000,3,1.283900,1,-0.930900,0
2022-02-14,sz.002227,14.9200,15.0300,14.7300,15.0200,14.9000,1752647,26140474.5500,3,0.795500,1,0.805400,0
2022-02-15,sz.002227,15.0200,15.0700,14.8000,14.8700,15.0200,2115800,31519331.0000,3,0.960300,1,-0.998700,0
2022-02-16,sz.002227,14.9600,15.1300,14.8600,15.1000,14.8700,2141602,32130310.1600,3,0.972000,1,1.546700,0
2022-02-17,sz.002227,14.9300,15.1600,14.8500,14.9100,15.1000,2855700,42773183.0000,3,1.296100,1,-1.258300,0
2022-02-18,sz.002227,14.7400,14.9000,14.6700,14.8600,14.9100,1837704,27167152.2400,3,0.834100,1,-0.335300,0
2022-02-21,sz.002227,14.8700,15.1400,14.8300,15.0400,14.8600,2056500,30819313.0000,3,0.933400,1,1.211300,0
2022-02-22,sz.002227,14.9100,15.1100,14.8000,14.9800,15.0400,2166698,32436252.1600,3,0.983400,1,-0.398900,0
2022-02-23,sz.002227,15.0500,15.2000,14.9200,15.1700,14.9800,2580700,38943601.0000,3,1.171300,1,1.268400,0
2022-02-24,sz.002227,15.0400,15.5100,14.7100,14.9300,15.1700,4926100,74740088.0000,3,2.235800,1,-1.582100,0
2022-02-25,sz.002227,14.9200,15.1400,14.8100,14.9100,14.9300,2427100,36323426.0000,3,1.101600,1,-0.134000,0
2022-02-28,sz.002227,14.9000,14.9700,14.7000,14.8500,14.9100,1909900,28312862.0000,3,0.866900,1,-0.402400,0
2022-03-01,sz.002227,14.8800,15.0500,14.8600,14.9000,14.8500,1529400,22843046.0000,3,0.694200,1,0.336700,0
2022-03-02,sz.002227,14.8000,15.0500,14.7000,15.0000,14.9000,2105521,31340582.0000,3,0.955600,1,0.671100,0
2022-03-03,sz.002227,15.0200,15.2000,14.8800,14.9300,15.0000,2191519,32899644.0000,3,0.994700,1,-0.466700,0
2022-03-04,sz.002227,14.9300,15.0200,14.7300,14.7700,14.9300,2326001,34622342.0000,3,1.055700,1,-1.071700,0
2022-03-07,sz.002227,14.8100,14.9200,14.2000,14.2500,14.7700,3254810,47469006.0000,3,1.477300,1,-3.520600,0
2022-03-08,sz.002227,14.2700,14.4000,13.8000,13.9300,14.2500,2851200,40058717.0000,3,1.294100,1,-2.245600,0
2022-03-09,sz.002227,13.9500,14.1000,13.0700,13.6900,13.9300,2658400,36285392.0000,3,1.206600,1,-1.722900,0
2022-03-10,sz.002227,14.0800,14.2400,13.9400,14.1000,13.6900,2432212,34299124.0000,3,1.103900,1,2.994900,0
2022-03-11,sz.002227,14.0000,14.2200,13.6900,14.1700,14.1000,1697000,23631846.0000,3,0.770200,1,0.496500,0
2022-03-14,sz.002227,14.0400,14.0500,13.6000,13.6400,14.1700,1816498,25132332.0000,3,0.824500,1,-3.740300,0
2022-03-15,sz.002227,13.4800,13.5700,12.8000,12.8300,13.6400,2751200,36314994.0000,3,1.248700,1,-5.938400,0
2022-03-16,sz.002227,13.0900,13.2800,12.6300,13.2500,12.8300,2383100,30955913.0000,3,1.081600,1,3.273600,0
2022-03-17,sz.002227,13.3500,13.9700,13.3500,13.6300,13.2500,2610300,35711219.0000,3,1.184700,1,2.867900,0
2022-03-18,sz.002227,13.5500,13.8000,13.4500,13.7200,13.6300,1351264,18523057.6200,3,0.613300,1,0.660300,0
2022-03-21,sz.002227,13.6900,13.9600,13.6900,13.8500,13.7200,1491748,20634260.4600,3,0.677100,1,0.947500,0
2022-03-22,sz.002227,13.8400,14.0800,13.7200,13.7900,13.8500,1607235,22297680.9500,3,0.729500,1,-0.433200,0
2022-03-23,sz.002227,13.8500,14.0600,13.7900,13.8300,13.7900,1238500,17229574.0000,3,0.562100,1,0.290100,0
2022-03-24,sz.002227,13.8800,13.8800,13.4900,13.5200,13.8300,1602870,21753705.7600,3,0.727500,1,-2.241500,0
2022-03-25,sz.002227,13.5700,13.7100,13.4000,13.4000,13.5200,1232100,16682235.0000,3,0.559200,1,-0.887600,0
2022-03-28,sz.002227,13.3000,13.5500,13.1300,13.3900,13.4000,1349601,17984804.3100,3,0.612500,1,-0.074600,0
2022-03-29,sz.002227,13.4400,13.5800,13.0500,13.1000,13.3900,1439898,19078456.9200,3,0.653500,1,-2.165800,0
2022-03-30,sz.002227,13.0900,13.2600,13.0500,13.2100,13.1000,1208500,15901227.0000,3,0.548500,1,0.839700,0
2022-03-31,sz.002227,13.2300,13.2600,13.1100,13.1400,13.2100,1009700,13308194.0000,3,0.458300,1,-0.529900,0
2022-04-01,sz.002227,13.1500,13.2000,12.8400,13.0100,13.1400,1293500,16773487.0000,3,0.587100,1,-0.989300,0
2022-04-06,sz.002227,13.0100,13.4000,12.9700,13.2600,13.0100,1714201,22743510.3800,3,0.778000,1,1.921600,0
2022-04-07,sz.002227,13.2700,13.2700,12.8800,12.8800,13.2600,1483800,19338686.0200,3,0.673500,1,-2.865800,0
2022-04-08,sz.002227,12.8700,12.9500,12.5000,12.7200,12.8800,1257100,15957544.0000,3,0.570600,1,-1.242200,0
2022-04-11,sz.002227,12.7100,12.7100,12.1000,12.1800,12.7200,1827870,22468868.8000,3,0.829600,1,-4.245300,0
2022-04-12,sz.002227,12.2800,12.4800,12.0600,12.4500,12.1800,1167200,14322606.0000,3,0.529800,1,2.216700,0
2022-04-13,sz.002227,12.4500,12.4600,12.0800,12.0900,12.4500,1278310,15600707.9000,3,0.580200,1,-2.891600,0
2022-04-14,sz.002227,12.1500,12.2100,12.0700,12.0900,12.0900,1192900,14448766.0000,3,0.541400,1,0.000000,0
2022-04-15,sz.002227,12.0600,12.0900,11.8100,11.9000,12.0900,1122900,13375977.0000,3,0.509700,1,-1.571500,0
2022-04-18,sz.002227,11.8100,12.1600,11.4500,12.1000,11.9000,1046700,12417288.0000,3,0.475100,1,1.680700,0
2022-04-19,sz.002227,12.0700,12.2700,12.0100,12.2000,12.1000,969800,11807319.0000,3,0.440200,1,0.826400,0
2022-04-20,sz.002227,12.3100,12.3100,10.9800,11.9600,12.2000,1217300,14507123.0000,3,0.552500,1,-1.967200,0
2022-04-21,sz.002227,12.1600,12.5900,11.4400,11.5500,11.9600,2729100,32969800.9000,3,1.238700,1,-3.428100,0
2022-04-22,sz.002227,11.5200,11.5500,11.1100,11.1600,11.5500,1876100,21127969.0000,3,0.851500,1,-3.376600,0
2022-04-25,sz.002227,11.1400,11.1400,10.0400,10.0500,11.1600,2227320,23322477.2000,3,1.010900,1,-9.946200,0
2022-04-26,sz.002227,10.0500,11.0600,9.8600,11.0600,10.0500,2982001,31601994.1200,3,1.353500,1,10.049800,0
2022-04-27,sz.002227,11.0600,12.1700,10.6000,12.1700,11.0600,7571594,86476880.6000,3,3.436600,1,10.036200,0
2022-04-28,sz.002227,12.1600,13.2400,11.6800,11.8900,12.1700,9415283,116551957.0600,3,4.273400,1,-2.300700,0
2022-04-29,sz.002227,11.8100,12.7300,11.6000,12.2100,11.8900,7924072,94902063.6400,3,3.596500,1,2.691300,0
2022-05-05,sz.002227,11.8900,12.0500,11.6000,12.0500,12.2100,5259646,62187022.6400,3,2.387200,1,-1.310400,0
2022-05-06,sz.002227,11.6500,11.8100,11.1900,11.2200,12.0500,3667200,42025833.0000,3,1.664400,1,-6.888000,0
2022-05-09,sz.002227,11.4100,12.3400,11.3100,12.3400,11.2200,4561757,54274995.4800,3,2.070500,1,9.982200,0
2022-05-10,sz.002227,12.3400,12.9400,12.1200,12.6400,12.3400,7792905,98355880.3700,3,3.537000,1,2.431100,0
2022-05-11,sz.002227,12.6600,12.8000,12.5200,12.5300,12.6400,5851861,74113996.5300,3,2.656000,1,-0.870300,0
2022-05-12,sz.002227,12.4200,12.6500,12.3000,12.5800,12.5300,2718062,34029168.7700,3,1.233700,1,0.399000,0
2022-05-13,sz.002227,12.5900,12.7700,12.3100,12.6900,12.5800,2685200,33587057.0000,3,1.218700,1,0.874400,0
2022-05-16,sz.002227,12.6900,12.7200,12.3600,12.4600,12.6900,1932401,24197054.6100,3,0.877100,1,-1.812500,0
2022-05-17,sz.002227,12.6000,12.7700,12.4300,12.5500,12.4600,2423701,30488211.6900,3,1.100100,1,0.722300,0
2022-05-18,sz.002227,12.5200,13.0900,12.3800,12.7300,12.5500,3806518,48623066.9600,3,1.727700,1,1.434300,0
2022-05-19,sz.002227,12.4800,12.7500,12.3800,12.7200,12.7300,2467518,31043429.9000,3,1.119900,1,-0.078600,0
2022-05-20,sz.002227,12.8600,13.6000,12.6500,13.0600,12.7200,4947901,64447047.7500,3,2.245700,1,2.673000,0
2022-05-23,sz.002227,13.1500,13.4500,13.0200,13.2600,13.0600,3882000,51218740.0000,3,1.761900,1,1.531400,0
2022-05-24,sz.002227,13.1500,13.2500,12.3100,12.3100,13.2600,4089500,52103389.0000,3,1.856100,1,-7.164400,0
2022-05-25,sz.002227,12.3300,13.5400,12.2500,13.5400,12.3100,4809310,62109817.4000,3,2.182800,1,9.991900,0
2022-05-26,sz.002227,13.8800,14.1900,13.2000,13.7600,13.5400,12072310,165076308.9000,3,5.479300,1,1.624800,0
2022-05-27,sz.002227,13.5500,13.7000,13.1300,13.2300,13.7600,5820312,78034262.1600,3,2.641700,1,-3.851700,0
2022-05-30,sz.002227,13.2300,13.4300,12.9700,13.1400,13.2300,3697200,48578500.0000,3,1.678100,1,-0.680300,0
2022-05-31,sz.002227,13.2200,13.6400,13.1100,13.3800,13.1400,5201920,69556940.8000,3,2.361000,1,1.826500,0
2022-06-01,sz.002227,13.3900,14.4600,13.2900,13.8500,13.3800,7829220,108074699.6000,3,3.553500,1,3.512700,0
2022-06-02,sz.002227,13.7000,14.0500,13.5000,13.7500,13.8500,5079250,69681667.5000,3,2.305300,1,-0.722000,0
2022-06-06,sz.002227,13.6100,13.8600,13.6000,13.7800,13.7500,3963005,54596404.3300,3,1.798700,1,0.218200,0
2022-06-07,sz.002227,13.7900,13.8800,13.3100,13.5200,13.7800,3504615,47314718.6500,3,1.590700,1,-1.886800,0
2022-06-08,sz.002227,13.4600,13.4800,13.0100,13.3100,13.5200,3373895,44720767.3000,3,1.531300,1,-1.553300,0
2022-06-09,sz.002227,13.3300,13.3700,12.7600,12.8600,13.3100,2956599,38333125.2100,3,1.341900,1,-3.380900,0
2022-06-10,sz.002227,12.8600,13.5000,12.8600,13.3600,12.8600,4471319,59431127.4100,3,2.029400,1,3.888000,0
2022-06-13,sz.002227,13.3000,14.7000,13.1700,13.8300,13.3600,10310724,144978406.5000,3,4.679800,1,3.518000,0
2022-06-14,sz.002227,13.8500,14.0200,13.2700,13.5400,13.8300,6141720,83161129.0000,3,2.787600,1,-2.096900,0
2022-06-15,sz.002227,13.4500,13.8500,13.2600,13.2600,13.5400,4696902,63236296.8000,3,2.131800,1,-2.067900,0
2022-06-16,sz.002227,13.2500,13.3900,13.1300,13.2700,13.2600,2759800,36605703.0000,3,1.252600,1,0.075400,0
2022-06-17,sz.002227,13.1000,13.7300,13.0000,13.3000,13.2700,3476400,46577501.8000,3,1.577800,1,0.226100,0
2022-06-20,sz.002227,13.2300,14.6300,13.2000,14.6300,13.3000,7733100,110967388.0000,3,3.509900,1,10.000000,0
2022-06-21,sz.002227,14.6600,14.6600,13.8000,14.0200,14.6300,18390710,259685850.7400,3,7.498300,1,-4.169500,0
2022-06-22,sz.002227,13.9100,15.4200,13.8100,15.4200,14.0200,29109822,441403812.9800,3,11.868700,1,9.985700,0
2022-06-23,sz.002227,14.9800,15.9500,14.6100,15.2200,15.4200,30120669,455488179.9200,3,12.280900,1,-1.297000,0
2022-06-24,sz.002227,15.1900,15.4400,14.7700,14.9000,15.2200,15101537,225677857.2000,3,6.157200,1,-2.102500,0
2022-06-27,sz.002227,15.1000,15.4000,14.8800,15.0200,14.9000,12454869,188033532.3300,3,5.078100,1,0.805400,0
2022-06-28,sz.002227,14.8000,15.1800,14.6600,14.9700,15.0200,10769479,160557271.4200,3,4.391000,1,-0.332900,0
2022-06-29,sz.002227,14.8500,14.8900,14.1100,14.1400,14.9700,9798917,140998678.5000,3,3.995200,1,-5.544400,0
2022-06-30,sz.002227,14.1300,14.5500,14.0700,14.4300,14.1400,7492235,107239568.1300,3,3.054800,1,2.050900,0
2022-07-01,sz.002227,14.2800,14.3900,14.0500,14.2000,14.4300,4525134,64303008.9800,3,1.845000,1,-1.593900,0
2022-07-04,sz.002227,14.2000,14.6200,13.8800,14.5500,14.2000,5973059,85872483.5100,3,2.435400,1,2.464800,0
2022-07-05,sz.002227,14.5000,14.5800,14.0700,14.4300,14.5500,5062034,72321499.9800,3,2.063900,1,-0.824700,0
2022-07-06,sz.002227,14.4800,14.5600,14.1200,14.3100,14.4300,5098334,73358408.3000,3,2.078700,1,-0.831600,0
2022-07-07,sz.002227,14.6000,14.9200,14.3300,14.8100,14.3100,9103917,133621261.3800,3,3.711900,1,3.494100,0
2022-07-08,sz.002227,14.8200,15.1800,14.5100,14.5300,14.8100,7894063,117111385.9500,3,3.218600,1,-1.890600,0
2022-07-11,sz.002227,14.1000,14.5400,14.0500,14.2600,14.5300,5616306,80102759.4100,3,2.289900,1,-1.858200,0
2022-07-12,sz.002227,14.1700,15.6900,14.0500,14.6800,14.2600,14395826,216328634.1700,3,5.869500,1,2.945300,0
2022-07-13,sz.002227,14.5100,15.4000,14.5100,14.9200,14.6800,11346147,168574384.3600,3,4.626100,1,1.634900,0
2022-07-14,sz.002227,14.7400,15.2200,14.5500,15.0200,14.9200,10687072,160256536.3300,3,4.357400,1,0.670200,0
2022-07-15,sz.002227,14.7100,14.8700,14.1100,14.2700,15.0200,9021148,130075323.5400,3,3.678100,1,-4.993300,0
2022-07-18,sz.002227,14.1900,14.8900,14.1900,14.8200,14.2700,6493100,94929855.8400,3,2.647400,1,3.854200,0
2022-07-19,sz.002227,14.8200,15.1000,14.6200,14.9200,14.8200,6785021,101006868.4300,3,2.766400,1,0.674800,0
2022-07-20,sz.002227,16.4100,16.4100,15.4200,15.5300,14.9200,29058401,466840812.5300,3,11.847800,1,4.088500,0
2022-07-21,sz.002227,16.0000,17.0800,15.3500,17.0800,15.5300,26622968,442734766.2800,3,10.854800,1,9.980700,0
2022-07-22,sz.002227,16.5500,16.5700,15.6600,15.8600,17.0800,29969384,483221675.0800,3,12.219200,1,-7.142900,0
2022-07-25,sz.002227,15.6300,15.7600,14.9800,15.0300,15.8600,14093202,215308825.0000,3,5.746100,1,-5.233300,0
2022-07-26,sz.002227,15.0000,15.4600,14.8000,15.4000,15.0300,10414301,158661852.8800,3,4.246100,1,2.461700,0
2022-07-27,sz.002227,15.1100,15.6000,15.0400,15.5500,15.4000,9891816,151411135.2000,3,4.033100,1,0.974000,0
2022-07-28,sz.002227,15.5500,15.6600,15.2700,15.3000,15.5500,8261436,127327211.1200,3,3.368400,1,-1.607700,0
2022-07-29,sz.002227,15.2800,15.8900,15.2700,15.4600,15.3000,8848846,137435518.7000,3,3.607900,1,1.045800,0
2022-08-01,sz.002227,15.4100,15.9800,15.0500,15.7800,15.4600,9442685,148040499.3300,3,3.850000,1,2.069900,0
2022-08-02,sz.002227,15.5600,15.5600,14.4000,14.5100,15.7800,10475088,154999531.3200,3,4.270900,1,-8.048200,0
2022-08-03,sz.002227,14.5100,15.1700,14.1600,14.1800,14.5100,7653336,112011618.9200,3,3.120400,1,-2.274300,0
2022-08-04,sz.002227,14.3300,14.8500,14.3200,14.6300,14.1800,6235900,91001290.0000,3,2.542500,1,3.173500,0
2022-08-05,sz.002227,14.6300,14.7000,14.2800,14.5100,14.6300,5636000,81424209.0000,3,2.297900,1,-0.820200,0
2022-08-08,sz.002227,14.5000,14.7900,14.2500,14.6900,14.5100,5051671,73725232.7500,3,2.059700,1,1.240500,0
2022-08-09,sz.002227,14.6500,14.9200,14.6000,14.6700,14.6900,5210900,76909427.0000,3,2.124600,1,-0.136100,0
2022-08-10,sz.002227,14.8500,15.5400,14.8100,15.1200,14.6700,7415860,111502732.6800,3,3.023600,1,3.067500,0
2022-08-11,sz.002227,14.9300,15.0900,14.9100,15.0300,15.1200,5222904,78280306.2900,3,2.129500,1,-0.595200,0
2022-08-12,sz.002227,14.9500,14.9900,14.5800,14.5800,15.0300,5741100,84529677.0000,3,2.340800,1,-2.994000,0
2022-08-15,sz.002227,14.5700,14.8500,14.5400,14.8200,14.5800,3359398,49448388.7200,3,1.369700,1,1.646100,0
