date,code,open,high,low,close,preclose,volume,amount,adjustflag,turn,tradestatus,pctChg,isST
2010-03-18,sz.002372,23.2000,24.8800,23.2000,24.8500,17.9700,40130379,956147230.7300,3,79.121410,1,38.286040,0
2010-03-19,sz.002372,24.0000,25.8200,23.8100,25.2600,24.8500,28586085,711690727.7300,3,56.360578,1,1.649900,0
2010-03-22,sz.002372,26.8000,27.7600,26.0400,26.9500,25.2600,24056817,643054794.9000,3,47.430633,1,6.690400,0
2010-03-23,sz.002372,26.5000,27.0600,26.3700,26.6500,26.9500,13247597,353816266.8500,3,26.119079,1,-1.113200,0
2010-03-24,sz.002372,26.9300,28.4700,26.7600,27.4800,26.6500,17039367,467970445.6400,3,33.594966,1,3.114400,0
2010-03-25,sz.002372,27.1000,28.4000,26.7300,27.7000,27.4800,13877840,379419845.7300,3,27.361672,1,0.800600,0
2010-03-26,sz.002372,27.0000,27.2000,26.0200,26.6000,27.7000,9169962,244304710.3900,3,18.079578,1,-3.971100,0
2010-03-29,sz.002372,26.5800,27.2600,26.0800,26.8200,26.6000,6952933,185363506.3500,3,13.708464,1,0.827100,0
2010-03-30,sz.002372,26.7500,27.7100,26.4900,27.5400,26.8200,8980574,244465524.8100,3,17.706179,1,2.684600,0
2010-03-31,sz.002372,27.3600,28.2500,27.2000,27.8900,27.5400,9232543,256217812.4800,3,18.202963,1,1.270900,0
2010-04-01,sz.002372,27.7000,29.9800,27.5000,28.3600,27.8900,14048373,403809827.7300,3,27.697896,1,1.685200,0
2010-04-02,sz.002372,27.9700,29.2000,27.7500,28.7800,28.3600,9427834,268673028.0100,3,18.588001,1,1.481000,0
2010-04-06,sz.002372,28.8800,29.9600,28.7000,29.8500,28.7800,9131802,268760237.6400,3,18.004341,1,3.717900,0
2010-04-07,sz.002372,29.8000,30.3000,29.2800,29.8500,29.8500,9350780,278577037.9500,3,18.436080,1,0.000000,0
2010-04-08,sz.002372,29.7500,29.7500,28.1000,28.1200,29.8500,11807497,340330998.1400,3,23.279765,1,-5.795600,0
2010-04-09,sz.002372,28.0800,28.5000,27.6100,28.4600,28.1200,5874732,165208608.5500,3,11.582674,1,1.209100,0
2010-04-12,sz.002372,28.3900,28.3900,27.6300,27.9500,28.4600,6762879,189175954.9600,3,13.333752,1,-1.792000,0
2010-04-13,sz.002372,27.7800,28.2500,25.1600,26.1100,27.9500,9754889,258709935.7100,3,19.232825,1,-6.583200,0
2010-04-14,sz.002372,25.7700,26.3800,25.5000,25.9900,26.1100,3614162,94045301.7200,3,7.125714,1,-0.459600,0
2010-04-15,sz.002372,26.0100,26.3300,24.8500,25.1500,25.9900,4703731,120138867.1000,3,9.273918,1,-3.232000,0
2010-04-16,sz.002372,25.1500,25.8300,25.0100,25.4100,25.1500,2639775,67264255.0800,3,5.204604,1,1.033800,0
2010-04-19,sz.002372,25.2000,26.0000,25.0800,25.5700,25.4100,5023827,128902013.6200,3,9.905022,1,0.629700,0
2010-04-20,sz.002372,25.4000,25.6600,24.4600,25.3400,25.5700,3029013,75523512.3100,3,5.972029,1,-0.899500,0
2010-04-21,sz.002372,25.2800,26.5900,25.1400,26.3100,25.3400,4704424,122012745.0500,3,9.275284,1,3.827900,0
2010-04-22,sz.002372,26.1500,26.5800,25.8600,26.1000,26.3100,3680585,96362689.5000,3,7.256674,1,-0.798200,0
2010-04-23,sz.002372,25.9000,26.2500,25.3800,25.5200,26.1000,2771429,71517981.8600,3,5.464174,1,-2.222200,0
2010-04-26,sz.002372,25.3800,25.6500,25.0100,25.0300,25.5200,2296643,57836999.0200,3,4.528082,1,-1.920100,0
2010-04-27,sz.002372,24.8900,24.8900,23.0100,23.4100,25.0300,3535664,84122079.1600,3,6.970946,1,-6.472200,0
2010-04-28,sz.002372,23.0000,23.3800,22.4000,22.9200,23.4100,2686892,61507975.5100,3,5.297500,1,-2.093100,0
2010-04-29,sz.002372,23.0500,23.1900,22.1100,22.1600,22.9200,2049070,46833178.1200,3,4.039965,1,-3.315900,0
2010-04-30,sz.002372,22.2500,22.4800,20.4000,21.2000,22.1600,2206035,46881381.3300,3,4.349438,1,-4.332100,0
2010-05-04,sz.002372,20.7000,21.3100,20.5000,20.8000,21.2000,1734251,36279336.6600,3,3.419265,1,-1.886800,0
2010-05-05,sz.002372,20.3200,21.6500,20.3200,21.4000,20.8000,3218578,68006781.8700,3,6.345777,1,2.884600,0
2010-05-06,sz.002372,21.2100,21.7000,20.5000,20.5800,21.4000,2377550,50533642.4600,3,4.687599,1,-3.831800,0
2010-05-07,sz.002372,20.0000,20.5700,19.8700,20.0000,20.5800,2005171,40463438.9800,3,3.953413,1,-2.818300,0
2010-05-10,sz.002372,20.0500,20.5000,19.0000,19.9300,20.0000,2017887,40205543.0500,3,3.978484,1,-0.350000,0
2010-05-11,sz.002372,20.3000,20.5000,19.2800,19.3800,19.9300,2129946,42512886.6100,3,4.199420,1,-2.759700,0
2010-05-12,sz.002372,19.0200,19.7000,18.8000,19.1000,19.3800,1639867,31497581.8500,3,3.233176,1,-1.444800,0
2010-05-13,sz.002372,19.2200,19.7800,18.7000,19.7400,19.1000,1907029,36783343.5900,3,3.759915,1,3.350800,0
2010-05-14,sz.002372,19.6000,19.9000,19.4000,19.7800,19.7400,2022496,39762240.6400,3,3.987571,1,0.202600,0
2010-05-17,sz.002372,19.4200,19.5500,17.9600,18.0000,19.7800,2170879,40818241.6300,3,4.280124,1,-8.999000,0
2010-05-18,sz.002372,17.6000,18.4000,17.3300,18.2200,18.0000,2369604,42327429.3200,3,4.671932,1,1.222200,0
2010-05-19,sz.002372,18.0000,18.5800,17.6600,18.2100,18.2200,2138838,38934164.7600,3,4.216952,1,-0.054900,0
2010-05-20,sz.002372,17.9000,18.6100,17.9000,18.2900,18.2100,2870573,52809350.9300,3,5.659647,1,0.439300,0
2010-05-21,sz.002372,17.3600,19.1900,17.3600,19.1100,18.2900,3496594,64831310.3400,3,6.893916,1,4.483300,0
2010-05-24,sz.002372,19.1200,20.1800,19.1200,19.8400,19.1100,3470008,68763360.3300,3,6.841498,1,3.820000,0
2010-05-25,sz.002372,19.7000,20.1800,19.4500,19.8000,19.8400,2568808,50915396.6900,3,5.064685,1,-0.201600,0
2010-05-26,sz.002372,19.7500,19.9000,19.3000,19.4800,19.8000,2058916,40235135.7800,3,4.059377,1,-1.616200,0
2010-05-27,sz.002372,19.8500,21.0500,19.8500,20.8700,19.4800,5122255,104404285.3400,3,10.099083,1,7.135500,0
2010-05-28,sz.002372,20.8800,21.1500,20.6100,21.0000,20.8700,4159141,87028793.0700,3,8.200199,1,0.622900,0
2010-05-31,sz.002372,20.8600,20.9200,19.8700,19.8700,21.0000,2488687,50905501.7000,3,4.906717,1,-5.381000,0
2010-06-01,sz.002372,19.5100,19.5100,18.5000,18.9500,19.8700,2629525,49984910.4900,3,5.184395,1,-4.630100,0
2010-06-02,sz.002372,18.8000,19.3700,18.6600,19.3500,18.9500,1544691,29436436.9500,3,3.045526,1,2.110800,0
2010-06-03,sz.002372,19.3700,19.6000,19.1000,19.1100,19.3500,1887502,36609144.3300,3,3.721416,1,-1.240300,0
2010-06-04,sz.002372,18.9000,19.2000,18.6000,19.1600,19.1100,993163,18826925.4500,3,1.958129,1,0.261600,0
2010-06-07,sz.002372,18.7200,19.8700,18.5900,19.7900,19.1600,1908935,36826032.6500,3,3.763673,1,3.288100,0
2010-06-08,sz.002372,19.6800,20.3000,19.6000,20.1100,19.7900,2498563,49943924.3200,3,4.926189,1,1.617000,0
2010-06-09,sz.002372,20.1800,20.7500,20.1800,20.4000,20.1100,2570845,52594303.3500,3,5.068701,1,1.442064,0
2010-06-10,sz.002372,20.4100,20.7800,20.3000,20.4600,20.4000,2294270,47148910.6700,3,4.523403,1,0.294100,0
2010-06-11,sz.002372,20.5400,20.7000,20.1500,20.2900,20.4600,2013495,40910816.5100,3,3.969825,1,-0.830900,0
2010-06-17,sz.002372,20.4600,20.5000,19.6500,19.6500,20.2900,1322653,26578215.9900,3,2.607754,1,-3.154300,0
2010-06-18,sz.002372,19.5500,19.5500,17.6900,17.8800,19.6500,8432555,152973539.1000,3,13.300560,1,-9.007600,0
2010-06-21,sz.002372,17.8000,18.3100,17.5000,18.2000,17.8800,4277832,76831442.1900,3,6.747369,1,1.789700,0
2010-06-22,sz.002372,18.1000,18.7200,18.0400,18.4100,18.2000,3251333,59900423.3800,3,5.128285,1,1.153800,0
2010-06-23,sz.002372,18.2500,18.5400,18.0000,18.2800,18.4100,1901626,34700373.6800,3,2.999410,1,-0.706100,0
2010-06-24,sz.002372,18.3000,18.5100,18.2000,18.4800,18.2800,1716113,31537701.2200,3,2.706803,1,1.094100,0
2010-06-25,sz.002372,18.3500,18.5000,17.8100,18.0500,18.4800,1954273,35345627.3500,3,3.082450,1,-2.326800,0
2010-06-28,sz.002372,17.9200,18.2800,17.8100,17.9900,18.0500,1679891,30283725.6500,3,2.649670,1,-0.332400,0
2010-06-29,sz.002372,17.9800,18.1000,16.6000,16.6500,17.9900,3184805,54529979.8400,3,5.023352,1,-7.448600,0
2010-06-30,sz.002372,16.5700,16.5700,16.0000,16.3300,16.6500,1802077,29178130.8900,3,2.842393,1,-1.921900,0
2010-07-01,sz.002372,16.5000,16.5500,16.1300,16.1700,16.3300,1271817,20707414.4300,3,2.006021,1,-0.979800,0
2010-07-02,sz.002372,16.4200,16.6000,15.6200,16.5100,16.1700,2402508,38903367.4800,3,3.789445,1,2.102700,0
2010-07-05,sz.002372,16.1900,16.8000,15.8500,16.7100,16.5100,2298910,37730824.7500,3,3.626041,1,1.211400,0
2010-07-06,sz.002372,16.8800,17.5900,16.7100,17.4900,16.7100,4211441,72861133.0900,3,6.642651,1,4.667900,0
2010-07-07,sz.002372,17.6000,17.6200,16.9100,17.3600,17.4900,3652239,62939653.8100,3,5.760629,1,-0.743300,0
2010-07-08,sz.002372,17.4200,17.5000,17.0000,17.1100,17.3600,1946319,33473838.8500,3,3.069904,1,-1.440100,0
2010-07-09,sz.002372,17.0800,17.9800,17.0800,17.6100,17.1100,3996317,70162340.0400,3,6.303339,1,2.922300,0
2010-07-12,sz.002372,17.6100,17.8600,17.4300,17.6700,17.6100,2522187,44516620.4400,3,3.978213,1,0.340700,0
2010-07-13,sz.002372,17.5000,17.6900,17.0000,17.1200,17.6700,2252830,38854173.8100,3,3.553360,1,-3.112600,0
2010-07-14,sz.002372,17.1500,17.4500,17.1100,17.2500,17.1200,1877491,32438801.4200,3,2.961342,1,0.759300,0
2010-07-15,sz.002372,17.2500,17.3000,16.6000,16.6500,17.2500,1900066,32341011.8300,3,2.996950,1,-3.478300,0
2010-07-16,sz.002372,16.5300,16.9400,16.3100,16.8000,16.6500,1421730,23592624.7400,3,2.242476,1,0.900899,0
2010-07-19,sz.002372,16.5500,17.4800,16.5500,17.3400,16.8000,2259838,38636673.6900,3,3.564413,1,3.214300,0
2010-07-20,sz.002372,17.3500,18.8000,17.3500,18.5800,17.3400,6508357,118133490.1200,3,10.265547,1,7.151100,0
2010-07-21,sz.002372,18.5000,18.7700,18.2400,18.3200,18.5800,4749228,87686175.1100,3,7.490896,1,-1.399400,0
2010-07-22,sz.002372,18.3500,18.5700,18.1600,18.5000,18.3200,2690368,49531895.9500,3,4.243483,1,0.982500,0
2010-07-23,sz.002372,18.5200,18.6400,18.1000,18.3900,18.5000,3607012,66071864.0000,3,5.689293,1,-0.594600,0
2010-07-26,sz.002372,18.5000,20.1500,18.3100,19.6900,18.3900,6908541,132299925.1600,3,10.896752,1,7.069100,0
2010-07-27,sz.002372,19.5000,19.6400,19.2300,19.3000,19.6900,3752013,72762840.5300,3,5.918002,1,-1.980700,0
2010-07-28,sz.002372,19.3000,20.1200,19.2500,20.0000,19.3000,5003504,99137436.9300,3,7.891962,1,3.626900,0
2010-07-29,sz.002372,20.3000,20.3000,19.5600,19.8700,20.0000,4085692,81233197.6300,3,6.444309,1,-0.650000,0
2010-07-30,sz.002372,19.8600,20.0700,19.6600,19.9600,19.8700,2989245,59453422.6100,3,4.714897,1,0.452900,0
2010-08-02,sz.002372,19.9600,20.2900,19.8000,20.1300,19.9600,3056792,61373248.1200,3,4.821438,1,0.851700,0
2010-08-03,sz.002372,20.1300,20.2600,19.4500,19.4500,20.1300,3602250,71205942.4500,3,5.681782,1,-3.378000,0
2010-08-04,sz.002372,19.1100,19.5000,19.0200,19.4100,19.4500,3460992,66461180.7000,3,5.458978,1,-0.205700,0
2010-08-05,sz.002372,19.4100,19.4100,19.4100,19.4100,19.4100,0,0.0000,3,,0,0.000000,0
2010-08-06,sz.002372,19.4300,20.1700,19.1200,20.1400,19.4100,3784296,74523900.2200,3,5.968921,1,3.760900,0
2010-08-09,sz.002372,20.1400,20.7200,19.9600,20.4600,20.1400,4319737,88133894.3000,3,6.813465,1,1.588900,0
2010-08-10,sz.002372,20.4700,20.6300,19.5000,19.5000,20.4600,4625439,92478910.3400,3,7.295645,1,-4.692100,0
2010-08-11,sz.002372,19.4100,19.7500,19.2200,19.5800,19.5000,2743768,53548033.0300,3,4.327710,1,0.410300,0
2010-08-12,sz.002372,19.3800,19.8800,19.3000,19.4100,19.5800,2006474,39254363.6400,3,3.164785,1,-0.868200,0
2010-08-13,sz.002372,19.4600,19.8600,19.2000,19.8500,19.4100,2378151,46495995.9400,3,3.751027,1,2.266900,0
2010-08-16,sz.002372,19.8000,20.4700,19.8000,20.2600,19.8500,3791842,76741395.6600,3,5.980823,1,2.065500,0
2010-08-17,sz.002372,20.4500,22.2500,20.4500,22.2000,20.2600,12838740,275859564.4500,3,20.250379,1,9.575500,0
2010-08-18,sz.002372,22.0000,23.1900,21.8000,22.6900,22.2000,11455838,258979148.4500,3,18.069145,1,2.207200,0
2010-08-19,sz.002372,22.5000,23.0900,22.0100,22.2500,22.6900,6339679,142720734.9200,3,9.999494,1,-1.939200,0
2010-08-20,sz.002372,22.2300,22.4300,21.2700,21.3000,22.2500,5192704,112947849.7000,3,8.190385,1,-4.269700,0
2010-08-23,sz.002372,21.2500,22.2200,21.2000,21.8600,21.3000,4517290,98285633.0700,3,7.125063,1,2.629100,0
2010-08-24,sz.002372,21.8600,22.4400,21.4100,22.2500,21.8600,4381073,96134849.7900,3,6.910210,1,1.784100,0
2010-08-25,sz.002372,22.1000,22.1000,21.4100,21.4800,22.2500,2919216,63341128.2600,3,4.604442,1,-3.460700,0
2010-08-26,sz.002372,21.5400,21.7100,21.1000,21.3000,21.4800,2495369,53217152.3200,3,3.935913,1,-0.838000,0
2010-08-27,sz.002372,21.2900,21.7800,21.1100,21.7200,21.3000,2596154,55909003.6800,3,4.094880,1,1.971800,0
2010-08-30,sz.002372,21.9500,22.6200,21.7500,22.3800,21.7200,4065302,90469787.2400,3,6.412148,1,3.038700,0
2010-08-31,sz.002372,22.1700,22.5500,21.7800,22.1900,22.3800,4865089,107564458.7200,3,7.673642,1,-0.849000,0
2010-09-01,sz.002372,21.9900,22.1800,21.0000,21.3100,22.1900,4791031,102944728.6700,3,7.556831,1,-3.965800,0
2010-09-02,sz.002372,21.3900,21.9800,21.3000,21.6900,21.3100,2978561,64427600.6000,3,4.698046,1,1.783200,0
2010-09-03,sz.002372,21.6900,22.0900,21.3800,21.6500,21.6900,3862789,83976411.1900,3,6.092727,1,-0.184400,0
2010-09-06,sz.002372,21.9000,22.0000,21.1500,21.2200,21.6500,3083392,66118586.2300,3,4.863394,1,-1.986100,0
2010-09-07,sz.002372,21.3800,21.5900,21.1100,21.5500,21.2200,2336809,49985282.4900,3,3.685819,1,1.555100,0
2010-09-08,sz.002372,21.5000,22.2800,21.3000,22.2000,21.5500,4571066,100029591.7100,3,7.209883,1,3.016248,0
2010-09-09,sz.002372,22.2100,22.5000,21.5500,21.6400,22.2000,4480524,98126339.2500,3,7.067073,1,-2.522500,0
2010-09-10,sz.002372,21.5000,21.7900,21.1100,21.7800,21.6400,2797878,60046071.5900,3,4.413057,1,0.647000,0
2010-09-13,sz.002372,21.8000,22.2700,21.8000,22.0000,21.7800,4031363,88965986.8300,3,6.358617,1,1.010100,0
2010-09-14,sz.002372,22.1900,22.2900,21.7100,21.8000,22.0000,2971312,65082241.2200,3,4.686612,1,-0.909100,0
2010-09-15,sz.002372,21.9000,21.9300,20.4800,20.4900,21.8000,3851182,81464965.7000,3,6.074420,1,-6.009200,0
2010-09-16,sz.002372,20.4000,20.6900,19.6500,19.8800,20.4900,3639027,72686342.4200,3,5.739790,1,-2.977100,0
2010-09-17,sz.002372,19.8600,20.1200,19.7100,19.7900,19.8800,1751653,34803629.4600,3,2.762860,1,-0.452700,0
2010-09-20,sz.002372,19.7000,19.8700,19.2500,19.2700,19.7900,1793805,35051378.3600,3,2.829345,1,-2.627600,0
2010-09-21,sz.002372,19.3300,19.4600,19.0200,19.0900,19.2700,1245227,23833316.8800,3,1.964080,1,-0.934100,0
2010-09-27,sz.002372,19.1000,19.6300,19.1000,19.6200,19.0900,1334205,25898050.8400,3,2.104424,1,2.776300,0
2010-09-28,sz.002372,19.6500,19.7400,19.1800,19.2400,19.6200,1354840,26332101.6600,3,2.136972,1,-1.936800,0
2010-09-29,sz.002372,19.2400,19.2900,18.6000,18.6000,19.2400,1733540,32847451.5900,3,2.734290,1,-3.326400,0
2010-09-30,sz.002372,18.5600,19.1100,18.4900,18.9900,18.6000,1077405,20359322.3800,3,1.699377,1,2.096800,0
2010-10-08,sz.002372,19.0600,19.6600,19.0600,19.5100,18.9900,1614606,31354118.5000,3,2.546697,1,2.738300,0
2010-10-11,sz.002372,19.5500,19.7300,19.3100,19.6400,19.5100,2391642,46693057.6700,3,3.772306,1,0.666300,0
2010-10-12,sz.002372,19.6600,19.7200,19.4500,19.6500,19.6400,2246618,44020081.9400,3,3.543562,1,0.050900,0
2010-10-13,sz.002372,19.7600,21.5500,19.7200,21.4300,19.6500,7292991,152228132.2300,3,11.503140,1,9.058500,0
2010-10-14,sz.002372,21.0000,22.0000,20.7100,20.8200,21.4300,4976844,105413150.9300,3,7.849912,1,-2.846500,0
2010-10-15,sz.002372,20.6000,20.6800,19.8100,19.9200,20.8200,3460018,69909173.6000,3,5.457442,1,-4.322800,0
2010-10-18,sz.002372,19.7800,20.2400,18.9100,19.2600,19.9200,2710599,52190553.5000,3,4.275393,1,-3.313300,0
2010-10-19,sz.002372,19.2000,20.0000,19.1800,20.0000,19.2600,2278787,45040636.8700,3,3.594301,1,3.842200,0
2010-10-20,sz.002372,19.5800,19.9900,19.4500,19.8200,20.0000,2055420,40588335.5700,3,3.241987,1,-0.900000,0
2010-10-21,sz.002372,19.8200,19.9800,19.5100,19.7100,19.8200,2259530,44483821.2300,3,3.563927,1,-0.555000,0
2010-10-22,sz.002372,19.7100,19.9700,19.6100,19.9600,19.7100,2494157,49473530.2300,3,3.934002,1,1.268400,0
2010-10-25,sz.002372,19.9800,20.6400,19.9600,20.6100,19.9600,2635164,53957299.9800,3,4.156410,1,3.256500,0
2010-10-26,sz.002372,20.9000,21.3700,20.6000,20.7500,20.6100,4130992,86387410.9900,3,6.515760,1,0.679300,0
2010-10-27,sz.002372,20.9700,21.2900,20.3200,20.5600,20.7500,3044142,63587499.3900,3,4.801486,1,-0.915700,0
2010-10-28,sz.002372,20.6000,21.5900,20.6000,21.3800,20.5600,5205723,110322643.6900,3,8.210920,1,3.988300,0
2010-10-29,sz.002372,21.6400,22.1400,21.5700,21.9000,21.3800,5853681,128052664.0900,3,9.232935,1,2.432200,0
2010-11-01,sz.002372,22.1600,23.4900,21.9000,22.8900,21.9000,7794083,175522650.6900,3,12.293506,1,4.520500,0
2010-11-02,sz.002372,22.6800,23.2500,22.0500,22.0500,22.8900,6229714,140726531.8500,3,9.826047,1,-3.669700,0
2010-11-03,sz.002372,21.9500,21.9500,21.1000,21.1300,22.0500,3468892,74437839.3800,3,5.471438,1,-4.172300,0
2010-11-04,sz.002372,21.1600,21.8700,21.1400,21.8700,21.1300,3891363,84328519.2800,3,6.137797,1,3.502100,0
2010-11-05,sz.002372,22.2500,22.3200,21.6100,22.0000,21.8700,3797743,83377139.3300,3,5.990131,1,0.594400,0
2010-11-08,sz.002372,22.0800,22.3200,21.7900,22.3200,22.0000,4002413,88164256.2100,3,6.312954,1,1.454500,0
2010-11-09,sz.002372,22.2900,22.8500,22.1300,22.6600,22.3200,4421207,99404475.3600,3,6.973513,1,1.523300,0
2010-11-10,sz.002372,22.6000,23.1600,22.4000,22.6800,22.6600,4303217,98343045.4400,3,6.787409,1,0.088300,0
2010-11-11,sz.002372,22.5000,23.0800,21.6000,21.9000,22.6800,5266450,119411689.3100,3,8.306703,1,-3.439200,0
2010-11-12,sz.002372,21.7500,22.0400,20.4400,20.4400,21.9000,4507727,95201052.8100,3,7.109979,1,-6.666700,0
2010-11-15,sz.002372,20.5100,21.1500,20.3000,21.1200,20.4400,2082798,43209101.1800,3,3.285170,1,3.326800,0
2010-11-16,sz.002372,21.1000,21.4600,20.3800,20.5100,21.1200,2359696,49305993.0900,3,3.721918,1,-2.888300,0
2010-11-17,sz.002372,20.1100,21.3900,20.1100,20.8300,20.5100,3112898,64794541.6600,3,4.909934,1,1.560200,0
2010-11-18,sz.002372,20.8400,21.3400,20.8200,21.2300,20.8300,1848710,39030848.2500,3,2.915946,1,1.920300,0
2010-11-19,sz.002372,21.3500,21.8400,21.0000,21.8200,21.2300,2483091,53265485.0600,3,3.916547,1,2.779100,0
2010-11-22,sz.002372,21.6800,22.5000,21.6000,21.8000,21.8200,4345577,96266591.6700,3,6.854222,1,-0.091700,0
2010-11-23,sz.002372,21.7800,22.3900,21.6600,22.3400,21.8000,3906044,86042839.5600,3,6.160953,1,2.477100,0
2010-11-24,sz.002372,22.1800,22.4800,22.0800,22.4800,22.3400,3118481,69579738.8300,3,4.918740,1,0.626700,0
2010-11-25,sz.002372,22.6400,22.7900,22.1100,22.1900,22.4800,3138208,70002696.0700,3,4.949855,1,-1.290000,0
2010-11-26,sz.002372,22.1600,22.2900,21.7000,21.9200,22.1900,2058403,45345765.5900,3,3.246692,1,-1.216800,0
2010-11-29,sz.002372,21.9700,22.5300,21.8200,22.4100,21.9200,3046484,67954141.6000,3,4.805180,1,2.235400,0
2010-11-30,sz.002372,22.4000,22.4800,20.8000,21.3900,22.4100,3335288,71760750.5500,3,5.260707,1,-4.551500,0
2010-12-01,sz.002372,21.2100,21.5700,21.2000,21.4200,21.3900,1393856,29833856.7500,3,2.198511,1,0.140300,0
2010-12-02,sz.002372,21.6500,22.4100,21.5700,22.2700,21.4200,4090851,89584408.0400,3,6.452446,1,3.968300,0
2010-12-03,sz.002372,22.2500,22.2500,21.7500,22.0200,22.2700,2499536,54973759.7000,3,3.942486,1,-1.122600,0
2010-12-06,sz.002372,22.1300,22.5700,21.6000,22.1700,22.0200,3129787,69375989.1500,3,4.936573,1,0.681200,0
2010-12-07,sz.002372,21.9900,22.2000,21.2500,22.1400,22.1700,2055504,44761189.5100,3,3.242120,1,-0.135300,0
2010-12-08,sz.002372,22.1000,23.8000,21.9700,23.2800,22.1400,9522146,220051441.1300,3,15.019158,1,5.149100,0
2010-12-09,sz.002372,23.0000,23.3300,22.5600,22.6900,23.2800,4842928,110641957.1500,3,7.638688,1,-2.534400,0
2010-12-10,sz.002372,22.6900,22.6900,22.6900,22.6900,22.6900,0,0.0000,3,,0,0.000000,0
2010-12-13,sz.002372,23.1500,24.2300,22.8500,23.9900,22.6900,8284267,197335784.7400,3,13.066667,1,5.729400,0
2010-12-14,sz.002372,23.9000,24.4700,23.7500,24.1500,23.9900,5685199,137135134.9200,3,8.967191,1,0.666900,0
2010-12-15,sz.002372,24.1000,24.4400,23.8500,24.1400,24.1500,4749900,114536914.4000,3,7.491956,1,-0.041400,0
2010-12-16,sz.002372,24.0000,24.1300,23.5000,23.8500,24.1400,3354514,79808540.2400,3,5.291032,1,-1.201300,0
2010-12-17,sz.002372,24.0200,24.3900,23.8100,24.0400,23.8500,2933331,70679349.5700,3,4.626705,1,0.796600,0
2010-12-20,sz.002372,24.2400,24.8000,23.3000,24.4200,24.0400,5684979,137785668.4300,3,8.966844,1,1.580700,0
2010-12-21,sz.002372,24.3500,24.9700,23.9200,24.8600,24.4200,4167950,102164480.5300,3,6.574054,1,1.801800,0
2010-12-22,sz.002372,24.9500,25.1400,24.2000,24.2300,24.8600,3591762,88591871.0900,3,5.665240,1,-2.534200,0
2010-12-23,sz.002372,24.1000,24.2000,23.2800,23.4100,24.2300,3131281,73930691.4100,3,4.938929,1,-3.384200,0
2010-12-24,sz.002372,23.1400,23.4000,22.7000,22.7900,23.4100,1758670,40420596.1200,3,2.773927,1,-2.648400,0
2010-12-27,sz.002372,22.8000,23.4500,21.8100,21.9000,22.7900,2461134,55750682.2500,3,3.881915,1,-3.905200,0
2010-12-28,sz.002372,21.8900,22.2500,21.7100,22.0000,21.9000,1646533,36237939.8400,3,2.597055,1,0.456600,0
2010-12-29,sz.002372,22.0500,22.4900,22.0000,22.3800,22.0000,1226115,27254111.5000,3,1.933935,1,1.727300,0
2010-12-30,sz.002372,22.4000,22.5000,21.8600,22.1500,22.3800,1499484,33198597.9400,3,2.365117,1,-1.027700,0
2010-12-31,sz.002372,22.3000,22.9600,22.2300,22.8600,22.1500,1746112,39466889.0900,3,2.754120,1,3.205400,0
2011-01-04,sz.002372,22.9100,23.2800,22.6800,23.1900,22.8600,1860460,42799222.7700,3,2.934479,1,1.443600,0
2011-01-05,sz.002372,23.0000,23.5800,22.9000,23.0900,23.1900,1665049,38595511.5800,3,2.626260,1,-0.431200,0
2011-01-06,sz.002372,23.1100,23.2100,22.4800,22.6200,23.0900,1687262,38360642.5800,3,2.661297,1,-2.035500,0
2011-01-07,sz.002372,22.5200,23.0400,22.2000,22.2800,22.6200,1460339,32962953.6600,3,2.303374,1,-1.503100,0
2011-01-10,sz.002372,22.3500,22.8800,22.0000,22.1100,22.2800,1901967,42712580.2100,3,2.999948,1,-0.763000,0
2011-01-11,sz.002372,22.0400,22.1000,21.2300,21.6300,22.1100,1582523,34202497.7000,3,2.496093,1,-2.171000,0
2011-01-12,sz.002372,21.6300,21.8800,21.4000,21.8800,21.6300,937944,20330777.5700,3,1.479407,1,1.155800,0
2011-01-13,sz.002372,21.9900,22.0900,21.7500,21.9100,21.8800,661190,14481210.5900,3,1.042886,1,0.137100,0
2011-01-14,sz.002372,21.9000,21.9000,21.1000,21.1000,21.9100,1023423,21834672.1200,3,1.614232,1,-3.696900,0
2011-01-17,sz.002372,20.8600,20.9600,19.7400,19.8300,21.1000,1460896,29620454.2300,3,2.304252,1,-6.019000,0
2011-01-18,sz.002372,19.5200,20.1500,19.5200,20.1500,19.8300,724546,14455033.8700,3,1.142817,1,1.613700,0
2011-01-19,sz.002372,20.1600,20.5200,20.0000,20.4600,20.1500,848877,17248735.9100,3,1.338923,1,1.538500,0
2011-01-20,sz.002372,20.3900,20.4100,19.1100,19.1100,20.4600,1873722,36985091.9900,3,2.955397,1,-6.598200,0
2011-01-21,sz.002372,19.1500,19.5500,19.0200,19.0500,19.1100,2054123,39460967.0300,3,3.239942,1,-0.314000,0
2011-01-24,sz.002372,19.2200,19.3200,18.6000,18.6000,19.0500,1309261,24851375.6000,3,2.065080,1,-2.362200,0
2011-01-25,sz.002372,18.6500,18.9500,18.5800,18.8200,18.6000,805211,15060891.2800,3,1.270049,1,1.182800,0
2011-01-26,sz.002372,18.8200,19.2500,18.7000,19.1100,18.8200,785794,14974514.9200,3,1.239423,1,1.540900,0
2011-01-27,sz.002372,19.0500,19.4000,18.8300,19.3700,19.1100,975701,18712857.4900,3,1.538961,1,1.360500,0
2011-01-28,sz.002372,19.4000,19.6500,19.3700,19.5100,19.3700,884305,17230777.0000,3,1.394803,1,0.722800,0
2011-01-31,sz.002372,19.6700,20.4900,19.6400,20.3800,19.5100,2015796,40763522.3100,3,3.179489,1,4.459300,0
2011-02-01,sz.002372,20.3000,20.3500,20.0400,20.1500,20.3800,689230,13886092.5800,3,1.087114,1,-1.128600,0
2011-02-09,sz.002372,20.0100,20.0900,19.5100,19.5600,20.1500,822006,16300514.9200,3,1.296539,1,-2.928000,0
2011-02-10,sz.002372,19.6100,20.3500,19.5300,20.3200,19.5600,988326,19820897.9900,3,1.558874,1,3.885500,0
2011-02-11,sz.002372,20.3300,20.7300,20.1900,20.6000,20.3200,1456747,29763372.6200,3,2.297708,1,1.378000,0
2011-02-14,sz.002372,20.6000,20.8000,20.4300,20.6400,20.6000,2484283,51249564.1100,3,3.918427,1,0.194200,0
2011-02-15,sz.002372,20.6400,20.9000,20.3500,20.3500,20.6400,2469696,50943313.2100,3,3.895420,1,-1.405000,0
2011-02-16,sz.002372,20.2500,20.8000,20.2300,20.7700,20.3500,1918084,39392908.1600,3,3.025369,1,2.063900,0
2011-02-17,sz.002372,20.8000,21.3100,20.5000,21.3100,20.7700,3766023,78693105.9200,3,5.940099,1,2.599900,0
2011-02-18,sz.002372,21.3600,21.3700,20.6300,20.6500,21.3100,2531230,52863246.6700,3,3.992476,1,-3.097100,0
2011-02-21,sz.002372,20.6500,20.6500,20.6500,20.6500,20.6500,0,0.0000,3,,0,0.000000,0
2011-02-22,sz.002372,21.1100,21.2900,20.2600,20.2900,20.6500,2734078,56604804.2700,3,4.312426,1,-1.743300,0
2011-02-23,sz.002372,20.0500,20.3500,19.9000,20.2600,20.2900,2209142,44423772.9800,3,3.484451,1,-0.147900,0
2011-02-24,sz.002372,20.1300,20.3300,19.9800,20.1700,20.2600,2135579,43090360.4000,3,3.368421,1,-0.444200,0
2011-02-25,sz.002372,20.2000,20.2300,19.8700,20.2100,20.1700,1836553,36856634.5300,3,2.896771,1,0.198300,0
2011-02-28,sz.002372,20.4500,20.9900,20.4400,20.8500,20.2100,2835391,58886209.0900,3,4.472226,1,3.166700,0
2011-03-01,sz.002372,20.9000,21.1100,20.7700,21.0300,20.8500,2819905,59119802.5700,3,4.447800,1,0.863311,0
2011-03-02,sz.002372,20.9300,20.9900,20.6000,20.9000,21.0300,1915705,39804977.1900,3,3.021617,1,-0.618200,0
2011-03-03,sz.002372,20.8500,21.1500,20.5000,20.5100,20.9000,2008774,41900040.0400,3,3.168413,1,-1.866000,0
2011-03-04,sz.002372,20.5100,20.6900,20.2600,20.6500,20.5100,2035545,41777495.5900,3,3.210639,1,0.682600,0
2011-03-07,sz.002372,20.7800,21.1900,20.7800,21.0000,20.6500,3638999,76438441.5600,3,5.739746,1,1.694900,0
2011-03-08,sz.002372,21.0000,21.1000,20.7800,21.0700,21.0000,2516404,52524279.5600,3,3.969091,1,0.333300,0
2011-03-09,sz.002372,21.1000,21.1800,20.8400,21.0000,21.0700,1885918,39625046.0700,3,2.974634,1,-0.332200,0
2011-03-10,sz.002372,20.9000,20.9900,20.7100,20.7700,21.0000,1847219,38530858.4400,3,2.913595,1,-1.095200,0
2011-03-11,sz.002372,20.7000,21.3600,20.6500,21.1300,20.7700,4009550,84853592.7100,3,6.324211,1,1.733300,0
2011-03-14,sz.002372,21.1600,21.9500,21.1600,21.8000,21.1300,4850143,105247472.7400,3,7.650068,1,3.170800,0
2011-03-15,sz.002372,21.6800,21.9500,21.0500,21.9400,21.8000,4038534,86927937.2300,3,6.369927,1,0.642200,0
2011-03-16,sz.002372,21.9500,21.9800,21.6400,21.9000,21.9400,2835850,61955430.6900,3,4.472950,1,-0.182300,0
2011-03-17,sz.002372,21.7200,21.8900,21.2500,21.3700,21.9000,2660531,57406551.7100,3,4.196421,1,-2.420100,0
2011-03-18,sz.002372,21.5200,21.7700,21.4500,21.5700,21.3700,1626680,35136760.9200,3,2.565741,1,0.935900,0
2011-03-21,sz.002372,21.5200,21.6900,21.1200,21.3000,21.5700,1837697,39186430.1400,3,2.898576,1,-1.251700,0
2011-03-22,sz.002372,21.3800,21.4900,20.7700,21.3700,21.3000,2184260,46021710.4200,3,3.445205,1,0.328600,0
2011-03-23,sz.002372,21.2000,21.7800,20.9600,21.7600,21.3700,4281740,91507678.0700,3,6.753533,1,1.825000,0
2011-03-24,sz.002372,21.8000,22.4000,21.7700,21.7700,21.7600,5104106,112492039.2700,3,8.050640,1,0.046000,0
2011-03-25,sz.002372,21.7000,21.9500,21.4100,21.8200,21.7700,3127030,67737053.8400,3,4.932224,1,0.229700,0
2011-03-28,sz.002372,21.9500,21.9500,21.4600,21.4700,21.8200,2917435,63319676.4600,3,4.601632,1,-1.604000,0
2011-03-29,sz.002372,21.2700,21.4000,20.9700,21.0300,21.4700,2537920,53713428.4200,3,4.003028,1,-2.049400,0
2011-03-30,sz.002372,20.9500,21.0700,20.3800,20.4200,21.0300,2918687,60035371.7500,3,4.603607,1,-2.900600,0
2011-03-31,sz.002372,20.3800,20.7000,20.3000,20.5800,20.4200,1948443,39945303.8800,3,3.073254,1,0.783500,0
2011-04-01,sz.002372,20.5700,20.6500,20.0900,20.5700,20.5800,1368949,27858507.5800,3,2.159226,1,-0.048600,0
2011-04-06,sz.002372,20.4500,20.8500,20.2200,20.7300,20.5700,1610424,33120075.3900,3,2.540101,1,0.777800,0
2011-04-07,sz.002372,20.6900,20.7000,20.4800,20.6900,20.7300,1441378,29636246.8800,3,2.273467,1,-0.193000,0
2011-04-08,sz.002372,20.6800,21.0300,20.5000,20.9600,20.6900,2007102,41766398.2900,3,3.165776,1,1.305000,0
2011-04-11,sz.002372,21.0000,21.0000,20.2100,20.2300,20.9600,2253284,46423215.8700,3,3.554076,1,-3.482800,0
2011-04-12,sz.002372,20.2300,20.2300,20.2300,20.2300,20.2300,0,0.0000,3,,0,0.000000,0
2011-04-13,sz.002372,19.9300,20.6500,19.9300,20.6000,20.2300,1573356,31989894.9600,3,2.481634,1,1.829000,0
2011-04-14,sz.002372,20.6000,20.6100,20.2500,20.2800,20.6000,1032346,21037310.8100,3,1.628306,1,-1.553400,0
2011-04-15,sz.002372,20.2800,20.3900,19.8500,20.0300,20.2800,1737045,34774082.1100,3,2.739819,1,-1.232700,0
2011-04-18,sz.002372,20.0200,20.0800,19.6200,20.0000,20.0300,1179111,23394281.7600,3,1.859797,1,-0.149800,0
2011-04-19,sz.002372,19.9000,19.9300,19.6500,19.8700,20.0000,1116546,22071239.7300,3,1.761114,1,-0.650000,0
2011-04-20,sz.002372,19.8700,20.3000,19.8700,20.2400,19.8700,1196489,24073118.0800,3,1.887207,1,1.862100,0
2011-04-21,sz.002372,20.2000,20.4800,20.0600,20.3300,20.2400,1140161,23111136.1000,3,1.798361,1,0.444700,0
2011-04-22,sz.002372,20.1500,20.1500,19.7000,19.7500,20.3300,1768685,35154921.2800,3,2.789724,1,-2.852900,0
2011-04-25,sz.002372,19.6900,19.6900,19.1800,19.1900,19.7500,1216832,23523848.4000,3,1.919293,1,-2.835400,0
2011-04-26,sz.002372,19.1900,19.3100,18.8100,19.0400,19.1900,1090001,20730506.5600,3,1.719244,1,-0.781700,0
2011-04-27,sz.002372,19.1100,19.1200,18.6500,18.8400,19.0400,764320,14459737.9000,3,1.205552,1,-1.050400,0
2011-04-28,sz.002372,18.8400,18.9600,18.4000,18.4000,18.8400,832165,15488804.0800,3,1.312563,1,-2.335500,0
2011-04-29,sz.002372,18.4000,18.7300,18.4000,18.7200,18.4000,457141,8500209.9500,3,0.721043,1,1.739100,0
2011-05-03,sz.002372,18.7600,19.0600,18.6700,19.0400,18.7200,778349,14656974.3500,3,1.227680,1,1.709400,0
2011-05-04,sz.002372,18.9900,18.9900,18.5000,18.5500,19.0400,646749,12091018.4500,3,1.020109,1,-2.573500,0
2011-05-05,sz.002372,18.5500,18.7300,18.4200,18.6500,18.5500,365731,6810718.0400,3,0.576863,1,0.539100,0
2011-05-06,sz.002372,18.5900,18.8800,18.5500,18.8400,18.6500,509277,9553243.0000,3,0.803276,1,1.018800,0
2011-05-09,sz.002372,18.8400,18.8400,18.8400,18.8400,18.8400,0,0.0000,3,,0,0.000000,0
2011-05-10,sz.002372,19.0500,19.0500,18.8500,18.9000,18.8400,532031,10056602.1700,3,0.839166,1,0.318500,0
2011-05-11,sz.002372,18.7100,19.1000,18.7100,19.0100,18.9000,648287,12292455.7700,3,1.022535,1,0.582000,0
2011-05-12,sz.002372,18.9700,18.9800,18.6600,18.7000,19.0100,606842,11416575.4300,3,0.957164,1,-1.630700,0
2011-05-13,sz.002372,18.5100,18.6700,18.1400,18.4000,18.4000,629933,11544392.4100,3,0.993585,1,0.000000,0
2011-05-16,sz.002372,18.4600,18.5000,18.3000,18.3400,18.4000,352449,6476737.6000,3,0.555913,1,-0.326100,0
2011-05-17,sz.002372,18.3100,18.5300,18.1900,18.3600,18.3400,455492,8364152.0700,3,0.718442,1,0.109100,0
2011-05-18,sz.002372,18.3500,18.4200,18.1600,18.3800,18.3600,416985,7634597.6000,3,0.657705,1,0.108900,0
2011-05-19,sz.002372,18.3800,18.5100,18.2400,18.2600,18.3800,450170,8273152.0100,3,0.710047,1,-0.652900,0
2011-05-20,sz.002372,18.2000,18.3200,18.0700,18.1100,18.2600,560310,10188680.5200,3,0.883770,1,-0.821500,0
2011-05-23,sz.002372,18.0100,18.0900,17.1900,17.1900,18.1100,976845,17119539.0200,3,1.540765,1,-5.080100,0
2011-05-24,sz.002372,17.0200,17.3500,16.8800,17.2600,17.1900,618347,10556934.2700,3,0.975311,1,0.407200,0
2011-05-25,sz.002372,17.2000,17.2800,16.7500,17.1000,17.2600,644538,10973037.2200,3,1.016621,1,-0.927000,0
2011-05-26,sz.002372,17.1900,17.2600,16.9400,16.9500,17.1000,422840,7235218.4300,3,0.666940,1,-0.877200,0
2011-05-27,sz.002372,17.0600,17.0600,16.2700,16.4100,16.9500,899107,14841955.3700,3,1.418150,1,-3.185800,0
2011-05-30,sz.002372,16.3900,17.3700,16.1200,17.0900,16.4100,1245653,20923470.3100,3,1.964752,1,4.143800,0
2011-05-31,sz.002372,16.8600,17.4800,16.5800,17.2500,17.0900,1203337,20508003.6700,3,1.898008,1,0.936200,0
2011-06-01,sz.002372,17.2000,18.0500,17.0700,18.0300,17.2500,2215793,39195069.5200,3,3.494942,1,4.521700,0
2011-06-02,sz.002372,17.8500,17.9000,17.1100,17.8000,18.0300,2862268,50245854.8500,3,4.514618,1,-1.275700,0
2011-06-03,sz.002372,17.6100,17.7200,17.3000,17.3500,17.8000,3045965,53264528.8700,3,4.804361,1,-2.528100,0
2011-06-07,sz.002372,17.3000,17.3300,17.0100,17.1300,17.3500,1013774,17358871.0200,3,1.599013,1,-1.268000,0
2011-06-08,sz.002372,17.1900,17.3200,16.8900,17.1900,17.1300,895489,15305980.1600,3,1.412443,1,0.350300,0
2011-06-09,sz.002372,17.2000,17.2000,16.5800,16.5900,17.1900,807762,13604628.9200,3,1.274073,1,-3.490400,0
2011-06-10,sz.002372,16.6500,16.7900,16.4300,16.7400,16.5900,903171,14957036.9500,3,1.424560,1,0.904200,0
2011-06-13,sz.002372,16.6000,16.7000,16.3500,16.6700,16.7400,443825,7338701.4700,3,0.700039,1,-0.418200,0
2011-06-14,sz.002372,16.6700,17.0000,16.6700,16.9000,16.6700,616227,10403094.6100,3,0.971967,1,1.379700,0
2011-06-15,sz.002372,16.9000,16.9900,16.6100,16.6500,16.9000,436029,7331241.7500,3,0.687743,1,-1.479300,0
2011-06-16,sz.002372,16.5400,16.5400,16.1800,16.2300,16.6500,606959,9922637.1300,3,0.957349,1,-2.522500,0
2011-06-17,sz.002372,16.3800,16.3800,16.1200,16.1200,16.2300,459659,7440882.5100,3,0.725014,1,-0.677800,0
2011-06-20,sz.002372,16.0100,16.1000,15.8000,15.8600,16.1200,493487,7858001.3600,3,0.778371,1,-1.612900,0
2011-06-21,sz.002372,15.9800,16.2800,15.9500,16.2200,15.8600,632392,10221350.1700,3,0.997464,1,2.269900,0
2011-06-22,sz.002372,16.2200,16.3800,16.1400,16.2800,16.2200,443799,7213738.0800,3,0.699998,1,0.369900,0
2011-06-23,sz.002372,16.1700,17.3800,16.0000,16.9800,16.2800,1580822,26773793.3600,3,2.493410,1,4.299800,0
2011-06-24,sz.002372,17.0000,17.6100,16.8500,17.4000,16.9800,2272417,39384291.4200,3,3.584254,1,2.473500,0
2011-06-27,sz.002372,17.2400,17.5700,17.2300,17.3900,17.4000,1194061,20763625.6600,3,1.883377,1,-0.057500,0
2011-06-28,sz.002372,17.3900,17.3900,17.3900,17.3900,17.3900,0,0.0000,3,,0,0.000000,0
2011-06-29,sz.002372,17.3900,17.3900,17.3900,17.3900,17.3900,0,0.0000,3,,0,0.000000,0
2011-06-30,sz.002372,17.3900,17.3900,17.3900,17.3900,17.3900,0,0.0000,3,,0,0.000000,0
2011-07-01,sz.002372,17.3900,17.3900,17.3900,17.3900,17.3900,0,0.0000,3,,0,0.000000,0
2011-07-04,sz.002372,17.3900,17.3900,17.3900,17.3900,17.3900,0,0.0000,3,,0,0.000000,0
2011-07-05,sz.002372,18.9000,18.9800,17.8300,17.9400,17.3900,3218845,58706504.1700,3,5.077043,1,3.162700,0
2011-07-06,sz.002372,18.0000,18.2600,17.8400,18.2500,17.9400,1339885,24205124.2400,3,2.113383,1,1.728000,0
2011-07-07,sz.002372,18.2000,18.2800,17.9400,17.9500,18.2500,1927825,34898750.6200,3,3.040733,1,-1.643800,0
2011-07-08,sz.002372,18.0700,18.0700,17.6800,17.8000,17.9500,829296,14796524.2200,3,1.308038,1,-0.835663,0
2011-07-11,sz.002372,17.9600,18.5300,17.9500,18.3700,17.8000,2026363,37098137.7300,3,3.196156,1,3.202200,0
2011-07-12,sz.002372,18.4200,19.3700,18.3200,19.0600,18.3700,5638385,107115792.8600,3,8.893352,1,3.756100,0
2011-07-13,sz.002372,18.9000,19.3200,18.8600,19.1700,19.0600,2520614,48348990.6600,3,3.975732,1,0.577100,0
2011-07-14,sz.002372,19.1500,19.2800,19.0000,19.1800,19.1700,1574210,30119490.0900,3,2.482981,1,0.052200,0
2011-07-15,sz.002372,19.2800,19.6600,19.1400,19.2800,19.1800,1784753,34720280.7400,3,2.815068,1,0.521400,0
2011-07-18,sz.002372,19.2000,19.4000,18.8000,18.8500,19.2800,1439286,27393841.3100,3,2.270167,1,-2.230300,0
2011-07-19,sz.002372,18.7700,18.8500,18.5800,18.6800,18.8500,1101703,20597345.7400,3,1.737702,1,-0.901900,0
2011-07-20,sz.002372,18.8000,18.9500,18.4000,18.7800,18.6800,935866,17467083.3900,3,1.476129,1,0.535300,0
2011-07-21,sz.002372,18.7500,18.8300,18.4500,18.4500,18.7800,589570,10981675.1300,3,0.929921,1,-1.757200,0
2011-07-22,sz.002372,18.5700,18.9000,18.5000,18.8100,18.4500,1046687,19617015.8300,3,1.650926,1,1.951200,0
2011-07-25,sz.002372,18.8600,18.8600,18.2200,18.4500,18.8100,1220378,22545853.5800,3,1.924886,1,-1.913900,0
2011-07-26,sz.002372,18.5400,19.0900,18.2800,19.0900,18.4500,1167555,21945190.5200,3,1.841569,1,3.468800,0
2011-07-27,sz.002372,18.9000,19.8900,18.8600,19.8100,19.0900,3298724,64632949.0700,3,5.203035,1,3.771600,0
2011-07-28,sz.002372,19.5800,19.7000,19.3000,19.5800,19.8100,1428817,27867657.4600,3,2.253655,1,-1.161000,0
2011-07-29,sz.002372,19.8000,19.9500,19.2900,19.3000,19.5800,1163732,22844720.1400,3,1.835539,1,-1.430000,0
2011-08-01,sz.002372,19.3800,19.6200,19.1300,19.5500,19.3000,1108356,21618741.7000,3,1.748196,1,1.295300,0
2011-08-02,sz.002372,19.5000,19.5900,19.1100,19.4600,19.5500,885814,17109026.5700,3,1.397183,1,-0.460400,0
2011-08-03,sz.002372,19.2200,19.4900,19.1300,19.2500,19.4600,640597,12382408.1700,3,1.010405,1,-1.079100,0
2011-08-04,sz.002372,19.2800,19.5100,19.0000,19.2500,19.2500,830984,15963882.2200,3,1.310700,1,0.000000,0
2011-08-05,sz.002372,18.7500,19.1000,18.3200,18.8000,19.2500,1014760,19117216.9400,3,1.600568,1,-2.337700,0
2011-08-08,sz.002372,18.5700,18.6800,17.5000,17.8500,18.8000,1209055,21892041.6100,3,1.907027,1,-5.053200,0
2011-08-09,sz.002372,17.2500,18.4200,17.2500,18.1000,17.8500,924866,16418032.5400,3,1.458779,1,1.400600,0
2011-08-10,sz.002372,18.3000,18.7200,18.3000,18.3500,18.1000,825608,15260237.0900,3,1.302221,1,1.381200,0
2011-08-11,sz.002372,18.3400,18.6700,18.0100,18.6600,18.3500,732556,13522503.2700,3,1.155451,1,1.689400,0
2011-08-12,sz.002372,18.8000,19.0500,18.6700,18.9000,18.6600,855069,16079306.6500,3,1.348689,1,1.286200,0
2011-08-15,sz.002372,19.0000,19.3900,18.8900,19.2400,18.9000,828501,15924584.0000,3,1.306784,1,1.798900,0
2011-08-16,sz.002372,19.1600,19.3700,19.0500,19.0900,19.2400,455015,8725386.2200,3,0.717689,1,-0.779600,0
2011-08-17,sz.002372,18.9300,19.1800,18.9100,18.9300,19.0900,428875,8155182.6200,3,0.676459,1,-0.838100,0
2011-08-18,sz.002372,18.9500,19.2400,18.3800,18.4100,18.9300,491961,9209801.8200,3,0.775964,1,-2.747000,0
2011-08-19,sz.002372,18.1000,18.6700,18.0000,18.6700,18.4100,432408,7901162.9700,3,0.682032,1,1.412300,0
2011-08-22,sz.002372,18.6400,18.9700,18.6300,18.7500,18.6700,451697,8492158.7700,3,0.712456,1,0.428500,0
2011-08-23,sz.002372,18.8600,19.5400,18.7000,19.5000,18.7500,1599475,30901689.0300,3,2.522831,1,4.000000,0
2011-08-24,sz.002372,19.6000,19.6200,19.2600,19.3500,19.5000,1028276,20031435.0000,3,1.621886,1,-0.769200,0
2011-08-25,sz.002372,19.4000,19.6000,19.3100,19.5800,19.3500,823686,16062369.6500,3,1.299189,1,1.188600,0
2011-08-26,sz.002372,19.5000,19.9500,19.5000,19.7000,19.5800,1264967,24988172.2200,3,1.995216,1,0.612875,0
2011-08-29,sz.002372,19.5700,20.1000,19.5700,19.8100,19.7000,1682137,33560446.5800,3,2.653213,1,0.558400,0
2011-08-30,sz.002372,19.9500,20.1800,19.6300,19.7000,19.8100,1111193,22163980.8400,3,1.752670,1,-0.555300,0
2011-08-31,sz.002372,19.7000,19.8000,19.2300,19.4000,19.7000,775587,15126195.4600,3,1.223323,1,-1.522800,0
2011-09-01,sz.002372,19.5000,19.6200,19.1000,19.1700,19.4000,677434,13076905.6900,3,1.068508,1,-1.185600,0
2011-09-02,sz.002372,19.2000,19.4400,19.0300,19.4000,19.1700,576482,11086012.7000,3,0.909278,1,1.199800,0
2011-09-05,sz.002372,19.4000,19.8700,19.1200,19.6000,19.4000,1355988,26521584.6100,3,2.138782,1,1.030900,0
2011-09-06,sz.002372,19.3000,19.6900,18.5000,19.1300,19.6000,1058137,20231708.2400,3,1.668986,1,-2.398000,0
2011-09-07,sz.002372,19.2000,20.3800,19.0500,20.3700,19.1300,3103776,62056564.1000,3,4.895546,1,6.482000,0
2011-09-08,sz.002372,20.4000,20.5100,20.0600,20.1200,20.3700,2006503,40690391.9100,3,3.164831,1,-1.227295,0
2011-09-09,sz.002372,20.1200,20.5200,19.9100,20.1000,20.1200,1633385,33037484.9300,3,2.576317,1,-0.099400,0
2011-09-13,sz.002372,19.9700,19.9700,19.4600,19.6200,20.1000,1198617,23516111.6400,3,1.890563,1,-2.388100,0
2011-09-14,sz.002372,19.7500,20.3000,19.5900,20.2500,19.6200,2955436,59232510.4500,3,4.661571,1,3.211000,0
2011-09-15,sz.002372,20.2400,20.3800,19.9500,19.9500,20.2500,1601931,32359049.7300,3,2.526705,1,-1.481500,0
2011-09-16,sz.002372,20.1000,20.2000,19.6400,19.8500,19.9500,1131042,22464873.5100,3,1.783978,1,-0.501300,0
2011-09-19,sz.002372,19.6800,19.7500,19.0000,19.0200,19.8500,932929,18035631.4400,3,1.471497,1,-4.181400,0
2011-09-20,sz.002372,19.1000,19.4500,18.8800,19.1500,19.0200,1019182,19484640.2100,3,1.607543,1,0.683500,0
2011-09-21,sz.002372,19.1800,19.8000,19.0800,19.6700,19.1500,1051757,20524742.8300,3,1.658923,1,2.715400,0
2011-09-22,sz.002372,19.5500,19.7600,19.0800,19.1000,19.6700,1049924,20349062.0700,3,1.656032,1,-2.897800,0
2011-09-23,sz.002372,18.7800,18.9600,18.4500,18.8600,19.1000,960072,18006680.2600,3,1.514309,1,-1.256500,0
2011-09-26,sz.002372,18.7800,18.8900,18.2000,18.3600,18.8600,588641,10880104.4500,3,0.928456,1,-2.651100,0
2011-09-27,sz.002372,18.6500,18.7000,17.7800,18.0100,18.3600,957876,17327983.5100,3,1.510845,1,-1.906300,0
2011-09-28,sz.002372,18.2600,18.3900,17.9300,17.9800,18.0100,358593,6509269.2700,3,0.565604,1,-0.166600,0
2011-09-29,sz.002372,17.9400,18.0500,17.5000,17.7200,17.9800,427313,7606733.9100,3,0.673995,1,-1.446100,0
2011-09-30,sz.002372,17.7200,17.9500,17.6100,17.8500,17.7200,198437,3530303.0300,3,0.312992,1,0.733600,0
2011-10-10,sz.002372,18.1500,18.3300,17.8800,18.1500,17.8500,348311,6323312.6700,3,0.549386,1,1.680700,0
2011-10-11,sz.002372,18.5000,18.7000,18.0200,18.2700,18.1500,506536,9331060.7200,3,0.798953,1,0.661200,0
2011-10-12,sz.002372,18.3000,18.9400,18.0900,18.8700,18.2700,907033,16924505.2000,3,1.430651,1,3.284100,0
2011-10-13,sz.002372,18.7300,19.1500,18.7000,18.8500,18.8700,877817,16631790.4600,3,1.384569,1,-0.106000,0
2011-10-14,sz.002372,18.6900,18.8800,18.5500,18.6900,18.8500,325468,6080611.2600,3,0.513356,1,-0.848800,0
2011-10-17,sz.002372,18.6000,18.8600,18.4300,18.7500,18.6900,525279,9811715.9500,3,0.828516,1,0.321000,0
2011-10-18,sz.002372,18.6000,18.6900,17.7000,17.8200,18.7500,667748,12230574.0100,3,1.053230,1,-4.960000,0
2011-10-19,sz.002372,17.9100,17.9900,17.6500,17.8000,17.8200,430172,7654492.6400,3,0.678505,1,-0.112200,0
2011-10-20,sz.002372,17.6400,17.7500,16.9800,17.2100,17.8000,675148,11618973.8400,3,1.064902,1,-3.314600,0
2011-10-21,sz.002372,17.1100,17.3600,16.9500,16.9600,17.2100,333930,5706173.8200,3,0.526703,1,-1.452600,0
2011-10-24,sz.002372,16.9800,17.4000,16.8000,17.3500,16.9600,364769,6260925.2100,3,0.575345,1,2.299500,0
2011-10-25,sz.002372,17.3400,17.9500,17.2600,17.8700,17.3500,705108,12464294.3200,3,1.112158,1,2.997100,0
2011-10-26,sz.002372,17.6600,18.1000,17.6500,18.0600,17.8700,686831,12338650.5000,3,1.083330,1,1.063200,0
2011-10-27,sz.002372,18.0600,18.1800,17.8400,17.9900,18.0600,389201,7021159.5200,3,0.613882,1,-0.387600,0
2011-10-28,sz.002372,18.1000,18.4700,18.1000,18.4300,17.9900,990334,18079543.9500,3,1.562041,1,2.445800,0
2011-10-31,sz.002372,18.3800,18.5700,18.2800,18.4000,18.4300,619758,11430226.4600,3,0.977536,1,-0.162800,0
2011-11-01,sz.002372,18.3000,18.5000,18.1100,18.3700,18.4000,516381,9455380.9900,3,0.814481,1,-0.163000,0
2011-11-02,sz.002372,18.1200,18.7200,18.0300,18.6700,18.3700,704647,12959611.9100,3,1.111431,1,1.633100,0
2011-11-03,sz.002372,18.8000,19.0700,18.6700,18.6900,18.6700,1060089,19990948.2200,3,1.672065,1,0.107100,0
2011-11-04,sz.002372,18.6900,19.1700,18.6900,19.1500,18.6900,1121448,21305358.3100,3,1.768845,1,2.461200,0
2011-11-07,sz.002372,19.1500,19.2500,18.8400,18.9600,19.1500,605413,11517778.5700,3,0.954910,1,-0.992200,0
2011-11-08,sz.002372,18.9700,18.9700,18.6200,18.6800,18.9600,514302,9656201.6600,3,0.811202,1,-1.476800,0
2011-11-09,sz.002372,18.6600,19.1200,18.6600,19.0800,18.6800,535816,10115244.8600,3,0.845136,1,2.141300,0
2011-11-10,sz.002372,18.9200,19.2700,18.7100,19.0600,19.0800,828493,15750886.7200,3,1.306771,1,-0.104800,0
2011-11-11,sz.002372,19.0600,19.2000,18.7900,18.9500,19.0600,452428,8580957.1900,3,0.713609,1,-0.577100,0
2011-11-14,sz.002372,19.1700,19.4000,18.9900,19.3500,18.9500,744903,14370748.4200,3,1.174926,1,2.110800,0
2011-11-15,sz.002372,19.3900,19.5000,19.1500,19.2200,19.3500,669907,12898549.2100,3,1.056636,1,-0.671800,0
2011-11-16,sz.002372,19.2200,19.2400,18.5100,18.7000,19.2200,600285,11351926.3000,3,0.946822,1,-2.705500,0
2011-11-17,sz.002372,18.6500,19.0500,18.6400,18.7300,18.7000,420680,7899039.9700,3,0.663533,1,0.160400,0
2011-11-18,sz.002372,18.5800,18.7200,18.0200,18.1500,18.7300,591787,10852679.2600,3,0.933418,1,-3.096600,0
2011-11-21,sz.002372,18.1800,18.3200,18.0200,18.1900,18.1500,312900,5683120.0000,3,0.493533,1,0.220400,0
2011-11-22,sz.002372,18.1500,18.3000,18.0000,18.1600,18.1900,347115,6298263.2400,3,0.547500,1,-0.164900,0
2011-11-23,sz.002372,18.2200,18.3000,18.0800,18.1300,18.1600,289413,5274645.4400,3,0.456487,1,-0.165200,0
2011-11-24,sz.002372,18.0800,18.0800,17.7400,18.0400,18.1300,300008,5371177.4200,3,0.473199,1,-0.496400,0
2011-11-25,sz.002372,18.0200,18.1200,17.9400,17.9700,18.0400,201040,3625870.5700,3,0.317098,1,-0.388000,0
2011-11-28,sz.002372,18.0300,18.3500,17.9000,18.2800,17.9700,305955,5559747.2600,3,0.482579,1,1.725100,0
2011-11-29,sz.002372,18.5100,18.5400,18.3100,18.4800,18.2800,409095,7541172.4900,3,0.645260,1,1.094100,0
2011-11-30,sz.002372,18.5500,18.5700,17.3800,17.5100,18.4800,591960,10579811.5300,3,0.933691,1,-5.248900,0
2011-12-01,sz.002372,17.9500,18.2400,17.7600,17.8000,17.5100,589310,10602231.6900,3,0.929511,1,1.656200,0
2011-12-02,sz.002372,17.7600,17.9400,17.5100,17.5100,17.8000,369799,6549984.8200,3,0.583279,1,-1.629200,0
2011-12-05,sz.002372,17.5100,17.5100,17.5100,17.5100,17.5100,0,0.0000,3,,0,0.000000,0
2011-12-06,sz.002372,17.1100,17.2400,16.0000,16.9000,17.5100,491747,8293902.4100,3,0.775626,1,-3.483700,0
2011-12-07,sz.002372,16.8200,17.0900,16.7900,16.8800,16.9000,278149,4714503.9200,3,0.438721,1,-0.118300,0
2011-12-08,sz.002372,16.8200,17.0200,16.5800,16.7500,16.8800,532029,8933741.6100,3,0.839162,1,-0.770100,0
2011-12-09,sz.002372,16.7000,16.9700,16.6700,16.8400,16.7500,293155,4938947.6900,3,0.462390,1,0.537300,0
2011-12-12,sz.002372,16.8500,16.9300,16.5700,16.6100,16.8400,214799,3594031.2000,3,0.338800,1,-1.365800,0
2011-12-13,sz.002372,16.6700,16.6700,16.0600,16.2000,16.6100,458744,7442702.3000,3,0.723571,1,-2.468400,0
2011-12-14,sz.002372,16.2700,16.3600,16.0800,16.1300,16.2000,131519,2129273.7500,3,0.207443,1,-0.432100,0
2011-12-15,sz.002372,16.1500,16.2500,15.8100,16.0300,16.1300,433281,6946940.4000,3,0.683409,1,-0.620000,0
2011-12-16,sz.002372,16.0300,16.6300,16.0300,16.5500,16.0300,325699,5310926.5500,3,0.513721,1,3.243900,0
2011-12-19,sz.002372,16.2500,16.5800,16.2300,16.4000,16.5500,432820,7105054.2400,3,0.682681,1,-0.906300,0
2011-12-20,sz.002372,16.4100,16.5900,16.4000,16.5200,16.4000,483133,7971779.1400,3,0.762039,1,0.731700,0
2011-12-21,sz.002372,16.5200,16.6900,16.2000,16.2000,16.5200,315717,5205199.6500,3,0.497976,1,-1.937000,0
2011-12-22,sz.002372,16.2000,16.2000,15.5600,16.0300,16.2000,431009,6830058.8100,3,0.679825,1,-1.049400,0
2011-12-23,sz.002372,16.1800,16.6700,16.0400,16.5700,16.0300,521956,8578401.1500,3,0.823274,1,3.368700,0
2011-12-26,sz.002372,16.5700,16.7500,16.4100,16.5300,16.5700,367187,6076254.2800,3,0.579159,1,-0.241400,0
2011-12-27,sz.002372,16.5800,16.5800,16.0300,16.0800,16.5300,300302,4875702.1100,3,0.473662,1,-2.722300,0
2011-12-28,sz.002372,15.9000,16.0200,15.0100,15.4800,16.0800,521351,8072288.8100,3,0.822320,1,-3.731300,0
2011-12-29,sz.002372,15.2400,15.5800,15.2400,15.3500,15.4800,321844,4960910.5900,3,0.507640,1,-0.839800,0
2011-12-30,sz.002372,15.5000,15.5900,15.4700,15.5500,15.3500,474890,7372137.5900,3,0.749038,1,1.302900,0
2012-01-04,sz.002372,15.6500,15.6900,15.1000,15.1000,15.5500,545283,8425597.7300,3,0.860068,1,-2.893900,0
2012-01-05,sz.002372,15.0500,15.2000,14.8600,14.9000,15.1000,446535,6727703.7500,3,0.704314,1,-1.324500,0
2012-01-06,sz.002372,14.9000,15.3000,14.8100,15.2500,14.9000,261299,3919473.0900,3,0.412144,1,2.349000,0
2012-01-09,sz.002372,15.3000,15.7400,15.0500,15.7100,15.2500,685638,10657582.7100,3,1.081448,1,3.016400,0
2012-01-10,sz.002372,15.6000,16.3300,15.5800,16.2000,15.7100,1129253,18100490.8400,3,1.781156,1,3.119000,0
2012-01-11,sz.002372,16.1000,16.3400,15.8900,16.1100,16.2000,613721,9865066.9500,3,0.968014,1,-0.555600,0
2012-01-12,sz.002372,15.9500,16.1500,15.7400,15.8200,16.1100,663278,10554701.6100,3,1.046180,1,-1.800100,0
2012-01-13,sz.002372,15.8000,15.8600,14.9800,15.0000,15.8200,1112540,16946859.9100,3,1.754795,1,-5.183300,0
2012-01-16,sz.002372,15.0000,15.0200,14.4000,14.4100,15.0000,548053,8068654.6800,3,0.864437,1,-3.933300,0
2012-01-17,sz.002372,14.4100,15.2900,14.3500,15.1800,14.4100,732780,10902868.5300,3,1.155804,1,5.343500,0
2012-01-18,sz.002372,15.2500,15.3000,14.6800,14.7000,15.1800,712019,10691381.7800,3,1.123058,1,-3.162100,0
2012-01-19,sz.002372,14.7000,14.9800,14.7000,14.9200,14.7000,333634,4946013.4800,3,0.526237,1,1.496600,0
2012-01-20,sz.002372,14.9500,15.2800,14.8800,15.1500,14.9200,703686,10646049.5800,3,1.109915,1,1.541600,0
2012-01-30,sz.002372,15.1600,15.2600,15.0300,15.1100,15.1500,460800,6990087.6700,3,0.726814,1,-0.264000,0
2012-01-31,sz.002372,15.1200,15.1200,14.9900,15.0600,15.1100,393669,5914875.9900,3,0.620929,1,-0.330900,0
2012-02-01,sz.002372,15.0300,15.2400,14.9200,15.0900,15.0600,400848,6073770.0100,3,0.632252,1,0.199200,0
2012-02-02,sz.002372,15.1500,15.2900,15.0500,15.2900,15.0900,555019,8414757.4000,3,0.875424,1,1.325400,0
2012-02-03,sz.002372,15.3000,15.4900,15.1700,15.4500,15.2900,946748,14545274.3800,3,1.493293,1,1.046400,0
2012-02-06,sz.002372,15.4400,15.6600,15.4100,15.6600,15.4500,1163085,18045462.9100,3,1.834519,1,1.359200,0
2012-02-07,sz.002372,15.5500,15.5500,15.1900,15.2500,15.6600,566743,8678988.3100,3,0.893916,1,-2.618100,0
2012-02-08,sz.002372,15.2500,15.5800,15.0700,15.5800,15.2500,770996,11843799.2200,3,1.216082,1,2.163900,0
2012-02-09,sz.002372,15.5300,15.8500,15.5300,15.7000,15.5800,869525,13653963.9500,3,1.371491,1,0.770200,0
2012-02-10,sz.002372,15.7000,15.9000,15.6300,15.7500,15.7000,1026107,16194321.0200,3,1.618465,1,0.318500,0
2012-02-13,sz.002372,15.7000,16.0000,15.4500,15.8900,15.7500,955904,15070787.3400,3,1.507735,1,0.888900,0
2012-02-14,sz.002372,15.8900,15.8900,15.6800,15.7700,15.8900,564524,8894772.6700,3,0.890416,1,-0.755200,0
2012-02-15,sz.002372,15.7700,16.0400,15.7000,15.9300,15.7700,976357,15527291.6100,3,1.539995,1,1.014600,0
2012-02-16,sz.002372,15.8800,16.2800,15.8800,16.2200,15.9300,1481805,23909875.0300,3,2.337232,1,1.820500,0
2012-02-17,sz.002372,16.1900,16.2900,16.0000,16.0900,16.2200,800775,12966082.1600,3,1.263052,1,-0.801500,0
2012-02-20,sz.002372,16.2800,16.3700,15.9000,15.9300,16.0900,683449,11018255.6100,3,1.077995,1,-0.994400,0
2012-02-21,sz.002372,15.9300,16.2400,15.9000,16.2300,15.9300,643325,10343536.1700,3,1.014708,1,1.883200,0
2012-02-22,sz.002372,16.2800,16.6300,16.1500,16.6100,16.2300,1051889,17282870.8000,3,1.659131,1,2.341300,0
2012-02-23,sz.002372,16.5800,16.6600,16.2800,16.4800,16.6100,976867,16121180.9500,3,1.540800,1,-0.782700,0
2012-02-24,sz.002372,16.4000,16.7400,16.4000,16.7100,16.4800,808145,13427940.2900,3,1.274677,1,1.395600,0
2012-02-27,sz.002372,16.8000,16.9600,16.6500,16.6700,16.7100,1080529,18139211.4500,3,1.704304,1,-0.239400,0
2012-02-28,sz.002372,16.5500,16.8000,16.3800,16.5600,16.6700,1068146,17665810.4300,3,1.684773,1,-0.659900,0
2012-02-29,sz.002372,16.5200,16.6400,16.1900,16.2200,16.5600,1198358,19644598.2100,3,1.890155,1,-2.053100,0
2012-03-01,sz.002372,16.2300,16.4100,16.1800,16.2700,16.2200,533150,8684544.2500,3,0.840931,1,0.308300,0
2012-03-02,sz.002372,16.3500,16.9000,16.3500,16.8200,16.2700,986875,16413825.0000,3,1.556585,1,3.380500,0
2012-03-05,sz.002372,16.8500,17.2100,16.8500,16.9500,16.8200,1145858,19553968.3100,3,1.807347,1,0.772900,0
2012-03-06,sz.002372,16.9000,16.9900,16.7000,16.9700,16.9500,937504,15750237.0600,3,1.478713,1,0.118000,0
2012-03-07,sz.002372,16.8000,17.2100,16.7300,16.9800,16.9700,626515,10619562.6000,3,0.988194,1,0.058900,0
2012-03-08,sz.002372,16.9800,17.3500,16.9600,17.1900,16.9800,910953,15690147.4300,3,1.436834,1,1.236700,0
2012-03-09,sz.002372,17.2000,17.6000,17.2000,17.5600,17.1900,1192499,20856093.8600,3,1.880913,1,2.152400,0
2012-03-12,sz.002372,17.6500,17.7700,17.4100,17.5500,17.5600,810393,14226758.1700,3,1.278222,1,-0.056900,0
2012-03-13,sz.002372,17.4600,17.9500,17.4600,17.9500,17.5500,1276654,22766450.1700,3,2.013650,1,2.279200,0
2012-03-14,sz.002372,17.9900,18.2200,16.7700,16.9400,17.9500,2665283,47012083.2200,3,4.203916,1,-5.626700,0
2012-03-15,sz.002372,17.0600,17.5800,17.0500,17.5300,16.9400,1902653,33039611.5000,3,3.001030,1,3.482900,0
2012-03-16,sz.002372,17.2400,17.7400,16.9800,17.7200,17.5300,2739557,47227448.5600,3,4.321068,1,1.083900,0
2012-03-19,sz.002372,17.6000,17.7900,17.2500,17.6500,17.7200,1301196,22770249.5600,3,2.052360,1,-0.395000,0
2012-03-20,sz.002372,17.5500,17.5800,17.0500,17.1200,17.6500,1075816,18578866.1800,3,1.696871,1,-3.002800,0
2012-03-21,sz.002372,17.1800,18.0500,17.0000,18.0100,17.1200,1891260,33170150.3600,3,2.983060,1,5.198600,0
2012-03-22,sz.002372,17.8500,17.8800,17.3000,17.4300,18.0100,1705105,29997137.2500,3,2.689440,1,-3.220400,0
2012-03-23,sz.002372,17.4500,17.4500,17.0600,17.1100,17.4300,784586,13463073.4200,3,1.237517,1,-1.835900,0
2012-03-26,sz.002372,17.1000,17.2100,16.8800,17.1900,17.1100,560475,9582960.1100,3,0.884030,1,0.467600,0
2012-03-27,sz.002372,17.2500,17.3200,16.8100,16.8300,17.1900,620579,10600762.9200,3,0.978831,1,-2.094200,0
2012-03-28,sz.002372,16.7000,16.7000,16.1900,16.2000,16.8300,830935,13548674.6500,3,1.310623,1,-3.743300,0
2012-03-29,sz.002372,16.2100,16.2800,15.8100,15.9800,16.2000,712613,11448688.8300,3,1.123995,1,-1.358000,0
2012-03-30,sz.002372,15.9900,16.2000,15.8200,15.9500,15.9800,527126,8403830.8100,3,0.831429,1,-0.187700,0
2012-04-05,sz.002372,16.0000,16.4500,15.9600,16.4100,15.9500,594399,9681480.3900,3,0.937538,1,2.884000,0
2012-04-06,sz.002372,16.4100,16.4100,16.4100,16.4100,16.4100,0,0.0000,3,,0,0.000000,0
2012-04-09,sz.002372,16.4700,16.4700,16.1800,16.1800,16.4100,346465,5646687.5200,3,0.546475,1,-1.401600,0
2012-04-10,sz.002372,16.1100,16.4600,15.8800,16.4600,16.1800,593697,9594714.5500,3,0.936431,1,1.730500,0
2012-04-11,sz.002372,16.3800,16.5000,16.1800,16.4800,16.4600,449563,7362628.1800,3,0.709090,1,0.121500,0
2012-04-12,sz.002372,16.4500,16.8000,16.4300,16.7400,16.4800,507911,8463160.7300,3,0.801121,1,1.577700,0
2012-04-13,sz.002372,16.9800,17.3000,16.9300,17.1300,16.7400,868464,14869454.4400,3,1.369817,1,2.329700,0
2012-04-16,sz.002372,17.1300,17.4200,16.9300,17.3000,17.1300,834513,14384685.1800,3,1.316267,1,0.992400,0
2012-04-17,sz.002372,17.3200,17.4600,17.0500,17.3000,17.3000,1001706,17316032.7400,3,1.579978,1,0.000000,0
2012-04-18,sz.002372,17.3000,17.6700,17.2000,17.6700,17.3000,1145678,20008230.5400,3,1.807063,1,2.138700,0
2012-04-19,sz.002372,17.8000,18.1200,17.7000,18.0300,17.6700,2411250,43283437.0200,3,3.803233,1,2.037400,0
2012-04-20,sz.002372,16.7600,16.8000,16.4500,16.6200,17.2300,1876591,31197226.1900,3,2.959923,1,-3.540300,0
2012-04-23,sz.002372,16.5400,16.5400,15.8100,15.9300,16.6200,1864124,30034543.7800,3,2.940259,1,-4.151600,0
2012-04-24,sz.002372,15.9300,16.1800,15.7600,16.1500,15.9300,653504,10432552.8900,3,1.030763,1,1.381000,0
2012-04-25,sz.002372,16.0800,16.3000,16.0000,16.1300,16.1500,684059,11079976.4200,3,1.078957,1,-0.123800,0
2012-04-26,sz.002372,16.1200,16.2000,15.9900,16.0300,16.1300,538221,8664830.7600,3,0.848929,1,-0.620000,0
2012-04-27,sz.002372,16.1000,16.1200,15.9500,16.0600,16.0300,287266,4604525.6900,3,0.453101,1,0.187100,0
2012-05-02,sz.002372,16.2900,16.3700,16.1100,16.2500,16.0600,622266,10102952.0800,3,0.981492,1,1.183100,0
2012-05-03,sz.002372,16.2500,16.3400,16.1900,16.2800,16.2500,460742,7502391.5900,3,0.726722,1,0.184600,0
2012-05-04,sz.002372,16.2800,16.6900,16.2100,16.5900,16.2800,915037,15076368.7200,3,1.443276,1,1.904200,0
2012-05-07,sz.002372,16.5400,16.5800,16.3200,16.5300,16.5900,542777,8909924.8800,3,0.856115,1,-0.361700,0
2012-05-08,sz.002372,16.5200,16.5200,16.3000,16.4200,16.5300,501489,8229852.5900,3,0.790992,1,-0.665500,0
2012-05-09,sz.002372,16.3200,16.4200,16.0200,16.0800,16.4200,420431,6803460.1800,3,0.663140,1,-2.070600,0
2012-05-10,sz.002372,16.1000,16.1900,16.0300,16.1800,16.0800,246370,3973368.6800,3,0.388596,1,0.621900,0
2012-05-11,sz.002372,16.0800,16.2500,16.0700,16.1200,16.1800,212909,3438535.8800,3,0.335819,1,-0.370800,0
2012-05-14,sz.002372,16.2800,16.2800,16.0000,16.0500,16.1200,400844,6458818.0800,3,0.632246,1,-0.434200,0
2012-05-15,sz.002372,16.0000,16.0000,15.4000,15.6300,16.0500,826251,12880779.6700,3,1.303235,1,-2.616800,0
2012-05-16,sz.002372,15.5000,15.6400,15.2700,15.2800,15.6300,626721,9660538.4700,3,0.988519,1,-2.239300,0
2012-05-17,sz.002372,15.3100,15.4900,15.2500,15.4500,15.2800,416619,6408919.1400,3,0.657128,1,1.112600,0
2012-05-18,sz.002372,15.3900,15.3900,15.1500,15.1800,15.4500,435953,6640323.1100,3,0.687623,1,-1.747600,0
2012-05-21,sz.002372,15.1800,15.3100,15.1600,15.2200,15.1800,334790,5095886.0100,3,0.528060,1,0.263500,0
2012-05-22,sz.002372,15.2500,15.4400,15.2200,15.4300,15.2200,414742,6378246.6900,3,0.654167,1,1.379800,0
2012-05-23,sz.002372,15.4400,15.5300,15.2500,15.3900,15.4300,662709,10215272.1700,3,1.045282,1,-0.259200,0
2012-05-24,sz.002372,15.3500,15.4500,15.3100,15.3500,15.3900,257414,3960061.4000,3,0.406016,1,-0.259900,0
2012-05-25,sz.002372,15.3500,15.3900,14.9900,15.0100,15.3500,319711,4839312.9500,3,0.504276,1,-2.215000,0
2012-05-28,sz.002372,14.9500,15.3600,14.7900,15.3500,15.0100,355920,5342596.9000,3,0.561388,1,2.265200,0
2012-05-29,sz.002372,15.3400,15.7600,15.3300,15.5000,15.3500,1161063,18056392.8200,3,1.831330,1,0.977200,0
2012-05-30,sz.002372,15.5100,15.5900,15.4000,15.4800,15.5000,681484,10565555.7700,3,1.074896,1,-0.129000,0
2012-05-31,sz.002372,15.4100,15.6300,15.3700,15.5200,15.4800,507532,7868281.9400,3,0.800524,1,0.258400,0
2012-06-01,sz.002372,15.5200,15.6200,15.4100,15.4500,15.5200,345875,5354183.0000,3,0.545544,1,-0.451000,0
2012-06-04,sz.002372,15.3000,15.3000,15.0600,15.2000,15.4500,779625,11793612.7700,3,1.229692,1,-1.618100,0
2012-06-05,sz.002372,15.1800,16.6000,15.1600,16.5600,15.2000,2224430,35492970.3500,3,3.508565,1,8.947400,0
2012-06-06,sz.002372,16.4000,16.5600,15.7900,16.3000,16.5600,2616395,42339816.0500,3,4.126806,1,-1.570000,0
2012-06-07,sz.002372,16.2500,16.2500,15.8000,15.8100,16.3000,2843317,45729143.3100,3,4.484727,1,-3.006100,0
2012-06-08,sz.002372,15.9000,15.9600,15.2000,15.2900,15.8100,1229229,19018139.0700,3,1.938847,1,-3.289100,0
2012-06-11,sz.002372,15.1600,15.3100,14.7300,15.0900,15.2900,2052378,30650830.5100,3,3.237189,1,-1.308000,0
2012-06-12,sz.002372,15.0000,15.2500,14.8600,15.1300,15.0900,976301,14707756.7500,3,1.539907,1,0.265100,0
2012-06-13,sz.002372,15.1400,15.3400,14.9800,15.2000,15.1300,958031,14503467.4500,3,1.511090,1,0.462700,0
2012-06-14,sz.002372,15.2200,15.3600,15.1600,15.1600,15.2000,945585,14416208.2300,3,1.491459,1,-0.263200,0
2012-06-15,sz.002372,15.2000,15.3400,15.1600,15.2400,15.1600,694113,10583040.9500,3,1.094815,1,0.527700,0
2012-06-18,sz.002372,15.2700,15.6900,15.2700,15.4400,15.2400,775897,12024697.0800,3,1.223812,1,1.312300,0
2012-06-19,sz.002372,15.4400,15.5100,15.2800,15.2800,15.4400,512939,7901519.5800,3,0.809052,1,-1.036300,0
2012-06-20,sz.002372,15.4500,15.4700,15.1200,15.1200,15.2800,477198,7262402.0600,3,0.752678,1,-1.047100,0
2012-06-21,sz.002372,15.1200,15.1200,14.6900,14.7100,15.1200,911740,13501668.7000,3,1.438076,1,-2.711600,0
2012-06-25,sz.002372,14.7100,14.9500,14.1500,14.1500,14.7100,715919,10418905.2100,3,1.129210,1,-3.806900,0
2012-06-26,sz.002372,14.1500,14.3000,14.0300,14.1600,14.1500,752198,10641388.0400,3,1.186432,1,0.070700,0
2012-06-27,sz.002372,14.2600,14.3200,14.0000,14.0100,14.1600,748731,10607725.7600,3,1.180964,1,-1.059300,0
2012-06-28,sz.002372,14.0500,14.1400,13.8700,13.9000,14.0100,583448,8172713.8200,3,0.920265,1,-0.785200,0
2012-06-29,sz.002372,13.8700,14.1400,13.8000,14.1200,13.9000,388246,5430669.6400,3,0.612375,1,1.582700,0
2012-07-02,sz.002372,14.2600,14.2600,14.0700,14.1600,14.1200,620036,8780712.9500,3,0.977975,1,0.283300,0
2012-07-03,sz.002372,14.1600,14.3400,14.0900,14.1700,14.1600,749165,10647935.2200,3,1.181648,1,0.070600,0
2012-07-04,sz.002372,14.1700,14.2500,14.1200,14.2400,14.1700,609298,8651575.9500,3,0.961038,1,0.494000,0
2012-07-05,sz.002372,14.2400,14.2400,13.8400,13.8900,14.2400,507737,7093763.1300,3,0.800847,1,-2.457900,0
2012-07-06,sz.002372,14.0500,14.2000,13.8100,14.2000,13.8900,429664,6025655.4300,3,0.677703,1,2.231800,0
2012-07-09,sz.002372,14.1000,14.1400,13.7000,13.7100,14.2000,634700,8819710.9700,3,1.001104,1,-3.450700,0
2012-07-10,sz.002372,13.6800,13.7100,13.2900,13.3300,13.7100,869010,11720156.6800,3,1.370678,1,-2.771700,0
2012-07-11,sz.002372,13.3300,13.5600,13.3100,13.4000,13.3300,491327,6584937.2900,3,0.774964,1,0.525100,0
2012-07-12,sz.002372,13.4300,13.5100,13.1200,13.3900,13.4000,994108,13232821.5400,3,1.567994,1,-0.074600,0
2012-07-13,sz.002372,13.4000,13.4700,13.3200,13.4400,13.3900,779905,10451509.7600,3,1.230134,1,0.373400,0
2012-07-16,sz.002372,13.4300,13.4900,13.0000,13.0100,13.4400,948739,12420548.0400,3,1.496434,1,-3.199400,0
2012-07-17,sz.002372,13.0000,13.1000,12.9200,13.0200,13.0100,672845,8751049.3000,3,1.061270,1,0.076900,0
2012-07-18,sz.002372,13.0100,13.1500,12.7100,13.1400,13.0200,932252,12098580.3500,3,1.470429,1,0.921700,0
2012-07-19,sz.002372,13.1800,13.4300,13.1100,13.3000,13.1400,1083924,14421251.8800,3,1.709659,1,1.217700,0
2012-07-20,sz.002372,13.3000,13.3800,13.1600,13.1800,13.3000,581151,7698148.2500,3,0.916642,1,-0.902300,0
2012-07-23,sz.002372,13.6300,14.0000,13.2000,13.3000,13.1800,2458687,33465660.5500,3,3.878055,1,0.910500,0
2012-07-24,sz.002372,12.9800,13.4800,12.8600,13.3900,13.3000,1146066,15155555.4800,3,1.807675,1,0.676700,0
2012-07-25,sz.002372,13.2000,13.9600,13.1300,13.7300,13.3900,2718025,37272854.4900,3,4.287106,1,2.539200,0
2012-07-26,sz.002372,13.6100,13.7000,13.4000,13.4900,13.7300,1321276,17847213.4900,3,2.084032,1,-1.748000,0
2012-07-27,sz.002372,13.5500,13.5500,13.3000,13.3400,13.4900,621785,8316065.8100,3,0.980733,1,-1.111900,0
2012-07-30,sz.002372,13.3500,13.4800,13.0100,13.0600,13.3400,501964,6645897.6000,3,0.791741,1,-2.099000,0
2012-07-31,sz.002372,13.0300,13.1900,12.7000,13.1100,13.0600,869909,11283865.9400,3,1.372096,1,0.382800,0
2012-08-01,sz.002372,13.0500,13.4800,13.0500,13.2900,13.1100,670735,8933062.8000,3,1.057942,1,1.373000,0
2012-08-02,sz.002372,13.2300,13.3500,12.9500,13.0400,13.2900,562299,7384110.9000,3,0.886907,1,-1.881100,0
2012-08-03,sz.002372,13.1500,13.3900,12.9700,13.3600,13.0400,647694,8551394.7700,3,1.021599,1,2.454000,0
2012-08-06,sz.002372,13.2900,13.8300,13.2500,13.7700,13.3600,1501499,20408784.0700,3,2.368295,1,3.068900,0
2012-08-07,sz.002372,13.7500,13.9900,13.6700,13.9800,13.7700,1449344,20095264.2600,3,2.286032,1,1.525100,0
2012-08-08,sz.002372,13.9500,13.9900,13.6800,13.7900,13.9800,820328,11341799.5800,3,1.293893,1,-1.359100,0
2012-08-09,sz.002372,14.1000,14.2900,13.8500,14.1000,13.7900,1885972,26470957.7600,3,2.974719,1,2.248000,0
2012-08-10,sz.002372,14.1000,14.1800,14.0000,14.0200,14.1000,943938,13256045.6700,3,1.488861,1,-0.567400,0
2012-08-13,sz.002372,14.0200,14.0200,13.7000,13.7300,14.0200,668543,9255826.6100,3,1.054484,1,-2.068500,0
2012-08-14,sz.002372,13.7200,14.1000,13.6600,14.0800,13.7300,848216,11785382.6500,3,1.337880,1,2.549200,0
2012-08-15,sz.002372,14.0800,14.1300,13.9100,13.9700,14.0800,702815,9861888.5600,3,1.108541,1,-0.781200,0
2012-08-16,sz.002372,13.8700,14.0400,13.7700,13.7800,13.9700,562548,7826710.7200,3,0.887300,1,-1.360100,0
2012-08-17,sz.002372,13.7000,13.9600,13.6800,13.8800,13.7800,418730,5804496.6800,3,0.660457,1,0.725700,0
2012-08-20,sz.002372,13.8500,14.1700,13.7500,14.1400,13.8800,614846,8608209.7700,3,0.969789,1,1.873200,0
2012-08-21,sz.002372,14.1300,14.6800,14.0200,14.4500,14.1400,1583042,22816824.2500,3,2.496912,1,2.192400,0
2012-08-22,sz.002372,14.4200,14.6000,14.2000,14.4500,14.4500,1316813,18981385.9000,3,2.076992,1,0.000000,0
2012-08-23,sz.002372,14.3500,14.4800,14.1000,14.4000,14.4500,727812,10420040.8900,3,1.147968,1,-0.346000,0
2012-08-24,sz.002372,14.4000,14.4000,13.9600,13.9900,14.4000,691527,9767200.4700,3,1.090737,1,-2.847200,0
2012-08-27,sz.002372,13.9500,14.0000,13.8000,13.8300,13.9900,641055,8900760.8200,3,1.011128,1,-1.143700,0
2012-08-28,sz.002372,13.8000,14.1000,13.8000,13.9700,13.8300,609572,8504303.8900,3,0.961470,1,1.012300,0
2012-08-29,sz.002372,13.9900,14.0800,13.8100,13.9300,13.9700,366832,5115229.9100,3,0.578599,1,-0.286300,0
2012-08-30,sz.002372,13.8500,13.9700,13.3300,13.6100,13.9300,944919,12869099.1900,3,1.490409,1,-2.297205,0
2012-08-31,sz.002372,13.4500,13.7400,13.4500,13.6300,13.6100,269756,3668938.4400,3,0.425483,1,0.147000,0
2012-09-03,sz.002372,13.6600,13.9400,13.6600,13.8700,13.6300,541152,7485604.2700,3,0.853552,1,1.760800,0
2012-09-04,sz.002372,13.8500,13.9900,13.7200,13.8000,13.8700,416163,5763366.4900,3,0.656409,1,-0.504700,0
2012-09-05,sz.002372,13.8400,13.9500,13.7000,13.9200,13.8000,551159,7631132.2800,3,0.869336,1,0.869600,0
2012-09-06,sz.002372,13.8400,14.2500,13.8400,14.2000,13.9200,869850,12295275.2400,3,1.372003,1,2.011500,0
2012-09-07,sz.002372,14.3500,14.9200,14.2100,14.5000,14.2000,3214944,46800806.0700,3,5.070890,1,2.112700,0
2012-09-10,sz.002372,14.5400,14.8600,14.5000,14.6000,14.5000,2072838,30391801.2700,3,3.269461,1,0.689700,0
2012-09-11,sz.002372,14.6100,14.6100,14.3900,14.5400,14.6000,1316001,19028755.2900,3,2.075711,1,-0.411000,0
2012-09-12,sz.002372,14.6000,14.6500,14.4600,14.5800,14.5400,1342026,19467271.8800,3,2.116760,1,0.275100,0
2012-09-13,sz.002372,14.5800,14.5800,14.2300,14.2500,14.5800,757286,10910237.1000,3,1.194457,1,-2.263400,0
2012-09-14,sz.002372,14.3900,14.6000,14.2500,14.4400,14.2500,865985,12494413.2000,3,1.365907,1,1.333300,0
2012-09-17,sz.002372,14.4200,14.4200,13.9000,14.0100,14.4400,666600,9416974.0400,3,1.051420,1,-2.977800,0
2012-09-18,sz.002372,14.0000,14.0000,13.8400,13.8800,14.0100,416821,5797560.8500,3,0.657446,1,-0.927900,0
2012-09-19,sz.002372,14.0500,14.0700,13.8700,13.9800,13.8800,290101,4049937.9600,3,0.457573,1,0.720500,0
2012-09-20,sz.002372,13.9600,13.9800,13.4700,13.4700,13.9800,529538,7251182.5900,3,0.835233,1,-3.648100,0
2012-09-21,sz.002372,13.3200,13.6100,13.3200,13.4800,13.4700,340643,4593305.1900,3,0.537292,1,0.074200,0
2012-09-24,sz.002372,13.3800,13.6800,13.2800,13.6000,13.4800,363729,4894977.6100,3,0.573705,1,0.890200,0
2012-09-25,sz.002372,13.5600,13.5800,13.2800,13.3700,13.6000,311219,4173895.6500,3,0.490882,1,-1.691200,0
2012-09-26,sz.002372,13.3700,13.4200,12.9500,13.0300,13.3700,365710,4798345.5000,3,0.576830,1,-2.543000,0
2012-09-27,sz.002372,12.9500,13.3300,12.9500,13.1600,13.0300,659500,8706716.2200,3,1.040221,1,0.997700,0
2012-09-28,sz.002372,13.1200,13.6800,13.1200,13.5300,13.1600,771664,10385977.5600,3,1.217136,1,2.811600,0
2012-10-08,sz.002372,13.6000,13.6300,13.4500,13.4800,13.5300,296790,4013183.0500,3,0.468123,1,-0.369500,0
2012-10-09,sz.002372,13.5200,14.0000,13.5200,13.9100,13.4800,590585,8182023.8400,3,0.931522,1,3.189900,0
2012-10-10,sz.002372,13.8800,14.2000,13.8400,14.1000,13.9100,635025,8935681.1900,3,1.001617,1,1.365900,0
2012-10-11,sz.002372,14.1000,14.1000,13.7600,13.7600,14.1000,762608,10614095.6900,3,1.202852,1,-2.411300,0
2012-10-12,sz.002372,13.9200,13.9300,13.6300,13.8700,13.7600,467819,6475185.2600,3,0.737885,1,0.799400,0
2012-10-15,sz.002372,13.8200,14.1000,13.8100,13.9800,13.8700,692268,9637321.9800,3,1.091905,1,0.793100,0
2012-10-16,sz.002372,14.0200,14.0800,13.8700,13.9800,13.9800,480819,6715858.5500,3,0.758390,1,0.000000,0
2012-10-17,sz.002372,13.9800,14.0500,13.8500,13.9500,13.9800,318752,4447193.6800,3,0.502763,1,-0.214600,0
2012-10-18,sz.002372,13.9200,14.2500,13.9200,14.1800,13.9500,822623,11651397.5600,3,1.297513,1,1.648700,0
2012-10-19,sz.002372,14.1800,15.6000,14.0700,14.8800,14.1800,4404579,66789831.7500,3,6.947285,1,4.936529,0
2012-10-22,sz.002372,14.5100,14.9900,14.5000,14.7500,14.8800,1518042,22368947.7700,3,2.394388,1,-0.873700,0
2012-10-23,sz.002372,15.1900,15.7200,14.6800,14.7600,14.7500,2899763,43704293.9200,3,4.573759,1,0.067800,0
2012-10-24,sz.002372,14.8000,14.8300,14.3900,14.5600,14.7600,1950855,28376732.2300,3,3.077058,1,-1.355000,0
2012-10-25,sz.002372,14.4300,14.6100,14.4200,14.4400,14.5600,551946,8003055.1800,3,0.870577,1,-0.824200,0
2012-10-26,sz.002372,14.3600,14.5900,14.1400,14.4600,14.4400,943762,13578489.5700,3,1.488584,1,0.138500,0
2012-10-29,sz.002372,14.3500,14.4000,14.0400,14.2100,14.4600,763351,10841411.1400,3,1.204024,1,-1.728900,0
2012-10-30,sz.002372,14.1600,14.4000,14.1500,14.2400,14.2100,401701,5742989.8400,3,0.633598,1,0.211100,0
2012-10-31,sz.002372,14.2400,14.5200,14.2400,14.4200,14.2400,627470,9057583.1800,3,0.989700,1,1.264000,0
2012-11-01,sz.002372,14.4500,14.7500,14.3800,14.6000,14.4200,1079700,15754732.8600,3,1.702997,1,1.248300,0
2012-11-02,sz.002372,14.6600,14.6600,14.4000,14.5700,14.6000,878986,12765506.2100,3,1.386413,1,-0.205500,0
2012-11-05,sz.002372,14.6200,14.7800,14.5000,14.6800,14.5700,921596,13516482.0400,3,1.453621,1,0.755000,0
2012-11-06,sz.002372,14.6800,14.7100,14.2500,14.4800,14.6800,654260,9420190.4000,3,1.031956,1,-1.362400,0
2012-11-07,sz.002372,14.3400,14.6000,14.3000,14.4400,14.4800,443457,6397200.3200,3,0.699459,1,-0.276200,0
2012-11-08,sz.002372,14.3000,14.4300,13.7500,13.9000,14.4400,1020511,14324503.6300,3,1.609639,1,-3.739600,0
2012-11-09,sz.002372,13.6500,13.9500,13.6500,13.9000,13.9000,416969,5753099.6200,3,0.657680,1,0.000000,0
2012-11-12,sz.002372,13.9000,14.0700,13.7900,14.0600,13.9000,601237,8375730.0400,3,0.948323,1,1.151100,0
2012-11-13,sz.002372,14.0300,14.0500,13.7300,13.9700,14.0600,553996,7694669.5800,3,0.873811,1,-0.640100,0
2012-11-14,sz.002372,13.9000,13.9700,13.7700,13.9400,13.9700,225954,3134566.0800,3,0.356394,1,-0.214700,0
2012-11-15,sz.002372,13.9600,13.9600,13.4500,13.4900,13.9400,263001,3598257.3400,3,0.414828,1,-3.228100,0
2012-11-16,sz.002372,13.4200,13.5600,13.4000,13.5000,13.4900,269688,3636827.0000,3,0.425375,1,0.074100,0
2012-11-19,sz.002372,13.4600,13.6600,13.4000,13.6400,13.5000,205333,2770589.2100,3,0.323869,1,1.037000,0
2012-11-20,sz.002372,13.7200,13.8900,13.5900,13.8300,13.6400,441499,6049972.9900,3,0.696371,1,1.393000,0
2012-11-21,sz.002372,13.8000,14.0800,13.7000,13.9300,13.8300,691591,9606641.0500,3,1.090838,1,0.723100,0
2012-11-22,sz.002372,13.8500,13.9100,13.1000,13.8000,13.9300,500721,6888133.7700,3,0.789781,1,-0.933200,0
2012-11-23,sz.002372,13.7700,13.8400,13.6000,13.7800,13.8000,353503,4872186.4400,3,0.557576,1,-0.144900,0
2012-11-26,sz.002372,13.6500,13.7900,13.5600,13.6800,13.7800,275204,3763804.6800,3,0.434076,1,-0.725700,0
2012-11-27,sz.002372,13.5000,13.5200,13.0900,13.1500,13.6800,672243,8901025.9100,3,1.060320,1,-3.874300,0
2012-11-28,sz.002372,13.1000,13.2600,12.9800,13.1400,13.1500,661100,8654087.7500,3,1.042744,1,-0.076000,0
2012-11-29,sz.002372,13.0500,13.1500,12.8400,12.9500,13.1400,506000,6564837.9000,3,0.798107,1,-1.446000,0
2012-11-30,sz.002372,12.8700,13.0900,12.8400,13.0500,12.9500,350550,4560490.1300,3,0.552918,1,0.772200,0
2012-12-03,sz.002372,13.0600,13.1500,12.8800,12.9100,13.0500,561385,7309256.4100,3,0.885465,1,-1.072800,0
2012-12-04,sz.002372,12.9000,13.1000,12.7500,13.0900,12.9100,670568,8628311.2800,3,1.057678,1,1.394300,0
2012-12-05,sz.002372,13.1000,13.9100,13.0700,13.6800,13.0900,1175989,15986850.5700,3,1.854872,1,4.507300,0
2012-12-06,sz.002372,13.7900,13.8800,13.6100,13.7500,13.6800,759632,10444091.1400,3,1.198158,1,0.511700,0
2012-12-07,sz.002372,13.7000,14.2500,13.6300,14.0900,13.7500,1750633,24627499.8300,3,2.761251,1,2.472700,0
2012-12-10,sz.002372,14.2600,14.3500,14.0200,14.2800,14.0900,1644509,23389174.2400,3,2.593863,1,1.348500,0
2012-12-11,sz.002372,14.2600,14.2600,14.0300,14.0500,14.2800,1034652,14619902.7400,3,1.631943,1,-1.610600,0
2012-12-12,sz.002372,14.1000,14.5700,14.1000,14.2200,14.0500,1539119,22061255.7500,3,2.427632,1,1.210000,0
2012-12-13,sz.002372,14.2500,14.2900,13.9600,14.0500,14.2200,804581,11352318.7500,3,1.269055,1,-1.195500,0
2012-12-14,sz.002372,14.0900,14.7600,14.0600,14.7100,14.0500,2989256,43563618.1600,3,4.714915,1,4.697500,0
2012-12-17,sz.002372,14.7200,14.9500,14.5500,14.7200,14.7100,1960750,28872906.7800,3,3.092666,1,0.068000,0
2012-12-18,sz.002372,14.7200,14.9400,14.5500,14.6300,14.7200,1934565,28577928.6500,3,3.051364,1,-0.611400,0
2012-12-19,sz.002372,14.6300,14.8500,14.6100,14.7300,14.6300,1434436,21140809.8100,3,2.262517,1,0.683500,0
2012-12-20,sz.002372,14.6500,15.2600,14.6400,14.9000,14.7300,3603554,53869030.0900,3,5.683839,1,1.154100,0
2012-12-21,sz.002372,14.8000,15.1000,14.7000,14.8900,14.9000,2243791,33339984.2500,3,3.539103,1,-0.067100,0
2012-12-24,sz.002372,14.8700,16.2000,14.8700,15.9200,14.8900,5576777,87172070.4600,3,8.796178,1,6.917400,0
2012-12-25,sz.002372,15.7700,16.4500,15.7300,16.1600,15.9200,4719701,75741259.7900,3,7.444323,1,1.507500,0
2012-12-26,sz.002372,16.2500,16.7800,16.0500,16.3000,16.1600,4096917,67032718.1700,3,6.462014,1,0.866300,0
2012-12-27,sz.002372,16.3000,16.3100,15.8500,15.8700,16.3000,3178660,50906502.1900,3,5.013659,1,-2.638000,0
2012-12-28,sz.002372,15.8000,17.2900,15.7600,16.8900,15.8700,5900144,98410260.9500,3,9.306221,1,6.427200,0
2012-12-31,sz.002372,16.9800,17.0000,16.4700,16.7200,16.8900,3332201,55552109.6900,3,5.255838,1,-1.006500,0
2013-01-04,sz.002372,16.8000,16.9600,16.4400,16.6700,16.7200,3326917,55523713.5600,3,5.247503,1,-0.299000,0
2013-01-07,sz.002372,16.7000,17.2000,16.4700,16.9800,16.6700,3532632,59514941.2000,3,5.571975,1,1.859600,0
2013-01-08,sz.002372,16.8900,17.4600,16.6200,17.4400,16.9800,4825144,82324803.9500,3,7.610637,1,2.709100,0
2013-01-09,sz.002372,17.2600,17.2600,16.7500,17.2000,17.4400,2599309,44255752.9300,3,4.099856,1,-1.376100,0
2013-01-10,sz.002372,17.0100,17.3900,16.9000,17.1400,17.2000,2814826,48245743.9500,3,4.439789,1,-0.348800,0
2013-01-11,sz.002372,17.1600,17.1800,16.4100,16.4800,17.1400,3080964,51593563.2100,3,4.859565,1,-3.850600,0
2013-01-14,sz.002372,16.4100,16.9400,16.3600,16.8500,16.4800,3788446,63433384.4600,3,5.975467,1,2.245100,0
2013-01-15,sz.002372,16.8800,17.0800,16.6000,16.8400,16.8500,3266660,54943775.7300,3,5.152461,1,-0.059300,0
2013-01-16,sz.002372,16.8500,17.1400,16.4700,16.7200,16.8400,2913488,49011712.2900,3,4.595407,1,-0.712600,0
2013-01-17,sz.002372,16.7200,16.9600,16.4700,16.8800,16.7200,2261726,37870278.9600,3,3.567391,1,0.956900,0
2013-01-18,sz.002372,16.8800,16.9600,16.5200,16.8700,16.8800,2639978,44172556.2200,3,4.164003,1,-0.059200,0
2013-01-21,sz.002372,16.8200,17.1700,16.7000,17.1200,16.8700,2416227,41047971.9400,3,3.811084,1,1.481900,0
2013-01-22,sz.002372,17.0500,17.0500,16.4500,16.6100,17.1200,1669461,27940214.1600,3,2.633219,1,-2.979000,0
2013-01-23,sz.002372,16.5000,16.5700,15.9900,16.2500,16.6100,1864314,30218358.4800,3,2.940558,1,-2.167400,0
2013-01-24,sz.002372,16.3000,16.4300,15.5800,15.7500,16.2500,2273072,36346917.3000,3,3.585287,1,-3.076900,0
2013-01-25,sz.002372,15.6600,15.9700,15.5800,15.8300,15.7500,1215115,19157621.3400,3,1.916585,1,0.507900,0
2013-01-28,sz.002372,15.8800,16.3500,15.6000,16.3100,15.8300,1810437,29154467.4700,3,2.855579,1,3.032200,0
2013-01-29,sz.002372,16.3300,16.6400,16.1600,16.3400,16.3100,1577904,25918058.9700,3,2.488808,1,0.183900,0
2013-01-30,sz.002372,16.4100,16.4300,15.9100,16.1600,16.3400,1695332,27429156.4300,3,2.674025,1,-1.101600,0
2013-01-31,sz.002372,16.1000,16.2600,16.0200,16.2300,16.1600,964797,15610361.1500,3,1.521762,1,0.433200,0
2013-02-01,sz.002372,16.2100,16.5000,16.1100,16.3700,16.2300,1333199,21780861.4800,3,2.102838,1,0.862600,0
2013-02-04,sz.002372,16.2900,16.5800,16.0600,16.0900,16.3700,1557427,25449496.0400,3,2.456509,1,-1.710400,0
2013-02-05,sz.002372,16.0600,16.4800,15.9600,16.4200,16.0900,1016867,16570607.1000,3,1.603891,1,2.051000,0
2013-02-06,sz.002372,16.4200,16.8600,16.3800,16.7000,16.4200,1961935,32718404.0400,3,3.094535,1,1.705200,0
2013-02-07,sz.002372,16.6100,16.8500,16.5200,16.7000,16.7000,1022384,17065973.5800,3,1.612593,1,0.000000,0
2013-02-08,sz.002372,16.6500,17.1000,16.6200,17.0000,16.7000,1841270,31264140.1500,3,2.904211,1,1.796400,0
2013-02-18,sz.002372,17.0100,17.3800,17.0000,17.1800,17.0000,1900777,32634231.2600,3,2.998071,1,1.058800,0
2013-02-19,sz.002372,17.1800,17.2400,16.6500,16.6700,17.1800,1479027,24934084.5500,3,2.332850,1,-2.968600,0
2013-02-20,sz.002372,16.5800,17.1600,16.5800,17.0700,16.6700,1157150,19487830.6000,3,1.825158,1,2.399500,0
2013-02-21,sz.002372,16.9700,17.0000,16.5100,16.6900,17.0700,1669552,27910621.4700,3,2.633363,1,-2.226100,0
2013-02-22,sz.002372,16.7400,16.7400,16.1000,16.5500,16.6900,1724718,28183756.0000,3,2.720375,1,-0.838800,0
2013-02-25,sz.002372,16.4400,16.5500,16.2000,16.4500,16.5500,949597,15547499.0500,3,1.497787,1,-0.604200,0
2013-02-26,sz.002372,16.4300,16.5800,16.1500,16.1700,16.4500,1201126,19684071.0400,3,1.894521,1,-1.702100,0
2013-02-27,sz.002372,16.3800,16.7100,16.1600,16.4300,16.1700,1337098,21964371.7300,3,2.108987,1,1.607900,0
2013-02-28,sz.002372,16.4800,16.8300,16.3100,16.7300,16.4300,1617425,26935329.1900,3,2.551144,1,1.825900,0
2013-03-01,sz.002372,16.7100,17.1000,16.6600,17.0300,16.7300,1789141,30171234.0000,3,2.821989,1,1.793200,0
2013-03-04,sz.002372,16.9000,16.9000,16.1000,16.3700,17.0300,2561255,42001013.5700,3,4.039834,1,-3.875500,0
2013-03-05,sz.002372,16.2200,16.5600,16.1200,16.5000,16.3700,1329115,21792894.8400,3,2.096396,1,0.794100,0
2013-03-06,sz.002372,16.5500,16.7900,16.4500,16.6800,16.5000,1618917,26960263.6400,3,2.553497,1,1.090900,0
2013-03-07,sz.002372,16.6800,16.9800,16.5000,16.5800,16.6800,2189915,36810335.2900,3,3.454125,1,-0.599500,0
2013-03-08,sz.002372,16.4300,16.7900,16.3900,16.4100,16.5800,1089071,18073338.2000,3,1.717778,1,-1.025300,0
2013-03-11,sz.002372,16.4000,16.4000,16.1300,16.2900,16.4100,719932,11694689.9200,3,1.135539,1,-0.731300,0
2013-03-12,sz.002372,16.2200,16.5200,15.6000,15.8200,16.2900,1622242,25851001.7200,3,2.558741,1,-2.885200,0
2013-03-13,sz.002372,15.7900,16.1700,15.1500,15.4900,15.8200,1981809,30645786.2900,3,3.125882,1,-2.086000,0
2013-03-14,sz.002372,15.3900,15.5600,15.3200,15.4400,15.4900,865728,13393827.7700,3,1.365502,1,-0.322800,0
2013-03-15,sz.002372,15.4000,15.5000,14.8600,14.9700,15.4400,2269828,34237372.7200,3,3.580170,1,-3.044000,0
2013-03-18,sz.002372,15.0000,15.1700,14.8600,14.9800,14.9700,1188979,17861798.0000,3,0.469210,1,0.066800,0
2013-03-19,sz.002372,14.9700,15.2400,14.8700,15.2400,14.9800,948523,14280788.0000,3,0.374318,1,1.735600,0
2013-03-20,sz.002372,15.2500,15.6100,15.1100,15.6000,15.2400,1582024,24471828.0000,3,0.624319,1,2.362200,0
2013-03-21,sz.002372,15.6000,15.7600,15.5300,15.6600,15.6000,1497212,23440926.0000,3,0.590849,1,0.384600,0
2013-03-22,sz.002372,15.6700,15.7400,15.5400,15.6600,15.6600,928149,14518148.0000,3,0.366278,1,0.000000,0
2013-03-25,sz.002372,15.6900,15.7600,15.5400,15.6400,15.6600,926909,14486799.0000,3,0.365789,1,-0.127700,0
2013-03-26,sz.002372,15.6600,15.6600,15.2000,15.4000,15.6400,1036606,15929760.0000,3,0.409079,1,-1.534500,0
2013-03-27,sz.002372,15.4500,15.6100,15.3200,15.4600,15.4000,588237,9105743.0000,3,0.232138,1,0.389600,0
2013-03-28,sz.002372,15.3000,15.3000,14.9000,15.0800,15.4600,1157026,17441092.0000,3,0.456601,1,-2.458000,0
2013-03-29,sz.002372,14.9200,15.2000,14.8600,15.0000,15.0800,734921,11021336.0000,3,0.290024,1,-0.530500,0
2013-04-01,sz.002372,15.0100,15.3800,15.0100,15.3200,15.0000,698689,10629117.0000,3,0.275726,1,2.133300,0
2013-04-02,sz.002372,15.3900,15.7600,15.3800,15.4800,15.3200,1749290,27250890.0000,3,0.690328,1,1.044400,0
2013-04-03,sz.002372,15.4000,15.5200,15.1700,15.4800,15.4800,704056,10813320.0000,3,0.277844,1,0.000000,0
2013-04-08,sz.002372,15.2000,15.4000,15.0100,15.3800,15.4800,857885,13051938.0000,3,0.338550,1,-0.646000,0
2013-04-09,sz.002372,15.4500,15.6900,15.2400,15.6900,15.3800,1333069,20777892.0000,3,0.526073,1,2.015600,0
2013-04-10,sz.002372,15.7800,15.8000,15.4400,15.7000,15.6900,778121,12134493.0000,3,0.307072,1,0.063700,0
2013-04-11,sz.002372,15.6300,15.7100,15.4200,15.5100,15.7000,1055347,16406575.0000,3,0.416475,1,-1.210200,0
2013-04-12,sz.002372,15.4100,15.5900,15.1500,15.3800,15.5100,736685,11339295.0000,3,0.290720,1,-0.838170,0
2013-04-15,sz.002372,15.4900,15.4900,15.2100,15.3000,15.3800,474099,7262815.0000,3,0.187095,1,-0.520200,0
2013-04-16,sz.002372,15.2000,15.5000,15.0300,15.4600,15.3000,781987,11970499.0000,3,0.308598,1,1.045751,0
2013-04-17,sz.002372,15.4800,15.7300,15.4800,15.7100,15.4600,1088211,17003762.0000,3,0.429444,1,1.617100,0
2013-04-18,sz.002372,15.7000,16.0400,15.6000,15.8600,15.7100,2371630,37720520.0000,3,0.935923,1,0.954800,0
2013-04-19,sz.002372,15.8000,16.1500,15.8000,16.0800,15.8600,1493253,23905224.0000,3,0.589287,1,1.387139,0
2013-04-22,sz.002372,16.1300,16.3000,16.0800,16.1800,16.0800,1282789,20741104.0000,3,0.506231,1,0.621900,0
2013-04-23,sz.002372,16.2000,16.2000,15.6100,15.7000,16.1800,1606697,25542492.0000,3,0.634056,1,-2.966600,0
2013-04-24,sz.002372,15.8200,16.5500,15.8000,16.4600,15.7000,2694965,43777352.0000,3,1.063522,1,4.840800,0
2013-04-25,sz.002372,16.4700,16.6500,16.2900,16.5000,16.4600,1494969,24639850.0000,3,0.589964,1,0.243000,0
2013-04-26,sz.002372,16.4900,16.5800,16.2900,16.3100,16.5000,1158892,19026672.0000,3,0.457337,1,-1.151518,0
2013-05-02,sz.002372,16.3100,16.4500,16.2100,16.4200,16.3100,585919,9570443.0000,3,0.231223,1,0.674400,0
2013-05-03,sz.002372,16.4200,16.8100,16.4200,16.6100,16.4200,993634,16569932.0000,3,0.392121,1,1.157129,0
2013-05-06,sz.002372,16.5500,16.6500,16.4900,16.6200,16.6100,1438729,23851968.0000,3,0.567770,1,0.060200,0
2013-05-07,sz.002372,16.5000,16.6300,16.3500,16.5200,16.6200,1096944,18086632.0000,3,0.432890,1,-0.601700,0
2013-05-08,sz.002372,16.6000,16.9000,16.3800,16.8600,16.5200,1683424,28015258.0000,3,0.664335,1,2.058100,0
2013-05-09,sz.002372,16.8600,16.9900,16.6700,16.8700,16.8600,1198353,20161294.0000,3,0.472910,1,0.059300,0
2013-05-10,sz.002372,16.8700,16.9600,16.6700,16.8100,16.8700,1142487,19148520.0000,3,0.450863,1,-0.355700,0
2013-05-13,sz.002372,16.8100,16.8700,16.6700,16.8400,16.8100,972408,16293157.0000,3,0.383744,1,0.178500,0
2013-05-14,sz.002372,16.8400,16.9800,16.6000,16.7500,16.8400,976653,16348307.0000,3,0.385419,1,-0.534400,0
2013-05-15,sz.002372,16.7800,17.1400,16.6900,17.1200,16.7500,1273365,21577274.0000,3,0.502512,1,2.209000,0
2013-05-16,sz.002372,17.1200,17.4600,17.0000,17.0800,17.1200,1794417,31003240.0000,3,0.708136,1,-0.233600,0
2013-05-17,sz.002372,17.0100,17.4000,17.0100,17.2900,17.0800,1329782,22904856.0000,3,0.524776,1,1.229500,0
2013-05-20,sz.002372,17.4800,18.1100,17.4600,17.9800,17.2900,2416883,43224696.0000,3,0.953782,1,3.990700,0
2013-05-21,sz.002372,18.0900,18.5100,18.0300,18.1800,17.9800,2507395,45815448.0000,3,0.989501,1,1.112351,0
2013-05-22,sz.002372,18.1500,18.3800,17.8100,17.8600,18.1800,1843113,33309010.0000,3,0.727353,1,-1.760200,0
2013-05-23,sz.002372,17.8700,18.2700,17.8600,17.9900,17.8600,1803615,32672068.0000,3,0.711766,1,0.727900,0
2013-05-24,sz.002372,17.8700,18.3000,17.8700,18.2900,17.9900,1331539,24042252.0000,3,0.525469,1,1.667600,0
2013-05-27,sz.002372,18.3000,18.4200,18.2000,18.3800,18.2900,1052430,19285376.0000,3,0.415324,1,0.492100,0
2013-05-28,sz.002372,18.3100,18.3800,17.9500,18.0300,18.3800,1298131,23476972.0000,3,0.512285,1,-1.904200,0
2013-05-29,sz.002372,18.0300,18.3600,18.0300,18.2800,18.0300,1116764,20354628.0000,3,0.440712,1,1.386600,0
2013-05-30,sz.002372,18.2900,18.3400,18.1200,18.2200,18.2800,809950,14758447.0000,3,0.319633,1,-0.328200,0
2013-05-31,sz.002372,18.2200,18.4300,17.9100,17.9400,18.2200,1171079,21209676.0000,3,0.462146,1,-1.536766,0
2013-06-03,sz.002372,17.9000,18.0600,17.7200,17.7400,17.9400,1274449,22778928.0000,3,0.502940,1,-1.114800,0
2013-06-04,sz.002372,17.7800,17.8400,17.3000,17.5200,17.7400,1836538,32293632.0000,3,0.724758,1,-1.240100,0
2013-06-05,sz.002372,17.5200,17.9700,17.4200,17.8900,17.5200,884410,15642287.0000,3,0.349017,1,2.111900,0
2013-06-06,sz.002372,17.8500,17.9400,17.6200,17.8300,17.8900,711519,12655858.0000,3,0.280789,1,-0.335400,0
2013-06-07,sz.002372,17.8300,18.0000,17.3200,17.7300,17.8300,1037503,18245184.0000,3,0.409433,1,-0.560900,0
2013-06-13,sz.002372,17.8600,17.8600,16.9400,17.6600,17.7300,1009349,17651616.0000,3,0.448799,1,-0.394800,0
2013-06-14,sz.002372,17.6200,17.8000,17.4000,17.6400,17.6600,893351,15756680.0000,3,0.397221,1,-0.113300,0
2013-06-17,sz.002372,17.6000,17.7000,17.4200,17.4300,17.6400,1066122,18648616.0000,3,0.474043,1,-1.190500,0
2013-06-18,sz.002372,17.4200,17.8500,17.4100,17.4500,17.4300,1433997,25128138.0000,3,0.637615,1,0.114700,0
2013-06-19,sz.002372,12.5100,12.5200,11.9300,12.0300,12.8100,2494410,30205432.0000,3,0.853169,1,-6.089000,0
2013-06-20,sz.002372,11.9500,11.9600,11.3600,11.4200,12.0300,2501527,29025244.0000,3,0.855603,1,-5.070700,0
2013-06-21,sz.002372,11.0100,11.4800,11.0100,11.3600,11.4200,1271178,14264342.0000,3,0.434784,1,-0.525400,0
2013-06-24,sz.002372,11.3600,11.3700,10.4600,10.5500,11.3600,1268305,13815537.0000,3,0.433801,1,-7.130300,0
2013-06-25,sz.002372,10.4100,10.5700,9.7800,10.4800,10.5500,2982414,30163082.0000,3,1.020082,1,-0.663500,0
2013-06-26,sz.002372,10.4400,10.5200,10.2000,10.4700,10.4800,1616006,16727838.0000,3,0.552726,1,-0.095400,0
2013-06-27,sz.002372,10.5800,10.8900,10.2600,10.2600,10.4700,1683683,17891108.0000,3,0.575874,1,-2.005700,0
2013-06-28,sz.002372,10.2500,10.5500,10.1000,10.2500,10.2600,1214168,12489096.0000,3,0.415285,1,-0.097500,0
2013-07-01,sz.002372,10.1500,10.3600,10.0100,10.3400,10.2500,1428730,14597184.0000,3,0.488672,1,0.878000,0
2013-07-02,sz.002372,10.3400,10.9000,10.2000,10.9000,10.3400,2069363,21708292.0000,3,0.707789,1,5.415900,0
2013-07-03,sz.002372,10.8000,11.0800,10.5800,11.0100,10.9000,3004396,32740192.0000,3,1.027601,1,1.009200,0
2013-07-04,sz.002372,10.9100,11.6200,10.8200,11.4600,11.0100,2335180,26017844.0000,3,0.798707,1,4.087200,0
2013-07-05,sz.002372,11.5300,11.5300,11.1000,11.3100,11.4600,1609216,18191338.0000,3,0.550404,1,-1.308900,0
2013-07-08,sz.002372,11.1200,11.1200,10.8000,10.8200,11.3100,1206751,13189517.0000,3,0.412748,1,-4.332400,0
2013-07-09,sz.002372,10.8200,11.9000,10.8200,11.3900,10.8200,2906458,32748824.0000,3,0.994103,1,5.268000,0
2013-07-10,sz.002372,11.4200,11.7000,11.2100,11.5800,11.3900,2784534,32035728.0000,3,0.952401,1,1.668100,0
2013-07-11,sz.002372,11.5100,12.1000,11.3400,12.0800,11.5800,3531291,41621416.0000,3,1.207816,1,4.317800,0
2013-07-12,sz.002372,11.9800,12.4900,11.8000,12.3700,12.0800,4486335,55066864.0000,3,1.534472,1,2.400700,0
2013-07-15,sz.002372,12.3800,12.3800,11.9700,12.1900,12.3700,3415025,41526280.0000,3,1.168049,1,-1.455100,0
2013-07-16,sz.002372,12.1900,12.3000,12.0600,12.2600,12.1900,2264874,27595544.0000,3,0.774660,1,0.574200,0
2013-07-17,sz.002372,12.2100,12.2100,11.8100,11.8800,12.2600,2014781,24236676.0000,3,0.689120,1,-3.099500,0
2013-07-18,sz.002372,11.8400,11.8400,11.4100,11.4600,11.8800,1772796,20488782.0000,3,0.606354,1,-3.535400,0
2013-07-19,sz.002372,11.4600,11.7200,11.1900,11.2000,11.4600,1286938,14735625.0000,3,0.440174,1,-2.268800,0
2013-07-22,sz.002372,11.2100,11.4900,11.0300,11.4300,11.2000,1002251,11323590.0000,3,0.342802,1,2.053600,0
2013-07-23,sz.002372,11.4400,11.7800,11.3800,11.7500,11.4300,1465564,17083996.0000,3,0.501270,1,2.799600,0
2013-07-24,sz.002372,11.6800,11.9500,11.5000,11.8000,11.7500,1730399,20387964.0000,3,0.591852,1,0.425500,0
2013-07-25,sz.002372,11.8500,11.9700,11.6200,11.8300,11.8000,915563,10753728.0000,3,0.313152,1,0.254200,0
2013-07-26,sz.002372,11.7900,11.8300,11.4800,11.7600,11.8300,1155376,13493345.0000,3,0.395176,1,-0.591700,0
2013-07-29,sz.002372,11.6300,11.7000,11.4100,11.5500,11.7600,1379096,15909895.0000,3,0.471695,1,-1.785700,0
2013-07-30,sz.002372,11.7800,12.2300,11.4000,12.0000,11.5500,3210295,38296128.0000,3,1.098025,1,3.896100,0
2013-07-31,sz.002372,12.1200,12.2800,12.0000,12.2200,12.0000,2617655,31821022.0000,3,0.895323,1,1.833300,0
2013-08-01,sz.002372,12.8500,13.2100,12.5900,13.1700,12.2200,9609993,123575384.0000,3,3.286929,1,7.774100,0
2013-08-02,sz.002372,13.1500,13.2700,12.8600,12.8800,13.1700,4566417,59633048.0000,3,1.561862,1,-2.202000,0
2013-08-05,sz.002372,12.7500,13.1300,12.7500,12.9000,12.8800,2657629,34425836.0000,3,0.908995,1,0.155300,0
2013-08-06,sz.002372,12.8800,13.0500,12.6700,12.9700,12.9000,2340959,30056532.0000,3,0.800684,1,0.542600,0
2013-08-07,sz.002372,12.9100,13.0300,12.7100,12.7700,12.9700,1788683,23043420.0000,3,0.611787,1,-1.542000,0
2013-08-08,sz.002372,12.7300,12.8600,12.5100,12.6000,12.7700,2053049,26011318.0000,3,0.702209,1,-1.331200,0
2013-08-09,sz.002372,12.6500,12.9700,12.3300,12.5300,12.6000,3114985,39384000.0000,3,1.065426,1,-0.555600,0
2013-08-12,sz.002372,12.4900,13.1500,12.4000,13.0500,12.5300,4066997,52447572.0000,3,1.391045,1,4.150000,0
2013-08-13,sz.002372,12.9900,13.3600,12.9900,13.2500,13.0500,3716837,49211656.0000,3,1.271279,1,1.532600,0
2013-08-14,sz.002372,13.2300,13.2500,12.8800,12.9000,13.2500,2038692,26528740.0000,3,0.697299,1,-2.641500,0
2013-08-15,sz.002372,12.9600,13.0600,12.7100,12.9400,12.9000,1718720,22119288.0000,3,0.587858,1,0.310100,0
2013-08-16,sz.002372,12.8500,13.8400,12.7100,12.7800,12.9400,2721562,35877108.0000,3,0.930862,1,-1.236500,0
2013-08-19,sz.002372,12.7000,13.0600,12.5700,12.9900,12.7800,1145975,14718557.0000,3,0.391961,1,1.643200,0
2013-08-20,sz.002372,12.9800,13.2200,12.8000,12.8800,12.9900,1381578,17949828.0000,3,0.472544,1,-0.846800,0
2013-08-21,sz.002372,12.8600,12.8800,12.6800,12.8000,12.8800,1260715,16106598.0000,3,0.431205,1,-0.621100,0
2013-08-22,sz.002372,12.7000,12.9800,12.7000,12.8300,12.8000,1172829,15101611.0000,3,0.401145,1,0.234400,0
2013-08-23,sz.002372,12.8200,12.9000,12.3800,12.6200,12.8300,1298045,16394545.0000,3,0.443973,1,-1.636800,0
2013-08-26,sz.002372,12.7000,13.2000,12.6900,13.1900,12.6200,3242160,42409296.0000,3,1.108924,1,4.516600,0
2013-08-27,sz.002372,13.2000,13.2800,13.0200,13.2600,13.1900,2061201,27176222.0000,3,0.704997,1,0.530700,0
2013-08-28,sz.002372,13.1800,13.3600,13.0000,13.0100,13.2600,2101908,27674688.0000,3,0.718921,1,-1.885400,0
2013-08-29,sz.002372,13.0600,13.3300,13.0600,13.2200,13.0100,2195557,29064548.0000,3,0.750952,1,1.614100,0
2013-08-30,sz.002372,13.1500,13.2200,12.6300,12.6700,13.2200,2714190,35026776.0000,3,0.928341,1,-4.160400,0
2013-09-02,sz.002372,12.7000,13.1200,12.6600,13.0400,12.6700,1840467,23783434.0000,3,0.629499,1,2.920300,0
2013-09-03,sz.002372,13.0500,13.2500,12.9200,13.2000,13.0400,1625468,21372660.0000,3,0.555963,1,1.227000,0
2013-09-04,sz.002372,13.2000,13.6800,13.1900,13.6500,13.2000,4113127,55465972.0000,3,1.406823,1,3.409100,0
2013-09-05,sz.002372,13.7800,13.9000,13.4900,13.6000,13.6500,3082961,42265856.0000,3,1.054472,1,-0.366300,0
2013-09-06,sz.002372,13.4800,14.2400,13.4200,14.0400,13.6000,3318647,46411928.0000,3,1.135085,1,3.235300,0
2013-09-09,sz.002372,14.1900,14.5100,14.0300,14.0500,14.0400,3452057,49187484.0000,3,1.180715,1,0.071200,0
2013-09-10,sz.002372,14.0500,14.7500,14.0500,14.6900,14.0500,3795473,55417864.0000,3,1.298175,1,4.555200,0
2013-09-11,sz.002372,14.7000,14.9800,14.2100,14.7100,14.6900,3227590,47354218.0000,3,1.103940,1,0.136100,0
2013-09-12,sz.002372,14.6500,14.7900,14.4300,14.4500,14.7100,1882955,27559271.0000,3,0.644032,1,-1.767500,0
2013-09-13,sz.002372,14.3500,14.4900,14.1100,14.4600,14.4500,1459687,20866144.0000,3,0.499260,1,0.069200,0
2013-09-16,sz.002372,14.4600,14.5800,14.1500,14.2300,14.4600,1807931,25904567.0000,3,0.618371,1,-1.590600,0
2013-09-17,sz.002372,14.4800,15.1800,14.4600,14.8100,14.2300,5061552,75340603.0000,3,1.731215,1,4.075900,0
2013-09-18,sz.002372,14.7100,15.2000,14.6000,14.9100,14.8100,1672771,24834717.0000,3,0.572142,1,0.675200,0
2013-09-23,sz.002372,15.0100,15.5900,14.8300,15.5000,14.9100,3225098,49437791.0000,3,1.103088,1,3.957100,0
2013-09-24,sz.002372,15.5900,15.7500,15.2800,15.4300,15.5000,2314761,35954558.0000,3,0.786686,1,-0.451600,0
2013-09-25,sz.002372,15.4300,15.6800,15.1900,15.5800,15.4300,2095909,32280716.0000,3,0.712308,1,0.972100,0
2013-09-26,sz.002372,15.5600,15.5600,14.9200,14.9200,15.5800,1890788,28685611.0000,3,0.642596,1,-4.236200,0
2013-09-27,sz.002372,14.9200,15.1500,14.7100,14.9500,14.9200,1263298,18906408.0000,3,0.429340,1,0.201100,0
2013-09-30,sz.002372,14.8300,15.5800,14.8300,15.4900,14.9500,1072025,16520365.0000,3,0.364334,1,3.612000,0
2013-10-08,sz.002372,15.4100,15.5200,15.1300,15.4200,15.4900,1870988,28700765.0000,3,0.635867,1,-0.451900,0
2013-10-09,sz.002372,15.4200,15.6100,15.2600,15.6100,15.4200,1417442,21921057.0000,3,0.481727,1,1.232200,0
2013-10-10,sz.002372,15.7000,16.0800,15.5700,15.6000,15.6100,2004220,31682909.0000,3,0.681147,1,-0.064100,0
2013-10-11,sz.002372,15.7100,16.0000,15.6600,15.9100,15.6000,2015201,31883394.0000,3,0.684879,1,1.987200,0
2013-10-14,sz.002372,15.9500,16.0800,15.7200,15.8000,15.9100,1638247,25959024.0000,3,0.556769,1,-0.691400,0
2013-10-15,sz.002372,15.9200,15.9200,15.0500,15.3000,15.8000,3209003,49155026.0000,3,1.090600,1,-3.164600,0
2013-10-16,sz.002372,15.2200,15.3000,14.7100,14.8300,15.3000,2251341,33523880.0000,3,0.765132,1,-3.071900,0
2013-10-17,sz.002372,15.0000,15.3500,14.7000,14.8300,14.8300,2924646,43984641.0000,3,0.993959,1,0.000000,0
2013-10-18,sz.002372,14.8100,14.9500,14.5100,14.6900,14.8300,1582592,23208538.0000,3,0.537854,1,-0.944000,0
2013-10-21,sz.002372,14.6900,15.1300,14.6900,15.0700,14.6900,1413879,21189675.0000,3,0.480516,1,2.586800,0
2013-10-22,sz.002372,15.0500,15.1900,14.6400,14.7100,15.0700,1945640,28953329.0000,3,0.661238,1,-2.388900,0
2013-10-23,sz.002372,14.7100,14.7100,13.8500,14.0400,14.7100,2648318,37627150.0000,3,0.900048,1,-4.554700,0
2013-10-24,sz.002372,14.0400,14.1200,13.8100,14.0500,14.0400,1367912,19088168.0000,3,0.464894,1,0.071200,0
2013-10-25,sz.002372,14.1000,14.1600,13.7600,13.9000,14.0500,1014850,14160812.0000,3,0.344903,1,-1.067600,0
2013-10-28,sz.002372,14.1000,14.5200,14.0600,14.4500,13.9000,1781250,25483594.0000,3,0.605369,1,3.956800,0
2013-10-29,sz.002372,14.4700,14.4900,13.9000,14.1800,14.4500,1368553,19415480.0000,3,0.465111,1,-1.868500,0
2013-10-30,sz.002372,14.1700,14.4000,14.1400,14.3800,14.1800,1023706,14637877.0000,3,0.347913,1,1.410400,0
2013-10-31,sz.002372,14.3800,14.7800,14.3800,14.5000,14.3800,1840958,26946093.0000,3,0.625661,1,0.834500,0
2013-11-01,sz.002372,14.3300,14.6200,14.2000,14.4100,14.5000,1026103,14805421.0000,3,0.348728,1,-0.620700,0
2013-11-04,sz.002372,14.4100,14.5200,14.3500,14.4400,14.4100,883425,12743228.0000,3,0.300238,1,0.208200,0
2013-11-05,sz.002372,14.4400,14.4400,14.0500,14.3900,14.4400,831201,11841593.0000,3,0.282489,1,-0.346300,0
2013-11-06,sz.002372,14.3900,14.5100,14.1100,14.3000,14.3900,945027,13517035.0000,3,0.321173,1,-0.625400,0
2013-11-07,sz.002372,14.3000,14.3000,13.6800,13.7400,14.3000,1260640,17576119.0000,3,0.428436,1,-3.916100,0
2013-11-08,sz.002372,13.7300,13.7300,12.8900,13.0300,13.7400,3265207,42948726.0000,3,1.109701,1,-5.167400,0
2013-11-11,sz.002372,13.0300,13.0900,12.7500,13.0400,13.0300,1845564,23777388.0000,3,0.627227,1,0.076700,0
2013-11-12,sz.002372,12.9900,13.1600,12.8700,13.1000,13.0400,1911004,24857123.0000,3,0.649467,1,0.460100,0
2013-11-13,sz.002372,13.0900,13.0900,12.8600,12.8700,13.1000,1044311,13500528.0000,3,0.354916,1,-1.755700,0
2013-11-14,sz.002372,12.8000,13.1100,12.8000,13.0900,12.8700,1133253,14742286.0000,3,0.385143,1,1.709400,0
2013-11-15,sz.002372,13.1000,13.5600,13.0200,13.4200,13.0900,2194323,29379105.0000,3,0.745755,1,2.521000,0
2013-11-18,sz.002372,13.6000,13.9700,13.4500,13.9200,13.4200,2164550,29810627.0000,3,0.735636,1,3.725800,0
2013-11-19,sz.002372,13.9400,14.0800,13.6700,13.7500,13.9200,1994215,27722862.0000,3,0.677747,1,-1.221300,0
2013-11-20,sz.002372,13.7600,13.9600,13.7000,13.9400,13.7500,1226434,16928277.0000,3,0.416811,1,1.381800,0
2013-11-21,sz.002372,13.8800,13.9100,13.6900,13.7600,13.9400,2175316,29956566.0000,3,0.739295,1,-1.291200,0
2013-11-22,sz.002372,13.8300,13.8800,13.5100,13.6500,13.7600,1471681,20146612.0000,3,0.500160,1,-0.799400,0
2013-11-25,sz.002372,13.6900,13.7700,13.4800,13.6000,13.6500,1308771,17828280.0000,3,0.444794,1,-0.366300,0
2013-11-26,sz.002372,13.5800,13.7000,13.5300,13.6200,13.6000,1229693,16718707.0000,3,0.417919,1,0.147100,0
2013-11-27,sz.002372,13.6200,13.9500,13.5600,13.9300,13.6200,1694624,23424023.0000,3,0.575929,1,2.276100,0
2013-11-28,sz.002372,13.9600,14.2300,13.8000,14.0300,13.9300,2311587,32520988.0000,3,0.785607,1,0.717900,0
2013-11-29,sz.002372,13.9500,14.4300,13.9500,14.3300,14.0300,2049606,29259149.0000,3,0.696572,1,2.138300,0
2013-12-02,sz.002372,14.1200,14.2800,13.3500,13.4000,14.3300,2238269,30836561.0000,3,0.760690,1,-6.489900,0
2013-12-03,sz.002372,13.4300,14.1600,13.3000,14.1500,13.4000,1691196,23476235.0000,3,0.574764,1,5.597000,0
2013-12-04,sz.002372,14.1500,15.2000,14.0000,14.8200,14.1500,4429098,65896247.0000,3,1.505257,1,4.735000,0
2013-12-05,sz.002372,14.8500,15.1000,14.6500,14.9200,14.8200,2165477,32280302.0000,3,0.735951,1,0.674800,0
2013-12-06,sz.002372,14.9000,15.0200,14.7800,14.9800,14.9200,1592126,23750791.0000,3,0.541094,1,0.402100,0
2013-12-09,sz.002372,15.0200,15.5700,15.0200,15.2900,14.9800,3178655,48817833.0000,3,1.080286,1,2.069400,0
2013-12-10,sz.002372,15.2500,15.3600,14.9200,15.0900,15.2900,2092259,31664063.0000,3,0.711067,1,-1.308000,0
2013-12-11,sz.002372,14.9900,14.9900,14.5900,14.7300,15.0900,2502458,36836809.0000,3,0.850476,1,-2.385700,0
2013-12-12,sz.002372,14.7000,14.9200,14.6800,14.8000,14.7300,1123429,16631177.0000,3,0.381804,1,0.475200,0
2013-12-13,sz.002372,14.7900,15.2500,14.6800,15.1900,14.8000,2238333,33802431.0000,3,0.760712,1,2.635100,0
2013-12-16,sz.002372,15.3700,15.5000,14.8500,15.1600,15.1900,2910247,44149040.0000,3,0.989066,1,-0.197500,0
2013-12-17,sz.002372,15.1600,15.5700,14.9800,15.0000,15.1600,2955037,45269114.0000,3,1.004288,1,-1.055400,0
2013-12-18,sz.002372,14.9800,15.1500,14.6000,14.7000,15.0000,1483595,21963675.0000,3,0.504209,1,-2.000000,0
2013-12-19,sz.002372,14.8400,14.9100,14.6400,14.7300,14.7000,947018,13991073.0000,3,0.321850,1,0.204100,0
2013-12-20,sz.002372,14.6800,14.8000,14.6100,14.6600,14.7300,977231,14357841.0000,3,0.332118,1,-0.475200,0
2013-12-23,sz.002372,14.6600,14.7200,13.6100,14.5100,14.6600,1803966,25984096.0000,3,0.613089,1,-1.023200,0
2013-12-24,sz.002372,14.4800,14.9000,14.3500,14.5000,14.5100,1323372,19400826.0000,3,0.449756,1,-0.068900,0
2013-12-25,sz.002372,14.5300,15.1000,14.5300,15.0800,14.5000,2238250,33261240.0000,3,0.760683,1,4.000000,0
2013-12-26,sz.002372,15.0300,15.0800,14.7000,14.7000,15.0800,1090495,16181463.0000,3,0.370612,1,-2.519900,0
2013-12-27,sz.002372,14.7100,15.1000,14.6200,14.9900,14.7000,1470706,21968188.0000,3,0.499829,1,1.972800,0
2013-12-30,sz.002372,15.0500,15.2800,14.9400,15.0200,14.9900,1506170,22727383.0000,3,0.511881,1,0.200100,0
2013-12-31,sz.002372,15.0100,15.0500,14.7000,14.8200,15.0200,1253177,18617103.0000,3,0.425900,1,-1.331600,0
2014-01-02,sz.002372,14.7800,15.0500,14.7200,14.9000,14.8200,1180980,17597037.0000,3,0.401364,1,0.539800,0
2014-01-03,sz.002372,14.9000,14.9500,14.3500,14.4300,14.9000,2110532,30629214.0000,3,0.717278,1,-3.154400,0
2014-01-06,sz.002372,14.4200,14.4800,13.7100,13.7300,14.4300,1793563,25119385.0000,3,0.609554,1,-4.851000,0
2014-01-07,sz.002372,13.7000,14.1000,13.6000,14.0100,13.7300,1182580,16507334.0000,3,0.401907,1,2.039300,0
2014-01-08,sz.002372,14.0100,14.1800,13.7700,13.8700,14.0100,1363916,18950381.0000,3,0.463535,1,-0.999300,0
2014-01-09,sz.002372,13.9400,14.1900,13.7800,13.9000,13.8700,1594572,22363566.0000,3,0.541925,1,0.216300,0
2014-01-10,sz.002372,13.7300,13.9700,13.5000,13.5500,13.9000,1191225,16303137.0000,3,0.404845,1,-2.518000,0
2014-01-13,sz.002372,13.5500,13.6900,13.4200,13.4600,13.5500,707442,9582406.0000,3,0.240429,1,-0.664200,0
2014-01-14,sz.002372,13.5000,13.8200,13.4100,13.8200,13.4600,673445,9206644.0000,3,0.228875,1,2.674600,0
2014-01-15,sz.002372,13.8200,13.9500,13.7400,13.8800,13.8200,762898,10562409.0000,3,0.259276,1,0.434200,0
2014-01-16,sz.002372,13.8800,14.2500,13.8800,14.1400,13.8800,1640857,23235679.0000,3,0.554130,1,1.873200,0
2014-01-17,sz.002372,14.0900,14.1000,13.8400,13.8700,14.1400,836483,11658499.0000,3,0.282487,1,-1.909500,0
2014-01-20,sz.002372,13.8800,14.2600,13.8800,14.2200,13.8700,1407659,19776513.0000,3,0.475377,1,2.523400,0
2014-01-21,sz.002372,14.1500,14.3500,14.0800,14.2100,14.2200,1113112,15805746.0000,3,0.375907,1,-0.070300,0
2014-01-22,sz.002372,14.2500,14.4700,14.2300,14.4400,14.2100,1822160,26134476.0000,3,0.615358,1,1.618600,0
2014-01-23,sz.002372,14.4500,14.5400,14.3500,14.4400,14.4400,1282983,18521102.0000,3,0.433273,1,0.000000,0
2014-01-24,sz.002372,14.4300,14.7300,14.3700,14.6200,14.4400,1513041,22118577.0000,3,0.510966,1,1.246500,0
2014-01-27,sz.002372,14.5100,14.8800,14.5000,14.6300,14.6200,1275448,18807520.0000,3,0.430729,1,0.068400,0
2014-01-28,sz.002372,14.6400,14.8900,14.5500,14.7400,14.6300,1214088,17920511.0000,3,0.410007,1,0.751900,0
2014-01-29,sz.002372,15.3500,15.5800,15.1100,15.4800,14.7400,3965707,60789828.0000,3,1.339250,1,5.020400,0
2014-01-30,sz.002372,15.4900,16.1900,15.3600,15.9900,15.4800,4044462,64580497.0000,3,1.365846,1,3.294600,0
2014-02-07,sz.002372,15.9000,16.7600,15.7000,16.6200,15.9900,4803712,78801052.0000,3,1.622251,1,3.940000,0
2014-02-10,sz.002372,16.6200,16.9900,16.4800,16.6000,16.6200,5028365,84065367.0000,3,1.698118,1,-0.120300,0
2014-02-11,sz.002372,16.5000,16.7000,16.2700,16.3400,16.6000,3342741,55040847.0000,3,1.128870,1,-1.566300,0
2014-02-12,sz.002372,16.2500,16.6000,16.2300,16.3800,16.3400,2890690,47291822.0000,3,0.976208,1,0.244800,0
2014-02-13,sz.002372,16.2900,16.4900,15.8000,15.8000,16.3800,2839416,45940991.0000,3,0.958893,1,-3.540900,0
2014-02-14,sz.002372,15.8200,16.2400,15.8100,16.2200,15.8000,2462473,39678805.0000,3,0.831596,1,2.658200,0
2014-02-17,sz.002372,16.2500,16.4800,16.1700,16.4200,16.2200,2660179,43399564.0000,3,0.898363,1,1.233000,0
2014-02-18,sz.002372,16.4200,16.4200,16.1300,16.3000,16.4200,2601331,42269449.0000,3,0.878490,1,-0.730800,0
2014-02-19,sz.002372,16.3900,16.4000,16.0200,16.1000,16.3000,2537486,41162031.0000,3,0.856929,1,-1.227000,0
2014-02-20,sz.002372,16.1000,16.4500,15.9000,16.2000,16.1000,3455171,55994932.0000,3,1.166838,1,0.621100,0
2014-02-21,sz.002372,16.1600,16.3500,15.6200,15.8200,16.2000,2206301,35125985.0000,3,0.745085,1,-2.345700,0
2014-02-24,sz.002372,15.8200,15.8200,15.0100,15.2100,15.8200,3828765,58327930.0000,3,1.293004,1,-3.855900,0
2014-02-25,sz.002372,15.2200,15.3000,14.0000,14.0000,15.2100,5770258,85535757.0000,3,1.948661,1,-7.955300,0
2014-02-26,sz.002372,14.0000,14.4200,14.0000,14.3900,14.0000,2328454,33180990.0000,3,0.786337,1,2.785700,0
2014-02-27,sz.002372,14.4000,14.8000,14.2600,14.3500,14.3900,2264931,32930712.0000,3,0.764885,1,-0.278000,0
2014-02-28,sz.002372,14.3500,14.7600,14.3100,14.5800,14.3500,1460372,21341678.0000,3,0.493179,1,1.602800,0
2014-03-03,sz.002372,14.6700,15.0000,14.6000,14.9800,14.5800,1451060,21615525.0000,3,0.490034,1,2.743500,0
2014-03-04,sz.002372,14.9000,15.1600,14.7600,14.8900,14.9800,1816463,27206623.0000,3,0.613434,1,-0.600800,0
2014-03-05,sz.002372,14.9500,15.2600,14.8200,15.0800,14.8900,1853301,27953300.0000,3,0.625874,1,1.276000,0
2014-03-06,sz.002372,15.0700,15.0700,14.6500,15.0200,15.0800,1698756,25238781.0000,3,0.573683,1,-0.397900,0
2014-03-07,sz.002372,15.0100,15.2000,14.7800,14.8200,15.0200,1265169,18890423.0000,3,0.427257,1,-1.331600,0
2014-03-10,sz.002372,14.7200,14.9500,14.3100,14.3900,14.8200,1690773,24662798.0000,3,0.570987,1,-2.901500,0
2014-03-11,sz.002372,14.3900,14.5700,14.3700,14.4600,14.3900,889030,12890614.0000,3,0.300232,1,0.486400,0
2014-03-12,sz.002372,14.4200,14.6000,14.2000,14.3100,14.4600,972297,13965352.0000,3,0.328352,1,-1.037300,0
2014-03-13,sz.002372,14.3600,14.8500,14.3500,14.8500,14.3100,1367553,20103635.0000,3,0.461833,1,3.773600,0
2014-03-14,sz.002372,14.8000,14.9800,14.6000,14.7900,14.8500,1028154,15222015.0000,3,0.347216,1,-0.404000,0
2014-03-17,sz.002372,14.9300,15.3300,14.9300,15.3200,14.7900,2004775,30558589.0000,3,0.677028,1,3.583500,0
2014-03-18,sz.002372,15.3000,15.4900,15.1200,15.2900,15.3200,1251675,19057835.0000,3,0.422700,1,-0.195800,0
2014-03-19,sz.002372,15.2000,15.2800,15.0100,15.2100,15.2900,1210861,18297830.0000,3,0.408917,1,-0.523200,0
2014-03-20,sz.002372,15.1000,15.2300,14.7000,14.7300,15.2100,1223854,18306530.0000,3,0.413305,1,-3.155800,0
2014-03-21,sz.002372,14.7300,15.1100,14.5000,15.0500,14.7300,1347436,19944462.0000,3,0.455040,1,2.172400,0
2014-03-24,sz.002372,15.0800,15.5000,15.0600,15.4000,15.0500,2408574,36997846.0000,3,0.813394,1,2.325600,0
2014-03-25,sz.002372,15.3800,15.5500,15.1400,15.3700,15.4000,1490516,22932849.0000,3,0.503359,1,-0.194800,0
2014-03-26,sz.002372,15.4000,15.4800,15.1600,15.2600,15.3700,1264656,19326202.0000,3,0.427084,1,-0.715700,0
2014-03-27,sz.002372,15.1500,15.2000,14.9200,15.1400,15.2600,1278824,19249118.0000,3,0.431869,1,-0.786400,0
2014-03-28,sz.002372,15.1000,15.1600,14.6800,14.6800,15.1400,1586592,23670316.0000,3,0.535804,1,-3.038300,0
2014-03-31,sz.002372,14.6600,15.0300,14.6600,14.8600,14.6800,1041611,15528310.0000,3,0.351760,1,1.226200,0
2014-04-01,sz.002372,14.8600,15.0500,14.7400,14.9500,14.8600,1044335,15528580.0000,3,0.352680,1,0.605700,0
2014-04-02,sz.002372,15.0600,15.1600,14.8000,15.1500,14.9500,1263889,19015370.0000,3,0.426825,1,1.337800,0
2014-04-03,sz.002372,15.1500,15.4500,15.0500,15.3100,15.1500,1419921,21705138.0000,3,0.479518,1,1.056100,0
2014-04-04,sz.002372,15.3400,15.4200,15.1600,15.4100,15.3100,1187379,18170528.0000,3,0.400987,1,0.653200,0
2014-04-08,sz.002372,15.3500,15.7600,15.2300,15.6900,15.4100,2052018,32009444.0000,3,0.692982,1,1.817000,0
2014-04-09,sz.002372,15.7100,15.7800,15.5200,15.6400,15.6900,1243608,19415311.0000,3,0.419976,1,-0.318700,0
2014-04-10,sz.002372,15.6800,15.6900,15.3000,15.3800,15.6400,1603615,24955442.0000,3,0.541553,1,-1.662400,0
2014-04-11,sz.002372,15.3600,15.9800,15.3000,15.9800,15.3800,3189307,50217949.0000,3,1.077054,1,3.901200,0
2014-04-14,sz.002372,16.0000,16.1900,15.7300,15.9700,15.9800,2277208,36246215.0000,3,0.769031,1,-0.062600,0
2014-04-15,sz.002372,15.8100,16.1900,15.7700,15.9800,15.9700,2106388,33682387.0000,3,0.711344,1,0.062600,0
2014-04-16,sz.002372,16.3000,16.4000,15.9600,16.2400,15.9800,3478688,56424085.0000,3,1.174780,1,1.627000,0
2014-04-17,sz.002372,16.3100,16.3700,16.0500,16.0500,16.2400,1776790,28775228.0000,3,0.600036,1,-1.170000,0
2014-04-18,sz.002372,16.0000,16.0000,15.7400,15.8700,16.0500,1352440,21495240.0000,3,0.456730,1,-1.121500,0
2014-04-21,sz.002372,15.7800,16.2300,15.7100,15.8600,15.8700,1617734,25988698.0000,3,0.546321,1,-0.063000,0
2014-04-22,sz.002372,15.8900,15.9300,15.6000,15.8800,15.8600,1150408,18135098.0000,3,0.388502,1,0.126100,0
2014-04-23,sz.002372,15.8100,15.8700,15.6700,15.7600,15.8800,683903,10771247.0000,3,0.230959,1,-0.755700,0
2014-04-24,sz.002372,15.8300,15.8300,15.6100,15.6800,15.7600,602640,9452981.0000,3,0.203516,1,-0.507600,0
2014-04-25,sz.002372,15.6800,15.7800,15.3900,15.4500,15.6800,973960,15144638.0000,3,0.328914,1,-1.466800,0
2014-04-28,sz.002372,15.3900,15.4000,14.8800,15.0000,15.4500,1410862,21374570.0000,3,0.476459,1,-2.912600,0
2014-04-29,sz.002372,14.9500,15.2400,14.9300,15.2000,15.0000,856083,12946065.0000,3,0.289106,1,1.333300,0
2014-04-30,sz.002372,15.2200,15.3000,15.1300,15.1600,15.2000,693796,10556142.0000,3,0.234300,1,-0.263200,0
2014-05-05,sz.002372,15.1500,15.3900,15.1000,15.3300,15.1600,732976,11212714.0000,3,0.247532,1,1.121400,0
2014-05-06,sz.002372,15.3500,15.7900,15.3500,15.6500,15.3300,1228090,19182259.0000,3,0.414736,1,2.087400,0
2014-05-07,sz.002372,15.6000,15.6900,15.3500,15.3500,15.6500,959370,14851844.0000,3,0.323987,1,-1.916900,0
2014-05-08,sz.002372,15.2100,15.5800,15.1900,15.3500,15.3500,687480,10600910.0000,3,0.232167,1,0.000000,0
2014-05-09,sz.002372,15.4500,15.5500,15.2300,15.5100,15.3500,743984,11449910.0000,3,0.251249,1,1.042300,0
2014-05-12,sz.002372,15.8000,16.1000,15.7100,16.1000,15.5100,3060206,48902170.0000,3,1.033455,1,3.804000,0
2014-05-13,sz.002372,16.2600,16.2600,15.6800,15.9200,16.1000,1625234,25832715.0000,3,0.548854,1,-1.118000,0
2014-05-14,sz.002372,16.0600,16.4700,16.0600,16.1400,15.9200,3462092,56260509.0000,3,1.169175,1,1.381900,0
2014-05-15,sz.002372,16.1000,16.1400,15.8200,15.9300,16.1400,1435202,22864687.0000,3,0.484679,1,-1.301100,0
2014-05-16,sz.002372,15.9500,15.9600,15.3500,15.7000,15.9300,1780879,27804571.0000,3,0.601417,1,-1.443800,0
2014-05-19,sz.002372,15.6500,15.8800,15.5000,15.7600,15.7000,1344370,21136748.0000,3,0.454004,1,0.382200,0
2014-05-20,sz.002372,15.8400,16.1200,15.8100,15.9200,15.7600,2623870,41871274.0000,3,0.886101,1,1.015200,0
2014-05-21,sz.002372,11.5000,11.5100,10.8300,11.2800,11.6300,2880562,32273565.0000,3,0.748299,1,-3.009500,0
2014-05-22,sz.002372,11.2500,11.4300,11.2100,11.2300,11.2800,1560187,17652862.0000,3,0.405298,1,-0.443300,0
2014-05-23,sz.002372,11.1200,11.3800,11.1200,11.3300,11.2300,991409,11144880.0000,3,0.257543,1,0.890500,0
2014-05-26,sz.002372,11.3500,11.4900,11.2700,11.3200,11.3300,1171072,13328602.0000,3,0.304215,1,-0.088300,0
2014-05-27,sz.002372,11.3200,11.3900,11.2200,11.2300,11.3200,954717,10770481.0000,3,0.248012,1,-0.795100,0
2014-05-28,sz.002372,11.2300,11.4200,11.1800,11.3700,11.2300,1187246,13481734.0000,3,0.308417,1,1.246700,0
2014-05-29,sz.002372,11.3700,11.7700,11.3300,11.6300,11.3700,3173715,36866644.0000,3,0.824452,1,2.286700,0
2014-05-30,sz.002372,11.6600,11.6700,11.5000,11.6100,11.6300,993386,11496930.0000,3,0.258057,1,-0.172000,0
2014-06-03,sz.002372,11.6200,11.6400,11.3900,11.4100,11.6100,1229146,14108383.0000,3,0.319302,1,-1.722700,0
2014-06-04,sz.002372,11.3800,11.4100,11.0700,11.1500,11.4100,1338987,14954844.0000,3,0.347836,1,-2.278700,0
2014-06-05,sz.002372,11.1300,11.3100,11.1000,11.2700,11.1500,889056,9963680.0000,3,0.230955,1,1.076200,0
2014-06-06,sz.002372,11.2800,11.2900,11.1800,11.2300,11.2700,904255,10160046.0000,3,0.234903,1,-0.354900,0
2014-06-09,sz.002372,11.2000,11.2800,10.9500,11.1800,11.2300,1723501,19029746.0000,3,0.447723,1,-0.445200,0
2014-06-10,sz.002372,11.2700,11.2700,11.0400,11.1700,11.1800,1221747,13660450.0000,3,0.317380,1,-0.089400,0
2014-06-11,sz.002372,11.2000,11.2600,10.8900,11.1200,11.1700,2752427,30377222.0000,3,0.715012,1,-0.447600,0
2014-06-12,sz.002372,11.0500,11.1200,10.9700,11.0000,11.1200,1154236,12725805.0000,3,0.299842,1,-1.079100,0
2014-06-13,sz.002372,10.9500,11.2000,10.9500,11.1500,11.0000,1266235,14086526.0000,3,0.328936,1,1.363600,0
2014-06-16,sz.002372,11.9200,12.1500,11.6700,11.9800,11.1500,13325893,158739997.0000,3,3.461737,1,7.443900,0
2014-06-17,sz.002372,11.9600,12.0700,11.6600,11.8500,11.9800,4439916,52463552.0000,3,1.153380,1,-1.085100,0
2014-06-18,sz.002372,11.8400,11.8500,11.5800,11.7500,11.8500,2614290,30558930.0000,3,0.679128,1,-0.843900,0
2014-06-19,sz.002372,11.7000,11.7000,11.2500,11.2800,11.7500,2893748,33134468.0000,3,0.751724,1,-4.000000,0
2014-06-20,sz.002372,11.2700,11.4500,11.2300,11.4500,11.2800,1286947,14598374.0000,3,0.334317,1,1.507100,0
2014-06-23,sz.002372,11.4800,11.7200,11.4100,11.6200,11.4500,1508776,17444607.0000,3,0.391943,1,1.484700,0
2014-06-24,sz.002372,11.6300,11.6900,11.5100,11.6500,11.6200,1064318,12339872.0000,3,0.276483,1,0.258200,0
2014-06-25,sz.002372,11.6100,11.7000,11.4300,11.6400,11.6500,1238876,14315770.0000,3,0.321829,1,-0.085800,0
2014-06-26,sz.002372,11.6000,11.9000,11.5800,11.8400,11.6400,2310712,27259197.0000,3,0.600266,1,1.718200,0
2014-06-27,sz.002372,11.8400,11.9600,11.7200,11.8200,11.8400,2749336,32460326.0000,3,0.714209,1,-0.168900,0
2014-06-30,sz.002372,11.8300,12.0000,11.7900,11.9900,11.8200,3060106,36408283.0000,3,0.794940,1,1.438200,0
2014-07-01,sz.002372,12.0300,12.0400,11.7500,11.9000,11.9900,2377908,28302578.0000,3,0.617722,1,-0.750600,0
2014-07-02,sz.002372,12.0000,12.0200,11.7500,11.8500,11.9000,1726869,20484475.0000,3,0.448598,1,-0.420200,0
2014-07-03,sz.002372,11.8600,12.2400,11.7100,12.2000,11.8500,3888487,46795066.0000,3,1.010133,1,2.953600,0
2014-07-04,sz.002372,12.2300,12.3900,12.0200,12.1600,12.2000,1952044,23644324.0000,3,0.507093,1,-0.327900,0
2014-07-07,sz.002372,12.1500,12.2800,11.9100,12.2800,12.1600,1915078,23178568.0000,3,0.497490,1,0.986800,0
2014-07-08,sz.002372,12.2800,12.4600,12.2100,12.4200,12.2800,2832286,34957953.0000,3,0.735758,1,1.140100,0
2014-07-09,sz.002372,12.4000,12.4600,12.0500,12.1800,12.4200,2023593,24814858.0000,3,0.525679,1,-1.932400,0
2014-07-10,sz.002372,12.2000,12.2200,12.0700,12.1600,12.1800,1300790,15795514.0000,3,0.337913,1,-0.164200,0
2014-07-11,sz.002372,12.1200,12.3000,12.0600,12.1900,12.1600,1095846,13376926.0000,3,0.284674,1,0.246700,0
2014-07-14,sz.002372,12.3000,12.7000,12.3000,12.6400,12.1900,3411250,42682876.0000,3,0.886158,1,3.691600,0
2014-07-15,sz.002372,12.6800,12.7800,12.3300,12.5500,12.6400,2195956,27417830.0000,3,0.570455,1,-0.712000,0
2014-07-16,sz.002372,12.6100,12.6100,12.2900,12.4100,12.5500,1491611,18481807.0000,3,0.387484,1,-1.115500,0
2014-07-17,sz.002372,12.4400,12.4400,11.9800,12.1200,12.4100,2359594,28573173.0000,3,0.612964,1,-2.336800,0
2014-07-18,sz.002372,12.1200,12.2000,12.0100,12.1000,12.1200,966275,11710085.0000,3,0.251014,1,-0.165000,0
2014-07-21,sz.002372,12.1500,12.1900,12.0100,12.1400,12.1000,769666,9302282.0000,3,0.199940,1,0.330600,0
2014-07-22,sz.002372,12.1200,12.3800,12.1000,12.3800,12.1400,1674282,20576323.0000,3,0.434937,1,1.976900,0
2014-07-23,sz.002372,12.4200,12.4200,12.0800,12.1800,12.3800,1027658,12537204.0000,3,0.266960,1,-1.615500,0
2014-07-24,sz.002372,12.2400,12.2400,11.9300,12.1700,12.1800,1572892,18912235.0000,3,0.408598,1,-0.082100,0
2014-07-25,sz.002372,12.1300,12.1600,12.0000,12.1500,12.1700,1007256,12146979.0000,3,0.261660,1,-0.164300,0
2014-07-28,sz.002372,12.2000,12.3300,12.1300,12.2900,12.1500,1649752,20161400.0000,3,0.428565,1,1.152300,0
2014-07-29,sz.002372,12.3000,12.5500,12.2500,12.3900,12.2900,2177418,26978675.0000,3,0.565639,1,0.813700,0
2014-07-30,sz.002372,12.4000,12.4500,12.2400,12.3800,12.3900,1592188,19657586.0000,3,0.413611,1,-0.080700,0
2014-07-31,sz.002372,12.4200,12.5300,12.3100,12.4800,12.3800,1686935,20996066.0000,3,0.438224,1,0.807700,0
2014-08-01,sz.002372,12.4800,12.5400,12.2300,12.3800,12.4800,2204705,27391447.0000,3,0.572728,1,-0.801300,0
2014-08-04,sz.002372,12.3800,12.4500,12.2500,12.3900,12.3800,2593755,32025219.0000,3,0.673793,1,0.080800,0
2014-08-05,sz.002372,12.4200,12.4300,12.2800,12.4200,12.3900,2377802,29361971.0000,3,0.617694,1,0.242100,0
2014-08-06,sz.002372,12.4000,13.3000,12.3000,13.1200,12.4200,7427791,95609715.0000,3,1.929556,1,5.636100,0
2014-08-07,sz.002372,13.1900,13.1900,12.7700,12.8700,13.1200,3908317,50738407.0000,3,1.015284,1,-1.905500,0
2014-08-08,sz.002372,12.8200,12.9900,12.8200,12.9200,12.8700,1446496,18645878.0000,3,0.375764,1,0.388500,0
2014-08-11,sz.002372,12.9200,13.3200,12.9200,13.2700,12.9200,3254363,42822496.0000,3,0.845403,1,2.709000,0
2014-08-12,sz.002372,13.3700,13.3700,13.2000,13.2700,13.2700,2512049,33358672.0000,3,0.652568,1,0.000000,0
2014-08-13,sz.002372,13.2800,13.3800,13.1000,13.1900,13.2700,1889777,24955357.0000,3,0.490917,1,-0.602900,0
2014-08-14,sz.002372,13.2000,13.3500,13.1000,13.2400,13.1900,1853976,24516306.0000,3,0.481617,1,0.379100,0
2014-08-15,sz.002372,13.2000,13.5700,13.1000,13.3600,13.2400,1961655,26136027.0000,3,0.509589,1,0.906300,0
2014-08-18,sz.002372,13.3600,13.8000,13.3600,13.7400,13.3600,2972996,40327792.0000,3,0.772311,1,2.844300,0
2014-08-19,sz.002372,13.8400,13.8500,13.6200,13.7000,13.7400,2310964,31643869.0000,3,0.600331,1,-0.291100,0
2014-08-20,sz.002372,13.6800,13.7400,13.5700,13.5900,13.7000,1330015,18116943.0000,3,0.345505,1,-0.802900,0
2014-08-21,sz.002372,13.5900,13.6200,13.1300,13.3000,13.5900,2505851,33368926.0000,3,0.650958,1,-2.133900,0
2014-08-22,sz.002372,13.3000,13.4200,13.1100,13.3900,13.3000,1458931,19390409.0000,3,0.378994,1,0.676700,0
2014-08-25,sz.002372,13.3100,13.3900,13.1600,13.2100,13.3900,1370674,18143977.0000,3,0.356067,1,-1.344300,0
2014-08-26,sz.002372,13.1800,13.2800,12.8000,12.9400,13.2100,3171859,41146626.0000,3,0.823970,1,-2.043900,0
2014-08-27,sz.002372,12.9700,13.0800,12.9000,13.0800,12.9400,1333322,17323165.0000,3,0.346364,1,1.081900,0
2014-08-28,sz.002372,13.0200,13.3300,13.0100,13.2500,13.0800,2555568,33758105.0000,3,0.663873,1,1.299700,0
2014-08-29,sz.002372,13.2100,13.3100,13.1500,13.2900,13.2500,1447957,19160883.0000,3,0.376143,1,0.301900,0
2014-09-01,sz.002372,13.2900,13.4100,13.2200,13.3600,13.2900,2885907,38438726.0000,3,0.749687,1,0.526700,0
2014-09-02,sz.002372,13.3600,13.4500,13.2200,13.3300,13.3600,4312327,57446541.0000,3,1.120236,1,-0.224500,0
2014-09-03,sz.002372,13.3200,13.4000,13.2200,13.4000,13.3300,4578837,60931906.0000,3,1.189468,1,0.525100,0
2014-09-04,sz.002372,13.4100,13.4800,13.2900,13.3800,13.4000,4564474,60965018.0000,3,1.185737,1,-0.149300,0
2014-09-05,sz.002372,13.3400,13.3800,13.2500,13.3200,13.3800,2434278,32379672.0000,3,0.632365,1,-0.448400,0
2014-09-09,sz.002372,13.3500,13.3700,13.0900,13.1600,13.3200,3904827,51418473.0000,3,1.014377,1,-1.201200,0
2014-09-10,sz.002372,13.1400,13.2000,13.0600,13.2000,13.1600,1966859,25891316.0000,3,0.510941,1,0.304000,0
2014-09-11,sz.002372,13.2000,13.3500,13.0900,13.1200,13.2000,3042810,40220983.0000,3,0.790447,1,-0.606100,0
2014-09-12,sz.002372,13.1100,13.2100,13.0400,13.2000,13.1200,2839075,37238337.0000,3,0.737521,1,0.609800,0
2014-09-15,sz.002372,13.2000,13.4800,13.1800,13.4800,13.2000,4062724,54318235.0000,3,1.055395,1,2.121200,0
2014-09-16,sz.002372,13.5400,13.5800,13.0200,13.0500,13.4800,4320154,57597642.0000,3,1.122269,1,-3.189900,0
2014-09-17,sz.002372,13.1100,13.3600,13.0100,13.2500,13.0500,2674240,35211124.0000,3,0.694701,1,1.532600,0
2014-09-18,sz.002372,13.2800,13.2800,13.1100,13.1600,13.2500,1485854,19561948.0000,3,0.385988,1,-0.679200,0
2014-09-19,sz.002372,13.2300,13.2300,13.0600,13.1800,13.1600,2055650,26992216.0000,3,0.534007,1,0.152000,0
2014-09-22,sz.002372,13.1900,13.1900,12.9200,12.9600,13.1800,2108657,27405579.0000,3,0.547777,1,-1.669200,0
2014-09-23,sz.002372,13.0700,13.1400,12.9700,13.1100,12.9600,1893532,24762395.0000,3,0.491893,1,1.157400,0
2014-09-24,sz.002372,13.0300,13.2200,13.0300,13.1600,13.1100,3013839,39632994.0000,3,0.782921,1,0.381400,0
2014-09-25,sz.002372,13.1600,13.4400,13.1000,13.1400,13.1600,2738529,36158084.0000,3,0.711402,1,-0.152000,0
2014-09-26,sz.002372,13.1800,13.2300,13.1000,13.1600,13.1400,1441206,18987663.0000,3,0.374390,1,0.152200,0
2014-09-29,sz.002372,13.1800,13.3700,13.1800,13.3700,13.1600,2933439,38980175.0000,3,0.762035,1,1.595700,0
2014-09-30,sz.002372,13.3800,13.5000,13.3400,13.4900,13.3700,3158208,42487981.0000,3,0.820424,1,0.897500,0
2014-10-08,sz.002372,13.5500,13.8300,13.4900,13.8000,13.4900,4752171,64975827.0000,3,1.234496,1,2.298000,0
2014-10-09,sz.002372,13.8500,13.8700,13.5000,13.7200,13.8000,4280629,58656647.0000,3,1.112001,1,-0.579700,0
2014-10-10,sz.002372,13.6600,13.6600,13.4600,13.4700,13.7200,2617546,35482830.0000,3,0.679974,1,-1.822200,0
2014-10-13,sz.002372,13.4300,13.6600,13.3200,13.6300,13.4700,2015105,27130325.0000,3,0.523474,1,1.187800,0
2014-10-14,sz.002372,13.6000,13.9300,13.5500,13.8700,13.6300,5558450,76712184.0000,3,1.443948,1,1.760800,0
2014-10-15,sz.002372,13.9100,14.2000,13.8200,14.1800,13.8700,8785648,123526403.0000,3,2.282294,1,2.235000,0
2014-10-16,sz.002372,14.1500,14.5500,13.9100,14.0400,14.1800,8800793,125017181.0000,3,2.286228,1,-0.987300,0
2014-10-17,sz.002372,14.0500,14.1600,13.3800,13.7300,14.0400,7891221,109061510.0000,3,2.049944,1,-2.208000,0
2014-10-20,sz.002372,13.7100,14.1500,13.7100,14.1000,13.7300,8205179,115217434.0000,3,2.131502,1,2.694800,0
2014-10-21,sz.002372,14.0800,14.2800,13.8500,14.0300,14.1000,7399269,104018675.0000,3,1.922147,1,-0.496500,0
2014-10-22,sz.002372,14.0200,14.0500,13.7400,13.7400,14.0300,2921386,40602490.0000,3,0.758904,1,-2.067000,0
2014-10-23,sz.002372,13.7200,13.8400,13.4600,13.5700,13.7400,2919961,39761862.0000,3,0.758533,1,-1.237300,0
2014-10-24,sz.002372,13.5500,13.8200,13.5100,13.7200,13.5700,6535935,89645887.0000,3,1.697874,1,1.105400,0
2014-10-27,sz.002372,13.6900,14.0500,13.6200,14.0200,13.7200,9327757,129461964.0000,3,2.423120,1,2.186600,0
2014-10-28,sz.002372,14.0000,14.1900,13.9300,14.0800,14.0200,13532740,189946386.0000,3,3.515470,1,0.428000,0
2014-10-29,sz.002372,14.0800,14.2300,14.0000,14.1000,14.0800,9970729,140676994.0000,3,2.590148,1,0.142000,0
2014-10-30,sz.002372,14.0900,14.1800,13.9500,13.9800,14.1000,5784083,81361701.0000,3,1.502561,1,-0.851100,0
2014-10-31,sz.002372,13.9500,14.0700,13.6400,13.8200,13.9800,3849577,53320803.0000,3,1.000025,1,-1.144500,0
2014-11-03,sz.002372,13.8200,14.1300,13.8200,13.9500,13.8200,4450213,62048195.0000,3,1.156055,1,0.940700,0
2014-11-04,sz.002372,13.9300,14.2500,13.9000,14.0300,13.9500,4501631,63452740.0000,3,1.169412,1,0.573500,0
2014-11-05,sz.002372,13.9800,14.0200,13.8200,13.8500,14.0300,3182232,44135182.0000,3,0.826665,1,-1.283000,0
2014-11-06,sz.002372,13.8000,13.8300,13.5900,13.7900,13.8500,3211438,44010685.0000,3,0.834252,1,-0.433200,0
2014-11-07,sz.002372,13.8100,13.8400,13.5600,13.6200,13.7900,3103835,42569096.0000,3,0.806299,1,-1.232800,0
2014-11-10,sz.002372,13.6800,13.8200,13.5400,13.7900,13.6200,2579376,35232485.0000,3,0.670058,1,1.248200,0
2014-11-11,sz.002372,13.7900,13.8500,13.1200,13.2400,13.7900,4129687,55558207.0000,3,1.072790,1,-3.988400,0
2014-11-12,sz.002372,13.2600,13.3800,13.1900,13.3700,13.2400,1838955,24400173.0000,3,0.477715,1,0.981900,0
2014-11-13,sz.002372,13.3700,13.3800,13.0500,13.1200,13.3700,2477559,32556209.0000,3,0.643608,1,-1.869900,0
2014-11-14,sz.002372,13.0400,13.1800,13.0400,13.0800,13.1200,1322854,17327151.0000,3,0.343645,1,-0.304900,0
2014-11-17,sz.002372,12.9500,13.2200,12.9500,13.1900,13.0800,1406382,18499632.0000,3,0.365343,1,0.841000,0
2014-11-18,sz.002372,13.1800,13.2500,13.1500,13.2100,13.1900,1227744,16214050.0000,3,0.318937,1,0.151600,0
2014-11-19,sz.002372,13.2400,13.4300,13.1900,13.4300,13.2100,1527832,20312886.0000,3,0.396893,1,1.665400,0
2014-11-20,sz.002372,13.3700,13.4300,13.2300,13.2400,13.4300,1365783,18150584.0000,3,0.354797,1,-1.414700,0
2014-11-21,sz.002372,13.2500,13.3300,13.2200,13.2900,13.2400,1187338,15764131.0000,3,0.308441,1,0.377600,0
2014-11-24,sz.002372,13.4500,13.8500,13.3500,13.7700,13.2900,5252189,71610632.0000,3,1.364389,1,3.611700,0
2014-11-25,sz.002372,13.6100,13.8700,13.6100,13.7900,13.7700,2843160,39094258.0000,3,0.738582,1,0.145200,0
2014-11-26,sz.002372,13.8100,14.0800,13.7900,13.9000,13.7900,3178506,44252038.0000,3,0.825697,1,0.797700,0
2014-11-27,sz.002372,13.8900,13.9800,13.7500,13.8600,13.9000,2211183,30648810.0000,3,0.574411,1,-0.287800,0
2014-11-28,sz.002372,13.8500,13.9200,13.7100,13.9200,13.8600,3238388,44629001.0000,3,0.841253,1,0.432900,0
2014-12-01,sz.002372,13.9600,14.0800,13.8100,13.9000,13.9200,2591894,36086043.0000,3,0.673310,1,-0.143700,0
2014-12-02,sz.002372,13.8400,14.1500,13.8400,14.0800,13.9000,4405970,61904503.0000,3,1.144562,1,1.295000,0
2014-12-03,sz.002372,14.0900,14.2000,13.8800,14.0400,14.0800,4101782,57674418.0000,3,1.065541,1,-0.284100,0
2014-12-04,sz.002372,14.1800,14.3800,14.0600,14.1200,14.0400,5766881,82038540.0000,3,1.498093,1,0.569800,0
2014-12-05,sz.002372,14.1000,14.2200,13.4800,13.5800,14.1200,5026536,69112066.0000,3,1.305769,1,-3.824400,0
2014-12-08,sz.002372,13.5500,13.6000,13.4000,13.5100,13.5800,3958630,53415782.0000,3,1.028354,1,-0.515500,0
2014-12-09,sz.002372,13.5700,14.0000,13.3800,13.4500,13.5100,5000246,68173309.0000,3,1.298940,1,-0.444100,0
2014-12-10,sz.002372,13.4500,13.8200,13.1700,13.7000,13.4500,7904357,106875546.0000,3,2.053356,1,1.858700,0
2014-12-11,sz.002372,13.6400,14.3000,13.5800,14.3000,13.7000,8162872,114707217.0000,3,2.120512,1,4.379600,0
2014-12-12,sz.002372,14.5000,14.5400,14.1100,14.2200,14.3000,4774039,68179273.0000,3,1.240177,1,-0.559400,0
2014-12-15,sz.002372,14.2400,15.1000,14.2200,14.8500,14.2200,8817271,130259606.0000,3,2.290508,1,4.430400,0
2014-12-16,sz.002372,15.0000,15.3600,14.9500,14.9600,14.8500,8974580,135874300.0000,3,2.331373,1,0.740700,0
2014-12-17,sz.002372,15.0300,15.1500,14.7500,15.1300,14.9600,5448227,81512207.0000,3,1.415314,1,1.136400,0
2014-12-18,sz.002372,15.1400,15.6600,14.9100,15.3400,15.1300,7740951,119044308.0000,3,2.010907,1,1.388000,0
2014-12-19,sz.002372,15.2700,15.3400,14.6900,15.0200,15.3400,4620926,69107055.0000,3,1.200402,1,-2.086000,0
2014-12-22,sz.002372,14.9700,15.0500,14.4300,14.8500,15.0200,4790863,70942036.0000,3,1.244547,1,-1.131800,0
2014-12-23,sz.002372,14.8500,14.8500,14.2800,14.2800,14.8500,4101241,59607057.0000,3,1.065401,1,-3.838400,0
2014-12-24,sz.002372,14.3300,14.5200,14.2700,14.4300,14.2800,2277782,32778213.0000,3,0.591711,1,1.050400,0
2014-12-25,sz.002372,14.4900,15.3800,14.4900,15.3800,14.4300,5364364,80143875.0000,3,1.393529,1,6.583500,0
2014-12-26,sz.002372,15.3500,15.8000,15.1000,15.4000,15.3800,5607012,86621425.0000,3,1.456563,1,0.130000,0
2014-12-29,sz.002372,15.4400,15.5900,15.0300,15.0900,15.4000,4242184,64439361.0000,3,1.102014,1,-2.013000,0
2014-12-30,sz.002372,15.0100,15.3800,15.0100,15.2000,15.0900,3364604,51254549.0000,3,0.874041,1,0.729000,0
2014-12-31,sz.002372,15.1400,15.8800,15.0600,15.8000,15.2000,5696394,89120335.0000,3,1.474732,1,3.947400,0
2015-01-05,sz.002372,15.7100,16.2500,15.5900,16.1500,15.8000,5117893,81658395.0000,3,1.324965,1,2.215200,0
2015-01-06,sz.002372,16.0000,16.5500,15.9000,16.5100,16.1500,6175014,100442745.0000,3,1.598641,1,2.229100,0
2015-01-07,sz.002372,16.3000,16.6100,16.2000,16.4500,16.5100,2865253,47035235.0000,3,0.741782,1,-0.363400,0
2015-01-08,sz.002372,16.4600,16.5500,15.9600,16.4300,16.4500,3400611,55265276.0000,3,0.880380,1,-0.121600,0
2015-01-09,sz.002372,16.2600,17.2200,16.2200,16.8000,16.4300,5557959,93852667.0000,3,1.438893,1,2.252000,0
2015-01-12,sz.002372,16.7600,17.1100,16.5300,17.0900,16.8000,2741911,46021623.0000,3,0.709850,1,1.726200,0
2015-01-13,sz.002372,17.1000,17.7500,17.0500,17.6000,17.0900,5028667,87894178.0000,3,1.301865,1,2.984200,0
2015-01-14,sz.002372,17.6800,18.1900,16.8100,16.9500,17.6000,6159010,108120906.0000,3,1.594498,1,-3.693200,0
2015-01-15,sz.002372,16.8500,17.3300,16.6200,17.2700,16.9500,3415579,58093662.0000,3,0.884255,1,1.887900,0
2015-01-16,sz.002372,17.2000,17.3600,16.5600,17.3500,17.2700,6559235,110456358.0000,3,1.698112,1,0.463200,0
2015-01-19,sz.002372,16.8500,17.5700,16.5100,17.0100,17.3500,4842738,82826697.0000,3,1.253730,1,-1.959700,0
2015-01-20,sz.002372,17.0500,18.1600,17.0500,17.7400,17.0100,4709874,83523777.0000,3,1.219333,1,4.291600,0
2015-01-21,sz.002372,17.7900,17.9800,17.5100,17.9300,17.7400,2608764,46485015.0000,3,0.675379,1,1.071000,0
2015-01-22,sz.002372,17.8900,17.9700,17.6200,17.8700,17.9300,2893626,51371515.0000,3,0.742886,1,-0.334600,0
2015-01-23,sz.002372,17.7300,17.9900,17.6900,17.8000,17.8700,2400782,42770476.0000,3,0.616358,1,-0.391700,0
2015-01-26,sz.002372,17.8000,18.1500,17.5100,18.1500,17.8000,2494468,44515017.0000,3,0.640410,1,1.966300,0
2015-01-27,sz.002372,18.1500,18.8700,18.1000,18.6200,18.1500,5065679,94137858.0000,3,1.300522,1,2.589500,0
2015-01-28,sz.002372,18.5700,18.9000,18.3100,18.4800,18.6200,2324789,43172139.0000,3,0.596848,1,-0.751900,0
2015-01-29,sz.002372,18.6000,18.6000,17.8500,18.4100,18.4800,3452922,62656800.0000,3,0.886476,1,-0.378800,0
2015-01-30,sz.002372,18.1900,18.3500,17.6600,18.0100,18.4100,3088413,55244478.0000,3,0.792895,1,-2.172700,0
2015-02-02,sz.002372,17.8800,17.9700,17.5400,17.8700,18.0100,1331296,23629351.0000,3,0.341786,1,-0.777300,0
2015-02-03,sz.002372,17.8000,18.1600,17.5600,18.1300,17.8700,3870295,68761801.0000,3,0.993629,1,1.454900,0
2015-02-04,sz.002372,18.0900,18.1000,17.5500,17.7800,18.1300,2254712,40014471.0000,3,0.578857,1,-1.930500,0
2015-02-05,sz.002372,17.8300,17.9300,17.0800,17.1800,17.7800,3147130,54547906.0000,3,0.807969,1,-3.374600,0
2015-02-06,sz.002372,16.9900,16.9900,16.3100,16.6800,17.1800,3390610,56384738.0000,3,0.870478,1,-2.910400,0
2015-02-09,sz.002372,16.4900,16.7500,16.4500,16.6200,16.6800,1388019,23057085.0000,3,0.356349,1,-0.359700,0
2015-02-10,sz.002372,16.7400,17.2000,16.5600,17.0700,16.6200,2079302,35427292.0000,3,0.533823,1,2.707600,0
2015-02-11,sz.002372,17.0700,17.2800,16.6600,17.1000,17.0700,2197975,37241482.0000,3,0.564291,1,0.175800,0
2015-02-12,sz.002372,17.0500,17.1800,16.8300,17.1800,17.1000,1315922,22380591.0000,3,0.337839,1,0.467800,0
2015-02-13,sz.002372,17.1500,17.4700,17.0300,17.1500,17.1800,1961405,33943869.0000,3,0.503555,1,-0.174600,0
2015-02-16,sz.002372,17.2400,17.2400,16.6000,16.8500,17.1500,4041720,67796535.0000,3,1.037639,1,-1.749300,0
2015-02-17,sz.002372,16.7900,16.9000,16.6100,16.7000,16.8500,3484964,58264071.0000,3,0.894702,1,-0.890200,0
2015-02-25,sz.002372,16.7100,16.9100,16.6800,16.7800,16.7000,2826941,47413201.0000,3,0.725766,1,0.479000,0
2015-02-26,sz.002372,16.8500,16.9800,16.5000,16.7400,16.7800,3390781,56518218.0000,3,0.870522,1,-0.238400,0
2015-02-27,sz.002372,16.6700,16.9000,16.6600,16.8400,16.7400,3614606,60713677.0000,3,0.927985,1,0.597400,0
2015-03-02,sz.002372,16.9200,17.3800,16.9200,17.3600,16.8400,5058344,87092279.0000,3,1.298639,1,3.087900,0
2015-03-03,sz.002372,17.3800,17.3800,16.8100,16.8600,17.3600,5338619,91278839.0000,3,1.370594,1,-2.880200,0
2015-03-04,sz.002372,16.7300,16.9000,16.7300,16.8000,16.8600,5289816,88881501.0000,3,1.358065,1,-0.355900,0
2015-03-05,sz.002372,16.8000,17.1100,16.7600,17.1000,16.8000,3491644,59107536.0000,3,0.896417,1,1.785700,0
2015-03-06,sz.002372,17.1800,17.2700,16.7300,16.8800,17.1000,3460831,58530590.0000,3,0.888506,1,-1.286600,0
2015-03-09,sz.002372,16.8500,16.9800,16.6000,16.9700,16.8800,1890142,31805702.0000,3,0.485260,1,0.533200,0
2015-03-10,sz.002372,16.9600,17.3500,16.8800,17.3500,16.9700,4776254,82191660.0000,3,1.226217,1,2.239300,0
2015-03-11,sz.002372,17.3700,17.7600,17.2400,17.7300,17.3500,5600942,98064856.0000,3,1.437941,1,2.190200,0
2015-03-12,sz.002372,17.8300,17.8500,17.3100,17.4600,17.7300,3620097,63432571.0000,3,0.929395,1,-1.522800,0
2015-03-13,sz.002372,17.4500,17.6300,17.3600,17.5000,17.4600,2757996,48114654.0000,3,0.708066,1,0.229100,0
2015-03-16,sz.002372,17.5600,18.0100,17.5600,17.8400,17.5000,4998524,89103322.0000,3,1.283281,1,1.942900,0
2015-03-17,sz.002372,17.9200,18.3600,17.7200,17.9700,17.8400,4996444,90024475.0000,3,1.282747,1,0.728700,0
2015-03-18,sz.002372,18.1000,18.3300,17.9500,18.3000,17.9700,4683533,84854847.0000,3,1.202413,1,1.836400,0
2015-03-19,sz.002372,18.2800,18.2800,17.9000,18.0800,18.3000,3662868,66295957.0000,3,0.940376,1,-1.202200,0
2015-03-20,sz.002372,18.0000,18.0700,17.8100,17.9300,18.0800,3750635,67204254.0000,3,0.962908,1,-0.829600,0
2015-03-23,sz.002372,18.0000,18.3700,17.9900,18.3500,17.9300,5224388,95435572.0000,3,1.341268,1,2.342400,0
2015-03-24,sz.002372,18.4500,18.4500,17.7500,18.0500,18.3500,5853300,105349206.0000,3,1.502730,1,-1.634900,0
2015-03-25,sz.002372,17.9700,18.1700,17.7500,17.8100,18.0500,5039587,90419683.0000,3,1.293823,1,-1.329600,0
2015-03-26,sz.002372,17.7400,17.9800,17.5400,17.5900,17.8100,5670472,100286515.0000,3,1.455792,1,-1.235300,0
2015-03-27,sz.002372,17.6600,18.1200,17.5600,18.1200,17.5900,5104796,91324938.0000,3,1.310565,1,3.013100,0
2015-03-30,sz.002372,18.1800,18.4900,18.0900,18.4800,18.1200,7229006,132325342.0000,3,1.855917,1,1.986700,0
2015-03-31,sz.002372,18.6900,20.3300,18.6900,20.0900,18.4800,18786538,372178080.0000,3,4.823106,1,8.712100,0
2015-04-01,sz.002372,19.9600,20.2800,19.5200,20.0800,20.0900,9768813,195051877.0000,3,2.507967,1,-0.049800,0
2015-04-02,sz.002372,20.0000,20.7800,19.6100,20.7100,20.0800,9727728,196252095.0000,3,2.497419,1,3.137400,0
2015-04-03,sz.002372,20.3500,22.3000,20.2400,21.2700,20.7100,9549169,204185539.0000,3,2.451578,1,2.704000,0
2015-04-07,sz.002372,21.3000,21.8000,21.0400,21.5200,21.2700,6813425,145788778.0000,3,1.749224,1,1.175400,0
2015-04-08,sz.002372,21.6600,21.8000,20.4700,20.8000,21.5200,7106183,148974990.0000,3,1.824385,1,-3.345700,0
2015-04-09,sz.002372,20.5400,20.8800,19.5000,20.4900,20.8000,6171768,124555470.0000,3,1.584491,1,-1.490400,0
2015-04-10,sz.002372,20.4900,21.4700,20.2100,21.3500,20.4900,6342957,134080758.0000,3,1.628440,1,4.197200,0
2015-04-13,sz.002372,21.5800,22.3500,21.3500,22.3500,21.3500,7452164,163163564.0000,3,1.913209,1,4.683800,0
2015-04-14,sz.002372,23.1000,24.0000,22.5100,23.1700,22.3500,11674258,271835376.0000,3,2.997156,1,3.668900,0
2015-04-15,sz.002372,22.9200,22.9900,21.6800,21.6900,23.1700,6634299,147248508.0000,3,1.703237,1,-6.387600,0
2015-04-16,sz.002372,21.2900,22.5500,21.0000,22.1400,21.6900,5065784,110593206.0000,3,1.300549,1,2.074700,0
2015-04-17,sz.002372,22.5200,22.7000,21.6600,21.8800,22.1400,6211145,137045091.0000,3,1.594600,1,-1.174300,0
2015-04-20,sz.002372,21.8000,22.1700,21.2000,21.5900,21.8800,5924202,128092611.0000,3,1.520932,1,-1.325400,0
2015-04-21,sz.002372,21.3800,22.3000,21.3000,22.2500,21.5900,5094001,111611955.0000,3,1.307793,1,3.057000,0
2015-04-22,sz.002372,22.3000,23.4800,22.3000,23.2900,22.2500,5306992,122002573.0000,3,1.362475,1,4.674200,0
2015-04-23,sz.002372,23.2900,23.5000,22.7800,22.9200,23.2900,5330149,122790926.0000,3,1.368420,1,-1.588700,0
2015-04-24,sz.002372,22.9000,23.7200,22.4600,23.3300,22.9200,7776308,179101518.0000,3,1.996427,1,1.788800,0
2015-04-27,sz.002372,23.5800,24.0800,22.9400,23.2400,23.3300,6614505,154870622.0000,3,1.698155,1,-0.385800,0
2015-04-28,sz.002372,23.2500,23.5000,22.0100,22.1000,23.2400,5548982,125105039.0000,3,1.424601,1,-4.905300,0
2015-04-29,sz.002372,22.0000,22.5800,21.8900,22.1600,22.1000,4156675,92456996.0000,3,1.067152,1,0.271500,0
2015-04-30,sz.002372,22.1600,22.6900,22.0700,22.1900,22.1600,3838390,85778518.0000,3,0.985438,1,0.135400,0
2015-05-04,sz.002372,22.4800,22.4800,22.1000,22.2500,22.1900,3611735,80348436.0000,3,0.927248,1,0.270400,0
2015-05-05,sz.002372,22.2500,22.3000,21.2000,21.2600,22.2500,5378070,116183680.0000,3,1.380723,1,-4.449400,0
2015-05-06,sz.002372,21.4500,21.4800,20.6000,20.6600,21.2600,3065120,64977300.0000,3,0.786914,1,-2.822200,0
2015-05-07,sz.002372,20.5100,21.4000,20.2200,21.2300,20.6600,3987667,82234869.0000,3,1.023762,1,2.759000,0
2015-05-08,sz.002372,21.4000,21.9600,21.3200,21.8000,21.2300,3806118,82264188.0000,3,0.977152,1,2.684900,0
2015-05-11,sz.002372,22.0100,22.8700,21.7500,22.8500,21.8000,6557926,145456712.0000,3,1.683630,1,4.816500,0
2015-05-12,sz.002372,23.4700,23.8400,23.3600,23.5500,22.8500,11580458,273212784.0000,3,2.973074,1,3.063500,0
2015-05-13,sz.002372,23.5600,23.5800,22.9000,23.1900,23.5500,5552674,129120843.0000,3,1.425549,1,-1.528700,0
2015-05-14,sz.002372,23.1000,23.3200,22.5000,22.5600,23.1900,6210472,141670711.0000,3,1.594427,1,-2.716700,0
2015-05-15,sz.002372,22.5700,22.9500,22.3500,22.6300,22.5600,3376343,76395248.0000,3,0.866815,1,0.310300,0
2015-05-18,sz.002372,22.6200,22.7300,22.3500,22.5000,22.6300,3316486,74780869.0000,3,0.851448,1,-0.574500,0
2015-05-19,sz.002372,22.5500,22.9500,22.5000,22.9300,22.5000,4607069,104773349.0000,3,1.182782,1,1.911100,0
2015-05-20,sz.002372,23.6000,24.0500,23.1000,23.2600,22.9300,8115724,192270693.0000,3,2.078876,1,1.439200,0
2015-05-21,sz.002372,23.2600,25.3400,23.2000,25.2900,23.2600,8946013,219793487.0000,3,2.291558,1,8.727400,0
2015-05-22,sz.002372,25.5400,26.2600,25.2100,25.7000,25.2900,8702310,223020595.0000,3,2.229132,1,1.621200,0
2015-05-25,sz.002372,25.8000,26.4900,25.7000,26.3000,25.7000,6677212,174705723.0000,3,1.710395,1,2.334600,0
2015-05-26,sz.002372,26.3600,28.4600,26.3400,28.4600,26.3000,8693118,237841013.0000,3,2.226778,1,8.212900,0
2015-05-27,sz.002372,21.2000,21.2000,20.3300,20.7500,21.4300,11885317,246705071.0000,3,2.341902,1,-3.173100,0
2015-05-28,sz.002372,20.6500,21.2100,18.8500,18.8700,20.7500,11962508,243093008.0000,3,2.357112,1,-9.060200,0
2015-05-29,sz.002372,18.8700,20.1000,18.1500,19.3600,18.8700,9604758,183077199.0000,3,1.892537,1,2.596700,0
2015-06-01,sz.002372,19.6800,20.3300,19.3800,20.1800,19.3600,7207004,143070636.0000,3,1.420080,1,4.235500,0
2015-06-02,sz.002372,20.1800,20.6600,19.9800,20.5700,20.1800,9167351,186721011.0000,3,1.806350,1,1.932600,0
2015-06-03,sz.002372,20.5800,20.7000,19.5000,19.9100,20.5700,9085111,181841297.0000,3,1.790145,1,-3.208600,0
2015-06-04,sz.002372,19.8000,21.2400,18.7200,21.2400,19.9100,10661235,212516703.0000,3,2.100707,1,6.680100,0
2015-06-05,sz.002372,21.3500,23.3600,21.3500,23.3600,21.2400,23251670,534548896.0000,3,4.581547,1,9.981200,0
2015-06-08,sz.002372,24.5800,25.6900,24.1200,24.9400,23.3600,19527001,484801136.0000,3,3.847632,1,6.763700,0
2015-06-09,sz.002372,24.4000,27.4200,23.8000,27.1400,24.9400,28182478,718229008.0000,3,5.553121,1,8.821200,0
2015-06-10,sz.002372,27.7300,27.7500,25.6000,26.1100,27.1400,16071583,425646832.0000,3,3.166771,1,-3.795100,0
2015-06-11,sz.002372,26.0600,27.3100,25.8000,26.8500,26.1100,13954672,369190512.0000,3,2.749651,1,2.834200,0
2015-06-12,sz.002372,26.6400,27.0100,25.8100,26.0600,26.8500,10205054,267736666.0000,3,2.010820,1,-2.942300,0
2015-06-15,sz.002372,26.1000,26.8100,24.5700,24.6000,26.0600,10659920,270546880.0000,3,2.100448,1,-5.602500,0
2015-06-16,sz.002372,24.3100,24.3100,22.1400,23.3200,24.6000,9928105,232455160.0000,3,1.956250,1,-5.203300,0
2015-06-17,sz.002372,23.5500,23.9900,22.6100,23.9200,23.3200,7310273,171252982.0000,3,1.440428,1,2.572900,0
2015-06-18,sz.002372,24.0800,24.0800,22.3200,22.6200,23.9200,6507270,151680010.0000,3,1.282203,1,-5.434800,0
2015-06-19,sz.002372,22.0000,22.4900,20.3600,20.3600,22.6200,5999351,127897936.0000,3,1.182122,1,-9.991200,0
2015-06-23,sz.002372,20.3600,20.8700,19.2800,20.5700,20.3600,7750021,156794640.0000,3,1.527077,1,1.031400,0
2015-06-24,sz.002372,20.8000,21.3600,20.2000,21.0900,20.5700,9789755,205035829.0000,3,1.928989,1,2.528000,0
2015-06-25,sz.002372,21.0900,21.2000,19.6800,20.1600,21.0900,8121074,166939292.0000,3,1.600190,1,-4.409700,0
2015-06-26,sz.002372,19.5400,19.8000,18.1400,18.1400,20.1600,8446172,159197963.0000,3,1.664247,1,-10.019800,0
2015-06-29,sz.002372,18.7000,18.8000,16.3300,16.3300,18.1400,9411087,160110197.0000,3,1.854376,1,-9.977900,0
2015-06-30,sz.002372,16.4200,17.8000,14.7000,17.7700,16.3300,12904835,211511442.0000,3,2.542790,1,8.818100,0
2015-07-01,sz.002372,17.9500,18.6500,16.1100,16.5000,17.7700,9805024,175197041.0000,3,1.931998,1,-7.146900,0
2015-07-02,sz.002372,16.4500,17.0200,14.8700,15.1200,16.5000,9846740,156741298.0000,3,1.940218,1,-8.363600,0
2015-07-03,sz.002372,14.9000,15.5900,13.6100,14.2000,15.1200,9798179,141439410.0000,3,1.930649,1,-6.084700,0
2015-07-06,sz.002372,15.6200,15.6200,13.1100,14.0700,14.2000,9795304,141559320.0000,3,1.930083,1,-0.915500,0
2015-07-07,sz.002372,13.6400,14.2100,12.6600,12.6600,14.0700,8257407,108048531.0000,3,1.627053,1,-10.021300,0
2015-07-08,sz.002372,11.3900,13.9300,11.3900,13.6800,12.6600,32845722,407562704.0000,3,6.471974,1,8.056900,0
2015-07-09,sz.002372,12.4000,15.0500,12.4000,15.0500,13.6800,12037790,168109852.0000,3,2.371946,1,10.014600,0
2015-07-10,sz.002372,15.8900,16.5600,15.7000,16.5600,15.0500,7417188,121438231.0000,3,1.461495,1,10.033200,0
2015-07-13,sz.002372,18.2200,18.2200,17.0500,18.2200,16.5600,11935205,213298430.0000,3,2.351732,1,10.024200,0
2015-07-14,sz.002372,17.9500,19.2500,17.3500,17.7900,18.2200,16105968,292316656.0000,3,3.173546,1,-2.360000,0
2015-07-15,sz.002372,17.5000,17.5000,16.0100,16.0100,17.7900,8646640,143135703.0000,3,1.703748,1,-10.005600,0
2015-07-16,sz.002372,16.0100,16.8600,14.5400,16.5200,16.0100,9038856,145633611.0000,3,1.781031,1,3.185500,0
2015-07-17,sz.002372,16.5500,18.0000,16.5500,17.8300,16.5200,9478519,163847811.0000,3,1.867663,1,7.929800,0
2015-07-20,sz.002372,17.8200,19.6100,17.4600,19.6100,17.8300,17401318,321479328.0000,3,3.428784,1,9.983200,0
2015-07-21,sz.002372,18.9300,19.5000,18.7300,18.9000,19.6100,11547810,219909362.0000,3,2.275399,1,-3.620600,0
2015-07-22,sz.002372,18.8900,19.0000,18.3100,18.6500,18.9000,9429472,175731908.0000,3,1.857998,1,-1.322800,0
2015-07-23,sz.002372,18.3800,19.1500,18.3600,18.9900,18.6500,8012339,150430687.0000,3,1.578764,1,1.823100,0
2015-07-24,sz.002372,19.0200,19.3800,17.9500,18.2500,18.9900,9016495,169963383.0000,3,1.776625,1,-3.896800,0
2015-07-27,sz.002372,17.7900,18.0900,16.4300,16.4300,18.2500,10699092,185167034.0000,3,2.108166,1,-9.972600,0
2015-07-28,sz.002372,15.4000,17.1500,14.8000,16.8600,16.4300,9878349,157623449.0000,3,1.946446,1,2.617200,0
2015-07-29,sz.002372,17.1100,17.5100,15.8800,17.5000,16.8600,7741454,129561656.0000,3,1.525389,1,3.796000,0
2015-07-30,sz.002372,18.3900,18.8000,17.1100,17.2900,17.5000,15407537,280147824.0000,3,3.035926,1,-1.200000,0
2015-07-31,sz.002372,16.9500,17.4100,16.3000,16.7000,17.2900,6898084,116618939.0000,3,1.359210,1,-3.412400,0
2015-08-03,sz.002372,16.9000,17.9700,16.6600,16.8800,16.7000,10281926,176478833.0000,3,2.025967,1,1.077800,0
2015-08-04,sz.002372,17.0600,18.5000,16.8500,18.3700,16.8800,11019689,194095457.0000,3,2.171337,1,8.827000,0
2015-08-05,sz.002372,18.5200,20.2100,18.3000,19.8500,18.3700,27183772,534501936.0000,3,5.356334,1,8.056600,0
2015-08-06,sz.002372,19.5500,21.7300,19.1500,21.1000,19.8500,22483623,471132080.0000,3,4.430209,1,6.297200,0
2015-08-07,sz.002372,21.2800,22.0000,20.3500,21.7200,21.1000,13861688,291923344.0000,3,2.731329,1,2.938400,0
2015-08-10,sz.002372,21.5000,22.8900,21.2600,22.4300,21.7200,13490546,300694208.0000,3,2.658199,1,3.268900,0
2015-08-11,sz.002372,22.6200,23.6800,21.6000,22.0000,22.4300,19771120,442870000.0000,3,3.895733,1,-1.917100,0
2015-08-12,sz.002372,21.3100,21.7100,20.3800,20.5800,22.0000,14173723,296723200.0000,3,2.792813,1,-6.454500,0
2015-08-13,sz.002372,20.4000,21.5700,20.3000,21.5700,20.5800,12558564,265531754.0000,3,2.474560,1,4.810500,0
2015-08-14,sz.002372,21.7100,21.9900,21.0100,21.0700,21.5700,7975470,170936975.0000,3,1.571500,1,-2.318000,0
2015-08-17,sz.002372,21.1000,21.3500,20.6000,20.9400,21.0700,8430008,176399546.0000,3,1.661062,1,-0.617000,0
2015-08-18,sz.002372,21.0100,21.1600,18.8500,18.8500,20.9400,9386209,187683036.0000,3,1.849474,1,-9.980900,0
2015-08-19,sz.002372,18.1000,20.5000,17.7800,20.3700,18.8500,11274991,214623925.0000,3,2.221642,1,8.063700,0
2015-08-20,sz.002372,19.9500,20.8900,19.3800,19.4300,20.3700,12094781,244822051.0000,3,2.383175,1,-4.614600,0
2015-08-21,sz.002372,18.9200,19.3800,17.5000,17.6200,19.4300,9821567,180017073.0000,3,1.935257,1,-9.315500,0
2015-08-24,sz.002372,17.0000,17.0000,15.8600,15.8600,17.6200,4668765,75123010.0000,3,0.919941,1,-9.988700,0
2015-08-25,sz.002372,14.2700,14.9900,14.2700,14.2700,15.8600,9432453,136180939.0000,3,1.858586,1,-10.025200,0
2015-08-26,sz.002372,14.5000,15.3300,13.1300,13.6200,14.2700,13677871,196117031.0000,3,2.695110,1,-4.555000,0
2015-08-27,sz.002372,14.5000,14.5000,13.6500,14.5000,13.6200,8455106,119672416.0000,3,1.666008,1,6.461100,0
2015-08-28,sz.002372,14.9800,15.9500,14.7700,15.9500,14.5000,11782755,182571627.0000,3,2.321693,1,10.000000,0
2015-08-31,sz.002372,15.5000,16.5800,15.4800,15.8000,15.9500,8917261,143670008.0000,3,1.757072,1,-0.940400,0
2015-09-01,sz.002372,15.8000,15.8000,14.2500,14.2900,15.8000,9250674,136399551.0000,3,1.822768,1,-9.557000,0
2015-09-02,sz.002372,13.6000,15.3000,13.4000,14.3800,14.2900,6661340,97484296.0000,3,1.312561,1,0.629800,0
2015-09-07,sz.002372,14.7500,15.3800,13.6000,13.8200,14.3800,16855888,238181904.0000,3,3.321311,1,-3.894300,0
2015-09-08,sz.002372,13.7400,14.7600,13.4100,14.6400,13.8200,6877036,96776382.0000,3,1.355062,1,5.933400,0
2015-09-09,sz.002372,15.0000,15.6800,14.7600,15.3900,14.6400,17966364,272698048.0000,3,3.540121,1,5.123000,0
2015-09-10,sz.002372,15.1000,15.9900,14.8800,15.7000,15.3900,11374845,176627136.0000,3,2.241318,1,2.014300,0
2015-09-11,sz.002372,15.3900,15.8000,15.3000,15.5600,15.7000,6043493,93920439.0000,3,1.190820,1,-0.891700,0
2015-09-14,sz.002372,15.7500,15.7500,14.0000,14.0400,15.5600,8787222,129332922.0000,3,1.731448,1,-9.768600,0
2015-09-15,sz.002372,13.6000,14.3700,13.2600,13.3800,14.0400,7231029,100432718.0000,3,1.424814,1,-4.700900,0
2015-09-16,sz.002372,13.6200,14.7200,13.5600,14.7200,13.3800,7590454,106776161.0000,3,1.495635,1,10.014900,0
2015-09-17,sz.002372,14.6500,15.3200,14.0900,14.1000,14.7200,8397431,124822122.0000,3,1.654643,1,-4.212000,0
2015-09-18,sz.002372,14.4000,14.6000,13.9500,14.4000,14.1000,5052007,72182248.0000,3,0.995456,1,2.127700,0
2015-09-21,sz.002372,14.2500,15.1000,14.1700,15.1000,14.4000,5793789,85572416.0000,3,1.141618,1,4.861100,0
2015-09-22,sz.002372,15.1200,15.5600,14.8800,15.2000,15.1000,7644499,116081669.0000,3,1.506284,1,0.662200,0
2015-09-23,sz.002372,14.9000,15.2800,14.8100,15.1700,15.2000,5077213,76534669.0000,3,1.000422,1,-0.197400,0
2015-09-24,sz.002372,15.2000,15.7600,15.0100,15.6100,15.1700,7127639,109519898.0000,3,1.404442,1,2.900500,0
2015-09-25,sz.002372,15.4900,15.8600,15.0200,15.2900,15.6100,7562371,117243450.0000,3,1.490102,1,-2.050000,0
2015-09-28,sz.002372,15.3200,16.6400,14.9300,16.5200,15.2900,7640282,121163717.0000,3,1.505454,1,8.044500,0
2015-09-29,sz.002372,16.1800,16.4800,15.4500,15.6000,16.5200,7058231,113137403.0000,3,1.390765,1,-5.569000,0
2015-09-30,sz.002372,15.7000,15.8800,14.9800,15.3700,15.6000,7924165,121451257.0000,3,1.561390,1,-1.474400,0
2015-10-08,sz.002372,16.0000,16.4700,15.6700,16.1000,15.3700,6952921,111960568.0000,3,1.370015,1,4.749500,0
2015-10-09,sz.002372,16.0200,16.5600,15.9800,16.3700,16.1000,6066457,99028455.0000,3,1.195344,1,1.677000,0
2015-10-12,sz.002372,16.6500,17.3200,16.6200,17.1200,16.3700,7359660,126033519.0000,3,1.450159,1,4.581600,0
2015-10-13,sz.002372,17.0000,17.2400,16.6800,16.9300,17.1200,7302455,123666769.0000,3,1.438888,1,-1.109800,0
2015-10-14,sz.002372,16.9000,17.1800,16.6500,16.7300,16.9300,4411065,74662930.0000,3,0.869163,1,-1.181300,0
2015-10-15,sz.002372,16.6600,17.2500,16.6600,17.2000,16.7300,5241423,89185246.0000,3,1.032778,1,2.809300,0
2015-10-16,sz.002372,17.2800,17.8200,17.1000,17.5200,17.2000,7475591,130513875.0000,3,1.473003,1,1.860500,0
2015-10-19,sz.002372,17.7000,18.1000,17.5800,17.7200,17.5200,8582536,153174405.0000,3,1.691117,1,1.141500,0
2015-10-20,sz.002372,17.6900,17.9300,17.3000,17.9000,17.7200,8550107,149439753.0000,3,1.684727,1,1.015800,0
2015-10-21,sz.002372,17.7500,17.8900,16.3500,16.6000,17.9000,8687255,149355758.0000,3,1.711751,1,-7.262600,0
2015-10-22,sz.002372,16.6300,16.9000,16.1300,16.8400,16.6000,11816820,196028477.0000,3,2.328405,1,1.445800,0
2015-10-23,sz.002372,17.1000,17.5700,16.9700,17.3900,16.8400,9268374,160650054.0000,3,1.826255,1,3.266000,0
2015-10-26,sz.002372,17.5500,17.8500,17.1800,17.3900,17.3900,7536750,132165950.0000,3,1.485053,1,0.000000,0
2015-10-27,sz.002372,17.4000,17.4000,16.4600,17.2000,17.3900,6962039,117932682.0000,3,1.371811,1,-1.092600,0
2015-10-28,sz.002372,17.0000,17.2800,16.6600,16.7300,17.2000,6394888,108214329.0000,3,1.260059,1,-2.732600,0
2015-10-29,sz.002372,16.8700,16.9900,16.5500,16.7300,16.7300,4847309,81292903.0000,3,0.955122,1,0.000000,0
2015-10-30,sz.002372,16.7700,17.1500,16.6000,16.8000,16.7300,4583228,77536692.0000,3,0.903087,1,0.418400,0
2015-11-02,sz.002372,16.6300,16.8400,16.3800,16.5500,16.8000,3992816,66332395.0000,3,0.786751,1,-1.488100,0
2015-11-03,sz.002372,16.6500,16.7500,16.3400,16.5600,16.5500,2529992,41922176.0000,3,0.498514,1,0.060400,0
2015-11-04,sz.002372,16.7300,17.3700,16.6600,17.3600,16.5600,7368099,126415296.0000,3,1.451822,1,4.830900,0
2015-11-05,sz.002372,17.4500,17.6200,17.1100,17.4000,17.3600,8925329,155020016.0000,3,1.758661,1,0.230400,0
2015-11-06,sz.002372,17.4700,17.9800,17.3000,17.9400,17.4000,8608579,152887426.0000,3,1.696248,1,3.103500,0
2015-11-09,sz.002372,17.8200,18.2800,17.6000,18.1500,17.9400,8240308,147639536.0000,3,1.623684,1,1.170600,0
2015-11-10,sz.002372,17.9700,18.1000,17.7000,17.8700,18.1500,6560069,117193859.0000,3,1.292607,1,-1.542700,0
2015-11-11,sz.002372,17.8800,17.9300,17.5200,17.8500,17.8700,4907517,87026049.0000,3,0.966985,1,-0.111900,0
2015-11-12,sz.002372,17.9900,18.5100,17.8200,18.3900,17.8500,14134442,257697320.0000,3,2.785073,1,3.025200,0
2015-11-13,sz.002372,18.2200,18.8300,17.6000,18.5200,18.3900,10015221,181701605.0000,3,1.973415,1,0.706900,0
2015-11-16,sz.002372,18.1800,18.3300,17.9200,18.2800,18.5200,8471135,153580200.0000,3,1.669166,1,-1.295900,0
2015-11-17,sz.002372,18.6000,18.8000,18.0800,18.3300,18.2800,11542758,213390843.0000,3,2.274404,1,0.273500,0
2015-11-18,sz.002372,18.2100,18.3800,17.7100,17.7800,18.3300,6017019,108113332.0000,3,1.185603,1,-3.000500,0
2015-11-19,sz.002372,17.8000,18.0400,17.7100,18.0100,17.7800,3906653,69848458.0000,3,0.769773,1,1.293600,0
2015-11-20,sz.002372,18.0000,18.2700,17.8400,18.1300,18.0100,5111757,92569823.0000,3,1.007229,1,0.666300,0
2015-11-23,sz.002372,18.1300,18.3000,17.7500,17.7900,18.1300,4968587,89844787.0000,3,0.979018,1,-1.875300,0
2015-11-24,sz.002372,17.8000,18.3200,17.7000,18.3200,17.7900,4705136,84793650.0000,3,0.927108,1,2.979200,0
2015-11-25,sz.002372,18.5000,19.4800,18.4500,19.3500,18.3200,17647882,336734752.0000,3,3.477367,1,5.622300,0
2015-11-26,sz.002372,19.5000,19.6500,18.8000,18.8300,19.3500,9727971,185720738.0000,3,1.916815,1,-2.687300,0
2015-11-27,sz.002372,18.7000,19.1000,17.2600,17.4900,18.8300,9014922,165055059.0000,3,1.776315,1,-7.116300,0
2015-11-30,sz.002372,17.3800,17.6400,16.5000,17.3000,17.4900,10028214,170985892.0000,3,1.975976,1,-1.086300,0
2015-12-01,sz.002372,17.3200,17.4800,17.0600,17.2000,17.3000,5967150,103165545.0000,3,1.175777,1,-0.578000,0
2015-12-02,sz.002372,17.2000,17.6400,17.0000,17.4500,17.2000,6141459,106412151.0000,3,1.210123,1,1.453500,0
2015-12-03,sz.002372,17.4900,18.2800,17.3200,18.2700,17.4500,7088350,126239296.0000,3,1.396700,1,4.699100,0
2015-12-04,sz.002372,18.0900,18.2200,17.7100,17.8700,18.2700,7770089,139724238.0000,3,1.531031,1,-2.189400,0
2015-12-07,sz.002372,17.8000,18.0500,17.6700,17.9000,17.8700,3599012,64346085.0000,3,0.709155,1,0.167900,0
2015-12-08,sz.002372,17.8800,17.8800,17.3000,17.3200,17.9000,4174366,72965907.0000,3,0.822524,1,-3.240200,0
2015-12-09,sz.002372,17.3200,17.5800,17.1800,17.4100,17.3200,3270871,57098546.0000,3,0.644498,1,0.519600,0
2015-12-10,sz.002372,17.4000,17.5900,17.0800,17.1400,17.4100,3205618,55655563.0000,3,0.631640,1,-1.550800,0
2015-12-11,sz.002372,17.1500,17.2700,16.6200,16.8100,17.1400,5131353,86544551.0000,3,1.011090,1,-1.925300,0
2015-12-14,sz.002372,16.8100,17.3000,16.7000,17.3000,16.8100,4246588,72247093.0000,3,0.836755,1,2.914900,0
2015-12-15,sz.002372,17.3000,17.6900,17.2000,17.6100,17.3000,4240898,74055638.0000,3,0.835633,1,1.791900,0
2015-12-16,sz.002372,17.6100,17.6900,17.4700,17.5000,17.6100,2657824,46668984.0000,3,0.523702,1,-0.624600,0
2015-12-17,sz.002372,17.5900,18.2500,17.5900,18.1900,17.5000,5884928,105825153.0000,3,1.159576,1,3.942900,0
2015-12-18,sz.002372,18.1400,18.2700,17.8800,18.0300,18.1900,4005704,72307431.0000,3,0.789290,1,-0.879600,0
2015-12-21,sz.002372,18.0700,18.3800,18.0300,18.2400,18.0300,4857025,88663446.0000,3,0.957036,1,1.164700,0
2015-12-22,sz.002372,18.3300,18.7100,18.1300,18.5500,18.2400,5702971,105363556.0000,3,1.123723,1,1.699600,0
2015-12-23,sz.002372,18.7000,18.7700,18.0300,18.0900,18.5500,5176816,95202164.0000,3,1.020048,1,-2.479800,0
2015-12-24,sz.002372,18.0100,18.0800,17.6600,17.9000,18.0900,3632953,64713135.0000,3,0.715843,1,-1.050300,0
2015-12-25,sz.002372,17.9500,18.1700,17.8300,18.0300,17.9000,2277790,41026148.0000,3,0.448819,1,0.726300,0
2015-12-28,sz.002372,18.1800,18.2900,17.7300,17.7300,18.0300,4318021,77983688.0000,3,0.850830,1,-1.663900,0
2015-12-29,sz.002372,17.8600,18.0800,17.7000,18.0800,17.7300,2554179,45616871.0000,3,0.503280,1,1.974100,0
2015-12-30,sz.002372,18.2000,18.3300,18.1100,18.2500,18.0800,3579337,65216847.0000,3,0.705278,1,0.940300,0
2015-12-31,sz.002372,18.3900,18.3900,17.8300,17.8800,18.2500,3037784,54967822.0000,3,0.580660,1,-2.027400,0
2016-01-04,sz.002372,17.9900,17.9900,16.1000,16.1500,17.8800,3468969,59397528.0000,3,0.663079,1,-9.675600,0
2016-01-05,sz.002372,16.0000,16.5900,15.6600,16.1600,16.1500,5239387,84447207.0000,3,1.001487,1,0.061900,0
2016-01-06,sz.002372,16.1800,16.4800,15.8200,16.2700,16.1600,5735846,92611755.0000,3,1.096383,1,0.680700,0
2016-01-07,sz.002372,15.9000,16.0800,15.0400,15.1800,16.2700,1635650,25603294.0000,3,0.312648,1,-6.699400,0
2016-01-08,sz.002372,15.6300,15.8900,15.0200,15.6300,15.1800,4805899,74682633.0000,3,0.918628,1,2.964400,0
2016-01-11,sz.002372,15.3000,15.7000,15.0400,15.2800,15.6300,6259176,96177237.0000,3,1.196416,1,-2.239300,0
2016-01-12,sz.002372,15.3300,15.5500,15.1300,15.5200,15.2800,3370986,51842514.0000,3,0.644350,1,1.570700,0
2016-01-13,sz.002372,15.6900,15.6900,14.8000,15.1800,15.5200,5335171,81624298.0000,3,1.019796,1,-2.190700,0
2016-01-14,sz.002372,14.8400,15.6100,14.6200,15.4800,15.1800,5339914,80113539.0000,3,1.020703,1,1.976300,0
2016-01-15,sz.002372,15.3500,15.4100,14.5000,14.6200,15.4800,4244057,63213519.0000,3,0.811234,1,-5.555600,0
2016-01-18,sz.002372,14.1000,14.8700,14.1000,14.6300,14.6200,3140518,45769091.0000,3,0.600297,1,0.068400,0
2016-01-19,sz.002372,14.5100,15.1600,14.4700,15.0800,14.6300,3524735,52300166.0000,3,0.673739,1,3.075900,0
2016-01-20,sz.002372,14.9500,15.0800,14.7300,14.8500,15.0800,2686516,40059895.0000,3,0.513516,1,-1.525200,0
2016-01-21,sz.002372,14.6800,14.9500,14.4100,14.4100,14.8500,2795788,40890294.0000,3,0.534403,1,-2.963000,0
2016-01-22,sz.002372,14.5200,14.6800,14.3000,14.5800,14.4100,1635083,23722532.0000,3,0.312539,1,1.179700,0
2016-01-25,sz.002372,14.5800,14.9600,14.5500,14.6600,14.5800,2459094,36351867.0000,3,0.470046,1,0.548700,0
2016-01-26,sz.002372,14.5000,14.9000,13.7800,13.9000,14.6600,3123106,45045903.0000,3,0.596969,1,-5.184200,0
2016-01-27,sz.002372,14.2300,14.2300,13.4000,13.9000,13.9000,2827028,38982159.0000,3,0.540375,1,0.000000,0
2016-01-28,sz.002372,13.7100,14.0800,13.3300,13.5800,13.9000,2150497,29625410.0000,3,0.411059,1,-2.302200,0
2016-01-29,sz.002372,13.6000,14.1700,13.4800,13.9100,13.5800,2412913,33395877.0000,3,0.461218,1,2.430000,0
2016-02-01,sz.002372,14.0500,14.0900,13.5500,13.7300,13.9100,2137937,29677796.0000,3,0.408658,1,-1.294000,0
2016-02-02,sz.002372,13.8400,14.1900,13.7200,14.0400,13.7300,3077048,43135567.0000,3,0.588165,1,2.257800,0
2016-02-03,sz.002372,13.9500,14.2600,13.8100,14.1600,14.0400,2133620,29867010.0000,3,0.407833,1,0.854700,0
2016-02-04,sz.002372,14.1300,14.3600,14.1300,14.3200,14.1600,1980306,28293429.0000,3,0.378527,1,1.129900,0
2016-02-05,sz.002372,14.3000,14.3900,14.1400,14.1500,14.3200,2209133,31467836.0000,3,0.422267,1,-1.187200,0
2016-02-15,sz.002372,13.7000,14.3000,13.5000,14.1400,14.1500,1705473,23822020.0000,3,0.325994,1,-0.070700,0
2016-02-16,sz.002372,14.1700,14.6300,14.1600,14.5900,14.1400,2674706,38689846.0000,3,0.511259,1,3.182500,0
2016-02-17,sz.002372,14.5800,14.6400,14.2700,14.6000,14.5900,2301051,33419088.0000,3,0.439836,1,0.068500,0
2016-02-18,sz.002372,14.7000,14.8200,14.5400,14.5600,14.6000,2941467,43159500.0000,3,0.562249,1,-0.274000,0
2016-02-19,sz.002372,14.5100,14.6600,14.4300,14.5200,14.5600,2242829,32563071.0000,3,0.428708,1,-0.274700,0
2016-02-22,sz.002372,14.7300,15.3900,14.7000,15.0200,14.5200,6249011,94145216.0000,3,1.194473,1,3.443500,0
2016-02-23,sz.002372,15.0200,15.4000,14.9400,15.1600,15.0200,5035006,76416324.0000,3,0.962421,1,0.932100,0
2016-02-24,sz.002372,15.0300,15.3200,14.6800,15.1700,15.1600,3170030,47614235.0000,3,0.605938,1,0.066000,0
2016-02-25,sz.002372,15.1500,15.1500,13.7800,14.0200,15.1700,4162336,60538250.0000,3,0.795613,1,-7.580700,0
2016-02-26,sz.002372,14.0900,14.2900,13.9300,14.2500,14.0200,2632814,37185445.0000,3,0.503252,1,1.640500,0
2016-02-29,sz.002372,14.3000,15.3400,14.2600,15.0100,14.2500,9266601,137357428.0000,3,1.771273,1,5.333300,0
2016-03-01,sz.002372,14.8200,16.5100,14.7700,16.5100,15.0100,17728596,282596640.0000,3,3.388748,1,9.993300,0
2016-03-02,sz.002372,16.7900,17.7600,16.3500,17.5200,16.5100,17644781,304306672.0000,3,3.372727,1,6.117500,0
2016-03-03,sz.002372,17.3400,18.1600,17.0900,17.3300,17.5200,12693856,221989606.0000,3,2.426378,1,-1.084500,0
2016-03-04,sz.002372,17.1000,17.5500,16.8000,17.3200,17.3300,10795658,186004395.0000,3,2.063546,1,-0.057700,0
2016-03-07,sz.002372,17.3000,18.1000,17.2900,17.6500,17.3200,8889613,156730450.0000,3,1.699213,1,1.905300,0
2016-03-08,sz.002372,17.5500,17.5500,16.5500,17.0200,17.6500,8064900,136491630.0000,3,1.541572,1,-3.569400,0
2016-03-09,sz.002372,16.6000,16.9700,16.4200,16.5900,17.0200,4220140,70625599.0000,3,0.806662,1,-2.526400,0
2016-03-10,sz.002372,16.5900,17.0600,16.3500,16.5400,16.5900,5114028,85835065.0000,3,0.977525,1,-0.301400,0
2016-03-11,sz.002372,16.2900,16.8200,16.1900,16.5900,16.5400,3612637,59690638.0000,3,0.690541,1,0.302300,0
2016-03-14,sz.002372,16.8700,17.6500,16.8700,17.1500,16.5900,7322526,126751252.0000,3,1.399671,1,3.375500,0
2016-03-15,sz.002372,17.1000,17.2900,16.8900,16.9600,17.1500,2704103,46081400.0000,3,0.516878,1,-1.107900,0
2016-03-16,sz.002372,17.1200,17.3800,16.6700,16.6800,16.9600,3833418,65201034.0000,3,0.732742,1,-1.650900,0
2016-03-17,sz.002372,16.8000,17.4800,16.7700,17.4700,16.6800,5061125,86773799.0000,3,0.967413,1,4.736200,0
2016-03-18,sz.002372,17.6000,17.9800,17.4500,17.7200,17.4700,8297756,147494234.0000,3,1.586082,1,1.431000,0
2016-03-21,sz.002372,17.7000,18.0800,17.6000,17.8400,17.7200,7426086,132496343.0000,3,1.419466,1,0.677200,0
2016-03-22,sz.002372,17.7000,17.8700,17.4700,17.8500,17.8400,5945753,105148535.0000,3,1.136506,1,0.056100,0
2016-03-23,sz.002372,17.7800,17.9500,17.6400,17.8900,17.8500,3703745,65909147.0000,3,0.707956,1,0.224100,0
2016-03-24,sz.002372,17.9300,17.9300,17.1800,17.2500,17.8900,5496703,96691926.0000,3,1.050672,1,-3.577400,0
2016-03-25,sz.002372,17.4400,17.4400,16.7400,17.2000,17.2500,3918439,66929950.0000,3,0.748993,1,-0.289900,0
2016-03-28,sz.002372,17.1700,17.8600,17.1700,17.5000,17.2000,5023726,88714786.0000,3,0.960265,1,1.744200,0
2016-03-29,sz.002372,17.3000,18.2000,17.2800,18.2000,17.5000,7259179,129699414.0000,3,1.387562,1,4.000000,0
2016-03-30,sz.002372,18.3900,18.4900,17.8300,18.3900,18.2000,9005995,163815183.0000,3,1.721459,1,1.043900,0
2016-03-31,sz.002372,18.2100,18.8600,18.2100,18.6800,18.3900,7261955,134752142.0000,3,1.388093,1,1.576900,0
2016-04-01,sz.002372,18.5600,18.6300,18.0700,18.6300,18.6800,3722810,68151069.0000,3,0.711600,1,-0.267700,0
2016-04-05,sz.002372,18.4000,18.9500,18.4000,18.8300,18.6300,4529326,84628418.0000,3,0.865762,1,1.073500,0
2016-04-06,sz.002372,18.7200,18.8200,18.0800,18.3700,18.8300,5094592,93756806.0000,3,0.973810,1,-2.442900,0
2016-04-07,sz.002372,18.4600,18.8000,18.2500,18.2600,18.3700,5098950,94729828.0000,3,0.974643,1,-0.598800,0
2016-04-08,sz.002372,18.2200,18.4300,17.9800,18.2000,18.2600,3519844,63847957.0000,3,0.672804,1,-0.328600,0
2016-04-11,sz.002372,18.6900,19.3300,18.6100,18.8400,18.2000,7309181,138834023.0000,3,1.397120,1,3.516500,0
2016-04-12,sz.002372,18.7800,19.4800,18.7200,19.1300,18.8400,6923402,132776869.0000,3,1.323380,1,1.539300,0
2016-04-13,sz.002372,19.3500,19.5900,19.0500,19.4500,19.1300,5362640,104158840.0000,3,1.025047,1,1.672800,0
2016-04-14,sz.002372,19.6000,19.6000,19.0000,19.1800,19.4500,3116730,59769578.0000,3,0.595750,1,-1.388200,0
2016-04-15,sz.002372,19.1000,19.1800,18.7000,18.8000,19.1800,4442020,83935224.0000,3,0.849074,1,-1.981200,0
2016-04-18,sz.002372,18.9000,19.0700,18.5100,18.9000,18.8000,3734765,70137026.0000,3,0.713885,1,0.531900,0
2016-04-19,sz.002372,19.0200,19.1000,18.8100,18.8800,18.9000,2378801,45088676.0000,3,0.454698,1,-0.105800,0
2016-04-20,sz.002372,18.9000,18.9700,17.3100,17.8100,18.8800,4614168,83030262.0000,3,0.881979,1,-5.667400,0
2016-04-21,sz.002372,17.8100,18.0800,17.4700,17.5200,17.8100,2459074,43823901.0000,3,0.470042,1,-1.628300,0
2016-04-22,sz.002372,17.6000,18.2800,17.5200,18.2800,17.5200,2122063,37968686.0000,3,0.405624,1,4.337900,0
2016-04-25,sz.002372,18.0200,18.5200,17.9000,18.3500,18.2800,3031625,55159520.0000,3,0.579483,1,0.382900,0
2016-04-26,sz.002372,18.2000,18.3300,18.0100,18.2400,18.3500,2649215,48113502.0000,3,0.506387,1,-0.599500,0
2016-04-27,sz.002372,18.3000,18.3900,17.9900,18.1400,18.2400,2731125,49650076.0000,3,0.522043,1,-0.548200,0
2016-04-28,sz.002372,18.0700,18.2300,17.6300,17.9000,18.1400,2158238,38603940.0000,3,0.412538,1,-1.323000,0
2016-04-29,sz.002372,17.8300,18.0500,17.8000,17.8000,17.9000,2240320,40119665.0000,3,0.428228,1,-0.558700,0
2016-05-03,sz.002372,17.6100,18.5000,17.4000,18.3500,17.8000,7457134,133214547.0000,3,1.425400,1,3.089900,0
2016-05-04,sz.002372,18.1600,18.3500,17.9500,18.1700,18.3500,5337355,96990847.0000,3,1.020213,1,-0.980900,0
2016-05-05,sz.002372,17.8100,18.3200,17.6000,18.1900,18.1700,4688902,84388558.0000,3,0.896264,1,0.110100,0
2016-05-06,sz.002372,18.1900,18.3500,17.7100,17.9400,18.1900,5040724,91093934.0000,3,0.963514,1,-1.374400,0
2016-05-09,sz.002372,17.8500,17.8500,17.0400,17.1500,17.9400,3634949,63208548.0000,3,0.694806,1,-4.403600,0
2016-05-10,sz.002372,17.2900,17.2900,16.9700,17.2500,17.1500,2519094,43167077.0000,3,0.481514,1,0.583100,0
2016-05-11,sz.002372,17.3200,17.4500,17.0300,17.2200,17.2500,2183685,37698655.0000,3,0.417402,1,-0.173900,0
2016-05-12,sz.002372,17.0100,17.0600,16.7000,17.0000,17.2200,2001923,33769701.0000,3,0.382659,1,-1.277600,0
2016-05-13,sz.002372,16.9100,17.2600,16.8500,16.9800,17.0000,1550969,26470900.0000,3,0.296461,1,-0.117600,0
2016-05-16,sz.002372,17.0000,17.4900,16.9400,17.4600,16.9800,2647619,45931367.0000,3,0.506081,1,2.826900,0
2016-05-17,sz.002372,17.5100,17.5700,16.9900,17.1200,17.4600,2829560,48695904.0000,3,0.540859,1,-1.947300,0
2016-05-18,sz.002372,16.9400,17.1400,16.6000,16.8500,17.1200,2083962,35040449.0000,3,0.398341,1,-1.577100,0
2016-05-19,sz.002372,16.8300,17.0600,16.5900,16.7300,16.8500,3773536,63389112.0000,3,0.721296,1,-0.712200,0
2016-05-20,sz.002372,16.6100,16.8800,16.4100,16.8700,16.7300,1422954,23832444.0000,3,0.271992,1,0.836800,0
2016-05-23,sz.002372,16.8700,17.1900,16.8200,17.1900,16.8700,2252527,38275244.0000,3,0.430561,1,1.896900,0
2016-05-24,sz.002372,17.1200,17.1800,16.8100,17.0400,17.1900,2519565,42706738.0000,3,0.481604,1,-0.872600,0
2016-05-25,sz.002372,17.2200,17.9900,17.2200,17.7000,17.0400,6791077,119937351.0000,3,1.298086,1,3.873200,0
2016-05-26,sz.002372,17.4300,17.6000,17.1500,17.5800,17.7000,3527363,61270390.0000,3,0.674241,1,-0.678000,0
2016-05-27,sz.002372,17.5900,17.7500,17.4500,17.5600,17.5800,2042299,35900508.0000,3,0.390377,1,-0.113800,0
2016-05-30,sz.002372,17.6000,17.6400,17.2800,17.5300,17.5600,1677291,29278823.0000,3,0.320607,1,-0.170800,0
2016-05-31,sz.002372,17.6000,18.1400,17.5200,18.0900,17.5300,4398892,78859988.0000,3,0.840830,1,3.194500,0
2016-06-01,sz.002372,18.1900,18.4300,18.0100,18.3000,18.0900,4077650,74295766.0000,3,0.779426,1,1.160900,0
2016-06-02,sz.002372,18.4400,18.4400,17.9700,18.1300,18.3000,3443248,62459859.0000,3,0.658163,1,-0.929000,0
2016-06-03,sz.002372,18.0800,18.2300,18.0200,18.1400,18.1300,1836827,33291313.0000,3,0.351102,1,0.055200,0
2016-06-06,sz.002372,18.2000,18.5000,17.9600,18.0100,18.1400,1974437,35737484.0000,3,0.377406,1,-0.716600,0
2016-06-07,sz.002372,18.0100,18.1600,17.8900,18.0600,18.0100,1958970,35248086.0000,3,0.374449,1,0.277600,0
2016-06-08,sz.002372,18.1000,18.4000,18.0500,18.1800,18.0600,2536616,46182621.0000,3,0.484864,1,0.664500,0
2016-06-13,sz.002372,18.0000,18.0000,17.4300,17.4300,18.1800,2676688,47457970.0000,3,0.511638,1,-4.125400,0
2016-06-14,sz.002372,17.5700,17.9100,17.4900,17.7200,17.4300,2584072,45815750.0000,3,0.493935,1,1.663800,0
2016-06-15,sz.002372,17.6800,18.3900,17.5600,18.2900,17.7200,5162515,93767791.0000,3,0.986793,1,3.216700,0
2016-06-16,sz.002372,18.3500,19.1300,18.2600,18.9000,18.2900,10163377,190507453.0000,3,1.942688,1,3.335100,0
2016-06-17,sz.002372,19.1000,20.4900,18.7200,20.0500,18.9000,21849924,429839024.0000,3,4.176523,1,6.084700,0
2016-06-20,sz.002372,14.4400,14.8200,14.1800,14.4600,14.9600,12020708,173778666.0000,3,1.767468,1,-3.342200,0
2016-06-21,sz.002372,14.6000,14.7900,13.8100,13.9200,14.4600,10128018,144887298.0000,3,1.489176,1,-3.734400,0
2016-06-22,sz.002372,13.8000,14.4400,13.8000,14.3500,13.9200,6473686,91610887.0000,3,0.951860,1,3.089100,0
2016-06-23,sz.002372,14.3100,14.4500,14.0400,14.1000,14.3500,7289249,103644486.0000,3,1.071777,1,-1.742200,0
2016-06-24,sz.002372,14.0000,14.5000,13.7000,14.4000,14.1000,10538898,149742992.0000,3,1.549590,1,2.127700,0
2016-06-27,sz.002372,14.3900,14.7300,14.2000,14.6300,14.4000,9912369,144218901.0000,3,1.457468,1,1.597200,0
2016-06-28,sz.002372,14.5300,14.6000,14.2000,14.5200,14.6300,8873195,127623548.0000,3,1.304673,1,-0.751900,0
2016-06-29,sz.002372,14.5600,14.6600,14.2500,14.5400,14.5200,7099288,102090294.0000,3,1.043846,1,0.137700,0
2016-06-30,sz.002372,14.5000,14.5000,14.2500,14.3600,14.5400,5120533,73407625.0000,3,0.752899,1,-1.238000,0
2016-07-01,sz.002372,14.4300,14.5000,14.0900,14.3900,14.3600,6622487,94535428.0000,3,0.973739,1,0.208900,0
2016-07-04,sz.002372,14.2800,14.9400,14.1800,14.8900,14.3900,12234279,180837508.0000,3,1.798871,1,3.474600,0
2016-07-05,sz.002372,14.9400,14.9700,14.5900,14.8400,14.8900,9754840,144133488.0000,3,1.434306,1,-0.335800,0
2016-07-06,sz.002372,14.8300,15.0700,14.7800,14.8800,14.8400,8552486,127528422.0000,3,1.257517,1,0.269500,0
2016-07-07,sz.002372,14.9900,15.1400,14.7100,14.9000,14.8800,7187036,107181969.0000,3,1.056748,1,0.134400,0
2016-07-08,sz.002372,15.0000,15.0700,14.6300,14.8000,14.9000,5554872,81897992.0000,3,0.816762,1,-0.671100,0
2016-07-11,sz.002372,14.8000,14.8600,14.6000,14.6400,14.8000,5150727,75794644.0000,3,0.757339,1,-1.081100,0
2016-07-12,sz.002372,14.6600,14.8200,14.3700,14.8000,14.6400,6603669,96649526.0000,3,0.970972,1,1.092900,0
2016-07-13,sz.002372,14.8000,14.9500,14.7000,14.8200,14.8000,4791175,70939488.0000,3,0.704472,1,0.135100,0
2016-07-14,sz.002372,14.8900,14.9000,14.5900,14.8000,14.8200,3941831,57977123.0000,3,0.579588,1,-0.134900,0
2016-07-15,sz.002372,14.8500,14.8500,14.6100,14.6900,14.8000,4750666,69871561.0000,3,0.698516,1,-0.743200,0
2016-07-18,sz.002372,14.6200,14.8100,14.6000,14.7700,14.6900,3697816,54441410.0000,3,0.543709,1,0.544600,0
2016-07-19,sz.002372,14.7100,14.7900,14.4000,14.5700,14.7700,4549393,66267724.0000,3,0.668921,1,-1.354100,0
2016-07-20,sz.002372,14.5800,14.7200,14.5100,14.5700,14.5700,3132545,45755442.0000,3,0.460595,1,0.000000,0
2016-07-21,sz.002372,14.6500,15.0300,14.6200,14.8300,14.5700,9542229,141978930.0000,3,1.403044,1,1.784500,0
2016-07-22,sz.002372,14.8600,15.0400,14.7300,14.7500,14.8300,4988478,74085595.0000,3,0.733482,1,-0.539400,0
2016-07-25,sz.002372,14.7300,14.9300,14.6200,14.8700,14.7500,5436756,80421044.0000,3,0.799395,1,0.813600,0
2016-07-26,sz.002372,14.9000,15.0000,14.7700,14.9600,14.8700,5342194,79794184.0000,3,0.785491,1,0.605200,0
2016-07-27,sz.002372,15.3000,15.8000,14.9000,15.3200,14.9600,19704349,303827408.0000,3,2.897235,1,2.406400,0
2016-07-28,sz.002372,15.3300,16.2100,15.1800,16.1100,15.3200,23051622,363852928.0000,3,3.389402,1,5.156700,0
2016-07-29,sz.002372,15.8500,16.1000,15.6500,15.7400,16.1100,11764136,186743863.0000,3,1.729743,1,-2.296700,0
2016-08-01,sz.002372,15.8400,15.8400,15.2100,15.3800,15.7400,6716983,104081929.0000,3,0.987634,1,-2.287200,0
2016-08-02,sz.002372,15.3200,15.7000,15.3000,15.6400,15.3800,5367932,83064555.0000,3,0.789275,1,1.690500,0
2016-08-03,sz.002372,15.5000,16.1500,15.4500,15.9700,15.6400,7976287,127248240.0000,3,1.172796,1,2.110000,0
2016-08-04,sz.002372,16.0600,16.3100,15.7100,16.1600,15.9700,7309414,117079465.0000,3,1.074742,1,1.189700,0
2016-08-05,sz.002372,16.1600,16.1600,15.6400,15.7200,16.1600,6073530,96329902.0000,3,0.893023,1,-2.722800,0
2016-08-08,sz.002372,15.6700,16.5400,15.5900,16.3700,15.7200,8177099,131943331.0000,3,1.202322,1,4.134900,0
2016-08-09,sz.002372,16.3500,16.5600,16.1800,16.3200,16.3700,4560530,74508512.0000,3,0.670559,1,-0.305400,0
2016-08-10,sz.002372,16.3400,16.8200,16.0200,16.1400,16.3200,7221026,118701366.0000,3,1.061746,1,-1.102900,0
2016-08-11,sz.002372,16.1500,16.2500,15.8400,15.9800,16.1400,5396327,86444237.0000,3,0.793451,1,-0.991300,0
2016-08-12,sz.002372,15.8500,16.1000,15.7600,15.9300,15.9800,4117257,65423245.0000,3,0.605382,1,-0.312900,0
2016-08-15,sz.002372,15.9100,16.3300,15.9000,16.2300,15.9300,6446004,104100633.0000,3,0.947790,1,1.883200,0
2016-08-16,sz.002372,16.3800,16.5200,16.2200,16.2900,16.2300,4933132,80658205.0000,3,0.725345,1,0.369700,0
2016-08-17,sz.002372,16.3000,16.8800,16.3000,16.7000,16.2900,7667758,128166178.0000,3,1.127431,1,2.516900,0
2016-08-18,sz.002372,16.6800,16.8300,16.5000,16.5500,16.7000,3602300,59795115.0000,3,0.529665,1,-0.898200,0
2016-08-19,sz.002372,16.4800,16.7300,16.4100,16.6300,16.5500,3956199,65733828.0000,3,0.581701,1,0.483400,0
2016-08-22,sz.002372,16.5400,16.6800,16.2200,16.3100,16.6300,4799053,78574882.0000,3,0.705630,1,-1.924200,0
2016-08-23,sz.002372,16.3100,16.4400,16.1900,16.2100,16.3100,2524537,41146039.0000,3,0.371196,1,-0.613100,0
2016-08-24,sz.002372,16.2000,16.3000,16.1100,16.2300,16.2100,2595835,42083361.0000,3,0.381679,1,0.123400,0
2016-08-25,sz.002372,16.2500,16.2700,15.8900,16.0300,16.2300,3902291,62508215.0000,3,0.573775,1,-1.232300,0
2016-08-26,sz.002372,16.0200,16.3300,15.9700,16.0800,16.0300,3089511,49994725.0000,3,0.454267,1,0.311900,0
2016-08-29,sz.002372,16.0800,16.2200,15.9200,16.0000,16.0800,3393321,54439030.0000,3,0.498938,1,-0.497500,0
2016-08-30,sz.002372,16.1800,16.2600,16.0600,16.2300,16.0000,2766993,44661725.0000,3,0.406846,1,1.437500,0
2016-08-31,sz.002372,16.2500,16.3000,15.7300,15.9200,16.2300,6352503,100800951.0000,3,0.934042,1,-1.910000,0
2016-09-01,sz.002372,15.7100,15.9300,15.6500,15.7000,15.9200,3775080,59524565.0000,3,0.555070,1,-1.381900,0
2016-09-02,sz.002372,15.6800,15.9900,15.6100,15.7800,15.7000,3943640,62349337.0000,3,0.579854,1,0.509600,0
2016-09-05,sz.002372,15.7700,15.8700,15.7200,15.8700,15.7800,2518067,39821513.0000,3,0.370245,1,0.570343,0
2016-09-06,sz.002372,15.8900,16.3000,15.6100,16.3000,15.8700,7546846,119793677.0000,3,1.109653,1,2.709511,0
2016-09-07,sz.002372,16.2200,16.6600,16.1100,16.4000,16.3000,7322903,120558570.0000,3,1.076725,1,0.613499,0
2016-09-08,sz.002372,16.4300,16.5600,16.2200,16.5300,16.4000,4610456,75580782.0000,3,0.677900,1,0.792689,0
2016-09-09,sz.002372,16.5500,16.9200,16.5000,16.6100,16.5300,7528166,125846527.0000,3,1.106906,1,0.483968,0
2016-09-12,sz.002372,16.3400,16.8500,16.2200,16.3000,16.6100,5049738,83161409.0000,3,0.742490,1,-1.866354,0
2016-09-13,sz.002372,16.4500,16.7400,16.2300,16.6600,16.3000,4792730,78792399.0000,3,0.704700,1,2.208593,0
2016-09-14,sz.002372,16.6000,16.7700,16.2700,16.3000,16.6600,3930315,64750689.0000,3,0.577895,1,-2.160868,0
2016-09-19,sz.002372,16.3500,16.3800,16.1000,16.2000,16.3000,3310182,53781711.0000,3,0.486714,1,-0.613488,0
2016-09-20,sz.002372,16.1900,16.5500,16.1100,16.5400,16.2000,4820450,78946118.0000,3,0.708776,1,2.098766,0
2016-09-21,sz.002372,16.5200,16.6700,16.4200,16.6300,16.5400,3030972,50216711.0000,3,0.445660,1,0.544125,0
2016-09-22,sz.002372,16.7000,16.9000,16.6100,16.8100,16.6300,6284062,105496659.0000,3,0.923979,1,1.082383,0
2016-09-23,sz.002372,16.7700,16.9000,16.6700,16.8300,16.8100,3609515,60563768.0000,3,0.530726,1,0.118980,0
2016-09-26,sz.002372,16.8800,17.2500,16.4200,16.5200,16.8300,3305693,54954944.0000,3,0.486054,1,-1.841946,0
2016-09-27,sz.002372,16.5700,16.6000,16.3200,16.6000,16.5200,1858901,30588903.0000,3,0.273324,1,0.484261,0
2016-09-28,sz.002372,16.6800,16.9000,16.4000,16.9000,16.6000,2002031,33107034.0000,3,0.294369,1,1.807224,0
2016-09-29,sz.002372,16.7000,16.9500,16.6100,16.9100,16.9000,3078240,51858699.0000,3,0.452610,1,0.059173,0
2016-09-30,sz.002372,16.9500,17.5000,16.8300,17.2900,16.9100,4992132,85761792.0000,3,0.734020,1,2.247197,0
2016-10-10,sz.002372,17.4000,17.4000,16.5200,16.8700,17.2900,10659548,178213018.0000,3,1.567330,1,-2.429150,0
2016-10-11,sz.002372,16.8200,16.8500,16.3300,16.6600,16.8700,11222365,185261883.0000,3,1.650084,1,-1.244819,0
2016-10-12,sz.002372,16.5000,16.6900,16.4500,16.6600,16.6600,4976016,82471087.0000,3,0.731650,1,0.000000,0
2016-10-13,sz.002372,16.6800,16.7300,16.2000,16.2400,16.6600,7908711,129227659.0000,3,1.162860,1,-2.521009,0
2016-10-14,sz.002372,16.1800,16.3300,16.0700,16.2700,16.2400,4520914,73318506.0000,3,0.664734,1,0.184733,0
2016-10-17,sz.002372,16.2900,16.3100,16.0600,16.1000,16.2700,3324478,53782194.0000,3,0.488816,1,-1.044868,0
2016-10-18,sz.002372,16.0600,16.2600,15.9500,16.2100,16.1000,4691878,75620453.0000,3,0.689872,1,0.683222,0
2016-10-19,sz.002372,16.2400,16.3600,16.1000,16.1500,16.2100,3438087,55799842.0000,3,0.505520,1,-0.370139,0
2016-10-20,sz.002372,16.1200,16.2200,15.9400,16.0000,16.1500,4717931,75609345.0000,3,0.693702,1,-0.928790,0
2016-10-21,sz.002372,16.0000,16.0500,15.6500,15.7500,16.0000,7714765,121994213.0000,3,1.134343,1,-1.562500,0
2016-10-24,sz.002372,15.7500,15.9000,15.6900,15.8800,15.7500,4495699,71077901.0000,3,0.661026,1,0.825398,0
2016-10-25,sz.002372,16.0500,16.3800,16.0500,16.2700,15.8800,7063714,114751191.0000,3,1.038615,1,2.455921,0
2016-10-26,sz.002372,16.3800,16.3800,16.1300,16.2100,16.2700,4541439,73761490.0000,3,0.667752,1,-0.368785,0
2016-10-27,sz.002372,16.2200,16.2700,16.1100,16.2400,16.2100,2717745,43972106.0000,3,0.399604,1,0.185075,0
2016-10-28,sz.002372,16.2400,16.3000,16.1000,16.1000,16.2400,2372319,38392322.0000,3,0.348815,1,-0.862065,0
2016-10-31,sz.002372,16.0300,16.1900,15.8800,16.0700,16.1000,2498314,40035481.0000,3,0.367340,1,-0.186340,0
2016-11-01,sz.002372,16.1100,16.2200,16.0700,16.2000,16.0700,3512234,56803722.0000,3,0.516422,1,0.808967,0
2016-11-02,sz.002372,16.1900,16.2500,16.1100,16.1300,16.2000,2046434,33084882.0000,3,0.300898,1,-0.432109,0
2016-11-03,sz.002372,16.0100,16.1900,16.0100,16.1200,16.1300,2126854,34282053.0000,3,0.312723,1,-0.061986,0
2016-11-04,sz.002372,16.1300,16.1400,15.9900,16.0100,16.1200,1989619,31926139.0000,3,0.292544,1,-0.682386,0
2016-11-07,sz.002372,15.9900,16.0400,15.7600,15.8200,16.0100,3333348,52771017.0000,3,0.490120,1,-1.186762,0
2016-11-08,sz.002372,15.8300,15.9800,15.7700,15.9700,15.8200,3163257,50150375.0000,3,0.465110,1,0.948171,0
2016-11-09,sz.002372,15.9500,15.9500,15.7100,15.7900,15.9700,2839356,44929293.0000,3,0.417486,1,-1.127115,0
2016-11-10,sz.002372,15.8600,16.0700,15.8500,16.0200,15.7900,3002917,47912051.0000,3,0.441535,1,1.456621,0
2016-11-11,sz.002372,16.0200,16.3600,15.9500,16.3300,16.0200,5946273,96516696.0000,3,0.874312,1,1.935078,0
2016-11-14,sz.002372,16.3600,16.4700,16.2200,16.3000,16.3300,3229766,52762705.0000,3,0.474890,1,-0.183715,0
2016-11-15,sz.002372,16.2300,16.3500,16.1800,16.3500,16.3000,2435576,39584448.0000,3,0.358116,1,0.306756,0
2016-11-16,sz.002372,16.3800,16.4500,16.2600,16.3400,16.3500,1552473,25344646.0000,3,0.228268,1,-0.061163,0
2016-11-17,sz.002372,16.3700,16.3700,16.0900,16.1500,16.3400,2212971,35815835.0000,3,0.325385,1,-1.162794,0
2016-11-18,sz.002372,16.1000,16.2500,16.0400,16.0800,16.1500,2030575,32783678.0000,3,0.298566,1,-0.433435,0
2016-11-21,sz.002372,16.0700,16.3500,16.0500,16.3400,16.0800,4110198,66812406.0000,3,0.604344,1,1.616917,0
2016-11-22,sz.002372,16.3500,16.4700,16.2100,16.3000,16.3400,3222049,52581826.0000,3,0.473755,1,-0.244804,0
2016-11-23,sz.002372,16.4500,16.4500,16.2100,16.2600,16.3000,3756367,61358417.0000,3,0.552319,1,-0.245393,0
2016-11-24,sz.002372,16.2500,16.4000,16.2500,16.2800,16.2600,2759563,45082242.0000,3,0.405753,1,0.123004,0
2016-11-25,sz.002372,16.3100,16.7500,16.2200,16.6600,16.2800,6215230,102733956.0000,3,0.913858,1,2.334147,0
2016-11-28,sz.002372,16.6600,16.7800,16.5000,16.5300,16.6600,3584964,59571255.0000,3,0.527116,1,-0.780307,0
2016-11-29,sz.002372,16.5300,16.6800,16.3900,16.4600,16.5300,3845550,63597536.0000,3,0.565432,1,-0.423482,0
2016-11-30,sz.002372,16.4600,16.5400,16.4000,16.4900,16.4600,2373605,39096350.0000,3,0.349004,1,0.182264,0
2016-12-01,sz.002372,16.4900,16.5800,16.2700,16.4000,16.4900,2814531,46209414.0000,3,0.413835,1,-0.545786,0
2016-12-02,sz.002372,16.3900,16.4000,15.9300,15.9900,16.4000,3628206,58541101.0000,3,0.533474,1,-2.499999,0
2016-12-05,sz.002372,15.9100,16.1000,15.8500,15.9300,15.9900,1908535,30520660.0000,3,0.280622,1,-0.375231,0
2016-12-06,sz.002372,15.9300,16.0900,15.9200,16.0200,15.9300,1107187,17723916.0000,3,0.162796,1,0.564973,0
2016-12-07,sz.002372,16.0200,16.1700,16.0000,16.1000,16.0200,1098201,17682769.0000,3,0.161474,1,0.499375,0
2016-12-08,sz.002372,16.1200,16.2600,16.1000,16.1600,16.1000,1879073,30450250.0000,3,0.276290,1,0.372667,0
2016-12-09,sz.002372,16.1800,16.2400,16.0200,16.1000,16.1600,1164349,18788716.0000,3,0.171200,1,-0.371284,0
2016-12-12,sz.002372,16.1000,16.1500,15.3900,15.5600,16.1000,3129178,49496652.0000,3,0.460100,1,-3.354037,0
2016-12-13,sz.002372,15.4100,15.6700,15.4100,15.6100,15.5600,1835124,28559441.0000,3,0.269828,1,0.321332,0
2016-12-14,sz.002372,15.6100,15.6100,15.0200,15.1000,15.6100,5015326,76338359.0000,3,0.737430,1,-3.267132,0
2016-12-15,sz.002372,14.9500,15.1700,14.9000,14.9400,15.1000,3350488,50381734.0000,3,0.492640,1,-1.059608,0
2016-12-16,sz.002372,14.9400,15.2500,14.9400,15.2500,14.9400,2578757,39067958.0000,3,0.379168,1,2.074969,0
2016-12-19,sz.002372,15.3700,15.3800,15.1200,15.1400,15.2500,2306534,35208451.0000,3,0.339142,1,-0.721309,0
2016-12-20,sz.002372,15.1000,15.2500,15.0100,15.1300,15.1400,2198007,33261373.0000,3,0.323185,1,-0.066052,0
2016-12-21,sz.002372,15.1300,15.3400,15.1000,15.3400,15.1300,2869693,43617313.0000,3,0.421946,1,1.387971,0
2016-12-22,sz.002372,15.4200,15.4200,15.0200,15.1500,15.3400,2886399,43716767.0000,3,0.424403,1,-1.238595,0
2016-12-23,sz.002372,15.1700,15.1800,14.9800,15.0300,15.1500,1852967,27877426.0000,3,0.272452,1,-0.792079,0
2016-12-26,sz.002372,15.2000,15.2400,14.8800,15.1900,15.0300,2301676,34729191.0000,3,0.338428,1,1.064537,0
2016-12-27,sz.002372,15.2700,15.3500,15.1800,15.2900,15.1900,1880696,28718504.0000,3,0.276529,1,0.658330,0
2016-12-28,sz.002372,15.3000,15.3000,15.1500,15.1700,15.2900,1342151,20398397.0000,3,0.197344,1,-0.784826,0
2016-12-29,sz.002372,15.1700,15.3200,15.1200,15.2000,15.1700,1345316,20524738.0000,3,0.197809,1,0.197757,0
2016-12-30,sz.002372,15.3300,15.5800,15.2300,15.4300,15.2000,2285339,35185591.0000,3,0.336025,1,1.513161,0
2017-01-03,sz.002372,15.4500,16.9500,15.4500,15.7900,15.4300,5235904,83397982.0000,3,0.769863,1,2.333115,0
2017-01-04,sz.002372,15.6500,15.9500,15.6500,15.8900,15.7900,3148271,49877814.0000,3,0.462907,1,0.633315,0
2017-01-05,sz.002372,16.0000,16.0900,15.7700,15.9100,15.8900,3101920,49410263.0000,3,0.456092,1,0.125862,0
2017-01-06,sz.002372,16.0000,16.1000,15.7800,15.9000,15.9100,2920513,46360824.0000,3,0.429418,1,-0.062855,0
2017-01-09,sz.002372,15.8000,16.0100,15.7700,15.9900,15.9000,2711303,43102688.0000,3,0.398657,1,0.566039,0
2017-01-10,sz.002372,16.0500,16.7700,15.8300,15.9100,15.9900,2360086,37781844.0000,3,0.347016,1,-0.500312,0
2017-01-11,sz.002372,15.8500,15.9600,15.8000,15.9100,15.9100,2219745,35230464.0000,3,0.326381,1,0.000000,0
2017-01-12,sz.002372,15.9500,15.9500,15.7100,15.7900,15.9100,1528662,24147496.0000,3,0.224767,1,-0.754242,0
2017-01-13,sz.002372,15.7900,15.8000,15.4400,15.4700,15.7900,2259270,35277276.0000,3,0.332192,1,-2.026597,0
2017-01-16,sz.002372,15.5400,15.5400,14.2500,15.1300,15.4700,5123335,77074334.0000,3,0.753311,1,-2.197803,0
2017-01-17,sz.002372,15.1000,15.7400,15.0100,15.3300,15.1300,1887577,28865695.0000,3,0.277540,1,1.321876,0
2017-01-18,sz.002372,15.3100,15.4300,15.2000,15.3400,15.3300,2348854,36000230.0000,3,0.345364,1,0.065233,0
2017-01-19,sz.002372,15.3600,15.4000,15.2200,15.2300,15.3400,1268688,19427031.0000,3,0.186542,1,-0.717083,0
2017-01-20,sz.002372,15.2600,15.4600,15.1900,15.4200,15.2300,2174673,33418081.0000,3,0.319754,1,1.247541,0
2017-01-23,sz.002372,15.4600,15.6800,15.3800,15.6200,15.4200,2383668,37087691.0000,3,0.350483,1,1.297016,0
2017-01-24,sz.002372,15.6500,16.1200,15.5000,15.9400,15.6200,5014695,79674269.0000,3,0.737337,1,2.048654,0
2017-01-25,sz.002372,15.8100,15.9900,15.7000,15.8000,15.9400,2439126,38730256.0000,3,0.358638,1,-0.878290,0
2017-01-26,sz.002372,15.8300,15.9700,15.7700,15.9400,15.8000,1914480,30440775.0000,3,0.281496,1,0.886072,0
2017-02-03,sz.002372,15.8300,15.9500,15.6600,15.7500,15.9400,1609636,25339840.0000,3,0.236673,1,-1.191967,0
2017-02-06,sz.002372,15.7200,15.9000,15.7200,15.8100,15.7500,2345340,37068078.0000,3,0.344848,1,0.380955,0
2017-02-07,sz.002372,15.8100,15.8700,15.4800,15.8200,15.8100,3768868,59000908.0000,3,0.554157,1,0.063247,0
2017-02-08,sz.002372,15.8000,15.9800,15.7600,15.9600,15.8200,2981762,47386702.0000,3,0.438424,1,0.884958,0
2017-02-09,sz.002372,16.0000,16.1200,15.9700,16.0700,15.9600,3459810,55567563.0000,3,0.508714,1,0.689221,0
2017-02-10,sz.002372,16.1400,16.1400,15.8800,16.0800,16.0700,3444236,55126024.0000,3,0.506424,1,0.062229,0
2017-02-13,sz.002372,16.0800,16.2400,16.0000,16.1300,16.0800,4017464,64915566.0000,3,0.590709,1,0.310941,0
2017-02-14,sz.002372,16.1700,16.2000,16.0300,16.1300,16.1300,2060432,33221436.0000,3,0.302956,1,0.000000,0
2017-02-15,sz.002372,16.1900,16.3000,15.7800,16.0200,16.1300,4742734,75675647.0000,3,0.697349,1,-0.681951,0
2017-02-16,sz.002372,15.9900,16.0300,15.8500,15.9000,16.0200,1916357,30598871.0000,3,0.281772,1,-0.749069,0
2017-02-17,sz.002372,16.2500,17.2000,16.2500,16.9100,15.9000,17847230,299984992.0000,3,2.624173,1,6.352202,0
2017-02-20,sz.002372,16.8600,17.8000,16.7900,17.5500,16.9100,14938744,260465166.0000,3,2.196523,1,3.784739,0
2017-02-21,sz.002372,17.4200,17.7300,17.3100,17.4400,17.5500,9417299,164265310.0000,3,1.384675,1,-0.626773,0
2017-02-22,sz.002372,17.5300,17.7600,17.3700,17.6400,17.4400,8649029,152529105.0000,3,1.271713,1,1.146782,0
2017-02-23,sz.002372,17.7200,17.7600,17.4200,17.7000,17.6400,5287141,93003478.0000,3,0.777396,1,0.340144,0
2017-02-24,sz.002372,17.6800,17.6900,17.4000,17.5300,17.7000,4871905,85377957.0000,3,0.716342,1,-0.960452,0
2017-02-27,sz.002372,17.6000,17.8900,17.5600,17.5800,17.5300,4858856,86079909.0000,3,0.714423,1,0.285221,0
2017-02-28,sz.002372,17.6000,17.8800,17.6000,17.7900,17.5800,5005447,88789805.0000,3,0.735977,1,1.194545,0
2017-03-01,sz.002372,17.8500,18.4400,17.6000,17.9300,17.7900,4818475,86017055.0000,3,0.708486,1,0.786956,0
2017-03-02,sz.002372,17.7500,17.8800,17.5900,17.6800,17.9300,4529798,80018350.0000,3,0.666040,1,-1.394311,0
2017-03-03,sz.002372,17.7400,17.9500,17.6400,17.7800,17.6800,2864685,50822191.0000,3,0.421210,1,0.565613,0
2017-03-06,sz.002372,17.9000,18.8300,17.9000,18.8100,17.7800,10345949,190338101.0000,3,1.521220,1,5.793019,0
2017-03-07,sz.002372,18.6900,19.1200,18.5400,18.8200,18.8100,5802103,109305803.0000,3,0.853114,1,0.053164,0
2017-03-08,sz.002372,18.7700,18.8500,18.5800,18.8000,18.8200,2657008,49709611.0000,3,0.390674,1,-0.106272,0
2017-03-09,sz.002372,19.2000,19.2500,18.3800,18.4200,18.8000,8566896,160417631.0000,3,1.259636,1,-2.021272,0
2017-03-10,sz.002372,18.4000,18.9400,18.2700,18.7200,18.4200,5150602,95776666.0000,3,0.757320,1,1.628660,0
2017-03-13,sz.002372,18.9800,19.3700,18.8000,18.9500,18.7200,7249724,138540195.0000,3,1.065965,1,1.228640,0
2017-03-14,sz.002372,18.9200,19.1400,18.8000,19.0800,18.9500,3215175,60934127.0000,3,0.472744,1,0.686011,0
2017-03-15,sz.002372,19.1100,19.3600,18.9800,19.2300,19.0800,4351564,83559494.0000,3,0.639833,1,0.786161,0
2017-03-16,sz.002372,19.2400,19.5500,19.1000,19.5500,19.2300,5432296,105021107.0000,3,0.798739,1,1.664065,0
2017-03-17,sz.002372,19.5500,20.0000,19.4000,19.5600,19.5500,7372521,145721576.0000,3,1.084021,1,0.051152,0
2017-03-20,sz.002372,19.6300,19.8600,19.0000,19.4600,19.5600,6843497,132356053.0000,3,1.006236,1,-0.511249,0
2017-03-21,sz.002372,19.4000,19.8200,19.1300,19.8200,19.4600,5489071,107055970.0000,3,0.807087,1,1.849952,0
2017-03-22,sz.002372,19.6400,19.9500,19.4600,19.6300,19.8200,4521710,88910141.0000,3,0.664851,1,-0.958630,0
2017-03-23,sz.002372,19.5800,20.1300,19.5100,20.0300,19.6300,6367691,126729000.0000,3,0.936275,1,2.037705,0
2017-03-24,sz.002372,20.0000,20.9600,20.0000,20.9300,20.0300,8485573,174990612.0000,3,1.247679,1,4.493258,0
2017-03-27,sz.002372,21.0800,21.1800,20.2800,20.3100,20.9300,7708895,159074253.0000,3,1.133480,1,-2.962259,0
2017-03-28,sz.002372,20.3600,20.5500,19.9300,20.3100,20.3100,5464460,110453964.0000,3,0.803468,1,0.000000,0
2017-03-29,sz.002372,20.2800,20.5100,19.9500,20.2700,20.3100,3657749,73945410.0000,3,0.537818,1,-0.196942,0
2017-03-30,sz.002372,20.2000,20.4900,19.8100,20.2500,20.2700,5384233,108728258.0000,3,0.791672,1,-0.098670,0
2017-03-31,sz.002372,20.1200,20.5900,20.1200,20.3800,20.2500,3592445,73111590.0000,3,0.528216,1,0.641971,0
2017-04-05,sz.002372,21.1000,21.5200,20.5600,21.3200,20.3800,10268685,216383319.0000,3,1.509859,1,4.612368,0
2017-04-06,sz.002372,21.1000,22.7600,20.8800,22.2200,21.3200,10451127,229875617.0000,3,1.536685,1,4.221386,0
2017-04-07,sz.002372,22.0100,22.5200,21.7100,22.1600,22.2200,5797062,128239892.0000,3,0.852373,1,-0.270025,0
2017-04-10,sz.002372,22.1600,22.9900,22.0200,22.9800,22.1600,7436152,168516487.0000,3,1.093377,1,3.700360,0
2017-04-11,sz.002372,22.9700,23.2000,21.2100,22.2000,22.9800,11976389,265270414.0000,3,1.760952,1,-3.394251,0
2017-04-12,sz.002372,21.8500,22.2500,21.6500,22.1900,22.2000,4641716,102224184.0000,3,0.682496,1,-0.045046,0
2017-04-13,sz.002372,22.0100,22.7800,21.7200,22.5900,22.1900,4518389,101054073.0000,3,0.664363,1,1.802612,0
2017-04-14,sz.002372,22.4600,22.7500,21.9200,22.1300,22.5900,3439072,76413892.0000,3,0.505665,1,-2.036304,0
2017-04-17,sz.002372,22.1000,22.2400,21.3600,21.7100,22.1300,4764798,104023488.0000,3,0.700593,1,-1.897877,0
2017-04-18,sz.002372,21.7200,23.1900,21.7200,22.8600,21.7100,8419655,191429897.0000,3,1.237986,1,5.297105,0
2017-04-19,sz.002372,23.0000,23.5900,22.5800,23.1900,22.8600,7928292,183658272.0000,3,1.165739,1,1.443569,0
2017-04-20,sz.002372,23.1600,24.4700,22.8000,24.0300,23.1900,8372103,198593702.0000,3,1.230995,1,3.622251,0
2017-04-21,sz.002372,24.0300,24.3000,23.4700,23.5600,24.0300,5349550,127793145.0000,3,0.786573,1,-1.955893,0
2017-04-24,sz.002372,23.5600,24.0500,22.8100,23.8800,23.5600,6016011,142089010.0000,3,0.881638,1,1.358233,0
2017-04-25,sz.002372,23.7000,24.1000,23.3900,24.0100,23.8800,5321741,126762838.0000,3,0.779894,1,0.544393,0
2017-04-26,sz.002372,23.4000,23.4000,21.6100,22.0900,24.0100,23746312,527178896.0000,3,3.479988,1,-7.996669,0
2017-04-27,sz.002372,21.9600,21.9700,20.4000,21.5200,22.0900,10200137,216706520.0000,3,1.494816,1,-2.580352,0
2017-04-28,sz.002372,16.0300,16.5100,15.4000,15.5100,16.0900,9908520,157057467.0000,3,1.116984,1,-3.604723,0
2017-05-02,sz.002372,15.4500,16.1300,15.1800,15.9100,15.5100,6973390,110538518.0000,3,0.786108,1,2.578979,0
2017-05-03,sz.002372,15.8500,16.1500,15.7700,16.0100,15.9100,5006220,80070987.0000,3,0.564350,1,0.628538,0
2017-05-04,sz.002372,16.0600,16.7900,15.8100,16.5100,16.0100,8436013,139242577.0000,3,0.950989,1,3.123048,0
2017-05-05,sz.002372,16.3900,16.5800,16.1100,16.1400,16.5100,6094691,99354851.0000,3,0.687053,1,-2.241071,0
2017-05-08,sz.002372,16.1500,16.1500,15.6800,15.8300,16.1400,4910092,78092774.0000,3,0.553513,1,-1.920691,0
2017-05-09,sz.002372,15.7000,15.8700,15.0800,15.8500,15.8300,6577243,102186398.0000,3,0.741450,1,0.126345,0
2017-05-10,sz.002372,15.7100,16.0800,15.2600,15.4200,15.8500,5556499,87249769.0000,3,0.626382,1,-2.712936,0
2017-05-11,sz.002372,15.2000,15.5100,15.0100,15.5000,15.4200,6013098,91757484.0000,3,0.677855,1,0.518806,0
2017-05-12,sz.002372,15.4000,15.6900,15.3700,15.6000,15.5000,5010686,77914659.0000,3,0.564853,1,0.645164,0
2017-05-15,sz.002372,15.5800,15.8600,15.4300,15.6200,15.6000,4134135,64966229.0000,3,0.466040,1,0.128202,0
2017-05-16,sz.002372,15.4400,16.3500,15.4400,16.1800,15.6200,6999891,111317009.0000,3,0.789095,1,3.585150,0
2017-05-17,sz.002372,16.1700,16.3600,16.0300,16.3000,16.1800,5415111,88122732.0000,3,0.610444,1,0.741650,0
2017-05-18,sz.002372,16.3000,16.7300,16.1000,16.4400,16.3000,5769648,95280741.0000,3,0.650411,1,0.858904,0
2017-05-19,sz.002372,16.2100,16.7500,16.2100,16.6900,16.4400,4519371,75100114.0000,3,0.509467,1,1.520681,0
2017-05-22,sz.002372,16.7200,16.7300,16.0100,16.0900,16.6900,5694064,92735481.0000,3,0.641890,1,-3.594969,0
2017-05-23,sz.002372,15.9100,16.2700,15.9000,15.9500,16.0900,3792047,60976535.0000,3,0.427476,1,-0.870108,0
2017-05-24,sz.002372,15.9000,15.9500,15.2000,15.6200,15.9500,4725699,73624303.0000,3,0.532727,1,-2.068965,0
2017-05-25,sz.002372,15.6300,15.8900,15.2000,15.8000,15.6200,3856109,60077686.0000,3,0.434698,1,1.152371,0
2017-05-26,sz.002372,15.6900,16.6300,15.6900,16.5900,15.8000,7938358,129705263.0000,3,0.894889,1,5.000000,0
2017-05-31,sz.002372,16.5100,16.9600,16.2800,16.5400,16.5900,5971348,98940638.0000,3,0.673148,1,-0.301382,0
2017-06-01,sz.002372,16.5000,16.6500,16.2500,16.2700,16.5400,4611545,75585596.0000,3,0.519858,1,-1.632409,0
2017-06-02,sz.002372,16.2200,16.3700,15.7000,16.0800,16.2700,3992784,64108122.0000,3,0.450105,1,-1.167797,0
2017-06-05,sz.002372,16.0900,16.2700,16.0000,16.1700,16.0800,2894825,46690963.0000,3,0.326333,1,0.559702,0
2017-06-06,sz.002372,16.2000,16.5300,16.0700,16.5100,16.1700,4390272,71810427.0000,3,0.494914,1,2.102660,0
2017-06-07,sz.002372,16.5600,17.4700,16.5600,17.4000,16.5100,9895701,168073155.0000,3,1.115539,1,5.390669,0
2017-06-08,sz.002372,17.4000,17.4600,17.0500,17.2300,17.4000,6167136,106464326.0000,3,0.695219,1,-0.977012,0
2017-06-09,sz.002372,17.2000,17.9500,17.1300,17.8000,17.2300,8210733,144560781.0000,3,0.925593,1,3.308182,0
2017-06-12,sz.002372,17.8100,18.1600,17.6600,17.7300,17.8000,5216895,93539112.0000,3,0.588099,1,-0.393257,0
2017-06-13,sz.002372,17.7500,18.1000,17.5600,17.9100,17.7300,4079424,72902430.0000,3,0.459872,1,1.015230,0
2017-06-14,sz.002372,17.8000,17.9200,17.0800,17.2900,17.9100,6516272,114050355.0000,3,0.734577,1,-3.461747,0
2017-06-15,sz.002372,17.1300,17.5000,17.0600,17.2900,17.2900,3699165,64046729.0000,3,0.417006,1,0.000000,0
2017-06-16,sz.002372,17.2500,17.4400,17.1800,17.2900,17.2900,3006163,52067471.0000,3,0.336640,1,0.000000,0
2017-06-19,sz.002372,17.4000,17.4800,17.1000,17.2600,17.2900,3363378,58091492.0000,3,0.376642,1,-0.173515,0
2017-06-20,sz.002372,17.2600,17.4000,16.9800,17.0800,17.2600,3494495,59746507.0000,3,0.391325,1,-1.042875,0
2017-06-21,sz.002372,17.1800,17.6000,17.1000,17.5600,17.0800,5971637,103878829.0000,3,0.668723,1,2.810302,0
2017-06-22,sz.002372,17.5700,17.6900,17.0000,17.0400,17.5600,4993026,86346827.0000,3,0.559135,1,-2.961267,0
2017-06-23,sz.002372,16.9400,17.2600,16.6500,17.1600,17.0400,5315921,89847627.0000,3,0.595294,1,0.704219,0
2017-06-26,sz.002372,17.1000,17.6200,16.9500,17.6200,17.1600,6198021,107551284.0000,3,0.694075,1,2.680659,0
2017-06-27,sz.002372,17.6300,17.7900,17.4500,17.6800,17.6200,4442846,78195726.0000,3,0.497524,1,0.340519,0
2017-06-28,sz.002372,17.6700,17.8900,17.5500,17.6200,17.6800,5042601,89604817.0000,3,0.564687,1,-0.339363,0
2017-06-29,sz.002372,17.6100,17.7500,17.2800,17.5400,17.6200,2783545,48774474.0000,3,0.311710,1,-0.454029,0
2017-06-30,sz.002372,17.4900,18.8000,17.3900,18.6800,17.5400,9613945,175607936.0000,3,1.077128,1,6.499426,0
2017-07-03,sz.002372,18.7100,19.4500,18.3600,18.9800,18.6800,8430435,159254995.0000,3,0.944530,1,1.605992,0
2017-07-04,sz.002372,18.8600,19.3000,18.5500,19.0300,18.9800,6469699,121651112.0000,3,0.724853,1,0.263441,0
2017-07-05,sz.002372,18.8000,18.9800,18.6900,18.9000,19.0300,4198727,78926247.0000,3,0.470417,1,-0.683137,0
2017-07-06,sz.002372,18.8800,18.9500,18.4700,18.6500,18.9000,3774683,70561648.0000,3,0.422908,1,-1.322751,0
2017-07-07,sz.002372,18.6600,18.6600,18.4000,18.6500,18.6500,3024423,55957634.0000,3,0.338851,1,0.000000,0
2017-07-10,sz.002372,18.6100,18.6100,18.1000,18.3000,18.6500,4708958,86051305.0000,3,0.527583,1,-1.876678,0
2017-07-11,sz.002372,18.3000,18.5500,18.1500,18.2200,18.3000,3720404,68335279.0000,3,0.416827,1,-0.437158,0
2017-07-12,sz.002372,18.1900,18.5400,18.0500,18.3000,18.2200,3363870,61439122.0000,3,0.376882,1,0.439078,0
2017-07-13,sz.002372,18.3500,18.4700,18.1400,18.3500,18.3000,3139024,57585090.0000,3,0.351690,1,0.273230,0
2017-07-14,sz.002372,18.2900,19.0400,18.2800,19.0100,18.3500,7592619,142131421.0000,3,0.850663,1,3.596730,0
2017-07-17,sz.002372,19.0900,19.1500,17.8300,17.8500,19.0100,8169854,150078085.0000,3,0.915335,1,-6.102051,0
2017-07-18,sz.002372,17.9200,18.1600,17.7600,18.0600,17.8500,3493617,62769494.0000,3,0.391418,1,1.176465,0
2017-07-19,sz.002372,18.1300,18.4500,17.8300,18.4100,18.0600,4167914,75433705.0000,3,0.466965,1,1.937987,0
2017-07-20,sz.002372,18.3900,18.7000,18.2200,18.5300,18.4100,3563559,66010595.0000,3,0.399254,1,0.651824,0
2017-07-21,sz.002372,18.4500,18.6500,18.2600,18.2600,18.5300,2792199,51331059.0000,3,0.312833,1,-1.457099,0
2017-07-24,sz.002372,18.2400,18.4000,17.9000,18.1000,18.2600,3385342,61106246.0000,3,0.379287,1,-0.876231,0
2017-07-25,sz.002372,18.0000,18.1900,17.5500,17.8400,18.1000,4429696,79230372.0000,3,0.496295,1,-1.436465,0
2017-07-26,sz.002372,17.8000,18.1800,17.7900,18.0600,17.8400,4503343,81068431.0000,3,0.504546,1,1.233180,0
2017-07-27,sz.002372,18.2000,18.2300,17.8600,18.0500,18.0600,3034535,54814722.0000,3,0.339984,1,-0.055372,0
2017-07-28,sz.002372,18.1800,18.8900,18.0600,18.6800,18.0500,5828510,108348855.0000,3,0.653015,1,3.490311,0
2017-07-31,sz.002372,18.6800,18.8000,18.3000,18.4600,18.6800,4511200,83455966.0000,3,0.505426,1,-1.177737,0
2017-08-01,sz.002372,18.4600,18.7200,18.1600,18.4000,18.4600,3800749,69942310.0000,3,0.425829,1,-0.325024,0
2017-08-02,sz.002372,18.3900,18.4000,17.9800,18.1500,18.4000,4360084,79047479.0000,3,0.488496,1,-1.358696,0
2017-08-03,sz.002372,18.0900,18.2200,18.0100,18.1900,18.1500,2214142,40170755.0000,3,0.248068,1,0.220391,0
2017-08-04,sz.002372,18.1800,18.1800,17.5900,17.8000,18.1900,4529755,80853418.0000,3,0.507505,1,-2.144042,0
2017-08-07,sz.002372,17.5200,17.7800,17.4500,17.5500,17.8000,5189279,91169070.0000,3,0.581397,1,-1.404494,0
2017-08-08,sz.002372,17.6000,17.8900,17.4200,17.5100,17.5500,4319270,76061288.0000,3,0.483923,1,-0.227915,0
2017-08-09,sz.002372,17.5100,17.5900,17.1800,17.4200,17.5100,6272636,108725522.0000,3,0.702774,1,-0.513993,0
2017-08-10,sz.002372,17.4000,17.4500,17.0100,17.0600,17.4200,5925095,101883044.0000,3,0.663836,1,-2.066594,0
2017-08-11,sz.002372,17.0000,17.3500,16.9100,17.2200,17.0600,4113438,70693993.0000,3,0.460862,1,0.937866,0
2017-08-14,sz.002372,17.2200,17.8900,17.2200,17.7300,17.2200,6961425,122370984.0000,3,0.779945,1,2.961674,0
2017-08-15,sz.002372,17.6800,17.6900,17.5000,17.6300,17.7300,2770472,48652038.0000,3,0.310398,1,-0.564018,0
2017-08-16,sz.002372,17.6000,17.9800,17.5700,17.8300,17.6300,3840955,68603096.0000,3,0.430333,1,1.134434,0
2017-08-17,sz.002372,17.7000,17.9400,17.6400,17.8900,17.8300,3162572,56200064.0000,3,0.354329,1,0.336508,0
2017-08-18,sz.002372,17.8500,17.8500,17.5200,17.5800,17.8900,1938397,34228894.0000,3,0.217174,1,-1.732809,0
2017-08-21,sz.002372,17.5000,17.7900,17.4500,17.5900,17.5800,2350519,41278416.0000,3,0.263348,1,0.056884,0
2017-08-22,sz.002372,17.5800,17.7000,17.5200,17.6400,17.5900,1560830,27469883.0000,3,0.174872,1,0.284248,0
2017-08-23,sz.002372,17.6400,17.8000,17.5000,17.5300,17.6400,1757024,30958734.0000,3,0.196854,1,-0.623575,0
2017-08-24,sz.002372,17.2500,17.5200,17.2500,17.4600,17.5300,1712548,29749515.0000,3,0.191871,1,-0.399325,0
2017-08-25,sz.002372,17.4600,17.6000,17.3300,17.5000,17.4600,2297610,40136164.0000,3,0.257420,1,0.229100,0
2017-08-28,sz.002372,17.5700,17.9800,17.5100,17.7900,17.5000,4387224,78153238.0000,3,0.491536,1,1.657148,0
2017-08-29,sz.002372,17.8000,18.4100,17.8000,18.1500,17.7900,5612671,102085040.0000,3,0.628833,1,2.023601,0
2017-08-30,sz.002372,18.1500,18.4800,18.1500,18.2900,18.1500,4216633,77368188.0000,3,0.472424,1,0.771357,0
2017-08-31,sz.002372,18.2900,18.4400,18.0600,18.1000,18.2900,3225731,58758868.0000,3,0.361405,1,-1.038822,0
2017-09-01,sz.002372,18.0900,18.3900,18.0500,18.0700,18.1000,3964098,72243682.0000,3,0.444130,1,-0.165750,0
2017-09-04,sz.002372,18.0700,18.2000,17.7900,17.8700,18.0700,4907754,87875160.0000,3,0.549855,1,-1.106801,0
2017-09-05,sz.002372,17.9100,18.3000,17.8800,18.2700,17.8700,3177313,57664374.0000,3,0.355980,1,2.238386,0
2017-09-06,sz.002372,18.3600,18.3600,17.8000,17.8800,18.2700,5011203,89931846.0000,3,0.561446,1,-2.134654,0
2017-09-07,sz.002372,17.9100,17.9900,17.6000,17.6200,17.8800,4791029,84855724.0000,3,0.536778,1,-1.454129,0
2017-09-08,sz.002372,17.6000,17.7400,17.5300,17.6500,17.6200,2112972,37277727.0000,3,0.236733,1,0.170254,0
2017-09-11,sz.002372,17.7300,17.7300,17.3000,17.5000,17.6500,4257018,74448816.0000,3,0.476948,1,-0.849856,0
2017-09-12,sz.002372,17.5100,17.5700,17.2900,17.3400,17.5000,4067124,70511486.9100,3,0.455673,1,-0.914285,0
2017-09-13,sz.002372,17.3400,17.6300,17.2300,17.5500,17.3400,3638613,63305351.8900,3,0.407663,1,1.211067,0
2017-09-14,sz.002372,17.7800,18.0000,17.7500,17.9700,17.5500,6893126,123286876.4600,3,0.772293,1,2.393163,0
2017-09-15,sz.002372,17.8800,17.8800,17.5500,17.6100,17.9700,3627727,64048820.5200,3,0.406444,1,-2.003332,0
2017-09-18,sz.002372,17.6300,17.8200,17.4000,17.6100,17.6100,2549796,44967679.0900,3,0.285674,1,0.000000,0
2017-09-19,sz.002372,17.5300,17.6500,17.3200,17.3600,17.6100,3192425,55642754.7800,3,0.357673,1,-1.419648,0
2017-09-20,sz.002372,17.3700,17.4800,17.2800,17.3900,17.3600,3106662,53946308.8100,3,0.348065,1,0.172804,0
2017-09-21,sz.002372,17.3000,17.4500,17.0100,17.1600,17.3900,3372434,58067530.5900,3,0.377841,1,-1.322597,0
2017-09-22,sz.002372,17.0800,17.3800,17.0800,17.3800,17.1600,2532234,43664579.9300,3,0.283707,1,1.282047,0
2017-09-25,sz.002372,17.3900,17.4000,17.1500,17.1500,17.3800,2159829,37292292.0100,3,0.241983,1,-1.323358,0
2017-09-26,sz.002372,17.1300,17.3200,17.0500,17.1700,17.1500,1336213,22979484.5900,3,0.149707,1,0.116621,0
2017-09-27,sz.002372,17.1700,17.3300,17.1300,17.2500,17.1700,1614294,27761332.1500,3,0.180862,1,0.465929,0
2017-09-28,sz.002372,17.2500,17.2900,17.0100,17.0800,17.2500,3307433,56600850.6200,3,0.370559,1,-0.985508,0
2017-09-29,sz.002372,17.1200,17.3800,17.1200,17.3000,17.0800,2722601,47076076.3600,3,0.305035,1,1.288052,0
2017-10-09,sz.002372,17.4800,17.8400,17.3200,17.8000,17.3000,5634485,99281660.0000,3,0.631277,1,2.890173,0
2017-10-10,sz.002372,17.8600,18.0800,17.8200,17.9100,17.8000,5166789,92769922.1500,3,0.578877,1,0.617981,0
2017-10-11,sz.002372,18.0000,18.0800,17.8000,18.0400,17.9100,4548068,81843360.2000,3,0.509557,1,0.725857,0
2017-10-12,sz.002372,17.9900,18.2500,17.8800,17.9500,18.0400,2971101,53535406.7100,3,0.332877,1,-0.498892,0
2017-10-13,sz.002372,17.9500,18.4000,17.8800,18.3500,17.9500,5079662,92786476.5200,3,0.569116,1,2.228410,0
2017-10-16,sz.002372,18.3500,18.6500,18.2200,18.2200,18.3500,4666505,86140996.4000,3,0.522826,1,-0.708453,0
2017-10-17,sz.002372,18.2000,18.3900,18.1100,18.3100,18.2200,3093050,56569959.9700,3,0.346539,1,0.493963,0
2017-10-18,sz.002372,18.2300,19.1000,18.2300,19.0000,18.3100,8720627,164085688.9200,3,0.977043,1,3.768435,0
2017-10-19,sz.002372,18.9900,19.1600,18.6300,18.8000,19.0000,5338152,100645613.0300,3,0.598076,1,-1.052636,0
2017-10-20,sz.002372,18.6100,18.9200,18.5100,18.9200,18.8000,3013381,56272998.7100,3,0.337614,1,0.638302,0
2017-10-23,sz.002372,18.9300,18.9300,18.5000,18.9000,18.9200,3074288,57354451.3000,3,0.344437,1,-0.105711,0
2017-10-24,sz.002372,18.8200,19.2700,18.7100,18.8800,18.9000,3075159,58153121.8900,3,0.344535,1,-0.105822,0
2017-10-25,sz.002372,18.7800,18.8600,18.5000,18.6200,18.8800,4463864,83219885.1300,3,0.500123,1,-1.377110,0
2017-10-26,sz.002372,18.6200,19.2500,18.6200,19.2400,18.6200,6929050,131951325.1900,3,0.776318,1,3.329747,0
2017-10-27,sz.002372,19.1000,19.1100,18.1700,18.7000,19.2400,12538848,231933384.2200,3,1.404829,1,-2.806648,0
2017-10-30,sz.002372,18.5200,18.5200,17.9400,17.9700,18.7000,6614985,120184952.4300,3,0.741130,1,-3.903751,0
2017-10-31,sz.002372,17.9900,18.1200,17.6100,18.0000,17.9700,4738520,84535467.7600,3,0.530895,1,0.166949,0
2017-11-01,sz.002372,17.8000,18.1200,17.6200,17.7900,18.0000,4557858,81272369.5600,3,0.510654,1,-1.166662,0
2017-11-02,sz.002372,17.8400,17.8600,17.5000,17.6700,17.7900,2815565,49783907.9300,3,0.315451,1,-0.674541,0
2017-11-03,sz.002372,17.6700,17.8900,17.5300,17.6900,17.6700,2856749,50514500.2800,3,0.320065,1,0.113189,0
2017-11-06,sz.002372,17.6900,17.6900,17.2800,17.4300,17.6900,5361972,93607632.8300,3,0.600745,1,-1.469758,0
2017-11-07,sz.002372,17.4200,17.8500,17.4000,17.8200,17.4300,3497345,61784329.9100,3,0.391836,1,2.237518,0
2017-11-08,sz.002372,17.8000,18.0300,17.5500,17.5800,17.8200,6507897,115789999.0200,3,0.729132,1,-1.346800,0
2017-11-09,sz.002372,17.6000,17.8600,17.5800,17.7600,17.5800,3456030,61241786.8500,3,0.387207,1,1.023893,0
2017-11-10,sz.002372,17.8400,18.0900,17.6900,17.7300,17.7600,6043166,108054270.2300,3,0.677065,1,-0.168923,0
2017-11-13,sz.002372,17.9000,17.9500,17.6000,17.9200,17.7300,5264554,93595785.5300,3,0.589831,1,1.071633,0
2017-11-14,sz.002372,17.8100,17.8800,17.5000,17.6000,17.9200,4215822,74544675.8300,3,0.472333,1,-1.785712,0
2017-11-15,sz.002372,17.5900,17.6500,17.3400,17.5900,17.6000,2775142,48562680.7400,3,0.310922,1,-0.056819,0
2017-11-16,sz.002372,17.6000,17.6000,17.3700,17.4200,17.5900,2516214,43921520.8100,3,0.281912,1,-0.966459,0
2017-11-17,sz.002372,17.4900,17.4900,17.0500,17.2800,17.4200,4840840,83266609.9100,3,0.542359,1,-0.803670,0
2017-11-20,sz.002372,17.1800,17.5100,16.9400,17.4500,17.2800,3155865,54713615.8400,3,0.353577,1,0.983797,0
2017-11-21,sz.002372,17.4500,18.0000,17.4000,17.8300,17.4500,4724490,84158839.4800,3,0.529323,1,2.177645,0
2017-11-22,sz.002372,17.9300,18.2000,17.8100,18.1300,17.8300,5461833,98759338.7100,3,0.611933,1,1.682553,0
2017-11-23,sz.002372,18.1000,18.2400,17.7100,17.7800,18.1300,3332265,59832244.1000,3,0.373341,1,-1.930494,0
2017-11-24,sz.002372,17.7500,17.8800,17.2800,17.3600,17.7800,3537754,62119708.4100,3,0.396363,1,-2.362205,0
2017-11-27,sz.002372,17.3300,17.5000,17.1000,17.1000,17.3600,2425635,41659676.8000,3,0.271764,1,-1.497697,0
2017-11-28,sz.002372,17.1000,17.4200,17.0500,17.4200,17.1000,2265149,39032152.4700,3,0.253783,1,1.871343,0
2017-11-29,sz.002372,17.4300,17.5200,17.2000,17.3900,17.4200,1761627,30560050.6300,3,0.197369,1,-0.172220,0
2017-11-30,sz.002372,17.3400,17.4900,17.1700,17.3400,17.3900,1468834,25463864.1600,3,0.164565,1,-0.287517,0
2017-12-01,sz.002372,17.2700,17.5200,17.2000,17.5100,17.3400,1803887,31459270.0600,3,0.202104,1,0.980393,0
2017-12-04,sz.002372,17.5000,17.6600,17.2800,17.3000,17.5100,2421439,42236952.9900,3,0.271293,1,-1.199320,0
2017-12-05,sz.002372,17.3000,17.4500,17.1200,17.2600,17.3000,1611697,27839085.8600,3,0.180571,1,-0.231208,0
2017-12-06,sz.002372,17.3300,17.5000,17.1900,17.4800,17.2600,2187737,37975812.2600,3,0.245110,1,1.274619,0
2017-12-07,sz.002372,17.4000,17.5600,17.3600,17.4700,17.4800,2150622,37640782.3400,3,0.240952,1,-0.057210,0
2017-12-08,sz.002372,17.4400,17.5800,17.2400,17.5800,17.4700,1975374,34518182.4400,3,0.221317,1,0.629654,0
2017-12-11,sz.002372,17.5700,17.7300,17.4800,17.6800,17.5800,2317135,40835299.8000,3,0.259607,1,0.568830,0
2017-12-12,sz.002372,17.6400,17.6400,17.3800,17.4300,17.6800,1749306,30577451.2000,3,0.195989,1,-1.414027,0
2017-12-13,sz.002372,17.4000,17.4800,17.2800,17.4000,17.4300,1923633,33369159.4200,3,0.215520,1,-0.172121,0
2017-12-14,sz.002372,17.3300,17.5000,17.1600,17.4400,17.4000,2235643,38635311.7400,3,0.250477,1,0.229890,0
2017-12-15,sz.002372,17.4400,17.5500,17.3300,17.3800,17.4400,1263177,22027388.7700,3,0.141524,1,-0.344045,0
2017-12-18,sz.002372,17.3900,17.4500,17.2000,17.2200,17.3800,1873024,32352402.7200,3,0.209850,1,-0.920598,0
2017-12-19,sz.002372,17.2500,17.3600,17.1400,17.2700,17.2200,2250639,38778491.0800,3,0.252157,1,0.290367,0
2017-12-20,sz.002372,17.2400,17.2900,17.0800,17.1100,17.2700,2197832,37663841.5700,3,0.246241,1,-0.926461,0
2017-12-21,sz.002372,17.1100,17.3900,17.0100,17.2900,17.1100,4433391,76152079.8800,3,0.496709,1,1.052018,0
2017-12-22,sz.002372,17.3200,17.3700,17.2100,17.3200,17.2900,1520484,26316218.9000,3,0.170352,1,0.173504,0
2017-12-25,sz.002372,17.3200,17.9200,17.3200,17.8400,17.3200,5702429,101124096.7600,3,0.638889,1,3.002312,0
2017-12-26,sz.002372,17.7500,17.9800,17.7000,17.8300,17.8400,2765926,49260233.6600,3,0.309889,1,-0.056055,0
2017-12-27,sz.002372,17.9000,18.1400,17.6700,17.6800,17.8300,2936708,52617628.2000,3,0.329023,1,-0.841277,0
2017-12-28,sz.002372,17.6500,18.1500,17.6300,17.8000,17.6800,3463355,62180432.0900,3,0.388028,1,0.678727,0
2017-12-29,sz.002372,18.0500,18.0500,17.5000,17.9800,17.8000,3342515,59938483.4100,3,0.374489,1,1.011238,0
2018-01-02,sz.002372,18.0000,19.7800,17.9800,19.7800,17.9800,15656093,299628392.7300,3,1.754079,1,10.011130,0
2018-01-03,sz.002372,20.1300,21.1900,19.8800,20.3600,19.7800,16975758,347899214.7500,3,1.901932,1,2.932254,0
2018-01-04,sz.002372,20.4000,20.8000,20.0000,20.6000,20.3600,12061177,245769296.9300,3,1.351311,1,1.178781,0
2018-01-05,sz.002372,20.4200,20.9700,20.3100,20.7700,20.6000,9176681,189762711.2400,3,1.028138,1,0.825243,0
2018-01-08,sz.002372,20.7600,21.6900,20.4100,20.6200,20.7700,9957481,207951380.6900,3,1.115617,1,-0.722194,0
2018-01-09,sz.002372,20.7000,20.9800,20.3800,20.9600,20.6200,7411446,153009536.1200,3,0.830364,1,1.648876,0
2018-01-10,sz.002372,20.8300,20.9600,20.3400,20.5300,20.9600,5957076,122579105.2900,3,0.667420,1,-2.051519,0
2018-01-11,sz.002372,20.4500,20.8200,20.3000,20.7200,20.5300,4257121,87672575.0100,3,0.476960,1,0.925468,0
2018-01-12,sz.002372,20.7200,21.4900,20.6000,20.9200,20.7200,6386696,134551574.8100,3,0.715553,1,0.965255,0
2018-01-15,sz.002372,20.9200,21.3000,20.3500,20.5500,20.9200,6246905,129863970.3900,3,0.699891,1,-1.768646,0
2018-01-16,sz.002372,20.6900,21.4000,20.0900,21.4000,20.5500,5566160,114834860.9500,3,0.623622,1,4.136255,0
2018-01-17,sz.002372,21.5500,22.5000,20.3200,20.3400,21.4000,11439321,244061376.9500,3,1.281640,1,-4.953269,0
2018-01-18,sz.002372,20.0900,22.3000,20.0500,21.8600,20.3400,8377411,176511924.2900,3,0.938589,1,7.472962,0
2018-01-19,sz.002372,21.9000,22.0400,20.9100,21.1200,21.8600,6243745,132958457.8600,3,0.699537,1,-3.385177,0
2018-01-22,sz.002372,21.0000,21.8500,20.8500,21.1200,21.1200,6284901,133543809.8900,3,0.704148,1,0.000000,0
2018-01-23,sz.002372,21.3200,21.9800,20.9100,21.7600,21.1200,6463770,139427114.5700,3,0.724189,1,3.030300,0
2018-01-24,sz.002372,21.6000,22.3200,21.5000,21.8600,21.7600,5046408,110512937.6300,3,0.565390,1,0.459561,0
2018-01-25,sz.002372,21.5900,22.0000,21.2400,21.6000,21.8600,3888638,84014942.6800,3,0.435676,1,-1.189388,0
2018-01-26,sz.002372,21.6000,21.7000,21.0300,21.2000,21.6000,5072021,108089883.8100,3,0.568260,1,-1.851850,0
2018-01-29,sz.002372,21.0700,21.6700,21.0400,21.3100,21.2000,3341065,71087479.6500,3,0.374327,1,0.518862,0
2018-01-30,sz.002372,21.2500,21.8800,21.2000,21.6400,21.3100,4021779,87100633.6300,3,0.450593,1,1.548568,0
2018-01-31,sz.002372,21.6000,22.1300,21.2500,21.6200,21.6400,4066547,88534417.0100,3,0.455608,1,-0.092415,0
2018-02-01,sz.002372,21.2900,21.8500,20.5000,21.0500,21.6200,5773267,122068134.5100,3,0.646826,1,-2.636455,0
2018-02-02,sz.002372,20.7500,21.0500,19.9000,20.8600,21.0500,5685464,116450161.2700,3,0.636989,1,-0.902606,0
2018-02-05,sz.002372,20.5300,20.8300,19.8600,20.4100,20.8600,5725584,116170446.8600,3,0.641484,1,-2.157242,0
2018-02-06,sz.002372,19.8000,20.2700,19.6100,19.7600,20.4100,4300691,86072808.8700,3,0.481841,1,-3.184711,0
2018-02-07,sz.002372,20.1200,20.7700,19.6000,19.8400,19.7600,5364016,108524778.9700,3,0.600974,1,0.404858,0
2018-02-08,sz.002372,19.8400,20.3500,19.6500,20.0400,19.8400,2362376,47456833.6700,3,0.264676,1,1.008068,0
2018-02-09,sz.002372,19.6800,19.8000,18.3100,18.8600,20.0400,6768649,128563131.2500,3,0.758347,1,-5.888225,0
2018-02-12,sz.002372,18.8600,20.0500,18.8600,19.8000,18.8600,3223438,63202455.4300,3,0.361148,1,4.984086,0
2018-02-13,sz.002372,20.0000,20.4800,19.9700,20.2300,19.8000,2599245,52680704.2800,3,0.291214,1,2.171719,0
2018-02-14,sz.002372,20.3500,20.6600,20.2100,20.5100,20.2300,1736862,35521018.8900,3,0.194595,1,1.384086,0
2018-02-22,sz.002372,20.5000,21.0800,20.5000,20.7600,20.5100,2000049,41710057.1700,3,0.224082,1,1.218918,0
2018-02-23,sz.002372,20.6000,21.1100,20.5000,20.7500,20.7600,1893411,39226688.6000,3,0.212134,1,-0.048171,0
2018-02-26,sz.002372,20.8500,21.0300,20.5900,20.9800,20.7500,2768375,57794217.4200,3,0.310164,1,1.108432,0
2018-02-27,sz.002372,21.0100,21.1500,20.2500,20.2700,20.9800,3348640,68373910.6600,3,0.375175,1,-3.384171,0
2018-02-28,sz.002372,20.0400,20.4200,19.6800,20.2300,20.2700,2312095,46380942.9100,3,0.259043,1,-0.197341,0
2018-03-01,sz.002372,20.3000,20.4800,19.9900,20.0000,20.2300,2421688,48800739.7400,3,0.271321,1,-1.136923,0
2018-03-02,sz.002372,20.0600,20.4600,20.0200,20.3000,20.0000,1648242,33458762.3300,3,0.184666,1,1.499996,0
2018-03-05,sz.002372,20.2500,20.4300,19.9500,20.0000,20.3000,1814798,36527045.3300,3,0.203327,1,-1.477829,0
2018-03-06,sz.002372,20.0000,20.3800,19.8500,20.2000,20.0000,1656464,33255774.8000,3,0.185587,1,1.000004,0
2018-03-07,sz.002372,20.3800,20.3800,20.0300,20.2200,20.2000,1563133,31575818.8200,3,0.175130,1,0.099003,0
2018-03-08,sz.002372,20.2200,21.2200,20.0900,21.1200,20.2200,4262029,88217750.7100,3,0.477510,1,4.451046,0
2018-03-09,sz.002372,21.1400,21.2200,20.6900,21.0500,21.1200,5247343,110135370.6200,3,0.587902,1,-0.331447,0
2018-03-12,sz.002372,21.0500,21.4600,20.8800,21.2200,21.0500,3907902,82583865.3800,3,0.437834,1,0.807601,0
2018-03-13,sz.002372,21.1800,21.3100,20.8300,20.8900,21.2200,2700202,56812557.6200,3,0.302526,1,-1.555136,0
2018-03-14,sz.002372,20.8000,21.1000,20.6000,20.7800,20.8900,2716255,56456725.3300,3,0.304324,1,-0.526562,0
2018-03-15,sz.002372,20.7800,21.0800,20.6300,21.0600,20.7800,2575005,53945818.0500,3,0.288499,1,1.347444,0
2018-03-16,sz.002372,21.2300,21.3800,20.8500,21.2900,21.0600,4555408,96548307.0200,3,0.510379,1,1.092125,0
2018-03-19,sz.002372,21.3000,21.5200,21.0500,21.1300,21.2900,2480596,52594730.0800,3,0.277921,1,-0.751535,0
2018-03-20,sz.002372,21.0000,21.0000,20.3400,20.8300,21.1300,3169137,65367750.2800,3,0.355064,1,-1.419779,0
2018-03-21,sz.002372,20.8300,21.0300,20.4300,20.7300,20.8300,1543510,32040649.8500,3,0.172932,1,-0.480079,0
2018-03-22,sz.002372,20.8500,20.8500,20.3300,20.3500,20.7300,1657760,33907395.5000,3,0.185732,1,-1.833088,0
2018-03-23,sz.002372,19.8000,20.0000,18.9500,19.7300,20.3500,4003721,78456975.8100,3,0.448569,1,-3.046687,0
2018-03-26,sz.002372,19.2200,20.3200,19.2200,20.2900,19.7300,2983910,58764798.0100,3,0.334312,1,2.838324,0
2018-03-27,sz.002372,20.3100,20.6800,20.1800,20.2900,20.2900,2659633,54101586.5800,3,0.297980,1,0.000000,0
2018-03-28,sz.002372,20.1000,20.1600,19.6500,19.7100,20.2900,4485407,88805388.8500,3,0.502537,1,-2.858560,0
2018-03-29,sz.002372,19.7100,20.1000,19.6600,20.0000,19.7100,2420846,48122479.0200,3,0.271227,1,1.471339,0
2018-03-30,sz.002372,20.2000,20.5100,20.1000,20.4100,20.0000,2756618,56115277.5400,3,0.308846,1,2.049999,0
2018-04-02,sz.002372,20.3600,21.2300,20.3200,21.2000,20.4100,6106629,127717034.9300,3,0.684175,1,3.870656,0
2018-04-03,sz.002372,20.9300,21.3900,20.7500,21.3800,21.2000,3861879,81402249.1300,3,0.432678,1,0.849049,0
2018-04-04,sz.002372,21.1800,21.4000,21.0500,21.1800,21.3800,2143052,45524880.9200,3,0.240103,1,-0.935448,0
2018-04-09,sz.002372,21.1600,21.3800,20.7700,20.8900,21.1800,2989344,62896790.4900,3,0.334920,1,-1.369221,0
2018-04-10,sz.002372,21.0100,21.1900,20.7100,21.1500,20.8900,2521563,52816101.0300,3,0.282511,1,1.244616,0
2018-04-11,sz.002372,21.1800,21.8100,21.0800,21.7500,21.1500,3720820,80306025.9400,3,0.416874,1,2.836881,0
2018-04-12,sz.002372,21.8800,21.9400,21.4900,21.5400,21.7500,1700427,36845886.1100,3,0.190513,1,-0.965513,0
2018-04-13,sz.002372,21.7300,21.7500,21.2600,21.3200,21.5400,1534604,32962032.9300,3,0.171934,1,-1.021361,0
2018-04-16,sz.002372,21.3200,21.3900,20.5900,20.7000,21.3200,2911517,60859852.5900,3,0.326201,1,-2.908062,0
2018-04-17,sz.002372,20.7100,20.9300,20.3300,20.4600,20.7000,2001651,41206701.3700,3,0.224261,1,-1.159428,0
2018-04-18,sz.002372,20.4900,20.6900,19.9500,20.4700,20.4600,1636957,33335026.0800,3,0.183402,1,0.048877,0
2018-04-19,sz.002372,20.5600,21.0400,20.5000,20.9700,20.4700,2688376,56019786.8500,3,0.301201,1,2.442599,0
2018-04-20,sz.002372,20.9800,21.2300,20.6100,21.1200,20.9700,1544714,32244584.4900,3,0.173067,1,0.715315,0
2018-04-23,sz.002372,21.3000,21.3000,20.6800,21.0600,21.1200,2968480,62217150.5700,3,0.332583,1,-0.284097,0
2018-04-24,sz.002372,20.9000,22.4500,20.9000,22.1900,21.0600,5980895,131259052.3500,3,0.670088,1,5.365627,0
2018-04-25,sz.002372,22.1200,22.6800,21.9200,22.5800,22.1900,4238781,95055841.5100,3,0.474905,1,1.757546,0
2018-04-26,sz.002372,22.4000,22.8800,22.3400,22.4300,22.5800,4066610,92103684.8700,3,0.455615,1,-0.664303,0
2018-04-27,sz.002372,22.4500,22.6900,22.0100,22.5600,22.4300,2474409,55212465.8200,3,0.277228,1,0.579577,0
2018-05-02,sz.002372,22.9000,23.7700,22.6200,23.7700,22.5600,6555232,152514495.7600,3,0.734436,1,5.363480,0
2018-05-03,sz.002372,23.7500,23.7500,23.0200,23.6000,23.7700,3494733,81475511.0000,3,0.391543,1,-0.715187,0
2018-05-04,sz.002372,23.5700,23.5700,23.0600,23.2300,23.6000,3553587,82643490.8700,3,0.398137,1,-1.567800,0
2018-05-07,sz.002372,23.1900,23.6700,22.8700,23.6500,23.2300,5375263,124543292.3700,3,0.602234,1,1.808007,0
2018-05-08,sz.002372,23.4300,24.0900,23.1900,23.4400,23.6500,4250867,100715163.7300,3,0.476259,1,-0.887945,0
2018-05-09,sz.002372,23.2100,23.6000,23.0800,23.4700,23.4400,2253494,52617213.9600,3,0.252477,1,0.127981,0
2018-05-10,sz.002372,23.3300,24.0000,23.3300,23.5100,23.4700,1664030,39426546.0300,3,0.186435,1,0.170434,0
2018-05-11,sz.002372,23.4400,24.3400,23.3100,24.1700,23.5100,3917957,93901344.4400,3,0.438960,1,2.807315,0
2018-05-14,sz.002372,24.0100,24.0900,21.7700,23.3300,24.1700,6547458,152080645.2900,3,0.733565,1,-3.475383,0
2018-05-15,sz.002372,23.1500,23.4400,23.0300,23.3100,23.3300,1992353,46231192.9900,3,0.223219,1,-0.085728,0
2018-05-16,sz.002372,23.2900,23.4400,23.1200,23.2800,23.3100,1646665,38402951.6800,3,0.184489,1,-0.128695,0
2018-05-17,sz.002372,23.2800,23.4200,22.9100,23.0000,23.2800,1481304,34276809.0500,3,0.165963,1,-1.202752,0
2018-05-18,sz.002372,23.0200,23.2200,22.9100,23.2200,23.0000,1279166,29512045.8200,3,0.143315,1,0.956519,0
2018-05-21,sz.002372,23.2800,23.8500,23.2800,23.7500,23.2200,1878777,44370199.9000,3,0.210495,1,2.282518,0
2018-05-22,sz.002372,23.8800,23.9100,23.5600,23.8700,23.7500,1533497,36446992.1700,3,0.171810,1,0.505267,0
2018-05-23,sz.002372,23.8700,24.2600,23.7800,23.9400,23.8700,2046851,49117393.9200,3,0.229325,1,0.293254,0
2018-05-24,sz.002372,23.9000,23.9800,23.4100,23.5000,23.9400,1849395,43635346.2200,3,0.207203,1,-1.837930,0
2018-05-25,sz.002372,23.3000,23.5500,23.0300,23.2300,23.5000,1573175,36598129.5600,3,0.176256,1,-1.148938,0
2018-05-28,sz.002372,23.1500,24.2500,23.1100,24.2100,23.2300,3003499,71643746.0200,3,0.336506,1,4.218681,0
2018-05-29,sz.002372,24.2300,24.8800,23.5200,23.8400,24.2100,4267540,104133721.7900,3,0.478127,1,-1.528290,0
2018-05-30,sz.002372,23.1400,24.4400,23.0100,24.2900,23.8400,2859963,68533973.4000,3,0.320425,1,1.887587,0
2018-05-31,sz.002372,24.1800,25.2800,23.9600,25.1600,24.2900,5128432,126755641.6500,3,0.574580,1,3.581717,0
2018-06-01,sz.002372,25.1700,25.5500,24.8300,24.8800,25.1600,3788731,95400143.7900,3,0.423060,1,-1.112880,0
2018-06-04,sz.002372,24.8800,25.1900,24.2000,25.0000,24.8800,3094356,76607886.5800,3,0.345524,1,0.482318,0
2018-06-05,sz.002372,24.7000,25.0500,24.2100,24.7900,25.0000,3589857,88905439.8300,3,0.400853,1,-0.839996,0
2018-06-06,sz.002372,24.9400,26.9500,24.8000,26.6600,24.7900,8076105,210065082.5100,3,0.901800,1,7.543360,0
2018-06-07,sz.002372,19.9000,19.9800,19.0600,19.3300,20.0500,6298837,123088515.3000,3,0.541035,1,-3.591019,0
2018-06-08,sz.002372,19.4200,20.6900,19.0600,20.1800,19.3300,9023429,180201590.2100,3,0.775063,1,4.397312,0
2018-06-11,sz.002372,20.1000,20.8800,19.9000,20.0900,20.1800,6296263,128395058.7000,3,0.540814,1,-0.445987,0
2018-06-12,sz.002372,20.0900,20.4700,19.6500,20.2500,20.0900,4798210,96582313.2800,3,0.412140,1,0.796415,0
2018-06-13,sz.002372,20.2000,21.1800,20.0200,20.6500,20.2500,8479266,176110699.0300,3,0.728322,1,1.975307,0
2018-06-14,sz.002372,20.4000,21.0000,18.9000,19.2100,20.6500,16016198,312688293.6100,3,1.375703,1,-6.973369,0
2018-06-15,sz.002372,19.3000,19.4300,18.5300,18.8100,19.2100,6469452,123185350.7000,3,0.555690,1,-2.082247,0
2018-06-19,sz.002372,18.7900,19.2800,18.1800,18.7100,18.8100,7394849,139079102.2600,3,0.635177,1,-0.531634,0
2018-06-20,sz.002372,18.8800,19.5900,18.6000,19.3200,18.7100,5955495,114186536.4500,3,0.511544,1,3.260292,0
2018-06-21,sz.002372,19.2600,19.9500,19.2100,19.4300,19.3200,5796379,113652724.8700,3,0.497877,1,0.569361,0
2018-06-22,sz.002372,19.3800,19.6700,19.0600,19.5800,19.4300,3743186,72748376.5500,3,0.321519,1,0.772000,0
2018-06-25,sz.002372,19.6600,19.8000,18.6500,18.7600,19.5800,6112976,117204570.1500,3,0.525071,1,-4.187945,0
2018-06-26,sz.002372,18.4800,18.7200,17.5700,17.8200,18.7600,7521863,135159799.1000,3,0.646086,1,-5.010664,0
2018-06-27,sz.002372,17.8700,18.2800,17.5700,17.8100,17.8200,4544886,81073383.7800,3,0.387396,1,-0.056118,0
2018-06-28,sz.002372,17.8300,17.8300,16.9000,17.0700,17.8100,6335080,109044149.5800,3,0.539989,1,-4.154968,0
2018-06-29,sz.002372,16.9900,17.7100,16.9900,17.6900,17.0700,2767662,48370734.7900,3,0.235910,1,3.632108,0
2018-07-02,sz.002372,17.7000,18.3300,17.3900,17.5700,17.6900,5221559,93495891.2200,3,0.445075,1,-0.678354,0
2018-07-03,sz.002372,17.5700,17.8800,16.6000,17.1000,17.5700,6473320,110586014.3300,3,0.551772,1,-2.675010,0
2018-07-04,sz.002372,17.2000,17.2800,16.9000,17.0400,17.1000,3360819,57472994.4500,3,0.286469,1,-0.350874,0
2018-07-05,sz.002372,17.1200,17.3300,16.4000,16.4200,17.0400,4664024,78908365.5800,3,0.397552,1,-3.638502,0
2018-07-06,sz.002372,16.1000,16.6400,15.7800,16.3200,16.4200,6838595,111321242.1200,3,0.582907,1,-0.609016,0
2018-07-09,sz.002372,16.7600,17.0400,16.3200,16.7000,16.3200,6480083,108229570.0200,3,0.552349,1,2.328438,0
2018-07-10,sz.002372,16.8300,17.0400,16.6000,16.9300,16.7000,3670460,61898274.9100,3,0.312862,1,1.377243,0
2018-07-11,sz.002372,16.6500,16.6800,16.2000,16.6000,16.9300,3541629,58304829.5600,3,0.301881,1,-1.949202,0
2018-07-12,sz.002372,16.6900,17.1000,16.5000,17.0000,16.6000,4450872,75239970.5800,3,0.379383,1,2.409636,0
2018-07-13,sz.002372,17.0000,17.6000,16.7000,17.4100,17.0000,6628986,113955763.2300,3,0.565041,1,2.411764,0
2018-07-16,sz.002372,17.4200,17.4400,17.0600,17.1600,17.4100,4819474,82882234.1400,3,0.410802,1,-1.435956,0
2018-07-17,sz.002372,17.1200,17.1700,16.5700,16.7000,17.1600,4417058,73934574.1400,3,0.376501,1,-2.680647,0
2018-07-18,sz.002372,16.7000,17.0800,16.5500,16.5500,16.7000,4276827,71633268.7600,3,0.364548,1,-0.898213,0
2018-07-19,sz.002372,16.5500,16.9900,16.5500,16.6700,16.5500,4351006,73020304.6400,3,0.370871,1,0.725081,0
2018-07-20,sz.002372,16.6400,16.8800,16.2400,16.6500,16.6700,4493289,74256846.4400,3,0.382998,1,-0.119979,0
2018-07-23,sz.002372,16.6500,17.5000,16.6500,17.5000,16.6500,7708839,131493706.9600,3,0.657085,1,5.105108,0
2018-07-24,sz.002372,17.8500,18.7200,17.6000,17.8100,17.5000,11487745,208633330.7500,3,0.979191,1,1.771425,0
2018-07-25,sz.002372,17.8100,18.2000,17.5200,18.1300,17.8100,6277089,112490618.4200,3,0.535046,1,1.796742,0
2018-07-26,sz.002372,18.1500,18.5200,17.5400,17.7200,18.1300,4250083,75952196.0400,3,0.362268,1,-2.261444,0
2018-07-27,sz.002372,17.7000,17.8500,17.3000,17.6700,17.7200,3263879,57478153.7900,3,0.278206,1,-0.282163,0
2018-07-30,sz.002372,17.5600,18.0900,17.5600,17.8400,17.6700,3914485,70057030.9500,3,0.333662,1,0.962083,0
2018-07-31,sz.002372,17.7600,18.0500,17.6000,17.9700,17.8400,3495914,62443814.4500,3,0.297984,1,0.728695,0
2018-08-01,sz.002372,17.9700,18.0400,17.3100,17.5500,17.9700,2897588,51521551.2400,3,0.246984,1,-2.337229,0
2018-08-02,sz.002372,17.2000,17.5000,16.8000,16.9500,17.5500,4019785,68398310.8200,3,0.342638,1,-3.418795,0
2018-08-03,sz.002372,16.9600,17.1600,16.4100,16.5200,16.9500,3322997,56051532.6700,3,0.283245,1,-2.536875,0
2018-08-06,sz.002372,16.5100,16.6900,15.8800,16.0000,16.5200,4349237,70361483.8200,3,0.370720,1,-3.147702,0
2018-08-07,sz.002372,15.9000,16.3200,15.9000,16.3000,16.0000,2908824,46974963.0500,3,0.248286,1,1.874995,0
2018-08-08,sz.002372,16.3000,16.6900,16.1400,16.1900,16.3000,3763715,61727563.5700,3,0.321256,1,-0.674839,0
2018-08-09,sz.002372,16.1500,17.0200,16.0400,16.7200,16.1900,4196211,70047848.4000,3,0.358172,1,3.273618,0
2018-08-10,sz.002372,16.8100,17.7800,16.8100,17.7700,16.7200,4434452,76948350.7800,3,0.378507,1,6.279911,0
2018-08-13,sz.002372,17.3700,17.9800,17.2600,17.7400,17.7700,5139240,90681539.6000,3,0.438665,1,-0.168828,0
2018-08-14,sz.002372,17.7700,17.9500,17.6200,17.7000,17.7400,2617959,46446320.5200,3,0.223459,1,-0.225473,0
2018-08-15,sz.002372,17.8600,17.8600,17.3000,17.4300,17.7000,2987980,52302534.9200,3,0.255042,1,-1.525426,0
2018-08-16,sz.002372,17.3500,18.1000,17.0700,17.9600,17.4300,7514332,133386398.1800,3,0.641394,1,3.040727,0
2018-08-17,sz.002372,18.1100,18.3100,17.4400,17.5800,17.9600,3783362,66870649.4400,3,0.322933,1,-2.115808,0
2018-08-20,sz.002372,17.5800,17.6200,16.1000,16.9300,17.5800,6673639,111524687.9700,3,0.569636,1,-3.697381,0
2018-08-21,sz.002372,16.9300,17.2000,16.5200,16.9900,16.9300,3064380,51857976.4900,3,0.261563,1,0.354397,0
2018-08-22,sz.002372,16.9800,17.1600,16.6400,16.7700,16.9900,1698604,28658763.3500,3,0.144986,1,-1.294875,0
2018-08-23,sz.002372,16.6200,17.0500,16.6000,16.9500,16.7700,2213210,37192105.3700,3,0.188911,1,1.073347,0
2018-08-24,sz.002372,16.9500,17.0800,16.8300,16.9900,16.9500,1496499,25385412.6000,3,0.127735,1,0.235982,0
2018-08-27,sz.002372,17.0800,17.7300,16.9900,17.6500,16.9900,3675540,64182220.8400,3,0.313730,1,3.884637,0
2018-08-28,sz.002372,17.8600,17.8600,17.3400,17.4500,17.6500,2046409,35748536.6100,3,0.174673,1,-1.133138,0
2018-08-29,sz.002372,17.4500,17.5000,17.1200,17.1700,17.4500,2027237,34893475.9500,3,0.173037,1,-1.604588,0
2018-08-30,sz.002372,17.1300,17.3600,17.0700,17.1400,17.1700,1609953,27711303.8100,3,0.137419,1,-0.174727,0
2018-08-31,sz.002372,17.1800,17.1800,16.8000,16.9300,17.1400,1287726,21823850.3600,3,0.109915,1,-1.225199,0
2018-09-03,sz.002372,16.9300,17.0100,16.7100,16.8400,16.9300,2213078,37237085.0500,3,0.188900,1,-0.531602,0
2018-09-04,sz.002372,16.9000,16.9600,16.3800,16.7500,16.8400,4573591,75887575.8600,3,0.390384,1,-0.534443,0
2018-09-05,sz.002372,16.7500,16.7800,16.4000,16.4300,16.7500,1908068,31489506.0900,3,0.162865,1,-1.910446,0
2018-09-06,sz.002372,16.4500,16.5300,16.2100,16.2400,16.4300,2294217,37518596.9900,3,0.195825,1,-1.156424,0
2018-09-07,sz.002372,16.1800,16.5700,16.1800,16.2900,16.2400,2650662,43380073.6800,3,0.226250,1,0.307889,0
2018-09-10,sz.002372,16.3000,16.4500,15.1800,15.4500,16.2900,6032635,94931732.4000,3,0.514922,1,-5.156544,0
2018-09-11,sz.002372,15.4600,15.5200,14.2800,14.4000,15.4500,10998561,160620436.9800,3,0.938794,1,-6.796118,0
2018-09-12,sz.002372,14.5300,14.7000,13.7500,13.9700,14.4000,9663054,135335168.2900,3,0.824800,1,-2.986107,0
2018-09-13,sz.002372,14.1800,14.2600,13.2700,13.6300,13.9700,8143368,110938768.7600,3,0.695086,1,-2.433788,0
2018-09-14,sz.002372,13.7500,14.0600,13.5200,13.8000,13.6300,6638982,91533353.8400,3,0.566677,1,1.247249,0
2018-09-17,sz.002372,13.6600,13.6700,13.1500,13.2000,13.8000,5680926,75936686.3400,3,0.484901,1,-4.347829,0
2018-09-18,sz.002372,13.2000,13.8900,13.2000,13.7700,13.2000,7919512,107456994.6900,3,0.675978,1,4.318187,0
2018-09-19,sz.002372,13.7200,14.2300,13.5000,13.9000,13.7700,8237922,114867545.4900,3,0.703157,1,0.944075,0
2018-09-20,sz.002372,13.9200,14.3200,13.8300,14.1600,13.9000,6747321,95618539.4400,3,0.575925,1,1.870505,0
2018-09-21,sz.002372,14.1700,14.5800,14.0700,14.4900,14.1600,5225887,74995112.0500,3,0.446061,1,2.330508,0
2018-09-25,sz.002372,14.3500,14.6500,14.1300,14.4800,14.4900,4334761,62714275.7100,3,0.369998,1,-0.069015,0
2018-09-26,sz.002372,14.5600,15.1700,14.4800,14.9000,14.4800,5311240,79103693.2600,3,0.453347,1,2.900553,0
2018-09-27,sz.002372,14.8500,15.0400,14.5600,14.6100,14.9000,4079503,59898191.1200,3,0.348210,1,-1.946308,0
2018-09-28,sz.002372,14.7600,14.8700,14.5100,14.8200,14.6100,3205942,47201501.9200,3,0.273647,1,1.437372,0
2018-10-08,sz.002372,14.4000,14.5000,14.0100,14.2200,14.8200,3931818,55886023.0200,3,0.335605,1,-4.048579,0
2018-10-09,sz.002372,14.2200,14.6800,14.2200,14.3500,14.2200,2726194,39300443.6900,3,0.232697,1,0.914206,0
2018-10-10,sz.002372,14.3700,14.5800,14.2900,14.3800,14.3500,1811026,26082500.5400,3,0.154582,1,0.209057,0
2018-10-11,sz.002372,14.0000,14.2800,13.4900,13.6400,14.3800,4587523,63280509.2100,3,0.391573,1,-5.146034,0
2018-10-12,sz.002372,13.6500,14.2500,13.5000,14.2200,13.6400,4379274,60756820.9700,3,0.373798,1,4.252199,0
2018-10-15,sz.002372,14.5000,14.5000,13.8600,13.9900,14.2200,3238999,45450053.3400,3,0.276468,1,-1.617444,0
2018-10-16,sz.002372,14.0600,14.1300,13.5100,13.6100,13.9900,2828172,38693997.8900,3,0.241402,1,-2.716227,0
2018-10-17,sz.002372,13.8700,13.8700,12.9000,13.2700,13.6100,4470984,59204888.7300,3,0.381626,1,-2.498157,0
2018-10-18,sz.002372,13.0500,13.1100,12.8000,12.8100,13.2700,3201858,41433703.1300,3,0.273298,1,-3.466466,0
2018-10-19,sz.002372,12.7800,13.4200,12.2800,13.3200,12.8100,4393654,56191981.7700,3,0.375025,1,3.981259,0
2018-10-22,sz.002372,13.5900,14.3800,13.5900,14.3300,13.3200,6030128,84911617.7700,3,0.514708,1,7.582585,0
2018-10-23,sz.002372,14.3300,14.4800,14.0900,14.2500,14.3300,4891364,70091190.2300,3,0.417508,1,-0.558269,0
2018-10-24,sz.002372,14.0900,14.4700,13.8500,13.8700,14.2500,2903912,40997757.7500,3,0.247866,1,-2.666667,0
2018-10-25,sz.002372,13.5400,13.8500,13.4200,13.6400,13.8700,3172196,43207428.9700,3,0.270766,1,-1.658252,0
2018-10-26,sz.002372,13.8300,13.9400,13.4500,13.5800,13.6400,2736222,37309315.9200,3,0.233553,1,-0.439886,0
2018-10-29,sz.002372,13.4600,13.4900,12.3500,12.7800,13.5800,7147667,91751492.3500,3,0.610097,1,-5.891017,0
2018-10-30,sz.002372,12.6200,12.9700,12.3700,12.8700,12.7800,3379932,42915876.9000,3,0.288498,1,0.704227,0
2018-10-31,sz.002372,13.0500,13.3900,12.8400,13.2300,12.8700,3276658,43181186.2100,3,0.279683,1,2.797200,0
2018-11-01,sz.002372,13.3900,13.6200,13.3900,13.5500,13.2300,3801468,51271675.0100,3,0.324478,1,2.418750,0
2018-11-02,sz.002372,13.7500,14.0800,13.5200,14.0200,13.5500,5766114,79506697.4300,3,0.492173,1,3.468637,0
2018-11-05,sz.002372,14.0000,14.0900,13.6800,13.8600,14.0200,3901313,54147845.2200,3,0.333001,1,-1.141232,0
2018-11-06,sz.002372,13.8600,13.8800,13.5300,13.7100,13.8600,3116791,42489146.0000,3,0.266037,1,-1.082248,0
2018-11-07,sz.002372,13.6000,13.7800,13.5500,13.6500,13.7100,3815173,52094776.4100,3,0.325648,1,-0.437640,0
2018-11-08,sz.002372,13.7900,13.8200,13.3000,13.4300,13.6500,3181874,42834694.3800,3,0.271592,1,-1.611717,0
2018-11-09,sz.002372,13.2900,13.4700,13.1100,13.2800,13.4300,2059503,27316085.4100,3,0.175791,1,-1.116907,0
2018-11-12,sz.002372,13.1400,13.4600,13.1400,13.4300,13.2800,2769893,36910686.9200,3,0.236427,1,1.129522,0
2018-11-13,sz.002372,13.2000,13.7200,13.1900,13.6800,13.4300,3541725,48015684.6400,3,0.302308,1,1.861504,0
2018-11-14,sz.002372,13.5900,14.0800,13.5900,13.9200,13.6800,6697967,93151291.4500,3,0.571712,1,1.754384,0
2018-11-15,sz.002372,13.9000,14.1800,13.8100,14.1300,13.9200,3018784,42308236.9100,3,0.257672,1,1.508621,0
2018-11-16,sz.002372,14.2000,14.6500,14.0400,14.6000,14.1300,5941890,85870148.6400,3,0.507176,1,3.326258,0
2018-11-19,sz.002372,14.6900,15.0700,14.3100,14.7900,14.6000,5763246,84578757.6500,3,0.491928,1,1.301367,0
2018-11-20,sz.002372,14.4800,14.7100,14.4300,14.6000,14.7900,4179432,60922872.6300,3,0.356740,1,-1.284649,0
2018-11-21,sz.002372,14.2900,15.0100,14.0500,14.8000,14.6000,5487213,80676506.8700,3,0.468367,1,1.369862,0
2018-11-22,sz.002372,14.7500,14.8800,14.4800,14.6000,14.8000,3026038,44210612.8200,3,0.258291,1,-1.351350,0
2018-11-23,sz.002372,14.7000,14.7000,14.0200,14.4000,14.6000,2851778,40743207.3600,3,0.243417,1,-1.369868,0
2018-11-26,sz.002372,14.4900,14.4900,13.9800,14.3000,14.4000,2493038,35418424.5100,3,0.212796,1,-0.694441,0
2018-11-27,sz.002372,14.2400,14.7000,14.2400,14.3700,14.3000,1667634,24011852.9500,3,0.142343,1,0.489508,0
2018-11-28,sz.002372,14.3700,14.5000,14.2100,14.4100,14.3700,1251130,17996496.2000,3,0.106792,1,0.278357,0
2018-11-29,sz.002372,14.4500,14.5900,13.9000,14.2000,14.4100,2040901,29023986.7400,3,0.174203,1,-1.457322,0
2018-11-30,sz.002372,14.1500,14.2300,13.9200,14.1700,14.2000,2519121,35528572.1800,3,0.215022,1,-0.211266,0
2018-12-03,sz.002372,14.4900,14.7700,14.3800,14.7300,14.1700,5091421,74393503.2600,3,0.434584,1,3.952007,0
2018-12-04,sz.002372,14.6800,14.9700,14.6000,14.7600,14.7300,4664156,69082918.3700,3,0.398114,1,0.203671,0
2018-12-05,sz.002372,14.5500,15.0000,14.4900,14.8700,14.7600,3957112,58865259.5300,3,0.337764,1,0.745255,0
2018-12-06,sz.002372,14.7900,14.9200,14.5500,14.6600,14.8700,1795725,26483888.8300,3,0.153276,1,-1.412240,0
2018-12-07,sz.002372,14.6800,15.1100,14.6800,14.8800,14.6600,3526398,52593831.7800,3,0.300999,1,1.500684,0
2018-12-10,sz.002372,14.9000,14.9300,14.7000,14.7600,14.8800,2356830,34872321.5600,3,0.201170,1,-0.806451,0
2018-12-11,sz.002372,14.8000,14.9900,14.7400,14.9400,14.7600,2648514,39464488.0200,3,0.226067,1,1.219508,0
2018-12-12,sz.002372,14.9200,15.3100,14.9200,15.0500,14.9400,4256504,64510915.7100,3,0.363318,1,0.736282,0
2018-12-13,sz.002372,15.0600,15.6000,15.0600,15.5000,15.0500,5588049,86238369.3300,3,0.476974,1,2.990032,0
2018-12-14,sz.002372,15.4900,15.5500,14.9000,14.9000,15.5000,6578996,100070932.2300,3,0.561557,1,-3.870970,0
2018-12-17,sz.002372,14.9200,15.0600,14.8200,14.9400,14.9000,2744434,41050201.5300,3,0.234254,1,0.268456,0
2018-12-18,sz.002372,14.8000,15.0400,14.4500,14.8100,14.9400,5058542,74716623.5400,3,0.431777,1,-0.870142,0
2018-12-19,sz.002372,14.7600,15.3000,14.7600,14.7800,14.8100,4593095,68845382.4000,3,0.392049,1,-0.202570,0
2018-12-20,sz.002372,14.8000,15.1900,14.7800,15.1200,14.7800,2831785,42519849.4300,3,0.241710,1,2.300407,0
2018-12-21,sz.002372,15.1100,15.1900,14.8200,15.0800,15.1200,2874598,43164010.1200,3,0.245364,1,-0.264550,0
2018-12-24,sz.002372,15.1600,15.6000,14.9000,15.5400,15.0800,3305901,50657064.0000,3,0.282179,1,3.050398,0
2018-12-25,sz.002372,15.4000,15.4900,15.1200,15.4200,15.5400,3391193,51903539.5300,3,0.289459,1,-0.772200,0
2018-12-26,sz.002372,15.3300,15.5500,15.1700,15.1700,15.4200,3251942,49934786.5500,3,0.277573,1,-1.621271,0
2018-12-27,sz.002372,15.4000,15.5000,15.2800,15.2800,15.1700,3334331,51231938.6000,3,0.284605,1,0.725113,0
2018-12-28,sz.002372,15.2800,15.6000,15.2800,15.5100,15.2800,4668907,72377058.8800,3,0.398520,1,1.505239,0
2019-01-02,sz.002372,15.5500,15.6300,14.5400,14.6300,15.5100,5628082,84102755.8300,3,0.480391,1,-5.673759,0
2019-01-03,sz.002372,14.6400,14.8500,14.2300,14.2500,14.6300,5142122,74486312.1500,3,0.438911,1,-2.597403,0
2019-01-04,sz.002372,14.0300,14.5500,13.5100,14.4900,14.2500,3148485,44661775.1000,3,0.268742,1,1.684209,0
2019-01-07,sz.002372,14.6300,15.0000,14.3600,14.9000,14.4900,3087308,45712422.8700,3,0.263520,1,2.829537,0
2019-01-08,sz.002372,14.8200,15.3000,14.8200,15.1800,14.9000,2696893,40919626.9100,3,0.230196,1,1.879199,0
2019-01-09,sz.002372,15.2300,15.5800,15.1000,15.3000,15.1800,3605718,55480405.7300,3,0.307770,1,0.790513,0
2019-01-10,sz.002372,15.1800,15.5000,15.1100,15.3700,15.3000,2948576,45426617.9600,3,0.251679,1,0.457514,0
2019-01-11,sz.002372,15.2800,15.5500,15.2600,15.4900,15.3700,3836403,59087908.0200,3,0.327460,1,0.780741,0
2019-01-14,sz.002372,15.4800,15.5700,15.2500,15.4500,15.4900,2451747,37836570.9800,3,0.209271,1,-0.258231,0
2019-01-15,sz.002372,15.4200,15.9200,15.4000,15.8700,15.4500,4112392,64759288.3300,3,0.351018,1,2.718447,0
2019-01-16,sz.002372,16.0000,16.1800,15.8300,16.0700,15.8700,3264665,52284384.0200,3,0.278659,1,1.260238,0
2019-01-17,sz.002372,16.0900,16.1600,15.7500,15.7800,16.0700,2184180,34786516.0300,3,0.186433,1,-1.804605,0
2019-01-18,sz.002372,15.7800,16.4800,15.7800,16.4000,15.7800,4014832,65390106.4700,3,0.342690,1,3.929024,0
2019-01-21,sz.002372,16.4200,16.6200,16.2100,16.2700,16.4000,4210962,68948146.2700,3,0.359431,1,-0.792678,0
2019-01-22,sz.002372,16.4900,16.4900,16.1800,16.3100,16.2700,2704910,44153652.2700,3,0.230880,1,0.245845,0
2019-01-23,sz.002372,16.2100,16.4600,16.1900,16.4600,16.3100,2429881,39790373.0200,3,0.207405,1,0.919679,0
2019-01-24,sz.002372,16.4600,16.7400,16.3200,16.5900,16.4600,3566059,59157842.2500,3,0.304385,1,0.789800,0
2019-01-25,sz.002372,16.6500,17.3800,16.6300,17.1500,16.5900,4696304,80285416.3500,3,0.400858,1,3.375524,0
2019-01-28,sz.002372,17.1200,17.5400,17.0900,17.3800,17.1500,3757484,65163069.3400,3,0.320724,1,1.341105,0
2019-01-29,sz.002372,17.3800,17.5400,17.2000,17.3900,17.3800,3768562,65521195.6800,3,0.321670,1,0.057539,0
2019-01-30,sz.002372,17.4000,17.4300,17.0200,17.1000,17.3900,2595458,44675242.3900,3,0.221538,1,-1.667619,0
2019-01-31,sz.002372,17.4100,17.4800,17.1000,17.2800,17.1000,2383463,41172534.4100,3,0.203443,1,1.052633,0
2019-02-01,sz.002372,17.3000,17.4700,16.9400,17.3600,17.2800,3572294,61742508.6700,3,0.304917,1,0.462962,0
2019-02-11,sz.002372,17.4300,17.5400,17.1700,17.3700,17.3600,4527991,78472797.2500,3,0.386491,1,0.057605,0
2019-02-12,sz.002372,17.3800,17.4600,16.7200,17.0000,17.3700,7470306,126895938.5000,3,0.637636,1,-2.130114,0
2019-02-13,sz.002372,16.8300,17.0800,16.7000,16.9100,17.0000,6287813,106103558.2800,3,0.536703,1,-0.529413,0
2019-02-14,sz.002372,16.9500,17.0500,16.7500,16.8800,16.9100,3799576,64121584.8400,3,0.324317,1,-0.177414,0
2019-02-15,sz.002372,16.9000,16.9000,16.1900,16.2300,16.8800,7735054,126925379.5100,3,0.660234,1,-3.850709,0
2019-02-18,sz.002372,16.3700,16.8600,16.3400,16.8500,16.2300,9497136,158160139.4900,3,0.810638,1,3.820091,0
2019-02-19,sz.002372,16.9500,16.9500,16.3000,16.5400,16.8500,6831319,113282818.8900,3,0.583095,1,-1.839759,0
2019-02-20,sz.002372,16.6300,17.2200,16.4400,17.2200,16.5400,9467394,159171299.9700,3,0.808099,1,4.111236,0
2019-02-21,sz.002372,17.2300,17.2400,15.9300,16.2200,17.2200,19805327,326977292.8800,3,1.690505,1,-5.807201,0
2019-02-22,sz.002372,15.9000,16.3600,15.7200,16.2800,16.2200,9758453,156373101.0500,3,0.832943,1,0.369922,0
2019-02-25,sz.002372,16.2500,16.7200,16.1900,16.6800,16.2800,15163560,249438851.1900,3,1.294302,1,2.457000,0
2019-02-26,sz.002372,16.6800,16.7200,16.2300,16.2600,16.6800,11200064,184588096.9300,3,0.955993,1,-2.517986,0
2019-02-27,sz.002372,16.3300,16.6600,16.2000,16.4500,16.2600,8260350,136051529.6800,3,0.705071,1,1.168515,0
2019-02-28,sz.002372,16.5100,17.0500,16.4800,17.0000,16.4500,9834247,165735044.7200,3,0.839413,1,3.343460,0
2019-03-01,sz.002372,17.1000,17.4500,16.9400,17.3500,17.0000,11396941,196530111.7900,3,0.972798,1,2.058826,0
2019-03-04,sz.002372,17.3500,17.9500,17.2600,17.3000,17.3500,15554474,273192329.6400,3,1.327669,1,-0.288191,0
2019-03-05,sz.002372,17.1900,17.4900,17.1100,17.3000,17.3000,8212606,141525093.9600,3,0.700996,1,0.000000,0
2019-03-06,sz.002372,17.3300,17.3800,16.8000,17.1500,17.3000,9439406,160944753.1600,3,0.805711,1,-0.867050,0
2019-03-07,sz.002372,17.1900,17.2000,16.8500,17.0800,17.1500,6790126,115724044.1100,3,0.579578,1,-0.408162,0
2019-03-08,sz.002372,17.0100,17.0400,16.1400,16.1600,17.0800,9799158,162190743.5800,3,0.836418,1,-5.386417,0
2019-03-11,sz.002372,16.1300,16.7600,16.1300,16.5100,16.1600,7603677,125446530.6300,3,0.649020,1,2.165844,0
2019-03-12,sz.002372,16.6400,16.8000,16.5300,16.7300,16.5100,7685051,128362049.1100,3,0.655966,1,1.332522,0
2019-03-13,sz.002372,16.8100,16.9800,16.5100,16.5600,16.7300,6577823,110126378.0100,3,0.561457,1,-1.016139,0
2019-03-14,sz.002372,16.6000,16.9500,16.5800,16.8200,16.5600,7852458,131752413.1700,3,0.670255,1,1.570050,0
2019-03-15,sz.002372,16.8400,17.3000,16.6500,17.3000,16.8200,10457054,178710563.1500,3,0.892573,1,2.853743,0
2019-03-18,sz.002372,17.2900,17.8800,17.1100,17.7500,17.3000,9139329,160781603.6800,3,0.780097,1,2.601161,0
2019-03-19,sz.002372,17.7000,17.9900,17.5500,17.5900,17.7500,6855913,121353463.8000,3,0.585194,1,-0.901408,0
2019-03-20,sz.002372,17.5000,18.5300,17.5000,18.3400,17.5900,11020603,199585073.3300,3,0.940675,1,4.263786,0
2019-03-21,sz.002372,18.2500,18.6000,18.0300,18.2600,18.3400,6925483,126926835.6700,3,0.591132,1,-0.436205,0
2019-03-22,sz.002372,18.1700,18.6600,18.1700,18.5600,18.2600,6814188,125867912.8600,3,0.581632,1,1.642931,0
2019-03-25,sz.002372,18.3000,19.5300,18.2000,19.2000,18.5600,11348196,217442823.5000,3,0.968637,1,3.448283,0
2019-03-26,sz.002372,19.2000,19.4000,18.8000,19.0300,19.2000,7679881,146775276.4000,3,0.655524,1,-0.885417,0
2019-03-27,sz.002372,19.0600,19.2700,18.8200,18.9800,19.0300,5155201,97834960.1600,3,0.440028,1,-0.262749,0
2019-03-28,sz.002372,19.0400,19.9600,18.8800,19.6900,18.9800,10125755,198949322.1200,3,0.864295,1,3.740785,0
2019-03-29,sz.002372,19.5800,20.2000,19.2800,20.1600,19.6900,9419451,186196053.1400,3,0.804007,1,2.386995,0
2019-04-01,sz.002372,20.1600,22.1100,20.1400,21.3800,20.1600,17071070,362495335.8100,3,1.459334,1,6.051584,0
2019-04-02,sz.002372,21.1500,21.5900,20.7800,21.0200,21.3800,7104869,149621749.1900,3,0.607365,1,-1.683811,0
2019-04-03,sz.002372,20.9000,21.2700,20.7600,21.1700,21.0200,5733436,120384435.4300,3,0.490127,1,0.713604,0
2019-04-04,sz.002372,21.2700,21.3800,20.5400,20.5600,21.1700,7979849,166227333.1400,3,0.682164,1,-2.881439,0
2019-04-08,sz.002372,20.9000,21.6700,20.6800,20.7900,20.5600,10930294,231189403.1800,3,0.934385,1,1.118684,0
2019-04-09,sz.002372,20.8000,21.0500,20.4000,20.6400,20.7900,5805430,120170715.9300,3,0.496282,1,-0.721508,0
2019-04-10,sz.002372,20.6600,20.8800,20.3300,20.5000,20.6400,5510196,113062239.2600,3,0.471043,1,-0.678292,0
2019-04-11,sz.002372,20.6800,20.6800,19.8300,20.2000,20.5000,8663019,174199366.4300,3,0.740565,1,-1.463411,0
2019-04-12,sz.002372,20.0700,20.2800,19.6600,19.9400,20.2000,4537239,90870205.3800,3,0.387869,1,-1.287130,0
2019-04-15,sz.002372,20.3000,20.3800,19.6000,19.6900,19.9400,6035420,120752681.2700,3,0.515943,1,-1.253761,0
2019-04-16,sz.002372,19.7300,20.0600,19.0000,19.9600,19.6900,7793534,153159659.9600,3,0.666236,1,1.371247,0
2019-04-17,sz.002372,19.9500,20.1200,19.7300,19.7500,19.9600,5916888,117910693.4200,3,0.505810,1,-1.052100,0
2019-04-18,sz.002372,19.8900,19.9600,19.5100,19.7800,19.7500,3211865,63432404.6600,3,0.274569,1,0.151902,0
2019-04-19,sz.002372,19.5800,19.8000,19.3000,19.7200,19.7800,3726718,72932020.2500,3,0.318581,1,-0.303344,0
2019-04-22,sz.002372,19.6000,19.8900,19.2200,19.3400,19.7200,3779453,73748636.1600,3,0.323089,1,-1.926973,0
2019-04-23,sz.002372,19.3800,19.3800,18.8100,18.9000,19.3400,5927368,112844295.0800,3,0.506706,1,-2.275080,0
2019-04-24,sz.002372,18.9400,19.8800,18.9400,19.6200,18.9000,5968172,116638837.2300,3,0.510194,1,3.809530,0
2019-04-25,sz.002372,19.6500,19.7400,18.8600,18.8800,19.6200,6092570,117264764.7900,3,0.520828,1,-3.771670,0
2019-04-26,sz.002372,18.6800,19.3200,18.5600,18.8600,18.8800,6388303,121160010.8000,3,0.546109,1,-0.105925,0
2019-04-29,sz.002372,18.8600,19.4000,18.7300,19.0800,18.8600,6546459,125537561.0400,3,0.559629,1,1.166486,0
2019-04-30,sz.002372,19.4000,19.9300,19.1500,19.9000,19.0800,5799927,113637190.5800,3,0.495811,1,4.297692,0
2019-05-06,sz.002372,19.4800,20.3200,18.9800,20.2000,19.9000,11824703,230290767.1800,3,1.010844,1,1.507543,0
2019-05-07,sz.002372,20.0200,20.1700,19.7100,20.0500,20.2000,7571090,150746879.8200,3,0.647220,1,-0.742582,0
2019-05-08,sz.002372,19.7900,19.7900,19.0400,19.0400,20.0500,6923494,134610874.2800,3,0.591860,1,-5.037398,0
2019-05-09,sz.002372,18.8600,18.8800,17.9000,17.9600,19.0400,7543173,138097694.3900,3,0.644834,1,-5.672278,0
2019-05-10,sz.002372,18.2600,19.5700,18.1000,19.2900,17.9600,6358993,119213532.9900,3,0.543603,1,7.405355,0
2019-05-13,sz.002372,19.3100,19.4100,18.8800,19.1600,19.2900,3380046,64637183.5800,3,0.288946,1,-0.673930,0
2019-05-14,sz.002372,18.6000,19.1900,18.5400,18.6200,19.1600,6743250,126334597.2600,3,0.576452,1,-2.818367,0
2019-05-15,sz.002372,18.8800,19.3000,18.6300,19.1200,18.6200,4780675,90920016.7400,3,0.408680,1,2.685284,0
2019-05-16,sz.002372,19.3000,19.3000,19.0200,19.2300,19.1200,3198846,61363964.6300,3,0.273456,1,0.575307,0
2019-05-17,sz.002372,19.1200,19.2900,18.3900,18.6700,19.2300,5503120,102970520.5100,3,0.470438,1,-2.912114,0
2019-05-20,sz.002372,18.4100,18.6500,18.0200,18.2400,18.6700,4597612,83507524.5000,3,0.393030,1,-2.303162,0
2019-05-21,sz.002372,18.2300,19.2800,18.1600,19.0100,18.2400,5652408,106973416.0400,3,0.483200,1,4.221494,0
2019-05-22,sz.002372,19.3000,20.2200,19.1200,19.6600,19.0100,9307772,184301837.3700,3,0.795682,1,3.419251,0
2019-05-23,sz.002372,19.4500,20.1500,19.4200,19.6400,19.6600,5021715,99504371.0200,3,0.429285,1,-0.101732,0
2019-05-24,sz.002372,19.5600,19.9500,19.4000,19.4600,19.6400,4902733,95997927.8000,3,0.419114,1,-0.916498,0
2019-05-27,sz.002372,19.6500,19.8300,18.8800,19.7100,19.4600,5240810,101562522.0300,3,0.448015,1,1.284687,0
2019-05-28,sz.002372,19.7100,19.8100,19.3000,19.4000,19.7100,5545685,108145489.5800,3,0.474077,1,-1.572803,0
2019-05-29,sz.002372,19.3500,19.9800,19.3500,19.9100,19.4000,5518626,108590100.8600,3,0.471764,1,2.628867,0
2019-05-30,sz.002372,19.9500,20.3200,19.9000,20.2200,19.9100,7061717,142095775.2300,3,0.603676,1,1.557004,0
2019-05-31,sz.002372,20.4600,20.7500,19.8100,19.9500,20.2200,7215498,145505054.0200,3,0.615887,1,-1.335304,0
2019-06-03,sz.002372,19.8900,20.1300,19.3500,19.5300,19.9500,5209627,102131284.4500,3,0.444673,1,-2.105263,0
2019-06-04,sz.002372,19.5100,19.7000,18.8700,18.9000,19.5300,5402870,103564130.7400,3,0.461168,1,-3.225812,0
2019-06-05,sz.002372,19.0600,19.4300,18.8700,18.9100,18.9000,4540392,86882422.3400,3,0.387550,1,0.052911,0
2019-06-06,sz.002372,15.0300,15.5000,14.5100,15.2100,15.2600,5301849,80525219.8500,3,0.377121,1,-0.327655,0
2019-06-10,sz.002372,15.1100,15.9700,15.1100,15.8600,15.2100,7182106,112746878.7900,3,0.510864,1,4.273502,0
2019-06-11,sz.002372,15.9500,16.7000,15.9000,16.4900,15.8600,9097446,148639039.3900,3,0.647102,1,3.972258,0
2019-06-12,sz.002372,16.7700,16.7700,16.1700,16.2700,16.4900,5243741,85693641.2300,3,0.372988,1,-1.334138,0
2019-06-13,sz.002372,16.2300,16.3500,16.0100,16.1500,16.2700,3999936,64504090.6500,3,0.284516,1,-0.737559,0
2019-06-14,sz.002372,16.1500,16.2500,15.9700,15.9900,16.1500,3630954,58361079.9900,3,0.258270,1,-0.990711,0
2019-06-17,sz.002372,15.9900,16.1600,15.8800,16.0900,15.9900,3252756,52043533.0600,3,0.231369,1,0.625393,0
2019-06-18,sz.002372,16.0000,16.1600,15.9100,16.0800,16.0900,2865856,46038469.0100,3,0.203848,1,-0.062152,0
2019-06-19,sz.002372,16.3300,16.6500,16.0000,16.0500,16.0800,6684373,109241039.4100,3,0.475460,1,-0.186571,0
2019-06-20,sz.002372,16.0900,16.7500,16.0800,16.5600,16.0500,8929156,147214978.1800,3,0.635131,1,3.177572,0
2019-06-21,sz.002372,16.5700,16.9000,16.2600,16.3900,16.5600,9377275,155071763.7800,3,0.667006,1,-1.026571,0
2019-06-24,sz.002372,16.4000,17.0000,16.3100,16.7900,16.3900,7624664,127625178.9800,3,0.542343,1,2.440522,0
2019-06-25,sz.002372,16.7800,16.9800,16.4800,16.7800,16.7900,4896111,81800821.2300,3,0.348261,1,-0.059561,0
2019-06-26,sz.002372,16.6000,17.4600,16.6000,17.3000,16.7800,9722951,166825083.1300,3,0.691594,1,3.098918,0
2019-06-27,sz.002372,17.1400,17.4900,17.1000,17.3100,17.3000,4667646,80836378.9500,3,0.332010,1,0.057805,0
2019-06-28,sz.002372,17.3500,17.4700,17.0400,17.4000,17.3100,4433077,76513123.6200,3,0.312930,1,0.519932,0
2019-07-01,sz.002372,18.0000,18.0000,17.4600,17.6900,17.4000,5932954,105086681.7000,3,0.418806,1,1.666672,0
2019-07-02,sz.002372,17.6200,18.1000,17.5400,18.0700,17.6900,7038292,125630450.3800,3,0.496831,1,2.148102,0
2019-07-03,sz.002372,18.0500,18.0500,17.1200,17.1700,18.0700,10435456,180909322.5100,3,0.736636,1,-4.980629,0
2019-07-04,sz.002372,17.2900,17.4100,16.6400,16.8200,17.1700,7790681,131713782.7400,3,0.549942,1,-2.038441,0
2019-07-05,sz.002372,16.9300,17.3000,16.7300,17.1700,16.8200,5793876,98805118.6800,3,0.408988,1,2.080858,0
2019-07-08,sz.002372,17.2100,17.3400,16.6500,16.8100,17.1700,5390423,90782868.3100,3,0.380508,1,-2.096684,0
2019-07-09,sz.002372,16.7900,16.9300,16.5200,16.6600,16.8100,4962706,82643750.1000,3,0.350316,1,-0.892324,0
2019-07-10,sz.002372,16.7700,16.8000,16.4500,16.5200,16.6600,3115535,51782581.2000,3,0.219925,1,-0.840332,0
2019-07-11,sz.002372,16.5800,16.9500,16.4100,16.6100,16.5200,4315669,71894042.0500,3,0.304642,1,0.544795,0
2019-07-12,sz.002372,16.5600,16.7800,16.4400,16.6300,16.6100,3169451,52643691.2300,3,0.223731,1,0.120401,0
2019-07-15,sz.002372,16.5300,16.8400,16.0900,16.7600,16.6300,4567967,75501816.8600,3,0.322451,1,0.781726,0
2019-07-16,sz.002372,16.6600,16.7700,16.4100,16.6900,16.7600,3703469,61517689.7700,3,0.261427,1,-0.417659,0
2019-07-17,sz.002372,16.6700,16.8200,16.5300,16.5600,16.6900,3440867,57392081.3300,3,0.242890,1,-0.778916,0
2019-07-18,sz.002372,16.4800,16.5500,16.3000,16.3200,16.5600,3053272,50063908.7400,3,0.215530,1,-1.449274,0
2019-07-19,sz.002372,16.3800,16.6900,16.1400,16.2900,16.3200,7719458,126385930.9600,3,0.544914,1,-0.183816,0
2019-07-22,sz.002372,16.3800,16.4800,15.9700,16.0200,16.2900,4422567,71674570.5600,3,0.312188,1,-1.657461,0
2019-07-23,sz.002372,16.1500,16.5500,15.8900,16.5300,16.0200,6349075,103712354.3300,3,0.448179,1,3.183522,0
2019-07-24,sz.002372,16.6700,16.7800,16.2900,16.4100,16.5300,5247600,86594880.2100,3,0.370427,1,-0.725958,0
2019-07-25,sz.002372,16.3500,16.4500,16.2600,16.3600,16.4100,3175293,51898898.0300,3,0.224143,1,-0.304688,0
2019-07-26,sz.002372,16.3500,16.4300,16.2600,16.3600,16.3600,3614865,59108838.3900,3,0.255200,1,0.000000,0
2019-07-29,sz.002372,16.4000,16.5300,16.0800,16.1700,16.3600,4936452,80178552.3000,3,0.348463,1,-1.161372,0
2019-07-30,sz.002372,16.1900,16.6500,16.1900,16.3900,16.1700,5160237,84950512.9200,3,0.364300,1,1.360500,0
2019-07-31,sz.002372,16.4000,16.5600,16.2000,16.2700,16.3900,4197841,68564598.8100,3,0.296300,1,-0.732100,0
2019-08-01,sz.002372,16.2700,16.2700,15.7600,15.9500,16.2700,5247661,83850132.8100,3,0.370400,1,-1.966800,0
2019-08-02,sz.002372,15.6500,16.1000,15.5300,15.9900,15.9500,4611647,72755857.8500,3,0.325500,1,0.250800,0
2019-08-05,sz.002372,15.9000,15.9400,15.5500,15.6300,15.9900,4530888,71271026.3400,3,0.319800,1,-2.251400,0
2019-08-06,sz.002372,15.4800,15.5500,15.0000,15.4600,15.6300,5828043,89419085.0500,3,0.411400,1,-1.087700,0
2019-08-07,sz.002372,15.5600,15.7200,15.1000,15.1800,15.4600,4335495,66429058.8800,3,0.306000,1,-1.811100,0
2019-08-08,sz.002372,15.0500,15.5000,15.0400,15.1500,15.1800,9203596,139569504.6500,3,0.650600,1,-0.197600,0
2019-08-09,sz.002372,15.3500,15.4400,14.7100,14.7500,15.1500,8423222,126422516.2400,3,0.595400,1,-2.640300,0
2019-08-12,sz.002372,14.6400,14.7800,14.1200,14.7700,14.7500,16185067,233912019.0100,3,1.144100,1,0.135600,0
2019-08-13,sz.002372,14.5800,14.9100,14.3800,14.8100,14.7700,8475435,124955996.0300,3,0.599100,1,0.270800,0
2019-08-14,sz.002372,14.8900,15.3500,14.8800,15.2300,14.8100,10452028,158478770.0300,3,0.738800,1,2.835900,0
2019-08-15,sz.002372,14.9800,15.2400,14.8000,15.1600,15.2300,6416182,96483319.2800,3,0.453500,1,-0.459600,0
2019-08-16,sz.002372,15.2400,15.4300,15.1000,15.1000,15.1600,5534061,84120824.6300,3,0.391200,1,-0.395800,0
2019-08-19,sz.002372,15.2000,15.3700,15.0500,15.3000,15.1000,7530617,114403877.4100,3,0.532300,1,1.324500,0
2019-08-20,sz.002372,15.3900,15.5800,15.1100,15.1400,15.3000,8696204,133289496.6200,3,0.614700,1,-1.045800,0
2019-08-21,sz.002372,15.1300,15.1400,14.8000,14.8400,15.1400,7146976,106504846.6500,3,0.505200,1,-1.981500,0
2019-08-22,sz.002372,14.8400,14.9200,14.4300,14.7900,14.8400,9220501,135030634.6800,3,0.651800,1,-0.336900,0
2019-08-23,sz.002372,14.7900,15.7500,14.6300,15.5800,14.7900,15463113,238091469.2100,3,1.093000,1,5.341400,0
2019-08-26,sz.002372,15.1500,15.4000,14.9000,14.9700,15.5800,12977735,195528468.7200,3,0.917400,1,-3.915300,0
2019-08-27,sz.002372,15.1000,15.2800,14.7500,14.9300,14.9700,12962170,194234144.0500,3,0.916300,1,-0.267200,0
2019-08-28,sz.002372,14.9000,14.9100,14.4900,14.5800,14.9300,10075059,147290284.6500,3,0.712200,1,-2.344300,0
2019-08-29,sz.002372,14.5800,14.7300,14.4500,14.5500,14.5800,5976095,86803314.4400,3,0.422400,1,-0.205800,0
2019-08-30,sz.002372,14.6800,15.0200,14.5300,14.6500,14.5500,9080907,134111288.2800,3,0.641900,1,0.687300,0
2019-09-02,sz.002372,14.5600,14.8500,14.5500,14.8100,14.6500,6273404,92417831.2800,3,0.443400,1,1.092200,0
2019-09-03,sz.002372,14.7900,15.0800,14.7200,15.0500,14.8100,8012331,119743442.4500,3,0.566400,1,1.620500,0
2019-09-04,sz.002372,15.0500,15.4000,14.9300,15.3400,15.0500,9589666,146134363.9900,3,0.677900,1,1.926900,0
2019-09-05,sz.002372,15.4200,15.8500,15.4100,15.7000,15.3400,12739512,200396325.2400,3,0.900500,1,2.346800,0
2019-09-06,sz.002372,15.8200,15.9400,15.4500,15.5600,15.7000,6215531,97033706.2100,3,0.439400,1,-0.891700,0
2019-09-09,sz.002372,15.6800,15.7700,15.5000,15.7000,15.5600,6661966,104120846.4800,3,0.470900,1,0.899700,0
2019-09-10,sz.002372,15.7000,15.8100,15.5000,15.7000,15.7000,5676490,88806547.6800,3,0.401300,1,0.000000,0
2019-09-11,sz.002372,15.6700,15.8000,15.6000,15.6600,15.7000,5002834,78472001.0000,3,0.353600,1,-0.254800,0
2019-09-12,sz.002372,15.7600,15.8400,15.5500,15.7200,15.6600,4004271,62844321.3800,3,0.283000,1,0.383100,0
2019-09-16,sz.002372,15.7600,15.7900,15.3100,15.5100,15.7200,6990552,108995940.4200,3,0.494100,1,-1.335900,0
2019-09-17,sz.002372,15.6700,15.6700,15.4400,15.4600,15.5100,4888958,75846706.3000,3,0.345600,1,-0.322400,0
2019-09-18,sz.002372,15.4600,15.9000,15.4100,15.7600,15.4600,6896514,108497074.0900,3,0.487500,1,1.940500,0
2019-09-19,sz.002372,15.9000,16.1200,15.6800,16.1200,15.7600,6752219,107439688.7500,3,0.477300,1,2.284300,0
2019-09-20,sz.002372,16.1400,16.2900,16.1300,16.2100,16.1200,6288911,102085929.5000,3,0.444500,1,0.558300,0
2019-09-23,sz.002372,16.2000,16.2100,15.5800,16.0400,16.2100,8051774,128050470.4600,3,0.569200,1,-1.048700,0
2019-09-24,sz.002372,15.9800,16.4000,15.9700,16.0300,16.0400,6243067,100998066.3500,3,0.441300,1,-0.062300,0
2019-09-25,sz.002372,16.1500,16.2500,15.8100,16.0900,16.0300,5162453,83110742.6400,3,0.364900,1,0.374300,0
2019-09-26,sz.002372,16.1200,16.1300,15.8200,15.8500,16.0900,5578817,89063036.6700,3,0.394300,1,-1.491600,0
2019-09-27,sz.002372,15.8000,16.1500,15.8000,16.0000,15.8500,4413154,70858473.0300,3,0.312000,1,0.946400,0
2019-09-30,sz.002372,15.9200,16.1500,15.8800,15.9000,16.0000,3744114,59951076.5300,3,0.264700,1,-0.625000,0
2019-10-08,sz.002372,16.1000,16.2000,15.7800,16.0300,15.9000,3294557,52818374.4700,3,0.232900,1,0.817600,0
2019-10-09,sz.002372,16.0500,16.6600,15.9500,16.6000,16.0300,8228229,135315975.8600,3,0.581600,1,3.555800,0
2019-10-10,sz.002372,16.5700,16.6600,16.4000,16.6000,16.6000,5238155,86800303.6700,3,0.370300,1,0.000000,0
2019-10-11,sz.002372,16.6400,16.7700,16.5500,16.6900,16.6000,3896557,64982356.2400,3,0.275400,1,0.542200,0
2019-10-14,sz.002372,16.7100,16.8000,16.5000,16.6000,16.6900,5121180,85171146.9800,3,0.362000,1,-0.539200,0
2019-10-15,sz.002372,16.5300,16.8500,16.3400,16.5300,16.6000,5267374,87349756.3100,3,0.372300,1,-0.421700,0
2019-10-16,sz.002372,16.5700,16.6800,16.4200,16.6500,16.5300,3161894,52470794.9200,3,0.223500,1,0.725900,0
2019-10-17,sz.002372,16.5600,16.7400,16.5500,16.6200,16.6500,2513094,41832759.5500,3,0.177600,1,-0.180200,0
2019-10-18,sz.002372,16.6800,16.8800,16.4800,16.6800,16.6200,4067185,67996234.0300,3,0.287500,1,0.361000,0
2019-10-21,sz.002372,16.6000,17.1300,16.5500,17.0000,16.6800,6787382,115086349.3800,3,0.479800,1,1.918500,0
2019-10-22,sz.002372,16.9100,17.1900,16.5900,16.6600,17.0000,6060726,101692167.6200,3,0.428400,1,-2.000000,0
2019-10-23,sz.002372,16.7700,16.8200,16.5100,16.7300,16.6600,3648040,60910044.0900,3,0.257900,1,0.420200,0
2019-10-24,sz.002372,16.5900,16.8000,16.4000,16.6500,16.7300,3292748,54809320.7500,3,0.232800,1,-0.478200,0
2019-10-25,sz.002372,16.7600,16.8900,16.6000,16.8800,16.6500,3098507,51920500.0600,3,0.219000,1,1.381400,0
2019-10-28,sz.002372,16.8700,17.1900,16.6200,16.9200,16.8800,5232755,88566133.0400,3,0.369900,1,0.237000,0
2019-10-29,sz.002372,15.2300,15.2300,15.2300,15.2300,16.9200,3174900,48353727.0000,3,0.224400,1,-9.988200,0
2019-10-30,sz.002372,13.7100,15.2300,13.7100,13.7100,15.2300,36013712,495568310.8900,3,2.545700,1,-9.980300,0
2019-10-31,sz.002372,13.5000,13.9200,13.0300,13.3800,13.7100,35558173,477024941.3900,3,2.513500,1,-2.407000,0
2019-11-01,sz.002372,13.2600,13.6400,13.2000,13.4100,13.3800,18708568,251296413.4500,3,1.322500,1,0.224200,0
2019-11-04,sz.002372,13.4300,13.6000,13.0700,13.2200,13.4100,15047153,199691812.9800,3,1.063600,1,-1.416800,0
2019-11-05,sz.002372,13.2200,13.2400,13.0100,13.1100,13.2200,13962421,183105363.4200,3,0.987000,1,-0.832100,0
2019-11-06,sz.002372,13.1200,13.1600,12.8600,12.8800,13.1100,13485996,175136458.0500,3,0.953300,1,-1.754400,0
2019-11-07,sz.002372,12.9700,13.4200,12.7800,13.3700,12.8800,15480708,204213127.8200,3,1.094300,1,3.804300,0
2019-11-08,sz.002372,13.4500,13.5300,13.2800,13.3600,13.3700,10398863,139172171.2400,3,0.735100,1,-0.074800,0
2019-11-11,sz.002372,13.3500,13.3500,13.0600,13.1000,13.3600,6428322,84586917.3000,3,0.454400,1,-1.946100,0
2019-11-12,sz.002372,13.1000,13.1600,12.9600,13.0700,13.1000,6144931,80156794.6600,3,0.434400,1,-0.229000,0
2019-11-13,sz.002372,13.0700,13.0700,12.7800,12.9000,13.0700,7929835,102248671.8700,3,0.560500,1,-1.300700,0
2019-11-14,sz.002372,12.9000,13.1400,12.8000,12.9300,12.9000,7985721,103248509.9400,3,0.564500,1,0.232600,0
2019-11-15,sz.002372,12.9000,12.9200,12.1600,12.2200,12.9300,21090261,260662091.8100,3,1.490800,1,-5.491100,0
2019-11-18,sz.002372,12.2600,12.5100,12.2100,12.4100,12.2200,7876402,97473193.6000,3,0.556800,1,1.554800,0
2019-11-19,sz.002372,12.5500,12.8700,12.4300,12.8500,12.4100,9399483,119685836.1900,3,0.664400,1,3.545500,0
2019-11-20,sz.002372,12.8200,12.8500,12.5800,12.6100,12.8500,6840790,86835756.0300,3,0.483600,1,-1.867700,0
2019-11-21,sz.002372,12.6900,12.7000,12.4000,12.4800,12.6100,4897521,61186784.3300,3,0.346200,1,-1.030900,0
2019-11-22,sz.002372,12.5100,12.6900,12.2700,12.4300,12.4800,6674132,83035945.0700,3,0.471800,1,-0.400600,0
2019-11-25,sz.002372,12.4300,12.5100,12.2500,12.3800,12.4300,6808728,84287088.2300,3,0.481300,1,-0.402300,0
2019-11-26,sz.002372,12.3900,12.4800,12.0100,12.0100,12.3800,13768767,167680482.2800,3,0.973300,1,-2.988700,0
2019-11-27,sz.002372,12.2800,12.3300,11.9600,12.0800,12.0100,14553516,176822186.5700,3,1.028700,1,0.582800,0
2019-11-28,sz.002372,12.0000,12.1900,11.8500,11.9300,12.0800,8470873,101554267.9800,3,0.598800,1,-1.241700,0
2019-11-29,sz.002372,11.9300,12.2400,11.7700,12.2200,11.9300,9560209,114582049.2900,3,0.675800,1,2.430800,0
2019-12-02,sz.002372,12.1200,12.2800,12.0200,12.1000,12.2200,5060466,61341825.1900,3,0.357700,1,-0.982000,0
2019-12-03,sz.002372,12.0900,12.1400,11.8900,12.0000,12.1000,6336353,76052851.5500,3,0.447900,1,-0.826400,0
2019-12-04,sz.002372,11.9500,12.0500,11.8700,11.9300,12.0000,6358881,75892801.4400,3,0.449500,1,-0.583300,0
2019-12-05,sz.002372,11.9900,12.0300,11.8800,11.9300,11.9300,7878716,94054097.2500,3,0.556900,1,0.000000,0
2019-12-06,sz.002372,11.9200,11.9600,11.7600,11.8900,11.9300,7999859,94785901.4500,3,0.565500,1,-0.335300,0
2019-12-09,sz.002372,11.8300,11.9500,11.8200,11.8900,11.8900,7383847,87907419.5100,3,0.521900,1,0.000000,0
2019-12-10,sz.002372,11.9000,12.2500,11.8100,12.2100,11.8900,9761660,117759334.7500,3,0.690000,1,2.691300,0
2019-12-11,sz.002372,12.1700,12.2100,12.0000,12.0700,12.2100,6950454,83908491.7500,3,0.491300,1,-1.146600,0
2019-12-12,sz.002372,12.0700,12.0900,11.9300,11.9500,12.0700,4704150,56355148.9000,3,0.332500,1,-0.994200,0
2019-12-13,sz.002372,11.9900,12.1900,11.9600,12.1400,11.9500,8079272,97592886.9000,3,0.571100,1,1.590000,0
2019-12-16,sz.002372,12.1900,12.4000,12.0800,12.3500,12.1400,8911572,109325554.2300,3,0.629900,1,1.729800,0
2019-12-17,sz.002372,12.4400,12.6300,12.4000,12.5100,12.3500,11410202,142609664.4500,3,0.806600,1,1.295500,0
2019-12-18,sz.002372,12.5300,12.6600,12.2600,12.3200,12.5100,9897557,123100572.5500,3,0.699600,1,-1.518800,0
2019-12-19,sz.002372,12.3800,12.5500,12.2200,12.5500,12.3200,8445160,104930522.1200,3,0.597000,1,1.866900,0
2019-12-20,sz.002372,12.5800,13.1000,12.5800,12.9200,12.5500,15820808,204244647.8600,3,1.118300,1,2.948200,0
2019-12-23,sz.002372,12.8000,13.2600,12.7600,12.8900,12.9200,14166435,184851757.7500,3,1.001400,1,-0.232200,0
2019-12-24,sz.002372,12.8700,13.0800,12.7600,12.8400,12.8900,9569276,122954178.2200,3,0.676400,1,-0.387900,0
2019-12-25,sz.002372,12.8300,12.9000,12.6200,12.6900,12.8400,7002622,89127324.2300,3,0.495000,1,-1.168200,0
2019-12-26,sz.002372,12.7300,12.8700,12.6300,12.7800,12.6900,5625750,71650247.9600,3,0.397700,1,0.709200,0
2019-12-27,sz.002372,12.7900,12.8200,12.6200,12.6700,12.7800,8596320,109153484.0000,3,0.607600,1,-0.860700,0
2019-12-30,sz.002372,12.6300,12.8700,12.4300,12.8600,12.6700,9232322,117476361.7300,3,0.652600,1,1.499600,0
2019-12-31,sz.002372,12.8900,13.2200,12.7600,13.1700,12.8600,12791346,166748953.9000,3,0.904200,1,2.410600,0
2020-01-02,sz.002372,13.2200,13.5700,13.2200,13.2700,13.1700,12999281,173773634.4800,3,0.918900,1,0.759300,0
2020-01-03,sz.002372,13.3500,13.5500,13.1800,13.4500,13.2700,10571572,141731578.8000,3,0.747300,1,1.356400,0
2020-01-06,sz.002372,13.4000,13.5900,13.2100,13.3700,13.4500,9321199,125034272.4400,3,0.658900,1,-0.594800,0
2020-01-07,sz.002372,13.3500,13.4700,13.0700,13.1500,13.3700,15343302,202033949.2100,3,1.084600,1,-1.645500,0
2020-01-08,sz.002372,13.0500,13.2000,13.0000,13.0800,13.1500,7514353,98237945.4800,3,0.531200,1,-0.532300,0
2020-01-09,sz.002372,13.1900,13.2500,13.0700,13.1700,13.0800,5912028,77721806.5700,3,0.417900,1,0.688100,0
2020-01-10,sz.002372,13.1800,13.2000,13.0000,13.1300,13.1700,6309115,82581183.6600,3,0.446000,1,-0.303700,0
2020-01-13,sz.002372,13.1200,13.2500,13.0500,13.1800,13.1300,5554425,73063424.2900,3,0.392600,1,0.380800,0
2020-01-14,sz.002372,13.2000,13.2200,13.0200,13.0300,13.1800,6874680,89962582.1800,3,0.486000,1,-1.138100,0
2020-01-15,sz.002372,13.0800,13.0800,12.8000,12.8100,13.0300,7682727,98870890.4000,3,0.543100,1,-1.688400,0
2020-01-16,sz.002372,12.8100,13.0800,12.7600,12.8500,12.8100,7594277,98072972.5100,3,0.536800,1,0.312300,0
2020-01-17,sz.002372,12.8600,12.9900,12.7000,12.7400,12.8500,6294607,80741650.5500,3,0.444900,1,-0.856000,0
2020-01-20,sz.002372,12.7400,12.8600,12.6300,12.8200,12.7400,6372606,81465766.3500,3,0.450500,1,0.627900,0
2020-01-21,sz.002372,12.8300,12.8500,12.5100,12.5400,12.8200,7924197,100330777.9200,3,0.560100,1,-2.184100,0
2020-01-22,sz.002372,12.5400,12.8500,12.3800,12.7900,12.5400,6447456,81490404.7000,3,0.455800,1,1.993600,0
2020-01-23,sz.002372,12.7800,12.8100,12.3000,12.4000,12.7900,7879456,98560165.1000,3,0.557000,1,-3.049300,0
2020-02-03,sz.002372,11.1600,11.1600,11.1600,11.1600,12.4000,3121500,34835940.0000,3,0.220600,1,-10.000000,0
2020-02-04,sz.002372,10.1800,11.4900,10.1800,10.8500,11.1600,20030546,218489134.7600,3,1.415900,1,-2.777800,0
2020-02-05,sz.002372,11.0500,11.3800,10.9200,11.0700,10.8500,12601514,139914021.7900,3,0.890800,1,2.027600,0
2020-02-06,sz.002372,11.1900,11.6400,10.9500,11.5600,11.0700,14385545,163679379.0500,3,1.016900,1,4.426400,0
2020-02-07,sz.002372,11.5600,11.8200,11.3500,11.7500,11.5600,8831084,102977599.3900,3,0.624200,1,1.643600,0
2020-02-10,sz.002372,11.7500,11.9700,11.6400,11.9100,11.7500,7029969,83308882.3200,3,0.496900,1,1.361700,0
2020-02-11,sz.002372,11.9700,12.0900,11.9000,12.0000,11.9100,6653566,79880421.7400,3,0.470300,1,0.755700,0
2020-02-12,sz.002372,12.0600,12.1600,11.9500,12.0600,12.0000,5515319,66500574.5800,3,0.389900,1,0.500000,0
2020-02-13,sz.002372,12.0900,12.1800,11.8700,11.9600,12.0600,6285158,75374873.5600,3,0.444300,1,-0.829200,0
2020-02-14,sz.002372,11.8900,12.1200,11.8600,12.0200,11.9600,5164692,62184561.3400,3,0.365100,1,0.501700,0
2020-02-17,sz.002372,12.0200,12.2900,12.0000,12.2300,12.0200,7996752,97295731.6100,3,0.565300,1,1.747100,0
2020-02-18,sz.002372,12.2500,12.3000,11.9700,12.0800,12.2300,8856653,107188031.2600,3,0.626100,1,-1.226500,0
2020-02-19,sz.002372,12.1000,12.1800,11.9300,12.0500,12.0800,6857208,82690614.8400,3,0.484700,1,-0.248300,0
2020-02-20,sz.002372,12.0200,12.1300,11.8900,12.0800,12.0500,9744061,117170813.1600,3,0.688800,1,0.249000,0
2020-02-21,sz.002372,12.0700,12.2400,11.9700,12.1300,12.0800,10725921,129894829.9900,3,0.758200,1,0.413900,0
2020-02-24,sz.002372,12.0600,12.1300,11.8800,12.0000,12.1300,10373445,124173350.7500,3,0.733300,1,-1.071700,0
2020-02-25,sz.002372,11.8400,11.8800,11.4500,11.7100,12.0000,12366874,144643073.9800,3,0.874200,1,-2.416700,0
2020-02-26,sz.002372,11.6500,11.9800,11.4200,11.8100,11.7100,10917381,128300618.0100,3,0.771700,1,0.854000,0
2020-02-27,sz.002372,11.8500,12.5200,11.8500,12.3800,11.8100,17024412,209590018.0600,3,1.203400,1,4.826400,0
2020-02-28,sz.002372,12.1300,12.6700,11.8300,11.8600,12.3800,20387606,248466190.0800,3,1.441100,1,-4.200300,0
2020-03-02,sz.002372,11.8800,12.8000,11.8800,12.6700,11.8600,24620104,308596323.8700,3,1.740300,1,6.829700,0
2020-03-03,sz.002372,12.8800,13.1600,12.4300,12.5600,12.6700,19825359,251635282.7900,3,1.401400,1,-0.868200,0
2020-03-04,sz.002372,12.4000,12.8200,12.3500,12.8000,12.5600,12814442,162068174.6400,3,0.905800,1,1.910800,0
2020-03-05,sz.002372,12.9200,13.5000,12.8900,13.4600,12.8000,25100263,333446733.4400,3,1.774300,1,5.156200,0
2020-03-06,sz.002372,13.2400,13.3700,13.0000,13.0500,13.4600,15198451,199498048.0300,3,1.074300,1,-3.046100,0
2020-03-09,sz.002372,12.9500,12.9500,12.5000,12.5000,13.0500,13076729,165362761.0400,3,0.924400,1,-4.214600,0
2020-03-10,sz.002372,12.1800,12.9000,12.1800,12.6600,12.5000,11805676,147659737.2400,3,0.834500,1,1.280000,0
2020-03-11,sz.002372,12.6600,12.8500,12.5200,12.5600,12.6600,9846014,124579072.6900,3,0.696000,1,-0.789900,0
2020-03-12,sz.002372,12.4600,12.6600,12.2500,12.6100,12.5600,9472290,117800968.8600,3,0.669600,1,0.398100,0
2020-03-13,sz.002372,12.0000,12.5000,11.9000,12.2100,12.6100,10138940,123110426.5000,3,0.716700,1,-3.172100,0
2020-03-16,sz.002372,12.3500,12.4000,11.5500,11.6500,12.2100,9921789,118856142.0300,3,0.701300,1,-4.586400,0
2020-03-17,sz.002372,11.5800,11.8800,10.8200,11.3000,11.6500,9981870,112896485.9000,3,0.705600,1,-3.004300,0
2020-03-18,sz.002372,11.4100,11.5400,11.0200,11.0200,11.3000,8311415,93620648.6000,3,0.587500,1,-2.477900,0
2020-03-19,sz.002372,11.0200,11.1800,10.5300,10.8100,11.0200,11428672,123525369.2700,3,0.807900,1,-1.905600,0
2020-03-20,sz.002372,10.9600,11.0400,10.7000,11.0300,10.8100,6900202,75186323.5400,3,0.487800,1,2.035100,0
2020-03-23,sz.002372,10.7500,10.9800,10.6300,10.7500,11.0300,6314850,68039792.2100,3,0.446400,1,-2.538500,0
2020-03-24,sz.002372,10.9700,11.0700,10.7300,10.9900,10.7500,6510198,71111990.0000,3,0.460200,1,2.232600,0
2020-03-25,sz.002372,11.4100,11.4200,11.1000,11.3700,10.9900,7810554,87804277.4800,3,0.552100,1,3.457700,0
2020-03-26,sz.002372,11.2800,11.3000,11.0200,11.0900,11.3700,7548283,84110749.1000,3,0.533600,1,-2.462600,0
2020-03-27,sz.002372,11.1400,11.3200,11.1100,11.1700,11.0900,6249932,70135719.0900,3,0.441800,1,0.721400,0
2020-03-30,sz.002372,11.0300,11.2200,10.9100,11.1100,11.1700,4979565,55319830.3300,3,0.352000,1,-0.537200,0
2020-03-31,sz.002372,11.2100,11.2900,11.0100,11.0600,11.1100,5106465,56765485.6500,3,0.361000,1,-0.450000,0
2020-04-01,sz.002372,11.0000,11.0400,10.8200,10.8900,11.0600,6962053,75906841.4900,3,0.492100,1,-1.537100,0
2020-04-02,sz.002372,10.8000,10.9200,10.7200,10.9200,10.8900,6132460,66443062.1500,3,0.433500,1,0.275500,0
2020-04-03,sz.002372,10.9500,11.0600,10.8100,10.8400,10.9200,3702811,40330276.7100,3,0.261700,1,-0.732600,0
2020-04-07,sz.002372,11.0000,11.3100,11.0000,11.3000,10.8400,9192766,102770139.9800,3,0.649800,1,4.243500,0
2020-04-08,sz.002372,11.3300,11.8100,11.1400,11.7400,11.3000,11212055,129592345.8000,3,0.792500,1,3.893800,0
2020-04-09,sz.002372,11.7900,11.9700,11.7000,11.8100,11.7400,6970661,82562611.0500,3,0.492700,1,0.596300,0
2020-04-10,sz.002372,11.9000,12.0400,11.5800,11.5900,11.8100,5908130,69542258.7900,3,0.417600,1,-1.862800,0
2020-04-13,sz.002372,11.6000,11.8500,11.4200,11.6200,11.5900,5909537,68938710.7800,3,0.417700,1,0.258800,0
2020-04-14,sz.002372,11.7400,11.8500,11.6000,11.8400,11.6200,5212121,61202909.7300,3,0.368400,1,1.893300,0
2020-04-15,sz.002372,11.8100,11.8900,11.6100,11.6100,11.8400,5766987,67429260.3100,3,0.407700,1,-1.942600,0
2020-04-16,sz.002372,11.6100,11.7200,11.3600,11.6500,11.6100,4101579,47553869.2100,3,0.289900,1,0.344500,0
2020-04-17,sz.002372,11.7300,11.9800,11.5600,11.7000,11.6500,8654007,101404504.8700,3,0.611700,1,0.429200,0
2020-04-20,sz.002372,11.8400,12.2900,11.8000,12.2000,11.7000,15658256,189789277.6200,3,1.106800,1,4.273500,0
2020-04-21,sz.002372,12.2000,12.4900,12.0200,12.4300,12.2000,12860364,157826257.8200,3,0.909100,1,1.885200,0
2020-04-22,sz.002372,12.3300,12.5600,12.2100,12.2700,12.4300,7572174,93377698.3500,3,0.535300,1,-1.287200,0
2020-04-23,sz.002372,12.4100,12.4100,12.1700,12.2100,12.2700,4853766,59587726.9900,3,0.343100,1,-0.489000,0
2020-04-24,sz.002372,12.2300,12.2900,12.0200,12.1900,12.2100,5753237,69919086.1800,3,0.406700,1,-0.163800,0
2020-04-27,sz.002372,12.1600,12.3500,12.1200,12.1400,12.1900,4827867,58877176.2800,3,0.341300,1,-0.410200,0
2020-04-28,sz.002372,12.1300,12.2500,11.8300,12.0500,12.1400,6859669,82811762.3300,3,0.484900,1,-0.741400,0
2020-04-29,sz.002372,12.1600,12.2900,12.0300,12.1600,12.0500,5623669,68478059.0900,3,0.397500,1,0.912900,0
2020-04-30,sz.002372,12.2300,12.3900,12.1500,12.2000,12.1600,10705491,131063512.9400,3,0.756700,1,0.328900,0
2020-05-06,sz.002372,12.2000,12.7500,12.0500,12.7300,12.2000,14511425,181764673.9500,3,1.025800,1,4.344300,0
2020-05-07,sz.002372,12.7300,12.8400,12.5000,12.5200,12.7300,9327729,117639512.6100,3,0.659300,1,-1.649600,0
2020-05-08,sz.002372,12.5600,12.6800,12.5400,12.5900,12.5200,5488302,69150070.4100,3,0.388000,1,0.559100,0
2020-05-11,sz.002372,12.6000,13.0800,12.6000,12.9700,12.5900,12929444,167543724.2400,3,0.913900,1,3.018300,0
2020-05-12,sz.002372,12.9800,13.0600,12.8000,12.9900,12.9700,8084072,104319145.9500,3,0.571400,1,0.154200,0
2020-05-13,sz.002372,12.9900,13.0800,12.7300,12.8300,12.9900,7953674,102114729.8200,3,0.562200,1,-1.231700,0
2020-05-14,sz.002372,12.8500,12.8800,12.5600,12.5900,12.8300,6494217,81977181.2300,3,0.459100,1,-1.870600,0
2020-05-15,sz.002372,12.6500,12.7400,12.5600,12.6100,12.5900,3903279,49280236.3900,3,0.275900,1,0.158900,0
2020-05-18,sz.002372,12.6000,12.9200,12.5000,12.7000,12.6100,7233478,91737889.4700,3,0.511300,1,0.713700,0
2020-05-19,sz.002372,12.7900,12.8300,12.5600,12.6500,12.7000,4890814,61916507.7300,3,0.345700,1,-0.393700,0
2020-05-20,sz.002372,12.6700,12.7000,12.3400,12.3800,12.6500,6953256,86764288.2500,3,0.491500,1,-2.134400,0
2020-05-21,sz.002372,12.4900,12.8500,12.4600,12.5600,12.3800,7036229,89010206.2500,3,0.497400,1,1.454000,0
2020-05-22,sz.002372,12.5300,12.5300,12.1000,12.1800,12.5600,6574034,80758035.6400,3,0.464700,1,-3.025500,0
2020-05-25,sz.002372,12.1800,12.6000,12.1200,12.5400,12.1800,5802161,71932311.0200,3,0.410100,1,2.955700,0
2020-05-26,sz.002372,12.6600,12.7800,12.5300,12.7000,12.5400,6971447,88318596.2400,3,0.492800,1,1.275900,0
2020-05-27,sz.002372,12.7500,12.7500,12.3800,12.7500,12.7000,10189790,128167172.6400,3,0.720300,1,0.393700,0
2020-05-28,sz.002372,12.0800,12.1400,11.7400,12.0100,12.2500,8258672,98575652.4000,3,0.583800,1,-1.959200,0
2020-05-29,sz.002372,12.0100,12.0800,11.9100,11.9600,12.0100,5365570,64271009.1300,3,0.379300,1,-0.416300,0
2020-06-01,sz.002372,11.9900,12.2500,11.9800,12.2200,11.9600,9952852,121103462.5800,3,0.703500,1,2.173900,0
2020-06-02,sz.002372,12.3100,12.3300,12.1600,12.2100,12.2200,6599670,80586270.1600,3,0.466500,1,-0.081800,0
2020-06-03,sz.002372,12.3600,12.4800,12.1800,12.2500,12.2100,8569332,105677217.7400,3,0.605700,1,0.327600,0
2020-06-04,sz.002372,12.2400,12.2600,12.0500,12.2000,12.2500,7002364,85059085.8800,3,0.495000,1,-0.408200,0
2020-06-05,sz.002372,12.2100,12.2400,12.1100,12.1600,12.2000,2982663,36258017.7200,3,0.210800,1,-0.327900,0
2020-06-08,sz.002372,12.2400,12.4400,12.2100,12.2400,12.1600,6671748,82111370.4600,3,0.471600,1,0.657900,0
2020-06-09,sz.002372,12.2900,12.3000,12.1600,12.2400,12.2400,4827611,59054139.3400,3,0.341200,1,0.000000,0
2020-06-10,sz.002372,12.2400,12.2700,12.1500,12.2000,12.2400,4110749,50161505.3500,3,0.290600,1,-0.326800,0
2020-06-11,sz.002372,12.2100,12.3600,12.1100,12.2200,12.2000,7143010,87207809.3200,3,0.504900,1,0.163900,0
2020-06-12,sz.002372,12.1000,12.1300,11.9000,12.0200,12.2200,5879474,70797041.8600,3,0.415600,1,-1.636700,0
2020-06-15,sz.002372,11.9500,12.0000,11.8100,11.8100,12.0200,5938802,70510505.1200,3,0.419800,1,-1.747100,0
2020-06-16,sz.002372,11.8700,11.9900,11.8100,11.9300,11.8100,5632237,66893397.5600,3,0.398100,1,1.016100,0
2020-06-17,sz.002372,11.9000,11.9800,11.7400,11.8200,11.9300,4847573,57238986.8600,3,0.342700,1,-0.922100,0
2020-06-18,sz.002372,11.8100,12.1200,11.7500,11.9800,11.8200,5977071,71636334.3200,3,0.422500,1,1.353600,0
2020-06-19,sz.002372,11.9800,12.0900,11.9400,12.0700,11.9800,4834492,58094703.3300,3,0.341700,1,0.751300,0
2020-06-22,sz.002372,12.0800,12.1200,11.9600,11.9600,12.0700,4546473,54592711.7600,3,0.321400,1,-0.911300,0
2020-06-23,sz.002372,11.9600,12.0400,11.8200,11.8600,11.9600,4939641,58654990.4000,3,0.349200,1,-0.836100,0
2020-06-24,sz.002372,11.8700,11.9700,11.7600,11.8100,11.8600,4935844,58306355.4100,3,0.348900,1,-0.421600,0
2020-06-29,sz.002372,11.8100,11.8900,11.4900,11.6200,11.8100,7611618,88877502.9400,3,0.538000,1,-1.608800,0
2020-06-30,sz.002372,11.7300,11.7600,11.5500,11.6300,11.6200,6221690,72321373.3500,3,0.439800,1,0.086100,0
2020-07-01,sz.002372,11.6500,11.8700,11.5000,11.7900,11.6300,9057793,105852291.7100,3,0.640300,1,1.375800,0
2020-07-02,sz.002372,11.8500,12.4100,11.8300,12.2700,11.7900,15503171,189099159.1300,3,1.095900,1,4.071300,0
2020-07-03,sz.002372,12.2900,12.4900,12.1900,12.4100,12.2700,13766825,170283632.7200,3,0.973100,1,1.141000,0
2020-07-06,sz.002372,12.6000,13.1800,12.5900,13.1100,12.4100,18217695,235082546.5400,3,1.287800,1,5.640600,0
2020-07-07,sz.002372,13.3000,13.4600,12.8900,12.9500,13.1100,17086120,224416415.4500,3,1.207800,1,-1.220400,0
2020-07-08,sz.002372,12.9500,13.0900,12.6900,13.0300,12.9500,15188874,196020224.4200,3,1.073700,1,0.617800,0
2020-07-09,sz.002372,13.0900,13.3900,12.9100,13.3800,13.0300,20332731,267260728.0000,3,1.437300,1,2.686100,0
2020-07-10,sz.002372,13.4300,14.4200,13.4300,13.8600,13.3800,25709128,357610090.6500,3,1.817300,1,3.587400,0
2020-07-13,sz.002372,14.5000,14.9500,14.1900,14.2700,13.8600,28217364,406630507.9100,3,1.994600,1,2.958200,0
2020-07-14,sz.002372,14.2800,14.3500,13.6600,13.9300,14.2700,19760301,274513430.9300,3,1.396800,1,-2.382600,0
2020-07-15,sz.002372,13.8700,14.0900,13.3800,13.4700,13.9300,14620299,198867832.8300,3,1.033500,1,-3.302200,0
2020-07-16,sz.002372,13.4600,13.7000,12.9600,13.0300,13.4700,13521998,180836967.8500,3,0.955800,1,-3.266500,0
2020-07-17,sz.002372,13.0400,13.4200,13.0100,13.2000,13.0300,9555821,126203680.2600,3,0.675500,1,1.304700,0
2020-07-20,sz.002372,13.4600,14.3200,13.2500,14.2600,13.2000,23735638,328379284.3900,3,1.677800,1,8.030300,0
2020-07-21,sz.002372,14.2900,14.3700,13.8900,14.2000,14.2600,15485488,218366627.5100,3,1.094600,1,-0.420800,0
2020-07-22,sz.002372,14.2000,14.6400,14.0500,14.2200,14.2000,17111316,246005941.7000,3,1.209500,1,0.140800,0
2020-07-23,sz.002372,14.1100,14.2400,13.7500,14.0100,14.2200,10068021,140908788.7700,3,0.711700,1,-1.476800,0
2020-07-24,sz.002372,13.8100,13.9700,13.1600,13.6100,14.0100,15064418,204077474.6100,3,1.064900,1,-2.855100,0
2020-07-27,sz.002372,13.4500,13.6000,13.2000,13.3300,13.6100,9107252,121363375.2600,3,0.643800,1,-2.057300,0
2020-07-28,sz.002372,13.3400,13.5000,13.1900,13.3400,13.3300,6096576,81391296.6300,3,0.430900,1,0.075000,0
2020-07-29,sz.002372,13.3100,13.7000,13.0000,13.6800,13.3400,8795202,118419286.4600,3,0.621700,1,2.548700,0
2020-07-30,sz.002372,13.6700,13.9400,13.4600,13.5200,13.6800,6822488,93131329.5800,3,0.482300,1,-1.169600,0
2020-07-31,sz.002372,13.6000,13.8600,13.5100,13.6500,13.5200,7308493,100031784.4600,3,0.516600,1,0.961500,0
2020-08-03,sz.002372,13.8400,13.9600,13.6700,13.8500,13.6500,9524867,131227695.2000,3,0.673300,1,1.465200,0
2020-08-04,sz.002372,13.9000,14.3800,13.8200,14.1900,13.8500,13991185,197625953.9900,3,0.989000,1,2.454900,0
2020-08-05,sz.002372,14.1500,14.1500,13.7900,14.0800,14.1900,7412503,103396972.4000,3,0.524000,1,-0.775200,0
2020-08-06,sz.002372,13.9200,14.0800,13.7600,13.8800,14.0800,7179794,99511264.6000,3,0.507500,1,-1.420500,0
2020-08-07,sz.002372,13.8500,13.9700,13.5100,13.9300,13.8800,7186778,98905680.8300,3,0.508000,1,0.360200,0
2020-08-10,sz.002372,13.9300,15.2500,13.9300,15.0500,13.9300,26511714,388387137.1400,3,1.874000,1,8.040200,0
2020-08-11,sz.002372,15.0500,15.2400,14.6800,14.7300,15.0500,18855826,282243989.8300,3,1.326900,1,-2.126200,0
2020-08-12,sz.002372,14.7300,15.0100,14.1500,14.8800,14.7300,19748452,291190133.4800,3,1.389700,1,1.018300,0
2020-08-13,sz.002372,15.3100,15.3100,14.4700,14.5000,14.8800,12619044,185898958.9200,3,0.888000,1,-2.553800,0
2020-08-14,sz.002372,14.5900,14.9000,14.3200,14.7100,14.5000,8724785,127843477.5200,3,0.614000,1,1.448300,0
2020-08-17,sz.002372,14.8800,15.0000,14.6400,14.9600,14.7100,10417280,154724978.8100,3,0.733100,1,1.699500,0
2020-08-18,sz.002372,14.8800,15.0500,14.7000,14.9900,14.9600,8467251,126064066.0100,3,0.595800,1,0.200500,0
2020-08-19,sz.002372,15.0600,15.4600,14.9600,15.0200,14.9900,14392486,218923411.5500,3,1.012800,1,0.200100,0
2020-08-20,sz.002372,14.8500,15.0000,14.6100,14.7000,15.0200,7663152,113056100.9500,3,0.539200,1,-2.130500,0
2020-08-21,sz.002372,14.7900,14.8700,14.3400,14.4700,14.7000,9751038,141841590.2500,3,0.686200,1,-1.564600,0
2020-08-24,sz.002372,14.5800,14.7800,14.3500,14.4900,14.4700,7884996,114416512.1700,3,0.554900,1,0.138200,0
2020-08-25,sz.002372,14.4900,14.5600,14.1600,14.1800,14.4900,10010863,143248553.2200,3,0.704500,1,-2.139400,0
2020-08-26,sz.002372,14.3600,14.3600,14.0000,14.0500,14.1800,6047048,85389838.5200,3,0.425500,1,-0.916800,0
2020-08-27,sz.002372,14.1300,14.3400,14.0800,14.2000,14.0500,5416307,76766441.7500,3,0.381100,1,1.067600,0
2020-08-28,sz.002372,14.2000,14.3400,14.0000,14.3400,14.2000,7382367,104479231.5800,3,0.519500,1,0.985900,0
2020-08-31,sz.002372,14.4600,14.7400,14.3000,14.3000,14.3400,8448268,122561866.1700,3,0.594500,1,-0.278900,0
2020-09-01,sz.002372,14.4700,14.5000,14.0800,14.3800,14.3000,4402286,62860901.3300,3,0.309800,1,0.559400,0
2020-09-02,sz.002372,14.3700,14.3700,14.0500,14.1800,14.3800,5763098,81757373.8900,3,0.405500,1,-1.390800,0
2020-09-03,sz.002372,14.1800,14.2600,14.0400,14.0900,14.1800,4809411,67917361.7000,3,0.338400,1,-0.634700,0
2020-09-04,sz.002372,13.9400,13.9500,13.6400,13.7800,14.0900,7024438,96470654.6700,3,0.494300,1,-2.200100,0
2020-09-07,sz.002372,13.7800,14.2300,13.7000,13.8200,13.7800,6818155,95118280.8100,3,0.479800,1,0.290300,0
2020-09-08,sz.002372,13.8100,14.0100,13.6500,13.9800,13.8200,4119438,57080093.0600,3,0.289900,1,1.157700,0
2020-09-09,sz.002372,13.9000,14.1500,13.7300,13.9100,13.9800,6270067,87329063.9200,3,0.441200,1,-0.500700,0
2020-09-10,sz.002372,14.0000,14.3200,13.8000,14.1700,13.9100,8835402,125139023.9300,3,0.621700,1,1.869200,0
2020-09-11,sz.002372,14.1000,14.3000,13.8800,14.2400,14.1700,5541362,78140843.5300,3,0.389900,1,0.494000,0
2020-09-14,sz.002372,14.2300,14.5600,13.9800,14.5000,14.2400,12219662,174263530.6200,3,0.859900,1,1.825800,0
2020-09-15,sz.002372,14.5000,14.8300,14.2000,14.5800,14.5000,13565923,197811103.1900,3,0.954600,1,0.551700,0
2020-09-16,sz.002372,14.2100,14.3500,14.0000,14.0300,14.5800,10575172,149448670.9900,3,0.744200,1,-3.772300,0
2020-09-17,sz.002372,14.0400,14.1000,13.8600,13.9500,14.0300,8319603,116161221.9400,3,0.585400,1,-0.570200,0
2020-09-18,sz.002372,13.9200,14.0300,13.7000,13.9600,13.9500,5709197,79260392.8100,3,0.401700,1,0.071700,0
2020-09-21,sz.002372,14.0000,14.2200,13.8300,14.1200,13.9600,8647608,121027528.9900,3,0.608500,1,1.146100,0
2020-09-22,sz.002372,14.0500,14.1300,13.8900,13.9000,14.1200,3850438,53898266.0000,3,0.271000,1,-1.558100,0
2020-09-23,sz.002372,14.5000,15.1800,14.3700,14.8200,13.9000,25168130,372073303.7700,3,1.771000,1,6.618700,0
2020-09-24,sz.002372,14.8200,15.4600,14.8200,15.2800,14.8200,24994618,380116232.5300,3,1.758800,1,3.103900,0
2020-09-25,sz.002372,15.2900,15.4500,14.9000,15.0800,15.2800,12782182,193738546.1200,3,0.899500,1,-1.308900,0
2020-09-28,sz.002372,15.1700,15.3300,14.9100,15.0700,15.0800,9937617,150184298.2700,3,0.699300,1,-0.066300,0
2020-09-29,sz.002372,14.9900,16.2300,14.9900,15.9700,15.0700,20212940,321274440.5200,3,1.422400,1,5.972100,0
2020-09-30,sz.002372,15.8900,16.1800,15.8000,15.9900,15.9700,10336126,165211674.2200,3,0.727300,1,0.125200,0
2020-10-09,sz.002372,15.9900,16.6500,15.9200,16.4700,15.9900,11931214,194509061.5500,3,0.839600,1,3.001900,0
2020-10-12,sz.002372,16.5600,16.6800,16.2100,16.4000,16.4700,11376918,186564480.7500,3,0.800600,1,-0.425000,0
2020-10-13,sz.002372,16.4500,16.8200,16.0000,16.4000,16.4000,8017249,131577609.2000,3,0.564200,1,0.000000,0
2020-10-14,sz.002372,16.3000,16.9500,16.2200,16.7500,16.4000,8852365,147650752.5300,3,0.622900,1,2.134100,0
2020-10-15,sz.002372,16.8000,16.9500,16.6500,16.8000,16.7500,6278419,105443779.6800,3,0.441800,1,0.298500,0
2020-10-16,sz.002372,16.8000,17.0400,16.5100,16.6000,16.8000,8015115,133744459.9800,3,0.564000,1,-1.190500,0
2020-10-19,sz.002372,16.8400,16.8600,16.3000,16.4600,16.6000,6960879,115213737.3900,3,0.489800,1,-0.843400,0
2020-10-20,sz.002372,16.4200,16.5500,16.2500,16.5100,16.4600,7936179,130316242.3100,3,0.558500,1,0.303800,0
2020-10-21,sz.002372,16.6000,16.8200,16.3700,16.5100,16.5100,8977198,148515064.5400,3,0.631700,1,0.000000,0
2020-10-22,sz.002372,16.5200,16.7000,16.2900,16.4100,16.5100,7121865,117430931.0100,3,0.501200,1,-0.605700,0
2020-10-23,sz.002372,16.6000,16.6000,16.1000,16.1900,16.4100,5031406,82147237.4100,3,0.354100,1,-1.340600,0
2020-10-26,sz.002372,16.1200,16.2500,15.8400,16.0300,16.1900,5702565,91156838.3900,3,0.401300,1,-0.988300,0
2020-10-27,sz.002372,16.1600,16.4800,16.0300,16.2700,16.0300,4183564,67989000.0100,3,0.294400,1,1.497200,0
2020-10-28,sz.002372,16.2000,16.5800,16.1100,16.5100,16.2700,4887655,80217396.3400,3,0.343900,1,1.475100,0
2020-10-29,sz.002372,17.3600,18.1600,17.2000,18.1600,16.5100,14676410,262464675.9200,3,1.032800,1,9.993900,0
2020-10-30,sz.002372,18.6600,19.0900,18.0700,18.7000,18.1600,26777950,499041804.8100,3,1.884300,1,2.973600,0
2020-11-02,sz.002372,18.6000,19.2200,18.5300,19.0100,18.7000,17876236,338438376.8000,3,1.257900,1,1.657800,0
2020-11-03,sz.002372,19.0200,19.4000,18.7500,19.2200,19.0100,19301785,368972558.2700,3,1.358200,1,1.104700,0
2020-11-04,sz.002372,19.0700,19.7300,18.9000,19.2300,19.2200,17327208,333783979.9800,3,1.219300,1,0.052000,0
2020-11-05,sz.002372,19.4800,19.4900,19.0000,19.1200,19.2300,13762798,264570104.5700,3,0.968500,1,-0.572000,0
2020-11-06,sz.002372,19.1300,19.5900,19.0100,19.4800,19.1200,12726929,246998404.7400,3,0.895600,1,1.882800,0
2020-11-09,sz.002372,19.5000,19.7200,18.9200,19.0600,19.4800,15889986,305186293.3000,3,1.118200,1,-2.156100,0
2020-11-10,sz.002372,18.9900,19.5700,18.7100,19.3900,19.0600,11761114,226567381.7200,3,0.827600,1,1.731400,0
2020-11-11,sz.002372,19.2800,20.2700,19.1500,19.9900,19.3900,15228872,303569349.4100,3,1.071600,1,3.094400,0
2020-11-12,sz.002372,19.9900,20.1000,19.0800,19.9900,19.9900,12243779,240801293.6400,3,0.861600,1,0.000000,0
2020-11-13,sz.002372,19.3000,19.8000,19.0300,19.5000,19.9900,19012788,368633758.7700,3,1.337900,1,-2.451200,0
2020-11-16,sz.002372,19.5800,20.0800,19.3200,19.7400,19.5000,10855300,214214229.9700,3,0.763900,1,1.230800,0
2020-11-17,sz.002372,19.8000,20.2000,19.6800,19.9700,19.7400,7622237,151705989.5700,3,0.536400,1,1.165100,0
2020-11-18,sz.002372,20.1100,20.5000,19.8600,20.2600,19.9700,11215680,226466102.9200,3,0.789200,1,1.452200,0
2020-11-19,sz.002372,20.2600,20.4400,19.5000,20.4200,20.2600,9918888,200105492.4400,3,0.698000,1,0.789700,0
2020-11-20,sz.002372,20.3300,20.7600,20.2000,20.6200,20.4200,7573348,155407441.0900,3,0.532900,1,0.979400,0
2020-11-23,sz.002372,20.6600,20.8700,20.3600,20.5100,20.6200,6551809,134845249.2800,3,0.461000,1,-0.533500,0
2020-11-24,sz.002372,20.4300,20.6800,20.2800,20.6000,20.5100,6100684,124885788.3300,3,0.429300,1,0.438800,0
2020-11-25,sz.002372,20.6600,20.7900,19.9400,20.0100,20.6000,6546153,132435039.4100,3,0.460600,1,-2.864100,0
2020-11-26,sz.002372,20.0900,20.2500,19.5000,19.7900,20.0100,6717666,132871754.5800,3,0.472700,1,-1.099500,0
2020-11-27,sz.002372,19.9900,20.0700,19.4600,19.7300,19.7900,5466061,107654069.9200,3,0.384600,1,-0.303200,0
2020-11-30,sz.002372,20.1600,20.1600,18.7500,18.8800,19.7300,16303674,312785699.6300,3,1.147300,1,-4.308200,0
2020-12-01,sz.002372,19.4000,19.4000,18.4900,19.3200,18.8800,12974352,248514776.0600,3,0.913000,1,2.330500,0
2020-12-02,sz.002372,19.1900,19.5700,18.8800,19.3900,19.3200,10559724,202626142.8900,3,0.743100,1,0.362300,0
2020-12-03,sz.002372,19.5700,19.6000,19.1600,19.3400,19.3900,5731936,110793712.1100,3,0.403300,1,-0.257900,0
2020-12-04,sz.002372,19.3400,20.2500,19.2100,20.0000,19.3400,9099349,180367547.8200,3,0.640300,1,3.412600,0
2020-12-07,sz.002372,20.0000,20.4900,19.4600,19.5800,20.0000,8718974,172570085.4200,3,0.613500,1,-2.100000,0
2020-12-08,sz.002372,19.6500,19.6500,18.9000,18.9900,19.5800,13236201,252933000.3500,3,0.931400,1,-3.013300,0
2020-12-09,sz.002372,19.2900,19.3000,18.4000,18.4200,18.9900,8199305,153202594.2100,3,0.577000,1,-3.001600,0
2020-12-10,sz.002372,18.7600,18.7600,18.2900,18.5500,18.4200,4605221,85255739.0700,3,0.324100,1,0.705800,0
2020-12-11,sz.002372,18.6400,18.8900,18.1000,18.5600,18.5500,7407808,136452436.6500,3,0.521300,1,0.053900,0
2020-12-14,sz.002372,18.3500,18.8200,18.0000,18.6800,18.5600,7348210,136271621.6500,3,0.517100,1,0.646600,0
2020-12-15,sz.002372,18.6800,19.1200,18.5900,19.0200,18.6800,6802061,128616759.9400,3,0.478700,1,1.820100,0
2020-12-16,sz.002372,19.1700,19.4500,19.0200,19.1100,19.0200,6541992,125766998.2900,3,0.460400,1,0.473200,0
2020-12-17,sz.002372,19.2800,19.3000,18.7600,18.9200,19.1100,6586820,124964407.1500,3,0.463500,1,-0.994200,0
2020-12-18,sz.002372,19.1500,19.1500,18.6800,19.0600,18.9200,5673642,107043963.4700,3,0.399200,1,0.740000,0
2020-12-21,sz.002372,18.8500,19.0000,18.5500,18.6400,19.0600,7439061,138951610.1300,3,0.523500,1,-2.203600,0
2020-12-22,sz.002372,18.6500,18.7800,18.2700,18.2900,18.6400,6008684,111200504.2200,3,0.422800,1,-1.877700,0
2020-12-23,sz.002372,18.3200,18.4400,18.1000,18.1200,18.2900,5776563,105251290.8200,3,0.406500,1,-0.929500,0
2020-12-24,sz.002372,18.1700,18.4600,17.6400,18.0200,18.1200,6729841,121823190.6300,3,0.473600,1,-0.551900,0
2020-12-25,sz.002372,18.2300,18.5500,18.0300,18.3300,18.0200,6479137,118826747.6300,3,0.455900,1,1.720300,0
2020-12-28,sz.002372,18.4400,18.6000,17.9200,18.2200,18.3300,7196262,130999845.9100,3,0.506400,1,-0.600100,0
2020-12-29,sz.002372,18.2300,18.3500,17.8100,17.9500,18.2200,5073896,91364948.0200,3,0.357000,1,-1.481900,0
2020-12-30,sz.002372,18.0000,18.0400,17.6000,17.7400,17.9500,6886582,122250229.2000,3,0.484600,1,-1.169900,0
2020-12-31,sz.002372,17.7400,18.7000,17.6600,18.7000,17.7400,10289742,188512263.9100,3,0.724100,1,5.411500,0
2021-01-04,sz.002372,18.7000,18.8800,18.2600,18.5100,18.7000,9971857,184952075.8600,3,0.701700,1,-1.016000,0
2021-01-05,sz.002372,18.4900,18.6000,18.1200,18.3600,18.5100,7505866,137406577.8800,3,0.528200,1,-0.810400,0
2021-01-06,sz.002372,18.3700,19.0500,18.2700,18.7500,18.3600,10713868,199676566.4900,3,0.753900,1,2.124200,0
2021-01-07,sz.002372,18.9000,18.9800,18.3400,18.5500,18.7500,10427613,194174222.9600,3,0.733800,1,-1.066700,0
2021-01-08,sz.002372,18.6200,19.5400,18.6100,19.1600,18.5500,13887753,265917630.4200,3,0.977300,1,3.288400,0
2021-01-11,sz.002372,19.3100,19.6600,18.8500,19.3500,19.1600,14713299,284042150.3100,3,1.035400,1,0.991600,0
2021-01-12,sz.002372,19.2200,20.1000,18.8600,19.1500,19.3500,18624848,361792819.8300,3,1.310600,1,-1.033600,0
2021-01-13,sz.002372,19.1500,19.1700,18.0800,18.3900,19.1500,16908820,315587635.5900,3,1.189900,1,-3.968700,0
2021-01-14,sz.002372,18.3900,18.7000,17.9600,18.5300,18.3900,7479429,138038818.9100,3,0.526300,1,0.761300,0
2021-01-15,sz.002372,18.5300,19.4300,18.1000,18.9200,18.5300,10908571,205578270.9200,3,0.767600,1,2.104700,0
2021-01-18,sz.002372,18.9600,19.1500,18.2500,18.5000,18.9200,8868111,164334108.7700,3,0.624000,1,-2.219900,0
2021-01-19,sz.002372,18.4900,19.5800,18.3000,18.8400,18.5000,11258291,213861542.1500,3,0.792200,1,1.837800,0
2021-01-20,sz.002372,18.6000,18.6600,17.8600,18.0100,18.8400,14450863,262161223.6700,3,1.016900,1,-4.405500,0
2021-01-21,sz.002372,18.0200,18.1900,17.7800,17.9100,18.0100,11015649,197174073.0300,3,0.775200,1,-0.555200,0
2021-01-22,sz.002372,17.9200,18.1000,17.6000,17.6900,17.9100,10006684,178131849.5600,3,0.704200,1,-1.228400,0
2021-01-25,sz.002372,17.6900,18.7200,17.2600,18.2700,17.6900,14125316,255420577.6700,3,0.994000,1,3.278700,0
2021-01-26,sz.002372,18.2700,20.1000,18.1500,20.1000,18.2700,25404847,502769171.1100,3,1.787700,1,10.016400,0
2021-01-27,sz.002372,20.1600,22.1100,20.1600,22.1100,20.1000,35654688,761881289.3400,3,2.509000,1,10.000000,0
2021-01-28,sz.002372,22.6700,22.7200,20.9200,21.2400,22.1100,28031462,598840142.1700,3,1.972500,1,-3.934900,0
2021-01-29,sz.002372,21.2600,21.6500,20.9400,21.2400,21.2400,15868086,338542887.9900,3,1.116600,1,0.000000,0
2021-02-01,sz.002372,21.5200,22.3000,21.4700,21.9200,21.2400,21783586,475917690.3600,3,1.532900,1,3.201500,0
2021-02-02,sz.002372,22.1000,22.4100,21.7600,22.2200,21.9200,15686198,346937279.0400,3,1.103800,1,1.368600,0
2021-02-03,sz.002372,22.2200,22.5500,21.6100,21.7000,22.2200,15209429,333300025.5300,3,1.070300,1,-2.340200,0
2021-02-04,sz.002372,21.7400,22.1300,21.4400,21.8500,21.7000,12673400,277037385.7500,3,0.891800,1,0.691200,0
2021-02-05,sz.002372,21.8900,22.3500,21.3000,21.3100,21.8500,16106775,350349250.9800,3,1.133400,1,-2.471400,0
2021-02-08,sz.002372,21.2400,22.0900,21.0400,21.9400,21.3100,12483912,270682550.9200,3,0.878500,1,2.956400,0
2021-02-09,sz.002372,21.9000,21.9400,21.1400,21.4400,21.9400,17551625,376575869.7500,3,1.235100,1,-2.278900,0
2021-02-10,sz.002372,21.4400,21.4900,20.8200,21.2300,21.4400,12460168,263827381.9100,3,0.876800,1,-0.979500,0
2021-02-18,sz.002372,21.6500,21.7900,20.4500,20.6600,21.2300,14984158,313318443.2900,3,1.054400,1,-2.684900,0
2021-02-19,sz.002372,20.6900,20.9300,20.1000,20.5100,20.6600,11207754,229757844.7000,3,0.788700,1,-0.726000,0
2021-02-22,sz.002372,20.6200,21.3400,20.3600,20.4800,20.5100,17817200,369703147.2800,3,1.253800,1,-0.146300,0
2021-02-23,sz.002372,20.5400,20.6500,19.6100,19.7000,20.4800,17924035,358094403.4200,3,1.261300,1,-3.808600,0
2021-02-24,sz.002372,19.7700,19.8600,18.8600,19.0400,19.7000,15088501,290667234.5400,3,1.061800,1,-3.350300,0
2021-02-25,sz.002372,19.2200,19.5800,18.8600,19.0900,19.0400,10172192,195132517.8000,3,0.715800,1,0.262600,0
2021-02-26,sz.002372,18.6900,19.0600,18.5200,18.5700,19.0900,9815948,183515017.0900,3,0.690700,1,-2.723900,0
2021-03-01,sz.002372,18.7100,19.6100,18.7100,19.4900,18.5700,14375768,277315977.0000,3,1.011600,1,4.954200,0
2021-03-02,sz.002372,21.3900,21.4400,21.0100,21.4400,19.4900,14314729,306009996.5600,3,1.007300,1,10.005100,0
2021-03-03,sz.002372,21.8000,23.5700,21.1000,23.5700,21.4400,41096244,909636344.0400,3,2.891900,1,9.934700,0
2021-03-04,sz.002372,22.9000,22.9500,22.1300,22.3900,23.5700,21919412,493053063.1100,3,1.542400,1,-5.006400,0
2021-03-05,sz.002372,21.9600,23.2600,21.6800,22.7500,22.3900,19439294,437720973.4400,3,1.367900,1,1.607900,0
2021-03-08,sz.002372,22.7400,22.9800,22.4000,22.6300,22.7500,14338938,325259250.2700,3,1.009000,1,-0.527500,0
2021-03-09,sz.002372,22.5800,22.8000,21.6600,22.0200,22.6300,16221022,359200024.2300,3,1.141500,1,-2.695500,0
2021-03-10,sz.002372,22.3600,22.8800,22.0000,22.0700,22.0200,10489125,233912722.3800,3,0.738100,1,0.227100,0
2021-03-11,sz.002372,22.2100,22.7700,22.0000,22.3500,22.0700,7742298,173429214.4000,3,0.544800,1,1.268700,0
2021-03-12,sz.002372,22.3300,22.8600,22.2000,22.7000,22.3500,11789708,266521784.4700,3,0.829600,1,1.566000,0
2021-03-15,sz.002372,22.7100,22.7800,21.8000,22.4000,22.7000,12170583,270463518.8000,3,0.856400,1,-1.321600,0
2021-03-16,sz.002372,22.3200,22.4600,21.8600,22.3800,22.4000,9500831,210773679.7400,3,0.668600,1,-0.089300,0
2021-03-17,sz.002372,22.3900,22.7500,21.9200,22.2300,22.3800,9954939,221830413.7700,3,0.700500,1,-0.670200,0
2021-03-18,sz.002372,22.2300,23.5000,22.2300,22.9600,22.2300,11783951,269591543.9800,3,0.829200,1,3.283900,0
2021-03-19,sz.002372,22.5300,23.4600,22.4100,23.1700,22.9600,13232038,306222600.3900,3,0.931100,1,0.914600,0
2021-03-22,sz.002372,23.5900,25.1100,23.5800,24.1000,23.1700,17240574,418359220.9400,3,1.213200,1,4.013800,0
2021-03-23,sz.002372,24.1900,24.8500,23.9200,24.5500,24.1000,17839482,436769466.4500,3,1.255300,1,1.867200,0
2021-03-24,sz.002372,24.2100,24.4000,23.0000,23.6500,24.5500,14233327,335371442.1600,3,1.001600,1,-3.666000,0
2021-03-25,sz.002372,23.7300,24.1600,23.2300,24.0000,23.6500,8693300,207442049.9000,3,0.611700,1,1.479900,0
2021-03-26,sz.002372,24.1000,24.4600,23.6900,24.2900,24.0000,8257937,198797160.3700,3,0.581100,1,1.208300,0
2021-03-29,sz.002372,24.3600,25.1000,24.1100,24.9300,24.2900,11171321,275696026.0900,3,0.786100,1,2.634800,0
2021-03-30,sz.002372,24.8300,25.9800,24.7100,25.3700,24.9300,11926262,304019738.6900,3,0.839200,1,1.764900,0
2021-03-31,sz.002372,25.5800,25.5800,24.6700,25.2600,25.3700,7388302,185558679.4500,3,0.519900,1,-0.433600,0
2021-04-01,sz.002372,24.9900,25.2400,24.5200,25.0300,25.2600,6413431,160065565.6700,3,0.451300,1,-0.910500,0
2021-04-02,sz.002372,25.5500,25.6600,24.6600,24.9000,25.0300,7061570,176953448.2000,3,0.496900,1,-0.519400,0
2021-04-06,sz.002372,25.2300,25.7500,24.8300,25.1700,24.9000,6889811,174154074.2000,3,0.484800,1,1.084300,0
2021-04-07,sz.002372,25.4000,25.6000,24.7900,25.5300,25.1700,6820338,172227018.7600,3,0.479900,1,1.430300,0
2021-04-08,sz.002372,25.5300,26.1100,25.1600,25.9000,25.5300,6588127,169635538.1300,3,0.463600,1,1.449300,0
2021-04-09,sz.002372,25.9200,26.4400,25.6500,26.0400,25.9000,8757337,228494323.6700,3,0.616200,1,0.540500,0
2021-04-12,sz.002372,26.2900,26.8100,25.2700,25.6000,26.0400,12106494,313341235.9600,3,0.851900,1,-1.689700,0
2021-04-13,sz.002372,25.3700,26.1000,25.0000,25.0700,25.6000,9316815,235990676.2700,3,0.655600,1,-2.070300,0
2021-04-14,sz.002372,24.9900,25.5000,24.8000,25.3900,25.0700,6402908,160978822.9000,3,0.450600,1,1.276400,0
2021-04-15,sz.002372,25.4400,25.4900,22.8500,22.8500,25.3900,18727820,436193161.8700,3,1.317900,1,-10.003900,0
2021-04-16,sz.002372,22.8000,23.4800,22.5100,23.4400,22.8500,11840203,274220020.6300,3,0.833200,1,2.582100,0
2021-04-19,sz.002372,23.9700,23.9700,22.2500,22.5000,23.4400,25249789,569692541.6800,3,1.776800,1,-4.010200,0
2021-04-20,sz.002372,22.6100,22.6100,21.8800,22.3000,22.5000,12454472,276682577.0400,3,0.876400,1,-0.888900,0
2021-04-21,sz.002372,22.3500,23.1200,22.1900,22.8900,22.3000,11304717,257253552.3600,3,0.795500,1,2.645700,0
2021-04-22,sz.002372,23.1100,25.1800,23.0600,25.1800,22.8900,15394733,376795489.0200,3,1.083300,1,10.004400,0
2021-04-23,sz.002372,25.2000,25.2200,24.1100,24.8300,25.1800,14414922,354965419.6300,3,1.014400,1,-1.390000,0
2021-04-26,sz.002372,24.8900,25.0000,24.3400,24.4500,24.8300,8444552,207921360.7200,3,0.594200,1,-1.530400,0
2021-04-27,sz.002372,24.2900,25.2700,24.2900,25.1800,24.4500,10245886,256324280.2400,3,0.721000,1,2.985700,0
2021-04-28,sz.002372,24.9500,25.3800,24.7100,24.9400,25.1800,7144987,178475040.6600,3,0.502800,1,-0.953100,0
2021-04-29,sz.002372,24.6500,24.6800,22.9600,23.9600,24.9400,20363242,479427044.0400,3,1.432900,1,-3.929400,0
2021-04-30,sz.002372,24.1900,24.2500,23.3000,23.5200,23.9600,9977203,235268329.1500,3,0.702100,1,-1.836400,0
2021-05-06,sz.002372,23.3600,23.4800,22.8700,23.0500,23.5200,15291377,353281547.1000,3,1.076000,1,-1.998300,0
2021-05-07,sz.002372,23.4700,23.6800,22.7700,22.8000,23.0500,11556597,266969634.7100,3,0.813200,1,-1.084600,0
2021-05-10,sz.002372,22.8000,23.0500,22.3400,22.8500,22.8000,6916206,157574977.4600,3,0.486700,1,0.219300,0
2021-05-11,sz.002372,22.8500,22.9400,22.3600,22.7300,22.8500,6644359,150346286.4900,3,0.467600,1,-0.525200,0
2021-05-12,sz.002372,22.7700,22.8700,22.2000,22.3900,22.7300,6360402,142054007.0900,3,0.447600,1,-1.495800,0
2021-05-13,sz.002372,22.3100,22.3600,21.8800,22.1700,22.3900,6638397,146635252.1200,3,0.467100,1,-0.982600,0
2021-05-14,sz.002372,22.4000,23.0000,22.0000,22.8100,22.1700,7595511,171469471.2800,3,0.534500,1,2.886800,0
2021-05-17,sz.002372,22.8500,23.2900,22.6000,22.8000,22.8100,6728360,153567151.0700,3,0.473500,1,-0.043800,0
2021-05-18,sz.002372,22.8000,22.8400,22.1500,22.6700,22.8000,6181272,139009027.8700,3,0.435000,1,-0.570200,0
2021-05-19,sz.002372,22.5900,22.6500,22.2000,22.5800,22.6700,4795491,107741221.8400,3,0.337500,1,-0.397000,0
2021-05-20,sz.002372,22.8300,23.1500,22.6000,22.9000,22.5800,7569435,172804119.6400,3,0.532700,1,1.417200,0
2021-05-21,sz.002372,23.1000,23.1800,22.4000,22.6000,22.9000,6634129,149857424.2200,3,0.466800,1,-1.310000,0
2021-05-24,sz.002372,22.6400,23.0600,22.5200,22.7100,22.6000,7494105,170639623.4000,3,0.527400,1,0.486700,0
2021-05-25,sz.002372,22.7100,23.0700,22.5500,23.0100,22.7100,7336787,168201139.0400,3,0.516300,1,1.321000,0
2021-05-26,sz.002372,23.2500,23.2600,22.7000,22.8900,23.0100,7971226,182165426.6600,3,0.560900,1,-0.521500,0
2021-05-27,sz.002372,23.0100,23.5500,22.9500,23.4300,22.8900,8651415,201122930.6400,3,0.608800,1,2.359100,0
2021-05-28,sz.002372,23.4300,24.1100,23.3100,23.5400,23.4300,11314769,268586368.7000,3,0.796200,1,0.469500,0
2021-05-31,sz.002372,23.5700,23.6900,23.0000,23.4300,23.5400,7701665,178729438.6300,3,0.542000,1,-0.467300,0
2021-06-01,sz.002372,23.6300,23.9100,23.0900,23.5700,23.4300,9679579,226004557.8500,3,0.681100,1,0.597500,0
2021-06-02,sz.002372,23.5600,23.6600,23.0400,23.5000,23.5700,9840083,229819180.1900,3,0.692400,1,-0.297000,0
2021-06-03,sz.002372,23.6000,23.6400,23.0900,23.3700,23.5000,8215914,191638209.2400,3,0.578100,1,-0.553200,0
2021-06-04,sz.002372,23.1000,23.5900,22.6000,23.5500,22.8700,8245849,191350187.5400,3,0.580200,1,2.973300,0
2021-06-07,sz.002372,23.4900,23.9900,23.2100,23.9000,23.5500,7065590,167661009.4700,3,0.497200,1,1.486200,0
2021-06-08,sz.002372,23.8500,24.2300,23.6700,23.7800,23.9000,4972490,118961680.3000,3,0.349900,1,-0.502100,0
2021-06-09,sz.002372,24.0100,24.0300,23.1100,23.3500,23.7800,5083475,118958193.7900,3,0.357700,1,-1.808200,0
2021-06-10,sz.002372,23.3200,23.5100,22.8200,23.4200,23.3500,5873016,136825415.1400,3,0.413300,1,0.299800,0
2021-06-11,sz.002372,23.5500,23.5500,22.1300,22.6200,23.4200,9806858,222981697.1800,3,0.690100,1,-3.415900,0
2021-06-15,sz.002372,22.5700,22.5900,21.9600,22.3600,22.6200,4931696,109693770.6800,3,0.347000,1,-1.149400,0
2021-06-16,sz.002372,22.3500,22.5900,22.1300,22.3600,22.3600,3353278,75156664.9400,3,0.236000,1,0.000000,0
2021-06-17,sz.002372,22.2300,22.4800,22.1100,22.2300,22.3600,2938688,65508897.9700,3,0.206800,1,-0.581400,0
2021-06-18,sz.002372,22.1900,22.5300,21.8000,22.4400,22.2300,3380879,75083853.8500,3,0.237900,1,0.944700,0
2021-06-21,sz.002372,22.2800,22.2800,21.6600,21.8600,22.4400,4607589,100975914.9900,3,0.324200,1,-2.584700,0
2021-06-22,sz.002372,21.8600,21.9100,21.5000,21.6900,21.8600,4195425,90840654.3300,3,0.295200,1,-0.777700,0
2021-06-23,sz.002372,21.6900,21.9800,21.1700,21.5900,21.6900,6491038,139519283.3600,3,0.456800,1,-0.461000,0
2021-06-24,sz.002372,21.5900,21.7800,21.2300,21.5400,21.5900,4422668,95057160.6000,3,0.311200,1,-0.231600,0
2021-06-25,sz.002372,21.5500,21.6500,21.0300,21.2100,21.5400,6793099,143963881.7700,3,0.478000,1,-1.532000,0
2021-06-28,sz.002372,21.2000,21.2500,20.4700,21.1400,21.2100,11104286,230729410.1700,3,0.781400,1,-0.330000,0
2021-06-29,sz.002372,21.1000,21.1400,20.6900,20.7700,21.1400,5037292,105131069.0200,3,0.354500,1,-1.750200,0
2021-06-30,sz.002372,20.5500,20.9400,20.5100,20.6700,20.7700,4113185,85076243.0000,3,0.289400,1,-0.481500,0
2021-07-01,sz.002372,20.6200,20.8800,20.3400,20.6800,20.6700,5641301,116241577.6800,3,0.397000,1,0.048400,0
2021-07-02,sz.002372,20.9300,20.9300,20.0500,20.2100,20.6800,5657655,114879139.4600,3,0.398100,1,-2.272700,0
2021-07-05,sz.002372,20.2000,20.4100,20.0000,20.3200,20.2100,4158434,83958271.0100,3,0.292600,1,0.544300,0
2021-07-06,sz.002372,20.3400,20.4000,19.8000,20.1600,20.3200,5154364,103355497.7300,3,0.362700,1,-0.787400,0
2021-07-07,sz.002372,20.2000,20.3500,19.7000,20.0000,20.1600,6454320,128682636.8300,3,0.454200,1,-0.793700,0
2021-07-08,sz.002372,20.0100,20.2400,19.4700,19.5200,20.0000,7098776,140175423.9800,3,0.499500,1,-2.400000,0
2021-07-09,sz.002372,19.4300,19.4900,19.0300,19.0900,19.5200,7081464,135741842.7100,3,0.498300,1,-2.202900,0
2021-07-12,sz.002372,19.2400,19.8300,19.0200,19.4100,19.0900,6721487,130688110.1500,3,0.473000,1,1.676300,0
2021-07-13,sz.002372,19.4100,20.5800,19.2500,20.4800,19.4100,11998984,241967269.4100,3,0.844400,1,5.512600,0
2021-07-14,sz.002372,20.6100,20.7800,20.2600,20.5800,20.4800,8017669,164653517.9900,3,0.564200,1,0.488300,0
2021-07-15,sz.002372,20.7900,20.9800,20.1000,20.1900,20.5800,5861867,119655315.8100,3,0.412500,1,-1.895000,0
2021-07-16,sz.002372,20.2000,20.5500,20.1000,20.4200,20.1900,4897762,99827205.7100,3,0.344600,1,1.139200,0
2021-07-19,sz.002372,20.4900,21.0800,20.4300,21.0300,20.4200,7349747,152744492.7000,3,0.517200,1,2.987300,0
2021-07-20,sz.002372,21.0500,21.2100,20.4400,20.5400,21.0300,5447877,112957649.6700,3,0.383400,1,-2.330000,0
2021-07-21,sz.002372,21.4700,22.3500,20.5500,20.8000,20.5400,13212099,281317336.6900,3,0.929700,1,1.265800,0
2021-07-22,sz.002372,20.7500,20.7500,19.9300,20.0800,20.8000,11480141,232111535.2300,3,0.807800,1,-3.461500,0
2021-07-23,sz.002372,19.9400,19.9900,19.0900,19.5900,20.0800,10454321,202410686.1200,3,0.735700,1,-2.440200,0
2021-07-26,sz.002372,19.6400,19.8300,18.7800,18.9300,19.5900,6709622,128404747.1400,3,0.472100,1,-3.369100,0
2021-07-27,sz.002372,18.9000,19.0000,18.1900,18.4700,18.9300,10343253,191182742.6000,3,0.727800,1,-2.430000,0
2021-07-28,sz.002372,18.4400,19.3900,18.2100,19.3700,18.4700,11877980,225335912.8700,3,0.835800,1,4.872800,0
2021-07-29,sz.002372,19.5000,19.6000,18.6200,19.0000,19.3700,7813395,147922834.1600,3,0.549800,1,-1.910200,0
2021-07-30,sz.002372,18.9900,19.2000,18.7100,19.1100,19.0000,7069636,134432283.6400,3,0.497500,1,0.578900,0
2021-08-02,sz.002372,19.1900,19.6600,18.8200,19.3500,19.1100,7205401,138812597.4900,3,0.507000,1,1.255900,0
2021-08-03,sz.002372,19.3700,20.4800,19.2700,20.2500,19.3500,11058581,221271160.1400,3,0.778200,1,4.651200,0
2021-08-04,sz.002372,20.3700,21.3700,20.3400,21.1500,20.2500,12054942,253771723.1600,3,0.848300,1,4.444400,0
2021-08-05,sz.002372,21.1300,21.1400,20.2800,20.4000,21.1500,7989011,164093655.6700,3,0.562200,1,-3.546100,0
2021-08-06,sz.002372,20.5000,20.6500,20.2300,20.5400,20.4000,4567345,93389034.9900,3,0.321400,1,0.686300,0
2021-08-09,sz.002372,20.5100,20.9900,20.2300,20.7400,20.5400,5689334,117916691.1900,3,0.400400,1,0.973700,0
2021-08-10,sz.002372,20.6900,20.9500,20.2300,20.5000,20.7400,6455141,132002397.9400,3,0.454200,1,-1.157200,0
2021-08-11,sz.002372,20.4700,21.3700,20.4700,21.1000,20.5000,8440192,177581424.7800,3,0.593900,1,2.926800,0
2021-08-12,sz.002372,20.9000,20.9000,19.8200,20.7300,21.1000,11897387,239866157.9800,3,0.828200,1,-1.753600,0
2021-08-13,sz.002372,20.8000,20.9300,20.2000,20.3300,20.7300,6540183,133901819.5300,3,0.455300,1,-1.929600,0
2021-08-16,sz.002372,20.5000,20.9500,20.3300,20.8600,20.3300,6307748,130891201.4900,3,0.439100,1,2.607000,0
2021-08-17,sz.002372,20.8600,21.5800,20.3800,20.5800,20.8600,10206755,213257036.8100,3,0.710500,1,-1.342300,0
2021-08-18,sz.002372,20.5800,21.1000,20.4000,21.0100,20.5800,7173219,149204171.5800,3,0.499400,1,2.089400,0
2021-08-19,sz.002372,21.0700,21.3300,20.9000,21.0400,21.0100,5018912,105568154.9500,3,0.349400,1,0.142800,0
2021-08-20,sz.002372,20.9900,21.0800,20.4000,20.6700,21.0400,5591424,115633335.1700,3,0.389200,1,-1.758600,0
2021-08-23,sz.002372,20.9500,20.9900,20.5200,20.8700,20.6700,3316352,68904362.5900,3,0.230900,1,0.967600,0
2021-08-24,sz.002372,20.8100,21.0300,20.4600,20.8800,20.8700,4924177,101970939.6200,3,0.342800,1,0.047900,0
2021-08-25,sz.002372,20.8300,21.1600,20.4500,20.5000,20.8800,5333584,110610062.1500,3,0.371300,1,-1.819900,0
2021-08-26,sz.002372,20.4100,20.5300,19.8500,19.8500,20.5000,7042512,141809442.9000,3,0.490300,1,-3.170700,0
2021-08-27,sz.002372,19.8000,20.6300,19.6200,20.4000,19.8500,6797365,137630024.4700,3,0.473200,1,2.770800,0
2021-08-30,sz.002372,20.5900,20.5900,19.8800,20.1000,20.4000,4499147,90549407.9800,3,0.313200,1,-1.470600,0
2021-08-31,sz.002372,19.9100,20.0600,19.5100,19.7600,20.1000,5397943,106333524.6000,3,0.375800,1,-1.691500,0
2021-09-01,sz.002372,19.7800,19.8100,19.2500,19.6000,19.7600,6164532,120382427.2800,3,0.429100,1,-0.809700,0
2021-09-02,sz.002372,19.6000,19.7000,19.2800,19.3900,19.6000,4812706,93233227.3700,3,0.335000,1,-1.071400,0
2021-09-03,sz.002372,19.4000,19.7200,19.3500,19.6200,19.3900,3132025,61273952.4500,3,0.218000,1,1.186200,0
2021-09-06,sz.002372,19.6900,20.0500,19.4400,19.7900,19.6200,4013221,79435636.3100,3,0.279400,1,0.866500,0
2021-09-07,sz.002372,19.8400,19.9300,19.5500,19.8700,19.7900,3297762,65158336.7000,3,0.229600,1,0.404200,0
2021-09-08,sz.002372,19.8700,19.8800,19.3400,19.6200,19.8700,5946777,116231114.9900,3,0.414000,1,-1.258200,0
2021-09-09,sz.002372,19.4200,19.6100,19.3000,19.3500,19.6200,2971062,57610862.9200,3,0.206800,1,-1.376100,0
2021-09-10,sz.002372,19.3500,19.5300,18.9000,19.0100,19.3500,6469404,123471649.7800,3,0.450400,1,-1.757100,0
2021-09-13,sz.002372,19.0100,19.2000,18.6900,18.9400,19.0100,6963448,131132828.6000,3,0.484800,1,-0.368200,0
2021-09-14,sz.002372,19.0200,19.0800,18.7000,18.7100,18.9400,4842112,91492662.5200,3,0.337100,1,-1.214400,0
2021-09-15,sz.002372,18.6200,18.7200,18.3500,18.4300,18.7100,3530446,65160531.8700,3,0.245800,1,-1.496500,0
2021-09-16,sz.002372,18.4400,18.6400,17.7500,17.9000,18.4300,6977376,125934427.9400,3,0.485700,1,-2.875700,0
2021-09-17,sz.002372,17.9000,18.0500,17.7300,17.9400,17.9000,2763126,49446211.1200,3,0.192400,1,0.223500,0
2021-09-22,sz.002372,17.8900,17.8900,17.3700,17.5700,17.9400,4537804,79792630.0300,3,0.315900,1,-2.062400,0
2021-09-23,sz.002372,17.8100,17.8500,17.1100,17.2100,17.5700,7391994,127751257.7700,3,0.514600,1,-2.048900,0
2021-09-24,sz.002372,17.2300,17.4700,17.0200,17.3100,17.2100,4610776,79792623.2400,3,0.321000,1,0.581100,0
2021-09-27,sz.002372,17.3100,17.3500,16.6700,16.8100,17.3100,8309069,140376112.8700,3,0.578400,1,-2.888500,0
2021-09-28,sz.002372,16.8100,17.3100,16.4600,17.2600,16.8100,8548182,144488557.2600,3,0.595100,1,2.677000,0
2021-09-29,sz.002372,17.2600,17.2600,16.6600,16.8400,17.2600,5390868,91017237.2100,3,0.375300,1,-2.433400,0
2021-09-30,sz.002372,16.7800,17.0600,16.7500,16.8900,16.8400,4027313,68248407.0500,3,0.280400,1,0.296900,0
2021-10-08,sz.002372,17.2000,17.7700,16.8900,17.5300,16.8900,5328702,92540938.5200,3,0.371000,1,3.789200,0
2021-10-11,sz.002372,17.6500,17.8900,17.5500,17.6700,17.5300,4136565,73144229.2500,3,0.288000,1,0.798600,0
2021-10-12,sz.002372,17.7200,17.7700,17.3400,17.7300,17.6700,3824141,67263498.8700,3,0.266200,1,0.339600,0
2021-10-13,sz.002372,17.7400,17.9800,17.5700,17.8000,17.7300,3221599,57539222.7200,3,0.224300,1,0.394800,0
2021-10-14,sz.002372,17.8200,18.4000,17.8200,18.3500,17.8000,4938440,89904578.6400,3,0.343800,1,3.089900,0
2021-10-15,sz.002372,18.2500,18.3300,17.1100,17.8900,18.3500,7130811,127051165.0800,3,0.496400,1,-2.506800,0
2021-10-18,sz.002372,17.8000,17.8700,17.4600,17.4600,17.8900,3181117,55893909.8200,3,0.221500,1,-2.403600,0
2021-10-19,sz.002372,17.3200,17.5900,16.9100,17.2600,17.4600,4567229,78571886.9000,3,0.317900,1,-1.145500,0
2021-10-20,sz.002372,17.4200,17.5300,17.1500,17.3100,17.2600,2771543,47927536.2200,3,0.192900,1,0.289700,0
2021-10-21,sz.002372,17.3000,17.3000,17.0500,17.1200,17.3100,3462984,59323524.6500,3,0.241100,1,-1.097600,0
2021-10-22,sz.002372,17.1200,17.5900,17.1100,17.5000,17.1200,4724314,82380720.3400,3,0.328900,1,2.219600,0
2021-10-25,sz.002372,17.4000,17.4000,16.6600,17.1000,17.5000,6602107,111641181.9500,3,0.459600,1,-2.285700,0
2021-10-26,sz.002372,17.0000,17.0100,16.6500,16.7000,17.1000,7027889,117682996.9000,3,0.489200,1,-2.339200,0
2021-10-27,sz.002372,16.6000,16.6000,16.0900,16.1100,16.7000,6014901,97293932.7300,3,0.418700,1,-3.532900,0
2021-10-28,sz.002372,16.3000,17.7200,16.2900,17.7200,16.1100,15936931,278227902.6600,3,1.109400,1,9.993800,0
2021-10-29,sz.002372,17.7000,18.3400,17.4600,18.0000,17.7200,16894941,302803503.5600,3,1.176100,1,1.580100,0
2021-11-01,sz.002372,18.0000,18.4700,17.6800,18.3400,18.0000,9682009,175791610.5900,3,0.674000,1,1.888900,0
2021-11-02,sz.002372,18.2600,18.7000,18.0200,18.6500,18.3400,11190897,206613078.0700,3,0.779000,1,1.690300,0
2021-11-03,sz.002372,18.6000,18.6400,18.1500,18.5100,18.6500,6359464,116871719.0900,3,0.442700,1,-0.750700,0
2021-11-04,sz.002372,18.3700,18.6200,18.2500,18.4000,18.5100,6203253,114507129.1200,3,0.431800,1,-0.594300,0
2021-11-05,sz.002372,18.4000,18.9300,18.3100,18.6300,18.4000,5786832,108065791.2200,3,0.402800,1,1.250000,0
2021-11-08,sz.002372,18.7900,18.7900,18.1100,18.6900,18.6300,6164106,114136022.3600,3,0.429100,1,0.322100,0
2021-11-09,sz.002372,18.6800,18.6900,18.1100,18.2800,18.6900,4645887,85072534.2100,3,0.323400,1,-2.193700,0
2021-11-10,sz.002372,18.2600,18.6700,18.2600,18.3400,18.2800,5054865,93150065.9800,3,0.351900,1,0.328200,0
2021-11-11,sz.002372,18.3400,19.5000,18.0000,19.2000,18.3400,10062707,189570854.9600,3,0.700500,1,4.689200,0
2021-11-12,sz.002372,19.3800,19.3800,18.6700,18.9000,19.2000,6943838,131463814.4200,3,0.483400,1,-1.562500,0
2021-11-15,sz.002372,18.9800,19.6200,18.8800,19.6000,18.9000,9101547,177217947.4700,3,0.633600,1,3.703700,0
2021-11-16,sz.002372,19.4800,19.5000,18.9500,19.0100,19.6000,5937112,113314964.6500,3,0.413300,1,-3.010200,0
2021-11-17,sz.002372,18.9100,18.9900,18.4200,18.8000,19.0100,4639641,86756343.6500,3,0.323000,1,-1.104700,0
2021-11-18,sz.002372,18.8100,19.0500,18.4000,18.4000,18.8000,5020677,93084466.5400,3,0.349500,1,-2.127700,0
2021-11-19,sz.002372,18.4200,19.0800,18.4200,19.0600,18.4000,4604276,86666481.8800,3,0.320500,1,3.587000,0
2021-11-22,sz.002372,19.0500,20.4400,19.0300,19.7300,19.0600,15619939,310149773.9400,3,1.087400,1,3.515200,0
2021-11-23,sz.002372,20.0000,20.1300,19.2400,19.2800,19.7300,10560232,207519540.5000,3,0.735100,1,-2.280800,0
2021-11-24,sz.002372,19.2900,19.6500,19.0400,19.1400,19.2800,6368222,123151945.7900,3,0.443300,1,-0.726100,0
2021-11-25,sz.002372,19.1600,19.3800,18.9000,19.1300,19.1400,5147363,98603293.1000,3,0.358300,1,-0.052200,0
2021-11-26,sz.002372,19.1400,19.3300,18.9800,19.1800,19.1300,5379799,103087267.9000,3,0.374500,1,0.261400,0
2021-11-29,sz.002372,19.0900,19.1800,18.5000,18.6700,19.1800,8380985,156846948.8400,3,0.583400,1,-2.659000,0
2021-11-30,sz.002372,18.7500,19.2900,18.3600,18.5400,18.6700,8526271,159181434.0200,3,0.593500,1,-0.696300,0
2021-12-01,sz.002372,18.6100,18.6100,17.9600,18.0700,18.5400,9425358,170420395.3200,3,0.656100,1,-2.535100,0
2021-12-02,sz.002372,18.2000,18.7800,18.0600,18.1800,18.0700,7904620,145130158.5500,3,0.550300,1,0.608700,0
2021-12-03,sz.002372,18.2400,19.1500,17.9900,19.1000,18.1800,11003979,205353254.3800,3,0.766000,1,5.060500,0
2021-12-06,sz.002372,19.1100,20.9500,19.1100,20.0000,19.1000,18599308,377424618.7000,3,1.294800,1,4.712000,0
2021-12-07,sz.002372,20.2800,21.4500,20.2600,20.7400,20.0000,16241275,340495072.4100,3,1.130600,1,3.700000,0
2021-12-08,sz.002372,20.6100,20.9500,19.9800,20.5500,20.7400,13405229,273431683.8200,3,0.933200,1,-0.916100,0
2021-12-09,sz.002372,20.5000,20.8000,20.4000,20.5700,20.5500,7285589,149895203.4900,3,0.507200,1,0.097300,0
2021-12-10,sz.002372,20.6000,20.8200,20.2500,20.4700,20.5700,7909796,161898303.1700,3,0.550600,1,-0.486100,0
2021-12-13,sz.002372,20.9000,22.1700,20.7000,21.5500,20.4700,14603329,315321443.0800,3,1.016600,1,5.276000,0
2021-12-14,sz.002372,21.6900,21.8000,20.6500,20.7900,21.5500,9446383,199135526.9600,3,0.657600,1,-3.526700,0
2021-12-15,sz.002372,21.0000,21.5600,20.3100,21.0900,20.7900,10599830,223354160.3600,3,0.737900,1,1.443000,0
2021-12-16,sz.002372,21.0000,21.3200,20.5100,21.0100,21.0900,5298429,111158499.4700,3,0.368800,1,-0.379300,0
2021-12-17,sz.002372,21.0000,21.4000,20.9000,21.1900,21.0100,7387597,156670109.4400,3,0.514300,1,0.856700,0
2021-12-20,sz.002372,21.0000,21.6500,20.8000,21.3900,21.1900,8587516,183565600.2500,3,0.597800,1,0.943800,0
2021-12-21,sz.002372,21.3800,22.5500,21.3500,21.9100,21.3900,10673825,236876286.0500,3,0.743000,1,2.431000,0
2021-12-22,sz.002372,21.9200,22.3000,21.3600,21.9900,21.9100,7521044,164162626.4700,3,0.523600,1,0.365100,0
2021-12-23,sz.002372,22.0800,22.1600,21.6100,21.8400,21.9900,3867871,84338725.4300,3,0.269300,1,-0.682100,0
2021-12-24,sz.002372,21.7100,22.3600,21.4000,22.3000,21.8400,6703917,147312002.5800,3,0.466700,1,2.106200,0
2021-12-27,sz.002372,22.2500,23.7100,22.0200,23.3500,22.3000,11271685,261475654.9800,3,0.784700,1,4.708500,0
2021-12-28,sz.002372,23.3200,23.5000,22.5000,23.2500,23.3500,8071347,186028097.4400,3,0.561900,1,-0.428300,0
2021-12-29,sz.002372,23.1200,23.5600,22.9400,23.1600,23.2500,5162993,119652050.5600,3,0.358000,1,-0.387100,0
2021-12-30,sz.002372,23.1600,23.7300,22.9000,23.1800,23.1600,5076030,117651413.1200,3,0.352000,1,0.086400,0
2021-12-31,sz.002372,22.9500,24.6500,22.9000,24.3200,23.1800,14298838,346671635.5400,3,0.991500,1,4.918000,0
2022-01-04,sz.002372,23.9300,24.3100,23.0000,23.2900,24.3200,16593134,388400549.4100,3,1.150500,1,-4.235200,0
2022-01-05,sz.002372,23.2900,23.5300,22.5100,22.7900,23.2900,11548515,264527742.1500,3,0.800800,1,-2.146800,0
2022-01-06,sz.002372,22.7800,24.1500,22.4800,23.9100,22.7900,10082818,238414051.6300,3,0.699100,1,4.914400,0
2022-01-07,sz.002372,23.8700,25.4500,23.8300,24.7700,23.9100,13353210,332119838.5600,3,0.925900,1,3.596800,0
2022-01-10,sz.002372,24.5800,24.7600,24.0300,24.1500,24.7700,10527129,255794769.4800,3,0.729900,1,-2.503000,0
2022-01-11,sz.002372,24.1500,25.2300,23.8000,24.1600,24.1500,8132520,197686227.1200,3,0.563900,1,0.041400,0
2022-01-12,sz.002372,24.0500,24.0500,23.3800,23.7200,24.1600,9532746,224846709.2700,3,0.661000,1,-1.821200,0
2022-01-13,sz.002372,23.7400,23.9000,22.9800,23.1800,23.7200,8927251,207835967.2100,3,0.619000,1,-2.276600,0
2022-01-14,sz.002372,23.4800,23.4800,22.5000,22.7700,23.1800,9148894,208382391.5900,3,0.634400,1,-1.768800,0
2022-01-17,sz.002372,22.6000,23.6500,22.3600,23.0000,22.7700,9449506,218739128.9400,3,0.655200,1,1.010100,0
2022-01-18,sz.002372,23.0400,23.8600,22.6600,23.4000,23.0000,6471731,151349136.6500,3,0.448700,1,1.739100,0
2022-01-19,sz.002372,23.6900,24.4700,23.6300,24.1600,23.4000,9980612,240792406.3700,3,0.692000,1,3.247900,0
2022-01-20,sz.002372,24.4000,25.1300,23.7700,24.5400,24.1600,10821379,265545569.5300,3,0.750300,1,1.572800,0
2022-01-21,sz.002372,24.3500,24.6500,23.9200,24.2500,24.5400,5347022,129591187.9100,3,0.370800,1,-1.181700,0
2022-01-24,sz.002372,24.0200,24.4000,23.7800,24.1500,24.2500,6017097,144714738.7000,3,0.417200,1,-0.412400,0
2022-01-25,sz.002372,23.9600,24.5800,23.8000,23.8900,24.1500,5727954,138427622.1700,3,0.397200,1,-1.076600,0
2022-01-26,sz.002372,23.9000,24.1900,23.5500,23.8300,23.8900,7484912,178587903.3200,3,0.519000,1,-0.251200,0
2022-01-27,sz.002372,23.8300,24.0000,23.4500,23.5800,23.8300,5348803,126353696.5000,3,0.370900,1,-1.049100,0
2022-01-28,sz.002372,23.8200,23.8200,21.9700,22.6000,23.5800,9854545,223403938.5900,3,0.683300,1,-4.156100,0
2022-02-07,sz.002372,23.1000,23.8000,22.6900,23.2900,22.6000,8822013,204853757.1200,3,0.611700,1,3.053100,0
2022-02-08,sz.002372,23.4300,23.4300,22.0900,22.6400,23.2900,5755766,129726309.6100,3,0.399100,1,-2.790900,0
2022-02-09,sz.002372,22.6400,23.2000,21.7300,22.9100,22.6400,7680473,174232893.8300,3,0.532600,1,1.192600,0
2022-02-10,sz.002372,23.1200,23.6000,22.5600,23.1500,22.9100,5478148,126150838.9900,3,0.379800,1,1.047600,0
2022-02-11,sz.002372,23.0800,24.0000,22.7200,23.3400,23.1500,7120722,167884998.0100,3,0.493700,1,0.820700,0
2022-02-14,sz.002372,23.0000,23.0600,22.1000,22.2700,23.3400,7690035,172460008.3300,3,0.533200,1,-4.584400,0
2022-02-15,sz.002372,22.4700,22.5700,21.8400,22.1000,22.2700,4033090,88688014.7000,3,0.279600,1,-0.763400,0
2022-02-16,sz.002372,22.1700,22.4000,21.9400,22.3000,22.1000,3681023,81661014.2600,3,0.255200,1,0.905000,0
2022-02-17,sz.002372,22.2600,23.0000,22.0000,22.9000,22.3000,6270843,141722223.9700,3,0.434800,1,2.690600,0
2022-02-18,sz.002372,22.7900,23.9800,22.5500,23.6100,22.9000,5901713,138987684.9800,3,0.409200,1,3.100400,0
2022-02-21,sz.002372,23.5900,23.5900,22.9100,23.0500,23.6100,7188387,165907157.4700,3,0.498400,1,-2.371900,0
2022-02-22,sz.002372,22.9000,22.9000,21.9100,22.0000,23.0500,6805740,151332034.1400,3,0.471900,1,-4.555300,0
2022-02-23,sz.002372,22.1700,22.8400,22.0900,22.3900,22.0000,5923537,132679066.0700,3,0.410700,1,1.772700,0
2022-02-24,sz.002372,22.2200,22.2500,21.6600,21.8800,22.3900,7355919,161110130.5500,3,0.510100,1,-2.277800,0
2022-02-25,sz.002372,21.9800,22.6000,21.8000,22.0100,21.8800,4943684,109537460.4600,3,0.342800,1,0.594100,0
2022-02-28,sz.002372,22.1700,23.1700,21.9900,23.1500,22.0100,7664723,174631641.0000,3,0.531500,1,5.179500,0
2022-03-01,sz.002372,23.1000,23.1500,21.8600,22.2500,23.1500,10517831,233938402.0000,3,0.729300,1,-3.887700,0
2022-03-02,sz.002372,22.0000,22.3500,21.5500,22.1000,22.2500,5795906,127604735.0000,3,0.401900,1,-0.674200,0
2022-03-03,sz.002372,22.1200,22.4800,21.9100,22.1300,22.1000,4760113,105872943.0000,3,0.330100,1,0.135700,0
2022-03-04,sz.002372,22.0600,22.5800,21.9300,22.2500,22.1300,5249253,117132696.0000,3,0.364000,1,0.542300,0
2022-03-07,sz.002372,22.2700,22.5600,21.1700,21.3100,22.2500,7881010,169628737.0000,3,0.546500,1,-4.224700,0
2022-03-08,sz.002372,21.0000,21.2400,20.2000,20.2400,21.3100,8455815,174027756.0000,3,0.586300,1,-5.021100,0
2022-03-09,sz.002372,20.3200,20.5500,18.9100,19.7900,20.2400,8762295,172816074.0000,3,0.607600,1,-2.223300,0
2022-03-10,sz.002372,20.5100,20.8600,20.1100,20.7100,19.7900,6134564,126257383.0000,3,0.425400,1,4.648800,0
2022-03-11,sz.002372,20.3300,20.7100,19.8100,20.5000,20.7100,5186572,105306275.0000,3,0.359600,1,-1.014000,0
2022-03-14,sz.002372,20.5000,20.7900,19.5900,19.6600,20.5000,6295146,125219475.0000,3,0.436500,1,-4.097600,0
2022-03-15,sz.002372,19.5000,19.5700,18.0800,18.3000,19.6600,14224085,264887770.0000,3,0.986300,1,-6.917600,0
2022-03-16,sz.002372,18.7200,18.9900,17.7800,18.9200,18.3000,11082289,203189215.0000,3,0.768400,1,3.388000,0
2022-03-17,sz.002372,19.8000,19.9900,19.1600,19.7700,18.9200,6869198,135788551.0000,3,0.476300,1,4.492600,0
2022-03-18,sz.002372,19.7600,19.8000,19.3900,19.6800,19.7700,4443908,87246780.0200,3,0.308100,1,-0.455200,0
2022-03-21,sz.002372,19.6900,20.0100,19.5000,19.7200,19.6800,4700938,92861749.3000,3,0.326000,1,0.203300,0
2022-03-22,sz.002372,19.6000,20.1000,19.4200,19.9000,19.7200,5471285,108741876.9300,3,0.379400,1,0.912800,0
2022-03-23,sz.002372,20.0100,20.0700,19.6800,19.8500,19.9000,4659200,92473302.8800,3,0.323100,1,-0.251300,0
2022-03-24,sz.002372,19.7900,19.7900,18.9100,19.0800,19.8500,7374201,140855535.6500,3,0.511300,1,-3.879100,0
2022-03-25,sz.002372,19.2900,19.4000,18.8200,18.8800,19.0800,5336899,102030167.6600,3,0.370100,1,-1.048200,0
2022-03-28,sz.002372,18.8700,19.2400,18.5100,19.0700,18.8800,3511250,66485484.4200,3,0.243500,1,1.006400,0
2022-03-29,sz.002372,19.1000,19.1400,18.4500,18.5900,19.0700,4697129,87805210.8100,3,0.325700,1,-2.517000,0
2022-03-30,sz.002372,18.7000,19.7300,18.7000,19.6100,18.5900,11506583,221710583.4700,3,0.797900,1,5.486800,0
2022-03-31,sz.002372,19.8300,20.8000,19.7900,20.4600,19.6100,12707348,260043812.4800,3,0.882000,1,4.334500,0
2022-04-01,sz.002372,20.6000,20.6700,19.9500,20.6300,20.4600,6734418,137698603.2400,3,0.467400,1,0.830900,0
2022-04-06,sz.002372,20.6300,21.4000,20.2100,21.0700,20.6300,12730727,266391831.3200,3,0.883600,1,2.132800,0
2022-04-07,sz.002372,21.1600,21.9200,20.8500,20.9300,21.0700,10856237,230700331.0400,3,0.753500,1,-0.664500,0
2022-04-08,sz.002372,21.1700,21.8000,21.0100,21.5800,20.9300,8226076,176289174.7100,3,0.570900,1,3.105600,0
2022-04-11,sz.002372,21.6200,21.7800,20.9000,21.0200,21.5800,7027885,148579081.6700,3,0.487800,1,-2.595000,0
2022-04-12,sz.002372,21.0300,21.3200,20.6600,21.0800,21.0200,6448427,135521547.6500,3,0.447600,1,0.285400,0
2022-04-13,sz.002372,21.0000,21.3400,20.5000,21.0800,21.0800,7582393,158878608.5100,3,0.526300,1,0.000000,0
2022-04-14,sz.002372,21.0400,21.2000,20.4500,20.6600,21.0800,6483706,134325780.3000,3,0.450000,1,-1.992400,0
2022-04-15,sz.002372,20.8400,20.8600,19.7600,20.3000,20.6600,6804298,137113999.8500,3,0.472300,1,-1.742500,0
2022-04-18,sz.002372,20.2200,20.4300,19.7000,20.1000,20.3000,3417733,68757140.1800,3,0.237200,1,-0.985200,0
2022-04-19,sz.002372,20.0200,20.2700,19.8500,20.0100,20.1000,4348848,86990757.2900,3,0.301800,1,-0.447800,0
2022-04-20,sz.002372,20.0100,20.1000,19.4000,19.5000,20.0100,5299535,103798290.3000,3,0.367800,1,-2.548700,0
2022-04-21,sz.002372,19.5000,20.0600,19.2000,19.2500,19.5000,5833634,114692074.1600,3,0.404900,1,-1.282100,0
2022-04-22,sz.002372,19.4400,19.6100,19.0000,19.4000,19.2500,4985200,96376531.1800,3,0.346000,1,0.779200,0
2022-04-25,sz.002372,19.2800,19.2900,18.2000,18.2500,19.4000,6652264,124011453.0600,3,0.461700,1,-5.927800,0
2022-04-26,sz.002372,18.5000,18.7800,18.0500,18.2400,18.2500,6658557,122694155.0700,3,0.462100,1,-0.054800,0
2022-04-27,sz.002372,18.4400,19.0000,18.0700,18.7300,18.2400,8207022,152104126.0800,3,0.569600,1,2.686400,0
2022-04-28,sz.002372,18.6200,18.6300,17.7000,18.0900,18.7300,12892885,232518142.3600,3,0.894800,1,-3.417000,0
2022-04-29,sz.002372,18.1700,19.0000,17.8900,18.9900,18.0900,9154083,169721713.5300,3,0.635300,1,4.975100,0
2022-05-05,sz.002372,19.1000,19.8300,18.9900,19.5000,18.9900,6343207,122946262.4200,3,0.440300,1,2.685600,0
2022-05-06,sz.002372,19.3000,19.3000,18.6500,18.9500,19.5000,4106723,78154955.2000,3,0.285000,1,-2.820500,0
2022-05-09,sz.002372,19.1000,19.3800,18.7000,19.0500,18.9500,3682448,70316548.2900,3,0.255600,1,0.527700,0
2022-05-10,sz.002372,18.8000,19.4500,18.4000,19.3400,19.0500,9263806,176552009.9800,3,0.643000,1,1.522300,0
2022-05-11,sz.002372,19.6600,19.7300,19.0100,19.0200,19.3400,7044622,135993572.0100,3,0.488900,1,-1.654600,0
2022-05-12,sz.002372,18.8100,19.2200,18.6200,19.0500,19.0200,4515923,85611916.1400,3,0.313400,1,0.157700,0
2022-05-13,sz.002372,18.9800,19.4500,18.9700,19.3000,19.0500,4398231,84720399.6700,3,0.305300,1,1.312300,0
2022-05-16,sz.002372,19.4900,21.2200,19.4900,20.3000,19.3000,13391806,275598295.1600,3,0.929500,1,5.181300,0
2022-05-17,sz.002372,20.0900,20.3000,19.6900,20.2200,20.3000,6233465,125075269.9900,3,0.432600,1,-0.394100,0
2022-05-18,sz.002372,19.9500,20.2000,19.5000,19.5600,20.2200,7742569,152930929.6000,3,0.537400,1,-3.264100,0
2022-05-19,sz.002372,18.7800,19.2000,18.5200,19.0000,18.9600,7099503,134587243.4200,3,0.492700,1,0.211000,0
2022-05-20,sz.002372,18.9400,19.2800,18.8500,19.1900,19.0000,7273137,139212307.5100,3,0.504800,1,1.000000,0
2022-05-23,sz.002372,19.2800,19.2900,18.8300,18.9400,19.1900,7192130,136419176.3600,3,0.499200,1,-1.302800,0
2022-05-24,sz.002372,19.1000,19.1500,18.1000,18.2000,18.9400,8350315,154006136.6900,3,0.579600,1,-3.907100,0
2022-05-25,sz.002372,18.3700,18.6300,18.0100,18.6300,18.2000,5136200,94553674.3800,3,0.356500,1,2.362600,0
2022-05-26,sz.002372,18.6300,18.9800,18.3000,18.7900,18.6300,3562972,66547841.2500,3,0.247300,1,0.858800,0
2022-05-27,sz.002372,18.6300,18.7500,18.3000,18.4400,18.7900,7693784,141992593.9200,3,0.534000,1,-1.862700,0
2022-05-30,sz.002372,18.4400,18.4800,18.0100,18.1600,18.4400,8502129,154380070.2800,3,0.590100,1,-1.518400,0
2022-05-31,sz.002372,18.1800,18.3600,18.0700,18.3500,18.1600,5168193,94340500.8200,3,0.358700,1,1.046300,0
2022-06-01,sz.002372,18.4600,19.2600,18.4500,19.1300,18.3500,9724271,184392549.4700,3,0.674900,1,4.250700,0
2022-06-02,sz.002372,19.1200,19.8000,19.0900,19.7400,19.1300,9351953,183058592.0300,3,0.649100,1,3.188700,0
2022-06-06,sz.002372,19.7400,19.9200,19.3400,19.7000,19.7400,8058529,158291137.2400,3,0.559300,1,-0.202600,0
2022-06-07,sz.002372,19.6100,19.8400,19.5700,19.7200,19.7000,4263981,83947838.4100,3,0.295900,1,0.101500,0
2022-06-08,sz.002372,19.9500,20.0900,19.5800,19.8500,19.7200,4317879,85376831.5200,3,0.299700,1,0.659200,0
2022-06-09,sz.002372,19.7000,19.8400,19.3300,19.4400,19.8500,5678153,110860706.9900,3,0.394100,1,-2.065500,0
2022-06-10,sz.002372,19.4100,20.3200,19.3200,20.1500,19.4400,7973201,159478504.6500,3,0.553400,1,3.652300,0
2022-06-13,sz.002372,20.1000,20.3800,19.6800,19.9300,20.1500,6036185,120624557.6200,3,0.418900,1,-1.091800,0
2022-06-14,sz.002372,19.8600,20.3600,19.6500,20.3400,19.9300,10411258,209230035.4200,3,0.722600,1,2.057200,0
2022-06-15,sz.002372,20.3300,21.3600,20.1000,20.6400,20.3400,8309578,172818549.1100,3,0.576700,1,1.474900,0
2022-06-16,sz.002372,20.9400,21.5800,20.6800,21.1900,20.6400,7677344,162782965.8400,3,0.532900,1,2.664700,0
2022-06-17,sz.002372,20.9900,21.1700,20.6800,21.0000,21.1900,6074627,127047798.7600,3,0.421600,1,-0.896600,0
2022-06-20,sz.002372,21.3100,23.1000,21.3100,22.6600,21.0000,20987735,477096094.0700,3,1.456700,1,7.904800,0
2022-06-21,sz.002372,22.9100,23.8100,22.8100,22.9100,22.6600,24121228,562343888.9800,3,1.674100,1,1.103300,0
2022-06-22,sz.002372,22.9300,23.0000,21.9000,22.0000,22.9100,12606929,281559540.9700,3,0.875000,1,-3.972100,0
2022-06-23,sz.002372,21.9500,22.1600,21.6200,22.1000,22.0000,8818080,193307400.7600,3,0.612000,1,0.454500,0
2022-06-24,sz.002372,22.1800,22.7200,21.6700,22.3200,22.1000,10925156,242428312.1700,3,0.758300,1,0.995500,0
2022-06-27,sz.002372,22.3200,23.7300,22.3200,22.7800,22.3200,9638892,222079129.8400,3,0.669000,1,2.060900,0
2022-06-28,sz.002372,22.7600,22.7600,22.0300,22.4900,22.7800,8537246,190830486.1500,3,0.592500,1,-1.273000,0
2022-06-29,sz.002372,22.8300,23.3000,22.5000,22.8100,22.4900,7876003,180728203.7400,3,0.546600,1,1.422900,0
2022-06-30,sz.002372,22.7100,24.0600,22.6100,24.0400,22.8100,12186882,288023185.5900,3,0.845800,1,5.392400,0
2022-07-01,sz.002372,23.9100,23.9700,23.2500,23.5600,24.0400,6415075,150957930.2800,3,0.445200,1,-1.996700,0
2022-07-04,sz.002372,23.4900,24.0100,23.0500,23.7900,23.5600,9007088,212753273.1000,3,0.625100,1,0.976200,0
2022-07-05,sz.002372,23.8500,23.8700,22.6200,22.9500,23.7900,10211426,234789084.4100,3,0.708700,1,-3.530900,0
2022-07-06,sz.002372,22.9600,23.0300,22.3200,22.6400,22.9500,5541270,125160283.2100,3,0.384600,1,-1.350800,0
2022-07-07,sz.002372,22.7900,22.8700,22.2300,22.4000,22.6400,4926214,110655124.7500,3,0.341900,1,-1.060100,0
2022-07-08,sz.002372,22.4000,22.7400,21.9000,22.0100,22.4000,3450173,76168810.2200,3,0.239500,1,-1.741100,0
2022-07-11,sz.002372,21.9700,21.9700,21.1000,21.3300,22.0100,7542546,160871558.6500,3,0.523500,1,-3.089500,0
2022-07-12,sz.002372,21.3800,21.5400,20.8500,21.0900,21.3300,4910745,103625751.8900,3,0.340800,1,-1.125200,0
2022-07-13,sz.002372,21.1500,21.4900,20.8000,20.9800,21.0900,6689857,141085324.7600,3,0.464300,1,-0.521600,0
2022-07-14,sz.002372,20.9700,21.1300,20.1500,20.2300,20.9800,9571694,195373950.0600,3,0.664300,1,-3.574800,0
2022-07-15,sz.002372,20.2600,20.6700,19.6800,19.8400,20.2300,11314103,227626877.3300,3,0.785300,1,-1.927800,0
2022-07-18,sz.002372,20.0600,21.1000,19.9600,20.9700,19.8400,11798462,244333104.1700,3,0.818900,1,5.695600,0
2022-07-19,sz.002372,21.0100,21.1700,20.3500,20.4500,20.9700,7232437,149449470.8400,3,0.502000,1,-2.479700,0
2022-07-20,sz.002372,20.4500,20.9800,20.4100,20.5400,20.4500,5280623,109146459.1500,3,0.366500,1,0.440100,0
2022-07-21,sz.002372,20.5000,20.7500,20.2400,20.3400,20.5400,5491600,112466985.7000,3,0.381100,1,-0.973700,0
2022-07-22,sz.002372,20.4300,20.5000,19.5000,19.7900,20.3400,7676137,152161466.5600,3,0.532800,1,-2.704000,0
2022-07-25,sz.002372,19.9200,20.6100,19.7700,20.2200,19.7900,9664050,195956147.8500,3,0.670700,1,2.172800,0
2022-07-26,sz.002372,20.2900,20.4000,19.8000,20.3400,20.2200,8537276,171921751.2300,3,0.592500,1,0.593500,0
2022-07-27,sz.002372,20.3300,20.3800,19.5500,19.6100,20.3400,9825220,194186660.1500,3,0.681900,1,-3.589000,0
2022-07-28,sz.002372,19.5800,20.4700,19.4100,20.3000,19.6100,10257707,205119845.1700,3,0.711900,1,3.518600,0
2022-07-29,sz.002372,20.3800,20.3800,19.5600,19.6600,20.3000,9115259,180113829.2800,3,0.632600,1,-3.152700,0
2022-08-01,sz.002372,19.8500,19.9400,19.5100,19.7500,19.6600,5785386,114075124.9900,3,0.401500,1,0.457800,0
2022-08-02,sz.002372,19.7000,19.7000,19.1200,19.3200,19.7500,6253850,121249832.6800,3,0.434100,1,-2.177200,0
2022-08-03,sz.002372,19.2000,19.6000,18.4900,18.7000,19.3200,10937996,207867041.8900,3,0.759200,1,-3.209100,0
2022-08-04,sz.002372,18.7100,18.8200,18.4000,18.5500,18.7000,10505880,194932448.1000,3,0.729200,1,-0.802100,0
2022-08-05,sz.002372,18.5600,19.1000,18.3800,19.0400,18.5500,6900873,129472630.4200,3,0.479000,1,2.641500,0
2022-08-08,sz.002372,19.0500,19.6800,18.9100,19.4300,19.0400,7652473,148235801.2400,3,0.531100,1,2.048300,0
2022-08-09,sz.002372,19.3300,19.4200,19.0400,19.2400,19.4300,4737810,91260112.3700,3,0.328800,1,-0.977900,0
2022-08-10,sz.002372,19.2200,19.2900,18.8000,18.9500,19.2400,6278654,119227871.3100,3,0.435800,1,-1.507300,0
2022-08-11,sz.002372,19.0000,19.3400,18.8600,19.3300,18.9500,7048825,135575284.4200,3,0.489200,1,2.005300,0
2022-08-12,sz.002372,19.4000,19.5000,19.0800,19.4100,19.3300,3876465,75001900.3300,3,0.269000,1,0.413900,0
2022-08-15,sz.002372,19.4100,19.6200,19.3100,19.3900,19.4100,5111909,99436150.0500,3,0.354800,1,-0.103000,0
