date,code,open,high,low,close,preclose,volume,amount,adjustflag,turn,tradestatus,pctChg,isST
2009-10-30,sz.300015,48.8600,72.0000,42.6500,51.9000,28.0000,23975079,1261342432.5600,3,89.459250,1,85.357150,0
2009-11-02,sz.300015,46.7100,53.8300,46.7100,48.4900,51.9000,10095677,490859751.7200,3,37.670437,1,-6.570300,0
2009-11-03,sz.300015,49.3100,53.0000,47.6100,50.7000,48.4900,7044934,357168667.9900,3,26.287067,1,4.557600,0
2009-11-04,sz.300015,50.2800,52.8500,50.0100,51.7000,50.7000,4652062,239265826.1500,3,17.358440,1,1.972400,0
2009-11-05,sz.300015,51.4400,54.4900,50.5000,52.5000,51.7000,5298379,279305952.2500,3,19.770071,1,1.547400,0
2009-11-06,sz.300015,52.0000,52.9600,49.3600,50.0500,52.5000,4175109,212060316.0300,3,15.578765,1,-4.666700,0
2009-11-09,sz.300015,49.8100,50.4200,47.9800,48.3300,50.0500,3145749,153864964.4500,3,11.737869,1,-3.436600,0
2009-11-10,sz.300015,48.5500,48.7900,46.5600,46.6600,48.3300,3149786,149501574.5700,3,11.752933,1,-3.455400,0
2009-11-11,sz.300015,46.1300,47.1300,45.1100,46.8000,46.6600,2602840,120013615.6300,3,9.712090,1,0.300000,0
2009-11-12,sz.300015,46.7000,48.4800,46.4300,48.3000,46.8000,2673148,127729700.9900,3,9.974433,1,3.205100,0
2009-11-13,sz.300015,48.3400,51.8000,48.0100,50.2800,48.3000,4210148,211479410.3700,3,15.709507,1,4.099400,0
2009-11-16,sz.300015,50.2000,50.2800,48.8800,49.7000,50.2800,2996244,147875205.2900,3,11.180015,1,-1.153500,0
2009-11-17,sz.300015,49.5000,50.7000,49.0100,49.3000,49.7000,1929430,95957208.7200,3,7.199366,1,-0.804800,0
2009-11-18,sz.300015,49.4200,50.9400,49.0500,50.5400,49.3000,3066157,154107303.3000,3,11.440884,1,2.515200,0
2009-11-19,sz.300015,50.6100,55.5000,50.2000,53.0500,50.5400,5842210,310059576.1100,3,21.799291,1,4.966400,0
2009-11-20,sz.300015,52.6900,54.1700,51.9100,52.6000,53.0500,2845770,150254995.8300,3,10.618545,1,-0.848300,0
2009-11-23,sz.300015,52.5000,54.0800,52.3000,53.8500,52.6000,2511877,133892196.9500,3,9.372675,1,2.376400,0
2009-11-24,sz.300015,54.5000,54.9600,49.0800,51.2000,53.8500,4057508,210363719.7400,3,15.139955,1,-4.921100,0
2009-11-25,sz.300015,50.7500,53.9800,50.3200,53.5800,51.2000,3564195,186618204.4000,3,13.299235,1,4.648400,0
2009-11-26,sz.300015,53.5500,54.7000,52.1200,54.7000,53.5800,4178462,223277460.6500,3,15.591276,1,2.090300,0
2009-11-27,sz.300015,55.8000,59.8400,55.8000,56.9000,54.7000,5992965,345975389.6900,3,22.361810,1,4.021900,0
2009-11-30,sz.300015,56.8000,56.8000,54.0000,56.3000,56.9000,3168133,175732491.1700,3,11.821392,1,-1.054500,0
2009-12-01,sz.300015,55.9600,56.2900,54.5000,55.5700,56.3000,2543968,140858281.0600,3,9.492418,1,-1.296600,0
2009-12-02,sz.300015,55.9000,58.5800,55.8500,57.1400,55.5700,3949069,226765442.3400,3,14.735332,1,2.825300,0
2009-12-03,sz.300015,57.1400,59.6200,56.7000,59.6000,57.1400,3906645,229191922.8600,3,14.577034,1,4.305200,0
2009-12-04,sz.300015,57.5000,58.1900,53.6400,54.2300,59.6000,4202754,233772593.2900,3,15.681918,1,-9.010100,0
2009-12-07,sz.300015,53.9400,55.9600,53.7100,55.2700,54.2300,1544855,84959698.4600,3,5.764384,1,1.917800,0
2009-12-08,sz.300015,55.0400,56.9900,54.3600,56.0000,55.2700,1884322,104777366.5600,3,7.031052,1,1.320800,0
2009-12-09,sz.300015,55.5000,57.9800,55.0000,56.2800,56.0000,2556389,145079114.9600,3,9.538765,1,0.500000,0
2009-12-10,sz.300015,55.9200,56.7900,54.4000,54.5900,56.2800,2040947,112467860.6600,3,7.615474,1,-3.002800,0
2009-12-11,sz.300015,54.9500,54.9600,51.4000,52.3000,54.5900,2395957,127165821.5000,3,8.940138,1,-4.194900,0
2009-12-14,sz.300015,52.5000,52.5500,50.0300,52.0500,52.3000,1553118,79753774.5900,3,5.795216,1,-0.478000,0
2009-12-15,sz.300015,52.4800,53.3800,51.8100,52.3900,52.0500,1164547,61132136.6800,3,4.345325,1,0.653200,0
2009-12-16,sz.300015,52.0100,52.0900,50.6000,50.8000,52.3900,1575530,80667059.2400,3,5.878843,1,-3.034900,0
2009-12-17,sz.300015,50.8900,51.2000,48.1500,48.2700,50.8000,1486636,73190763.7000,3,5.547149,1,-4.980300,0
2009-12-18,sz.300015,48.2000,49.8600,46.5500,49.0000,48.2700,1947586,93755838.0400,3,7.267112,1,1.512300,0
2009-12-21,sz.300015,48.5100,49.5800,48.3500,49.1500,49.0000,916997,44866315.3100,3,3.421631,1,0.306100,0
2009-12-22,sz.300015,49.5700,49.5700,46.6700,46.6700,49.1500,1034290,49192193.1400,3,3.859291,1,-5.045800,0
2009-12-23,sz.300015,46.5100,48.1900,46.5100,47.6000,46.6700,917703,43666136.2500,3,3.424265,1,1.992700,0
2009-12-24,sz.300015,46.9900,48.7500,46.6000,48.7200,47.6000,1186890,56850722.1100,3,4.428694,1,2.352900,0
2009-12-25,sz.300015,48.3900,48.4000,46.9000,47.1000,48.7200,1060278,50160657.4000,3,3.956261,1,-3.325100,0
2009-12-28,sz.300015,47.2000,48.2000,47.1000,47.6500,47.1000,755537,36036511.1000,3,2.819168,1,1.167700,0
2009-12-29,sz.300015,47.8000,48.2000,46.3600,47.1400,47.6500,856216,40462029.7700,3,3.194836,1,-1.070300,0
2009-12-30,sz.300015,47.0000,48.9600,47.0000,48.1300,47.1400,1152064,55464186.3200,3,4.298746,1,2.100100,0
2009-12-31,sz.300015,48.4600,49.0600,47.8000,48.8000,48.1300,878657,42649368.3100,3,3.278571,1,1.392100,0
2010-01-04,sz.300015,48.9700,49.1900,48.5500,48.7700,48.8000,740314,36138617.8000,3,2.762366,1,-0.061500,0
2010-01-05,sz.300015,48.9500,51.4800,48.2900,51.0000,48.7700,1850184,92461796.6400,3,6.903672,1,4.572500,0
2010-01-06,sz.300015,50.8900,50.8900,49.6800,49.7400,51.0000,971079,48709591.5300,3,3.623429,1,-2.470600,0
2010-01-07,sz.300015,49.9500,49.9500,48.4100,48.5800,49.7400,928957,45556820.4200,3,3.466257,1,-2.332100,0
2010-01-08,sz.300015,48.2300,48.3900,46.7100,47.2300,48.5800,1136816,53706945.9100,3,4.241851,1,-2.778900,0
2010-01-11,sz.300015,46.9900,48.1900,46.5000,47.4000,47.2300,921556,43671673.6100,3,3.438642,1,0.359900,0
2010-01-12,sz.300015,47.4000,48.5400,47.1000,48.4400,47.4000,797391,38373690.8000,3,2.975340,1,2.194100,0
2010-01-13,sz.300015,47.8900,50.1000,47.0600,49.3500,48.4400,1397010,68894280.0800,3,5.212724,1,1.878600,0
2010-01-14,sz.300015,49.9900,52.5000,49.4100,51.5200,49.3500,1950890,100448782.5400,3,7.279440,1,4.397200,0
2010-01-15,sz.300015,51.5500,52.1500,50.5800,51.0600,51.5200,919192,46966088.5100,3,3.429821,1,-0.892900,0
2010-01-18,sz.300015,51.3000,51.7100,50.6900,51.2000,51.0600,520082,26632259.2100,3,1.940604,1,0.274200,0
2010-01-19,sz.300015,51.0100,51.2400,49.6000,50.0800,51.2000,874495,43734884.2200,3,3.263041,1,-2.187500,0
2010-01-20,sz.300015,50.0000,50.3000,46.9100,47.1000,50.0800,1123272,54157820.0200,3,4.191313,1,-5.950500,0
2010-01-21,sz.300015,47.2000,48.2800,47.2000,47.6300,47.1000,529544,25269104.3900,3,1.975910,1,1.125300,0
2010-01-22,sz.300015,47.2900,47.2900,44.1100,44.8000,47.6300,1528341,69359276.1800,3,5.702765,1,-5.941600,0
2010-01-25,sz.300015,44.4900,44.6000,43.0100,43.5100,44.8000,796699,34897441.1600,3,2.972757,1,-2.879500,0
2010-01-26,sz.300015,44.1000,44.8000,43.3000,43.6000,43.5100,570776,25064535.8700,3,2.129761,1,0.206800,0
2010-01-27,sz.300015,43.7000,44.5000,43.6000,43.7000,43.6000,512792,22637284.6600,3,1.913403,1,0.229400,0
2010-01-28,sz.300015,43.7800,44.6000,42.2500,44.0000,43.7000,1092296,47062271.7100,3,4.075731,1,0.686500,0
2010-01-29,sz.300015,43.7200,44.9900,43.1800,44.1100,44.0000,991806,44044773.7600,3,3.700769,1,0.250000,0
2010-02-01,sz.300015,41.0000,43.8500,39.8900,40.8000,44.1100,4700235,193757236.5200,3,14.030552,1,-7.504000,0
2010-02-02,sz.300015,41.0000,41.3900,40.5100,40.8200,40.8000,1210340,49710620.9000,3,3.612955,1,0.049000,0
2010-02-03,sz.300015,40.8800,41.3000,39.0100,40.3500,40.8200,1297607,51885314.6900,3,3.873454,1,-1.151400,0
2010-02-04,sz.300015,40.6000,41.4600,40.6000,41.1000,40.3500,995702,40997754.6300,3,2.972245,1,1.858700,0
2010-02-05,sz.300015,40.0500,41.6700,40.0200,41.0000,41.1000,808132,33125902.9500,3,2.412334,1,-0.243300,0
2010-02-08,sz.300015,40.8500,43.1400,40.8500,42.7000,41.0000,1623240,69054378.3300,3,4.845493,1,4.146300,0
2010-02-09,sz.300015,42.5000,43.2400,42.3100,42.8500,42.7000,472136,20151508.5300,3,1.409361,1,0.351300,0
2010-02-10,sz.300015,43.2800,44.8400,43.0100,44.6000,42.8500,1126056,49655866.1000,3,3.361361,1,4.084000,0
2010-02-11,sz.300015,44.5900,45.4500,44.0600,44.6200,44.6000,839876,37711042.8800,3,2.507093,1,0.044800,0
2010-02-12,sz.300015,44.7200,45.8800,44.6000,45.7600,44.6200,688817,31254815.1100,3,2.056170,1,2.554900,0
2010-02-22,sz.300015,45.4500,46.2500,45.0300,45.4300,45.7600,631008,28937865.2300,3,1.883606,1,-0.721200,0
2010-02-23,sz.300015,45.0300,45.7800,44.7500,45.5000,45.4300,620402,28001137.6200,3,1.851946,1,0.154100,0
2010-02-24,sz.300015,46.1000,47.7700,46.1000,47.5900,45.5000,1328743,62496567.2100,3,3.966397,1,4.593400,0
2010-02-25,sz.300015,48.1200,49.0000,47.6000,47.8400,47.5900,1488689,71781098.0900,3,4.443848,1,0.525300,0
2010-02-26,sz.300015,47.6000,49.8800,47.5100,49.1000,47.8400,1677641,82493438.1900,3,5.007884,1,2.633800,0
2010-03-01,sz.300015,49.1000,51.5000,49.1000,50.9000,49.1000,1948301,98289483.3000,3,5.815824,1,3.666000,0
2010-03-02,sz.300015,50.9000,51.7800,49.8700,50.3000,50.9000,1387809,70540296.2300,3,4.142713,1,-1.178800,0
2010-03-03,sz.300015,50.1200,50.6200,48.8000,49.2800,50.3000,1356079,67318495.2900,3,4.047997,1,-2.027800,0
2010-03-04,sz.300015,49.2800,51.8000,49.0300,50.3900,49.2800,2009270,102212946.8100,3,5.997821,1,2.252400,0
2010-03-05,sz.300015,50.5300,54.0000,50.4000,53.5000,50.3900,2330128,123293244.8600,3,6.955606,1,6.171900,0
2010-03-08,sz.300015,53.6000,54.5600,52.7100,54.1400,53.5000,1713200,91973895.0400,3,5.114030,1,1.196300,0
2010-03-09,sz.300015,54.3000,54.3000,52.8200,53.6800,54.1400,1167193,62463551.4000,3,3.484158,1,-0.849600,0
2010-03-10,sz.300015,53.8300,56.6000,53.5300,56.2900,53.6800,2358595,130626211.3600,3,7.040582,1,4.862100,0
2010-03-11,sz.300015,56.2500,56.7500,54.7000,56.3000,56.2900,1852220,103387105.9600,3,5.529015,1,0.017800,0
2010-03-12,sz.300015,56.3000,56.3000,56.3000,56.3000,56.3000,0,0.0000,3,,0,0.000000,0
2010-03-15,sz.300015,57.8000,58.3000,56.0300,56.8300,56.3000,3250682,186282022.4100,3,9.703528,1,0.941400,0
2010-03-16,sz.300015,56.9500,57.0000,55.0300,55.2100,56.8300,1621286,90455472.0600,3,4.839660,1,-2.850600,0
2010-03-17,sz.300015,55.4800,59.7000,55.4000,58.9800,55.2100,2801812,163030898.6100,3,8.363618,1,6.828500,0
2010-03-18,sz.300015,59.0000,61.6600,58.7100,59.6700,58.9800,2642148,159006833.4200,3,7.887009,1,1.169900,0
2010-03-19,sz.300015,59.5600,60.8900,59.0000,59.9900,59.6700,1211922,72692991.2200,3,3.617678,1,0.536300,0
2010-03-22,sz.300015,60.0300,60.5700,59.3200,60.4000,59.9900,1235021,74178698.3900,3,3.686630,1,0.683400,0
2010-03-23,sz.300015,60.3800,64.4800,59.8100,63.8500,60.4000,2393232,148244050.1400,3,7.143976,1,5.711900,0
2010-03-24,sz.300015,63.8500,65.6900,63.2000,64.6600,63.8500,2116251,136362093.5800,3,6.317167,1,1.268600,0
2010-03-25,sz.300015,64.0200,70.5000,63.9800,69.0000,64.6600,2881276,196268264.5100,3,8.600824,1,6.712000,0
2010-03-26,sz.300015,67.9000,72.9900,65.5000,71.3700,69.0000,3379556,233933991.3700,3,10.088227,1,3.434800,0
2010-03-29,sz.300015,71.3700,73.5900,67.5100,69.9100,71.3700,3781885,264412490.6200,3,11.289209,1,-2.045700,0
2010-03-30,sz.300015,69.3700,72.0000,68.9100,69.9000,69.9100,2102166,147708536.5900,3,6.275122,1,-0.014300,0
2010-03-31,sz.300015,69.5500,71.4800,69.1800,70.6000,69.9000,2088911,146825958.9400,3,6.235555,1,1.001400,0
2010-04-01,sz.300015,70.3300,72.4700,68.6000,68.8800,70.6000,3141391,222805316.8000,3,9.377287,1,-2.436300,0
2010-04-02,sz.300015,67.8800,68.5000,66.3800,66.8800,68.8800,2931319,197096809.5300,3,8.750206,1,-2.903600,0
2010-04-06,sz.300015,66.7900,70.3400,66.5000,70.3400,66.8800,2474055,170589322.9600,3,7.385239,1,5.173400,0
2010-04-07,sz.300015,70.6500,71.8000,69.2200,71.1000,70.3400,2012027,141968529.8800,3,6.006051,1,1.080500,0
2010-04-08,sz.300015,71.1000,71.1000,71.1000,71.1000,71.1000,0,0.0000,3,,0,0.000000,0
2010-04-09,sz.300015,69.5900,76.7500,69.0300,75.9000,71.1000,3200437,232366186.7200,3,9.553543,1,6.751100,0
2010-04-12,sz.300015,77.9000,78.7900,75.9300,77.0100,75.9000,3275805,252669468.2800,3,9.778522,1,1.462500,0
2010-04-13,sz.300015,76.5100,76.5100,69.3100,69.3200,77.0100,4364932,312332032.9900,3,13.029648,1,-9.985700,0
2010-04-14,sz.300015,69.4000,71.8000,68.2000,70.9500,69.3200,2148324,150051767.4500,3,6.412907,1,2.351400,0
2010-04-15,sz.300015,71.0800,71.8900,64.8800,67.0300,70.9500,2656186,183243904.4800,3,7.928913,1,-5.525000,0
2010-04-16,sz.300015,66.0100,73.7300,66.0000,73.6000,67.0300,4014811,289053222.5200,3,11.984510,1,9.801600,0
2010-04-19,sz.300015,36.4000,37.3800,34.9300,35.0000,36.6300,8120215,295019885.4000,3,12.119724,1,-4.449900,0
2010-04-20,sz.300015,35.0000,36.3000,32.0500,35.7000,35.0000,6623990,223632697.8800,3,9.886552,1,2.000000,0
2010-04-21,sz.300015,35.1600,39.0800,35.0000,38.2200,35.7000,6473300,242055105.3300,3,9.661642,1,7.058800,0
2010-04-22,sz.300015,38.2500,39.9900,37.4200,38.6000,38.2200,7940638,311212804.9600,3,11.851699,1,0.994200,0
2010-04-23,sz.300015,37.9000,39.7000,37.8500,38.9800,38.6000,4990243,194032924.1900,3,7.448124,1,0.984500,0
2010-04-26,sz.300015,38.9700,39.4900,37.0000,37.1200,38.9800,5040502,190831085.4800,3,7.523137,1,-4.771700,0
2010-04-27,sz.300015,36.9000,37.9300,36.0500,37.6100,37.1200,4412523,163939820.7500,3,6.585855,1,1.320000,0
2010-04-28,sz.300015,37.2000,38.1600,35.0000,35.0000,37.6100,5087265,184885242.8600,3,7.592933,1,-6.939600,0
2010-04-29,sz.300015,35.1800,35.8800,34.1800,34.3000,35.0000,3390927,118955889.1600,3,5.061085,1,-2.000000,0
2010-04-30,sz.300015,34.0200,35.2000,32.6800,35.1600,34.3000,3710857,125561144.3800,3,5.538593,1,2.507300,0
2010-05-04,sz.300015,34.2000,37.4000,34.0000,37.1300,35.1600,5200148,188856784.2700,3,7.761415,1,5.603000,0
2010-05-05,sz.300015,36.6500,38.0800,36.6000,37.9000,37.1300,4766484,178713462.8100,3,7.114155,1,2.073800,0
2010-05-06,sz.300015,38.0500,38.0500,36.5300,36.5300,37.9000,3792643,140792130.6500,3,5.660661,1,-3.614800,0
2010-05-07,sz.300015,35.1000,36.4500,34.8000,34.9000,36.5300,4070125,143921166.2000,3,6.074813,1,-4.462100,0
2010-05-10,sz.300015,34.6000,35.2400,31.5400,32.7000,34.9000,4486287,148076770.0000,3,6.695951,1,-6.303700,0
2010-05-11,sz.300015,33.2900,33.8000,30.8100,31.1000,32.7000,4020716,130214017.6700,3,6.001069,1,-4.893000,0
2010-05-12,sz.300015,30.1500,31.5000,29.7800,31.0000,31.1000,3860864,118725871.3300,3,5.762484,1,-0.321500,0
2010-05-13,sz.300015,31.2000,31.5000,29.4000,31.2600,31.0000,3846367,117819644.6100,3,5.740846,1,0.838700,0
2010-05-14,sz.300015,30.7800,32.4800,29.8000,31.3900,31.2600,3694546,114583536.5200,3,5.514248,1,0.415900,0
2010-05-17,sz.300015,30.8900,32.1000,30.4100,30.7000,31.3900,3181371,99750317.1400,3,4.748315,1,-2.198200,0
2010-05-18,sz.300015,30.9500,31.0500,29.2700,30.6600,30.7000,3765849,113481299.9500,3,5.620670,1,-0.130300,0
2010-05-19,sz.300015,30.2000,32.3000,30.0200,31.4700,30.6600,4082754,127807635.0700,3,6.093663,1,2.641900,0
2010-05-20,sz.300015,31.1200,32.7600,31.1200,31.6900,31.4700,4003818,128059903.7400,3,5.975848,1,0.699100,0
2010-05-21,sz.300015,30.6800,33.2700,30.3900,33.1300,31.6900,4828155,155698311.0400,3,7.206201,1,4.544000,0
2010-05-24,sz.300015,33.6300,35.1000,33.5200,35.1000,33.1300,4936647,169864207.4000,3,7.368130,1,5.946300,0
2010-05-25,sz.300015,34.8000,36.3700,34.5200,35.1900,35.1000,5243112,185555913.4700,3,7.825540,1,0.256400,0
2010-05-26,sz.300015,35.0000,36.0000,34.7000,35.0000,35.1900,3084460,108713061.9300,3,4.603672,1,-0.539900,0
2010-05-27,sz.300015,35.0000,38.3300,34.7500,37.9000,35.0000,6551652,240396037.6300,3,9.778585,1,8.285700,0
2010-05-28,sz.300015,38.0000,39.0800,37.3600,38.5100,37.9000,6149687,235246454.6800,3,9.178637,1,1.609500,0
2010-05-31,sz.300015,38.2200,39.5500,37.5000,37.5000,38.5100,5374025,207235970.9500,3,8.020933,1,-2.622700,0
2010-06-01,sz.300015,37.0000,37.5600,35.2100,36.5000,37.5000,5307884,193113221.9700,3,7.922215,1,-2.666700,0
2010-06-02,sz.300015,36.2100,39.2500,35.6100,39.0300,36.5000,5340774,198543685.2800,3,7.971304,1,6.931500,0
2010-06-03,sz.300015,39.3000,42.7300,39.0300,40.4900,39.0300,9303230,380353472.9200,3,13.885418,1,3.740700,0
2010-06-04,sz.300015,40.1300,43.5200,39.9700,43.2600,40.4900,7361037,308196203.3100,3,10.986622,1,6.841200,0
2010-06-07,sz.300015,42.6500,44.7700,42.1000,43.9000,43.2600,7874502,343503639.3400,3,11.752988,1,1.479400,0
2010-06-08,sz.300015,43.9000,44.1000,42.3300,42.7500,43.9000,5279898,226838084.0100,3,7.880445,1,-2.619600,0
2010-06-09,sz.300015,42.9600,45.8800,42.9600,45.0700,42.7500,7984378,356463474.8400,3,11.916982,1,5.426900,0
2010-06-10,sz.300015,44.7800,48.3500,44.5200,48.1800,45.0700,7657773,358392413.3600,3,11.429512,1,6.900400,0
2010-06-11,sz.300015,48.4200,49.5700,47.3000,48.9400,48.1800,6612029,320519856.8800,3,9.868700,1,1.577400,0
2010-06-17,sz.300015,48.9000,49.4900,46.8800,48.1000,48.9400,6062969,292431739.6900,3,9.049207,1,-1.716400,0
2010-06-18,sz.300015,47.3000,47.6000,43.2900,43.2900,48.1000,8286861,374330143.2000,3,12.368449,1,-10.000000,0
2010-06-21,sz.300015,41.9000,46.4800,40.3700,45.4000,43.2900,8227231,358191443.5300,3,12.279449,1,4.874100,0
2010-06-22,sz.300015,44.8000,46.2600,43.2500,43.3900,45.4000,5886771,265027773.7400,3,8.786225,1,-4.427300,0
2010-06-23,sz.300015,42.6000,44.3000,42.0000,43.5700,43.3900,5875701,252712214.9300,3,8.769703,1,0.414800,0
2010-06-24,sz.300015,43.1000,44.0000,43.0000,43.5800,43.5700,3099530,134745370.4500,3,4.626164,1,0.023000,0
2010-06-25,sz.300015,43.3000,43.5500,40.2100,41.3300,43.5800,4777405,199365217.1500,3,7.130455,1,-5.162900,0
2010-06-28,sz.300015,41.1000,42.0000,40.3700,41.7700,41.3300,3288679,135878491.6300,3,4.908476,1,1.064600,0
2010-06-29,sz.300015,41.5100,41.8000,39.2200,39.5200,41.7700,5282393,211727278.6400,3,7.884169,1,-5.386600,0
2010-06-30,sz.300015,38.9000,41.1800,37.8100,40.7000,39.5200,5465686,216281974.4800,3,8.157740,1,2.985800,0
2010-07-01,sz.300015,40.5300,40.7500,39.0000,39.1200,40.7000,3962334,157234050.6700,3,5.913931,1,-3.882100,0
2010-07-02,sz.300015,39.0100,39.5600,35.2100,37.3800,39.1200,7172161,265214847.6400,3,10.704718,1,-4.447900,0
2010-07-05,sz.300015,36.1500,36.9000,35.3000,35.8000,37.3800,4015133,144623735.0800,3,5.992736,1,-4.226900,0
2010-07-06,sz.300015,35.7800,38.7900,35.6900,38.6000,35.8000,5905010,223243228.1700,3,8.813448,1,7.821200,0
2010-07-07,sz.300015,38.7000,40.6000,38.7000,40.5500,38.6000,5681385,226883199.9900,3,8.479679,1,5.051800,0
2010-07-08,sz.300015,40.9500,41.2200,39.4400,40.6200,40.5500,5567642,224183062.1200,3,8.309913,1,0.172600,0
2010-07-09,sz.300015,40.3900,41.7000,39.8500,41.3200,40.6200,5958909,244708646.2800,3,8.893894,1,1.723300,0
2010-07-12,sz.300015,41.2000,41.4400,39.7100,40.3400,41.3200,5089956,206634264.7700,3,7.596949,1,-2.371700,0
2010-07-13,sz.300015,40.0000,40.8200,39.2200,40.2200,40.3400,3763889,150330145.8400,3,5.617745,1,-0.297500,0
2010-07-14,sz.300015,40.0700,40.4800,38.6600,38.9000,40.2200,4405582,174618873.5100,3,6.575496,1,-3.281900,0
2010-07-15,sz.300015,38.7000,39.3000,36.6000,36.6000,38.9000,4354647,164764635.5300,3,6.499473,1,-5.912600,0
2010-07-16,sz.300015,36.2000,37.6000,35.9400,37.4600,36.6000,3361758,124299306.4000,3,5.017549,1,2.349729,0
2010-07-19,sz.300015,37.0000,39.1000,36.8000,38.9500,37.4600,3590514,137766194.6100,3,5.358976,1,3.977600,0
2010-07-20,sz.300015,39.2900,41.3900,39.0900,40.9800,38.9500,5303120,216298212.7500,3,7.915104,1,5.211800,0
2010-07-21,sz.300015,41.2000,41.5000,40.3000,40.6000,40.9800,4873865,198902890.7000,3,7.274425,1,-0.927300,0
2010-07-22,sz.300015,40.6000,41.1300,39.7500,40.9300,40.6000,3666709,148676686.2800,3,5.472700,1,0.812800,0
2010-07-23,sz.300015,41.1800,42.8800,41.0000,41.9800,40.9300,5485401,230635058.5900,3,8.187166,1,2.565400,0
2010-07-26,sz.300015,41.9800,42.2000,40.5000,41.4300,41.9800,4113538,169895549.0800,3,6.139609,1,-1.310100,0
2010-07-27,sz.300015,41.2000,41.8000,40.5900,40.7100,41.4300,3404092,139688292.5400,3,5.080734,1,-1.737900,0
2010-07-28,sz.300015,40.5000,41.9800,40.3800,41.9300,40.7100,4558600,188900952.2500,3,6.803881,1,2.996800,0
2010-07-29,sz.300015,42.2900,43.9800,42.2700,42.5700,41.9300,5970954,257845973.0200,3,8.911872,1,1.526400,0
2010-07-30,sz.300015,42.2000,43.2800,41.8100,42.9900,42.5700,3834989,162907323.7200,3,5.723864,1,0.986600,0
2010-08-02,sz.300015,42.7900,43.4300,42.5000,43.4000,42.9900,3643712,156884546.0300,3,5.438376,1,0.953700,0
2010-08-03,sz.300015,43.5000,43.5100,41.8000,41.8000,43.4000,3990797,170076087.8600,3,5.956413,1,-3.686600,0
2010-08-04,sz.300015,41.6000,41.9900,40.6100,41.8100,41.8000,3518739,145171046.4800,3,5.251849,1,0.023900,0
2010-08-05,sz.300015,41.5700,42.3000,41.2500,41.5100,41.8100,2846902,119174880.1800,3,4.249107,1,-0.717500,0
2010-08-06,sz.300015,41.4600,42.4900,41.4300,42.3800,41.5100,2950543,124081885.5600,3,4.403796,1,2.095900,0
2010-08-09,sz.300015,42.4000,43.9700,42.1300,43.7200,42.3800,4711175,203903225.8200,3,7.031604,1,3.161900,0
2010-08-10,sz.300015,43.7200,44.0000,41.6100,41.6600,43.7200,4336771,185645783.4600,3,6.472793,1,-4.711800,0
2010-08-11,sz.300015,41.4300,42.4800,41.4300,41.9500,41.6600,2343774,98301615.7800,3,3.498170,1,0.696100,0
2010-08-12,sz.300015,41.5000,41.9500,40.8800,40.8800,41.9500,2645633,109163655.5400,3,3.948706,1,-2.550700,0
2010-08-13,sz.300015,40.9600,41.4000,40.5200,41.3900,40.8800,2668948,109363581.0200,3,3.983504,1,1.247600,0
2010-08-16,sz.300015,40.8000,41.9900,40.5200,41.7600,41.3900,4289635,178401627.5900,3,6.402440,1,0.893900,0
2010-08-17,sz.300015,41.6200,41.9300,40.5200,41.0400,41.7600,6376601,261113585.3500,3,9.517315,1,-1.724100,0
2010-08-18,sz.300015,40.9900,40.9900,39.3900,39.7000,41.0400,6548966,262006396.6300,3,9.774576,1,-3.265100,0
2010-08-19,sz.300015,39.6000,40.1100,39.4300,39.6200,39.7000,3746360,149100573.4700,3,5.591582,1,-0.201500,0
2010-08-20,sz.300015,39.6300,40.3000,38.9100,38.9700,39.6200,4155081,164580927.9400,3,6.201613,1,-1.640600,0
2010-08-23,sz.300015,38.9000,39.5900,38.1000,39.5900,38.9700,4489354,173579951.5600,3,6.700528,1,1.591000,0
2010-08-24,sz.300015,39.3000,39.7200,38.6900,39.3900,39.5900,3170345,124265307.1200,3,4.731858,1,-0.505200,0
2010-08-25,sz.300015,39.0500,39.1500,37.5000,37.8000,39.3900,3217097,123401099.0700,3,4.801637,1,-4.036600,0
2010-08-26,sz.300015,37.7000,38.1900,37.2300,37.4200,37.8000,2603734,97807233.8300,3,3.886170,1,-1.005300,0
2010-08-27,sz.300015,37.6000,38.0000,37.0000,37.9600,37.4200,2343137,88282440.3400,3,3.497219,1,1.443100,0
2010-08-30,sz.300015,38.1600,39.4800,37.7800,39.2200,37.9600,4122914,160061020.1700,3,6.153603,1,3.319300,0
2010-08-31,sz.300015,39.0000,39.0900,38.2000,38.3900,39.2200,3138080,120757406.3300,3,4.683701,1,-2.116300,0
2010-09-01,sz.300015,38.2000,38.8800,37.0100,37.2000,38.3900,3494177,132190674.7200,3,5.215190,1,-3.099800,0
2010-09-02,sz.300015,37.3700,37.6500,36.8000,37.2200,37.2000,3596127,133492188.6400,3,5.367354,1,0.053800,0
2010-09-03,sz.300015,37.2200,38.6800,36.7400,37.9000,37.2200,4714155,178515378.9400,3,7.036052,1,1.827000,0
2010-09-06,sz.300015,37.9000,38.0000,36.5200,36.6900,37.9000,4428008,163550765.3500,3,6.608967,1,-3.192600,0
2010-09-07,sz.300015,36.6500,36.9500,36.0000,36.8100,36.6900,2945140,107428816.4000,3,4.395731,1,0.327100,0
2010-09-08,sz.300015,36.8200,36.8700,36.3000,36.7100,36.8100,2147339,78497790.6100,3,3.204984,1,-0.271672,0
2010-09-09,sz.300015,36.8000,37.9900,36.8000,37.2500,36.7100,4143833,154567068.8400,3,6.184825,1,1.471000,0
2010-09-10,sz.300015,37.2500,38.5000,36.9600,38.4000,37.2500,5095512,193382985.8200,3,7.605242,1,3.087200,0
2010-09-13,sz.300015,38.3700,39.2800,38.0000,38.0700,38.4000,4239068,163604634.4100,3,6.326967,1,-0.859400,0
2010-09-14,sz.300015,38.0200,38.3500,36.8000,37.0500,38.0700,3627899,135529134.1800,3,5.414775,1,-2.679300,0
2010-09-15,sz.300015,37.1000,37.2900,35.6800,35.7900,37.0500,3581814,129792691.6800,3,5.345991,1,-3.400800,0
2010-09-16,sz.300015,35.7000,35.8800,34.0000,34.4000,35.7900,3483666,121171298.7600,3,5.199501,1,-3.883800,0
2010-09-17,sz.300015,35.9800,37.8400,35.9500,36.1500,34.4000,5283708,194679538.9500,3,7.886131,1,5.087200,0
2010-09-20,sz.300015,35.5000,35.5000,34.0000,34.5400,36.1500,3174755,109704510.0500,3,4.738440,1,-4.453700,0
2010-09-21,sz.300015,34.5400,34.7000,33.0100,33.5800,34.5400,2834877,94999705.3500,3,4.231160,1,-2.779400,0
2010-09-27,sz.300015,33.5900,33.9800,32.7000,33.7600,33.5800,2447008,81950074.2000,3,3.652251,1,0.536000,0
2010-09-28,sz.300015,33.8000,34.4700,33.1200,34.2100,33.7600,2386246,80590395.5700,3,3.561561,1,1.332900,0
2010-09-29,sz.300015,34.0100,34.9800,33.4000,33.6800,34.2100,1967554,67601131.0300,3,2.936648,1,-1.549300,0
2010-09-30,sz.300015,33.5500,34.6500,33.3500,34.4500,33.6800,1846519,63427688.3300,3,2.755999,1,2.286200,0
2010-10-08,sz.300015,34.6700,35.1900,34.3100,35.0100,34.4500,2042138,71074902.3600,3,3.047967,1,1.625500,0
2010-10-11,sz.300015,35.0200,35.0200,33.5900,34.3000,35.0100,2850403,97363946.0000,3,4.254333,1,-2.028000,0
2010-10-12,sz.300015,34.0100,35.2800,33.8900,34.4900,34.3000,2375508,82671815.7200,3,3.545534,1,0.553900,0
2010-10-13,sz.300015,34.4200,37.3800,33.9800,37.1400,34.4900,5573983,199381738.9500,3,8.319378,1,7.683400,0
2010-10-14,sz.300015,37.1400,38.6400,36.5000,37.1000,37.1400,5311745,199448031.4700,3,7.927978,1,-0.107700,0
2010-10-15,sz.300015,36.5100,36.7800,35.4500,36.3000,37.1000,3488643,125860525.6000,3,5.206930,1,-2.156300,0
2010-10-18,sz.300015,36.0000,37.5500,34.3100,37.2100,36.3000,3492557,126172692.9800,3,5.212772,1,2.506900,0
2010-10-19,sz.300015,37.1500,40.9300,36.9800,40.3500,37.2100,9574229,381793380.8500,3,14.289894,1,8.438600,0
2010-10-20,sz.300015,39.5000,41.5000,39.0200,39.3000,40.3500,7164391,286630786.2600,3,10.693121,1,-2.602200,0
2010-10-21,sz.300015,38.9000,38.9000,37.5100,38.5800,39.3000,3490483,133646954.9600,3,5.209676,1,-1.832100,0
2010-10-22,sz.300015,38.0100,40.0900,37.5800,39.0900,38.5800,3166847,124535802.8400,3,4.726637,1,1.321900,0
2010-10-25,sz.300015,39.1000,40.1500,38.6900,38.9200,39.0900,4310483,169889099.0800,3,6.433557,1,-0.434900,0
2010-10-26,sz.300015,38.8000,38.9500,37.7200,38.9500,38.9200,3399059,129747444.3500,3,5.073222,1,0.077100,0
2010-10-27,sz.300015,38.9500,39.8900,38.3000,38.3000,38.9500,2666107,104173868.3600,3,3.979264,1,-1.668800,0
2010-10-28,sz.300015,37.9000,41.6000,37.6900,40.8700,38.3000,6260449,249200295.8600,3,9.343954,1,6.710200,0
2010-10-29,sz.300015,40.7600,41.7600,39.8000,41.5800,40.8700,6878329,282650541.7300,3,10.266163,1,1.737200,0
2010-11-01,sz.300015,41.9900,45.7000,41.9900,44.0300,41.5800,7469192,328033319.8600,3,9.985551,1,5.892300,0
2010-11-02,sz.300015,43.9000,44.3700,42.1800,42.8000,44.0300,4766890,205959678.6800,3,6.372848,1,-2.793500,0
2010-11-03,sz.300015,41.5000,41.9900,40.0000,40.3100,42.8000,3025290,124331253.1300,3,4.044505,1,-5.817800,0
2010-11-04,sz.300015,40.3100,41.3600,40.1000,41.3300,40.3100,2888361,118135108.4900,3,3.861445,1,2.530400,0
2010-11-05,sz.300015,41.8000,41.8000,40.2500,40.9500,41.3300,2175297,89062841.7600,3,2.908151,1,-0.919400,0
2010-11-08,sz.300015,40.9000,42.5000,40.6000,41.8400,40.9500,3251787,135847658.7700,3,4.347309,1,2.173400,0
2010-11-09,sz.300015,41.6900,42.5500,41.5000,41.6000,41.8400,1795578,75158911.7700,3,2.400505,1,-0.573600,0
2010-11-10,sz.300015,41.4100,42.9000,41.4100,42.2500,41.6000,3277523,138478247.2600,3,4.381715,1,1.562500,0
2010-11-11,sz.300015,42.2200,42.4300,41.4200,41.4200,42.2500,2898045,121293533.3900,3,3.874392,1,-1.964500,0
2010-11-12,sz.300015,41.2000,41.3900,38.6500,38.6700,41.4200,3973422,158692070.6800,3,5.312061,1,-6.639300,0
2010-11-15,sz.300015,39.0000,40.7600,39.0000,40.7200,38.6700,2993196,120036655.2100,3,4.001599,1,5.301300,0
2010-11-16,sz.300015,40.9100,43.2000,40.7000,41.3200,40.7200,6002982,252688838.1900,3,8.025377,1,1.473500,0
2010-11-17,sz.300015,41.1300,42.7800,39.5000,39.6100,41.3200,3807845,156852509.5200,3,5.090702,1,-4.138400,0
2010-11-18,sz.300015,39.9800,40.5900,38.8100,40.1600,39.6100,1875191,74400734.9900,3,2.506940,1,1.388500,0
2010-11-19,sz.300015,40.2000,41.7700,39.5000,41.7000,40.1600,2923785,119877785.7600,3,3.908803,1,3.834700,0
2010-11-22,sz.300015,41.3800,43.3000,41.2000,42.4600,41.7000,4116137,175370967.1100,3,5.502857,1,1.822500,0
2010-11-23,sz.300015,42.0200,43.0400,41.4500,42.9400,42.4600,3333908,140976089.4100,3,4.457096,1,1.130500,0
2010-11-24,sz.300015,42.5200,43.3500,42.3800,43.0000,42.9400,2550877,109506545.4000,3,3.410263,1,0.139700,0
2010-11-25,sz.300015,43.2800,43.3900,41.5200,42.0200,43.0000,2659662,112713943.9800,3,3.555698,1,-2.279100,0
2010-11-26,sz.300015,42.0000,44.9900,41.7900,44.1500,42.0200,6887800,301118424.3900,3,9.208289,1,5.069000,0
2010-11-29,sz.300015,44.0000,44.7800,43.4500,44.5800,44.1500,4024139,178570006.4600,3,5.379865,1,0.974000,0
2010-11-30,sz.300015,44.5800,44.5800,44.5800,44.5800,44.5800,0,0.0000,3,,0,0.000000,0
2010-12-01,sz.300015,43.6000,43.6000,42.5000,42.8200,44.5800,3432631,147712622.3000,3,4.589079,1,-3.948000,0
2010-12-02,sz.300015,43.2800,44.2300,42.8000,42.8300,42.8200,1949992,84531181.7200,3,2.606941,1,0.023400,0
2010-12-03,sz.300015,42.7100,42.8000,41.4500,41.6800,42.8300,2351415,98434319.7000,3,3.143603,1,-2.685000,0
2010-12-06,sz.300015,42.3600,43.6200,41.8800,42.6900,41.6800,2275398,97083775.5200,3,3.041976,1,2.423200,0
2010-12-07,sz.300015,42.0000,43.1600,41.7000,42.7900,42.6900,1572859,67267054.5800,3,2.102753,1,0.234200,0
2010-12-08,sz.300015,42.6200,43.5000,42.4100,42.5600,42.7900,1205238,51688810.1900,3,1.611281,1,-0.537500,0
2010-12-09,sz.300015,42.5000,43.8700,42.5000,43.3900,42.5600,2370794,102704154.5000,3,3.169511,1,1.950200,0
2010-12-10,sz.300015,43.4500,44.6700,43.4100,44.1000,43.3900,2199556,97152829.2200,3,2.940583,1,1.636300,0
2010-12-13,sz.300015,44.5000,45.9500,44.4600,45.5000,44.1000,3613924,164123732.3300,3,4.831449,1,3.174600,0
2010-12-14,sz.300015,45.5000,46.4700,45.0800,45.9200,45.5000,2554640,117051035.9900,3,3.415294,1,0.923100,0
2010-12-15,sz.300015,46.0500,46.2800,44.8900,45.2700,45.9200,2433586,110216149.7400,3,3.253457,1,-1.415500,0
2010-12-16,sz.300015,45.0500,45.5000,44.7000,44.8700,45.2700,1388068,62464582.7200,3,1.855706,1,-0.883600,0
2010-12-17,sz.300015,44.6800,45.8000,44.6800,45.2600,44.8700,1082772,49043694.1400,3,1.447556,1,0.869200,0
2010-12-20,sz.300015,45.1500,47.0000,42.8000,46.5100,45.2600,3060682,137452052.0200,3,4.091821,1,2.761800,0
2010-12-21,sz.300015,46.0000,47.1000,45.8000,46.0000,46.5100,1576401,73281657.3100,3,2.107488,1,-1.096500,0
2010-12-22,sz.300015,46.0000,47.8000,45.7100,47.7500,46.0000,2805307,132275554.5700,3,3.750410,1,3.804300,0
2010-12-23,sz.300015,47.5600,47.9700,46.6800,46.7000,47.7500,1826522,85914875.7500,3,2.441874,1,-2.199000,0
2010-12-24,sz.300015,46.7000,46.7000,44.5800,45.2500,46.7000,1712369,77492977.5800,3,2.289263,1,-3.104900,0
2010-12-27,sz.300015,45.1000,45.4500,42.5000,43.0100,45.2500,2473764,108942386.4800,3,3.307171,1,-4.950300,0
2010-12-28,sz.300015,42.5000,43.5000,41.3500,43.2600,43.0100,1714554,72669508.5500,3,2.292184,1,0.581300,0
2010-12-29,sz.300015,43.2800,43.8800,43.0000,43.3400,43.2600,903551,39228047.7700,3,1.207956,1,0.184900,0
2010-12-30,sz.300015,43.3100,43.5000,42.5700,42.9000,43.3400,1230506,52950030.6600,3,1.645061,1,-1.015200,0
2010-12-31,sz.300015,42.6500,44.2600,42.5000,44.2400,42.9000,1215426,52877078.0700,3,1.624901,1,3.123500,0
2011-01-04,sz.300015,44.2000,44.5900,43.7000,43.9900,44.2400,1012354,44544594.8100,3,1.353414,1,-0.565100,0
2011-01-05,sz.300015,44.1000,44.9200,43.6900,44.5400,43.9900,1069374,47469831.7200,3,1.429644,1,1.250300,0
2011-01-06,sz.300015,44.0400,44.6600,42.4800,42.9000,44.5400,2057617,88582202.4700,3,2.750825,1,-3.682100,0
2011-01-07,sz.300015,42.8000,43.1900,41.8800,42.0000,42.9000,1422645,60412466.1000,3,1.901932,1,-2.097900,0
2011-01-10,sz.300015,42.0000,42.0200,39.7100,40.4700,42.0000,1506993,61610164.2600,3,2.014697,1,-3.642900,0
2011-01-11,sz.300015,40.0200,40.3000,39.2500,39.6100,40.4700,1097108,43523020.7600,3,1.466722,1,-2.125000,0
2011-01-12,sz.300015,39.6500,40.3000,38.3000,39.1600,39.6100,2284276,89644210.8300,3,3.053845,1,-1.136100,0
2011-01-13,sz.300015,39.3000,40.0000,39.0000,39.4300,39.1600,1126718,44490950.9600,3,1.506307,1,0.689500,0
2011-01-14,sz.300015,39.5000,39.5000,38.1400,38.1900,39.4300,843641,32516028.5700,3,1.127862,1,-3.144800,0
2011-01-17,sz.300015,37.5000,38.0000,35.7600,36.0800,38.1900,1534846,56327138.3900,3,2.051933,1,-5.525000,0
2011-01-18,sz.300015,35.9000,36.5600,35.0000,35.6800,36.0800,1500869,53702130.4000,3,2.006509,1,-1.108600,0
2011-01-19,sz.300015,35.9800,37.1000,35.6800,36.8500,35.6800,1670726,61212065.4200,3,2.233591,1,3.279100,0
2011-01-20,sz.300015,36.7400,36.9400,35.3700,35.3700,36.8500,1031148,37233494.4400,3,1.378540,1,-4.016300,0
2011-01-21,sz.300015,35.3700,36.2500,35.2100,35.4000,35.3700,1017650,36188489.2800,3,1.360495,1,0.084800,0
2011-01-24,sz.300015,35.7000,36.5600,35.0400,35.0500,35.4000,1451664,51865571.1900,3,1.940727,1,-0.988700,0
2011-01-25,sz.300015,34.8300,35.2900,33.9700,34.0500,35.0500,1544570,52931632.6700,3,2.064933,1,-2.853100,0
2011-01-26,sz.300015,33.9100,35.5000,33.9100,35.3400,34.0500,1016560,35385007.5900,3,1.359037,1,3.788500,0
2011-01-27,sz.300015,34.8700,36.4500,34.5800,36.3100,35.3400,1202446,43358346.1700,3,1.607548,1,2.744800,0
2011-01-28,sz.300015,36.4900,36.4900,35.7500,36.3000,36.3100,756150,27320066.8600,3,1.010896,1,-0.027500,0
2011-01-31,sz.300015,36.2000,36.8800,35.9000,36.6400,36.3000,877692,32043605.2300,3,1.173385,1,0.936600,0
2011-02-01,sz.300015,36.3100,37.2500,36.2000,37.1000,36.6400,548706,20280757.9800,3,0.733564,1,1.255500,0
2011-02-09,sz.300015,36.8000,38.0000,36.2000,37.7000,37.1000,1053212,39420590.5400,3,1.408037,1,1.617300,0
2011-02-10,sz.300015,37.5000,38.8500,37.1700,38.7100,37.7000,951201,36184669.6900,3,1.271659,1,2.679000,0
2011-02-11,sz.300015,38.7000,38.7000,38.2000,38.3000,38.7100,660990,25373426.4700,3,0.883676,1,-1.059200,0
2011-02-14,sz.300015,38.2800,38.6000,37.9600,38.3800,38.3000,1216464,46619666.6000,3,1.626289,1,0.208900,0
2011-02-15,sz.300015,38.4300,39.3300,38.4000,38.5500,38.3800,1007089,39057054.6300,3,1.346376,1,0.442900,0
2011-02-16,sz.300015,38.4000,38.7800,38.1000,38.6400,38.5500,1095380,42147129.7600,3,1.464412,1,0.233500,0
2011-02-17,sz.300015,38.6700,39.2900,38.4800,38.8800,38.6400,1224979,47549781.2100,3,1.637672,1,0.621100,0
2011-02-18,sz.300015,39.0000,39.1100,37.0100,37.5300,38.8800,1942161,73452657.7800,3,2.596472,1,-3.472200,0
2011-02-21,sz.300015,37.3500,37.8800,37.0600,37.5000,37.5300,1735804,64969116.1100,3,2.320594,1,-0.079900,0
2011-02-22,sz.300015,37.5000,38.2800,37.0600,37.1000,37.5000,1348922,50581607.8500,3,1.803372,1,-1.066700,0
2011-02-23,sz.300015,36.8400,37.3200,36.8400,37.1600,37.1000,1112766,41267561.6200,3,1.487655,1,0.161700,0
2011-02-24,sz.300015,37.1500,37.1500,36.6800,36.8500,37.1600,1183776,43656576.9600,3,1.582588,1,-0.834200,0
2011-02-25,sz.300015,37.0200,37.5000,36.7000,37.0300,36.8500,1021088,37797599.9900,3,1.365091,1,0.488500,0
2011-02-28,sz.300015,37.3000,38.3800,37.2400,38.1300,37.0300,1784252,67713795.7300,3,2.385364,1,2.970600,0
2011-03-01,sz.300015,38.0000,38.4900,37.8000,38.0400,38.1300,1153390,44039171.0500,3,1.541965,1,-0.236035,0
2011-03-02,sz.300015,37.8700,38.1000,36.7000,36.9800,38.0400,1495540,55570953.8400,3,1.999385,1,-2.786500,0
2011-03-03,sz.300015,37.0000,37.7600,36.3000,36.4000,36.9800,1416543,52190164.8900,3,1.893774,1,-1.568400,0
2011-03-04,sz.300015,36.3900,36.8000,36.1500,36.7500,36.4000,616342,22493956.1700,3,0.823987,1,0.961500,0
2011-03-07,sz.300015,36.9400,37.4000,36.5000,37.2900,36.7500,931073,34367218.1300,3,1.244750,1,1.469400,0
2011-03-08,sz.300015,37.3500,37.4900,36.8100,37.1500,37.2900,965682,35724111.6200,3,1.291019,1,-0.375400,0
2011-03-09,sz.300015,37.1600,37.1600,36.5000,36.9000,37.1500,758086,27953914.3500,3,1.013484,1,-0.672900,0
2011-03-10,sz.300015,37.0000,37.9000,36.9500,37.4600,36.9000,1673928,62849804.0600,3,2.237872,1,1.517600,0
2011-03-11,sz.300015,37.4700,37.6600,36.9000,37.3000,37.4600,1024255,38267278.4700,3,1.369325,1,-0.427100,0
2011-03-14,sz.300015,37.0000,37.2700,36.5600,37.0300,37.3000,1152424,42376365.7200,3,1.540674,1,-0.723900,0
2011-03-15,sz.300015,37.0300,37.1500,36.1500,36.6600,37.0300,935079,34040173.9000,3,1.250106,1,-0.999200,0
2011-03-16,sz.300015,36.4000,36.9000,36.3600,36.5600,36.6600,667527,24370981.8000,3,0.892416,1,-0.272800,0
2011-03-17,sz.300015,36.3600,36.3600,35.3900,36.1200,36.5600,1495757,53694290.0700,3,1.999675,1,-1.203500,0
2011-03-18,sz.300015,36.0200,36.2500,35.9300,35.9400,36.1200,852872,30722467.9500,3,1.140203,1,-0.498300,0
2011-03-21,sz.300015,35.9600,36.1000,35.3500,35.4400,35.9400,891305,31678824.9300,3,1.191584,1,-1.391200,0
2011-03-22,sz.300015,35.8300,35.8400,35.0200,35.7600,35.4400,545700,19273485.3100,3,0.729545,1,0.902900,0
2011-03-23,sz.300015,35.7600,36.0300,35.5000,36.0100,35.7600,518811,18622957.9600,3,0.693598,1,0.699100,0
2011-03-24,sz.300015,36.0000,36.6500,35.7100,36.1400,36.0100,657816,23906241.3900,3,0.879433,1,0.361000,0
2011-03-25,sz.300015,35.8200,36.3800,35.8000,36.0300,36.1400,622895,22382097.2600,3,0.832747,1,-0.304400,0
2011-03-28,sz.300015,36.3900,36.3900,35.4400,35.4400,36.0300,814469,29019609.2000,3,1.088862,1,-1.637500,0
2011-03-29,sz.300015,35.3000,35.4300,34.4800,34.6800,35.4400,1180139,41028021.5900,3,1.577726,1,-2.144500,0
2011-03-30,sz.300015,34.3300,34.8000,34.2200,34.3800,34.6800,502146,17294409.6700,3,0.671318,1,-0.865100,0
2011-03-31,sz.300015,34.6100,35.2500,34.2500,34.8100,34.3800,685134,23821950.6500,3,0.915955,1,1.250700,0
2011-04-01,sz.300015,35.0200,35.2300,34.8600,35.0600,34.8100,395907,13853694.8500,3,0.529287,1,0.718200,0
2011-04-06,sz.300015,35.0200,35.0900,34.5000,34.7000,35.0600,556261,19361144.3100,3,0.743664,1,-1.026800,0
2011-04-07,sz.300015,34.4800,35.1500,34.4800,34.8800,34.7000,579626,20229653.9600,3,0.774901,1,0.518700,0
2011-04-08,sz.300015,34.8800,36.2000,34.7800,35.9500,34.8800,1231218,43994824.6300,3,1.646013,1,3.067700,0
2011-04-11,sz.300015,36.3200,36.3200,35.0000,35.1600,35.9500,885272,31424163.2400,3,1.183519,1,-2.197500,0
2011-04-12,sz.300015,34.8100,35.9400,34.8100,35.4300,35.1600,657723,23378394.0400,3,0.879309,1,0.767900,0
2011-04-13,sz.300015,35.4200,36.6500,35.1500,36.3900,35.4300,1477554,53478024.5200,3,1.975340,1,2.709600,0
2011-04-14,sz.300015,36.3900,37.5300,36.2700,36.7800,36.3900,1268850,46825211.8400,3,1.696324,1,1.071700,0
2011-04-15,sz.300015,36.7800,37.3800,36.2800,36.4000,36.7800,893761,32873407.5500,3,1.194868,1,-1.033200,0
2011-04-18,sz.300015,36.4100,37.1900,35.8000,36.0000,36.4000,856737,30948774.2900,3,1.145370,1,-1.098900,0
2011-04-19,sz.300015,35.8400,35.8400,35.0300,35.0800,36.0000,874503,30801890.8900,3,1.169122,1,-2.555600,0
2011-04-20,sz.300015,35.0600,35.6000,35.0600,35.4500,35.0800,511962,18077267.6000,3,0.684441,1,1.054700,0
2011-04-21,sz.300015,35.7200,35.9800,35.1800,35.3000,35.4500,638365,22672209.0600,3,0.853429,1,-0.423100,0
2011-04-22,sz.300015,35.3500,35.4500,35.1100,35.2500,35.3000,442352,15591868.9500,3,0.591380,1,-0.141600,0
2011-04-25,sz.300015,35.1600,35.3000,34.5600,34.7600,35.2500,534670,18644398.0200,3,0.714799,1,-1.390100,0
2011-04-26,sz.300015,34.8100,35.6800,34.7000,35.6600,34.7600,819282,28851132.3300,3,1.095297,1,2.589200,0
2011-04-27,sz.300015,35.5600,36.0000,35.3700,35.4300,35.6600,748622,26734793.6000,3,1.000832,1,-0.645000,0
2011-04-28,sz.300015,35.4300,35.9400,34.1000,34.2000,35.4300,1097645,38336260.4200,3,1.467440,1,-3.471600,0
2011-04-29,sz.300015,34.1900,34.6400,34.1000,34.3000,34.2000,398345,13680492.5900,3,0.532547,1,0.292400,0
2011-05-03,sz.300015,34.3300,35.0900,34.3300,35.0900,34.3000,360235,12553473.4600,3,0.481598,1,2.303200,0
2011-05-04,sz.300015,35.0900,35.3500,34.5200,34.7500,35.0900,490089,17153414.4100,3,0.655199,1,-0.968900,0
2011-05-05,sz.300015,34.3800,35.3800,34.3800,35.2500,34.7500,550677,19383236.9800,3,0.736199,1,1.438800,0
2011-05-06,sz.300015,35.2500,35.2500,35.2500,35.2500,35.2500,0,0.0000,3,,0,0.000000,0
2011-05-09,sz.300015,35.5200,36.4400,35.5000,36.0800,35.2500,758873,27400022.6300,3,1.014536,1,2.354600,0
2011-05-10,sz.300015,36.3600,36.3600,35.7600,36.1700,36.0800,543143,19564295.9900,3,0.726127,1,0.249400,0
2011-05-11,sz.300015,36.1000,36.3000,35.8000,36.1500,36.1700,674938,24289045.6700,3,0.902324,1,-0.055300,0
2011-05-12,sz.300015,35.9500,35.9700,35.4000,35.9500,36.1500,573001,20485770.2200,3,0.766044,1,-0.553300,0
2011-05-13,sz.300015,35.6300,36.0000,35.6100,35.9900,35.9500,359895,12900213.0100,3,0.481143,1,0.111300,0
2011-05-16,sz.300015,36.1100,36.2200,35.8200,36.1700,35.9900,579778,20910226.6800,3,0.775104,1,0.500100,0
2011-05-17,sz.300015,36.0000,36.2000,35.8000,36.1000,36.0200,492795,17767894.8200,3,0.658817,1,0.222100,0
2011-05-18,sz.300015,36.0000,36.1800,35.8000,35.8200,36.1000,397362,14292496.3000,3,0.531233,1,-0.775600,0
2011-05-19,sz.300015,35.8000,36.0000,34.7500,35.0000,35.8200,787437,27760458.2500,3,1.052723,1,-2.289200,0
2011-05-20,sz.300015,34.6000,34.9800,34.6000,34.8100,35.0000,241584,8412495.1200,3,0.322973,1,-0.542900,0
2011-05-23,sz.300015,34.8100,34.9900,33.8100,34.0100,34.8100,687541,23471411.7600,3,0.919172,1,-2.298200,0
2011-05-24,sz.300015,34.0100,35.2000,33.8200,34.8000,34.0100,741199,25528345.2000,3,0.990908,1,2.322800,0
2011-05-25,sz.300015,34.8300,34.9500,33.8200,33.9000,34.8000,463832,15887912.4100,3,0.620096,1,-2.586200,0
2011-05-26,sz.300015,33.9200,34.2000,32.6200,32.6600,33.9000,708534,23626583.9100,3,0.947238,1,-3.657800,0
2011-05-27,sz.300015,32.6800,33.1800,31.6200,32.3000,32.6600,851659,27370691.0400,3,1.138582,1,-1.102300,0
2011-05-30,sz.300015,32.3000,33.0900,31.8800,32.8000,32.3000,643392,20945196.7600,3,0.860150,1,1.548000,0
2011-05-31,sz.300015,32.7400,32.7500,31.7000,32.4900,32.8000,673396,21596333.6300,3,0.900262,1,-0.945100,0
2011-06-01,sz.300015,32.5000,32.7000,32.2000,32.5200,32.4900,309470,10042769.1000,3,0.413730,1,0.092300,0
2011-06-02,sz.300015,32.3800,32.3800,31.3800,31.5900,32.5200,568976,18017155.0500,3,0.760663,1,-2.859800,0
2011-06-03,sz.300015,31.7000,32.0000,31.4600,31.9600,31.5900,303032,9638602.3100,3,0.405123,1,1.171300,0
2011-06-07,sz.300015,31.6900,32.1700,31.6100,32.1200,31.9600,265573,8502487.6800,3,0.355044,1,0.500600,0
2011-06-08,sz.300015,32.1000,32.2500,31.8800,32.1800,32.1200,305615,9827958.7700,3,0.408576,1,0.186800,0
2011-06-09,sz.300015,32.1800,32.1800,31.5000,31.5000,32.1800,448308,14241041.0000,3,0.599342,1,-2.113100,0
2011-06-10,sz.300015,31.5100,31.5100,30.5000,30.7000,31.5000,658352,20276850.9700,3,0.880150,1,-2.539700,0
2011-06-13,sz.300015,30.1800,31.3000,30.1800,31.2600,30.7000,543426,16800987.6400,3,0.726505,1,1.824100,0
2011-06-14,sz.300015,30.9100,31.4800,30.9100,31.2300,31.2600,337345,10527286.4600,3,0.450996,1,-0.096000,0
2011-06-15,sz.300015,31.2400,31.4200,30.9500,30.9900,31.2300,238374,7435501.1600,3,0.318682,1,-0.768500,0
2011-06-16,sz.300015,30.8500,30.8500,30.4000,30.4000,30.9900,239533,7318270.5500,3,0.320231,1,-1.903800,0
2011-06-17,sz.300015,30.5900,30.7600,29.6000,29.6600,30.4000,400009,12033289.1700,3,0.534771,1,-2.434200,0
2011-06-20,sz.300015,29.7700,30.0900,29.3300,29.3900,29.6600,553096,16429072.9100,3,0.739433,1,-0.910300,0
2011-06-21,sz.300015,29.3000,29.8500,29.3000,29.4200,29.3900,291300,8608826.1400,3,0.389439,1,0.102100,0
2011-06-22,sz.300015,29.6500,29.8800,29.2200,29.4200,29.4200,245701,7244925.3000,3,0.328477,1,0.000000,0
2011-06-23,sz.300015,29.4200,30.6000,29.3000,30.5500,29.4200,722587,21859916.8700,3,0.966025,1,3.840900,0
2011-06-24,sz.300015,30.4800,31.4800,30.4500,31.4000,30.5500,721569,22450305.9000,3,0.964664,1,2.782300,0
2011-06-27,sz.300015,31.3800,32.0700,31.2600,31.6700,31.4000,712088,22535283.3600,3,0.951989,1,0.859900,0
2011-06-28,sz.300015,31.9900,32.4700,31.7000,31.7000,31.6700,653976,21018512.2500,3,0.874299,1,0.094700,0
2011-06-29,sz.300015,31.9000,32.2000,31.3300,31.3500,31.7000,363935,11516991.8400,3,0.486544,1,-1.104100,0
2011-06-30,sz.300015,31.4500,32.0000,31.3000,31.9600,31.3500,587580,18615659.0600,3,0.785550,1,1.945800,0
2011-07-01,sz.300015,32.0000,32.2900,31.8600,32.0200,31.9600,431390,13831895.1600,3,0.576736,1,0.187700,0
2011-07-04,sz.300015,31.9900,32.7900,31.9900,32.6900,32.0200,553054,18006088.8500,3,0.739391,1,2.092400,0
2011-07-05,sz.300015,32.6900,33.3000,32.5200,32.8000,32.6900,568246,18704950.5800,3,0.759702,1,0.336500,0
2011-07-06,sz.300015,32.8000,32.8000,32.4100,32.6500,32.8000,390678,12702606.5600,3,0.522307,1,-0.457300,0
2011-07-07,sz.300015,32.5000,33.1000,32.5000,32.8000,32.6500,731792,24066774.3400,3,0.978350,1,0.459400,0
2011-07-08,sz.300015,32.9000,32.9400,32.5000,32.5800,32.8000,358054,11689964.9500,3,0.478691,1,-0.670724,0
2011-07-11,sz.300015,32.5000,33.5100,32.1000,33.2800,32.5800,703855,23319881.1400,3,0.941001,1,2.148600,0
2011-07-12,sz.300015,33.0600,34.1200,32.8800,33.5500,33.2800,1155208,38858896.5000,3,1.544425,1,0.811300,0
2011-07-13,sz.300015,33.2500,33.9900,33.2500,33.9600,33.5500,544536,18423582.1400,3,0.728003,1,1.222100,0
2011-07-14,sz.300015,34.0000,34.4400,33.9500,34.2900,33.9600,581652,19891392.0100,3,0.777624,1,0.971700,0
2011-07-15,sz.300015,34.2900,34.8900,34.1000,34.8700,34.2900,953943,33014795.7600,3,1.275349,1,1.691500,0
2011-07-18,sz.300015,34.8500,35.9000,34.8500,35.0200,34.8700,1676020,59293532.6100,3,2.240711,1,0.430200,0
2011-07-19,sz.300015,34.8600,35.1000,33.8100,34.0800,35.0200,1006935,34558930.0900,3,1.346195,1,-2.684200,0
2011-07-20,sz.300015,34.1500,34.5000,33.4200,34.2100,34.0800,699936,23699296.6200,3,0.935761,1,0.381500,0
2011-07-21,sz.300015,34.3000,34.6900,33.2000,33.5000,34.2100,713415,24159737.1600,3,0.953782,1,-2.075400,0
2011-07-22,sz.300015,33.6200,34.9500,33.6000,34.7200,33.5000,802645,27550216.8300,3,1.073075,1,3.641800,0
2011-07-25,sz.300015,34.8000,35.7600,34.2600,34.3300,34.7200,1962489,68883269.3000,3,2.623698,1,-1.123300,0
2011-07-26,sz.300015,34.5000,36.0000,34.2300,35.8000,34.3300,1917911,68252817.5300,3,2.564101,1,4.282000,0
2011-07-27,sz.300015,35.7000,36.1800,35.4300,35.9500,35.8000,1134864,40746933.0300,3,1.517227,1,0.419000,0
2011-07-28,sz.300015,35.7900,36.4500,35.6000,36.0800,35.9500,995737,36018998.4400,3,1.331225,1,0.361600,0
2011-07-29,sz.300015,36.0500,36.2600,35.1100,35.1500,36.0800,836600,29769564.9200,3,1.118471,1,-2.577600,0
2011-08-01,sz.300015,35.1000,35.8000,35.0000,35.5500,35.1500,603273,21314622.6300,3,0.806530,1,1.138000,0
2011-08-02,sz.300015,35.5900,35.8500,34.8000,35.8500,35.5500,555827,19601525.9700,3,0.743098,1,0.843900,0
2011-08-03,sz.300015,35.7000,36.9000,35.5200,36.6000,35.8500,1527885,55967861.2500,3,2.042666,1,2.092100,0
2011-08-04,sz.300015,36.6300,36.9800,36.4500,36.8000,36.6000,611402,22414059.5500,3,0.817398,1,0.546400,0
2011-08-05,sz.300015,36.0000,37.2800,35.6100,37.0000,36.8000,1590955,58530254.8200,3,2.126986,1,0.543500,0
2011-08-08,sz.300015,37.1500,38.1800,35.0100,36.7500,37.0000,2790678,103086435.1200,3,3.730924,1,-0.675700,0
2011-08-09,sz.300015,35.5000,36.9000,35.1000,36.1700,36.7500,1469377,53112507.5900,3,1.964445,1,-1.578200,0
2011-08-10,sz.300015,36.5500,37.4900,36.5500,36.7900,36.1700,1495315,55356543.8700,3,1.999122,1,1.714100,0
2011-08-11,sz.300015,36.0800,37.8000,36.0800,37.6500,36.7900,1611975,59785152.6900,3,2.155088,1,2.337600,0
2011-08-12,sz.300015,37.7200,38.2200,37.6800,37.9000,37.6500,1179463,44776260.5800,3,1.576852,1,0.664000,0
2011-08-15,sz.300015,38.2000,39.4900,37.8800,39.1500,37.9000,1772413,69002309.4800,3,2.369581,1,3.298200,0
2011-08-16,sz.300015,39.1000,39.7900,38.5000,38.5600,39.1500,1372522,53637875.6900,3,1.834957,1,-1.507000,0
2011-08-17,sz.300015,38.5500,39.2500,38.3900,39.0000,38.5600,738921,28752914.1500,3,0.987881,1,1.141100,0
2011-08-18,sz.300015,38.9900,39.0900,38.0000,38.1800,39.0000,912129,35300830.9800,3,1.219447,1,-2.102600,0
2011-08-19,sz.300015,37.8000,38.1500,37.2000,37.8500,38.1800,897196,33837269.2800,3,1.199483,1,-0.864300,0
2011-08-22,sz.300015,37.8500,38.5900,37.4800,37.6800,37.8500,639017,24263183.6500,3,0.854317,1,-0.449100,0
2011-08-23,sz.300015,37.6800,37.6800,37.6800,37.6800,37.6800,0,0.0000,3,,0,0.000000,0
2011-08-24,sz.300015,38.4600,39.4100,38.3000,38.4200,37.6800,1290783,50174812.5300,3,1.725679,1,1.963900,0
2011-08-25,sz.300015,38.3000,38.8700,38.1100,38.5300,38.4200,951918,36659417.3300,3,1.272642,1,0.286300,0
2011-08-26,sz.300015,38.5300,39.1900,38.5300,38.9500,38.5300,538009,20952382.4700,3,0.719277,1,1.090065,0
2011-08-29,sz.300015,39.3500,40.1800,39.1800,40.0300,38.9500,1651499,65833260.7000,3,2.207928,1,2.772800,0
2011-08-30,sz.300015,40.1900,40.1900,38.3100,38.4200,40.0300,1275618,50026628.9600,3,1.705404,1,-4.022000,0
2011-08-31,sz.300015,38.1000,39.1500,38.0600,38.2500,38.4200,1029752,39736735.5000,3,1.376700,1,-0.442500,0
2011-09-01,sz.300015,38.3400,39.0000,38.1100,38.5500,38.2500,493617,19078857.8900,3,0.659928,1,0.784300,0
2011-09-02,sz.300015,38.3800,38.6600,36.7100,37.0400,38.5500,1995359,74513586.7500,3,2.667643,1,-3.917000,0
2011-09-05,sz.300015,36.8000,36.8000,35.7700,35.9200,37.0400,1432762,51893330.3000,3,1.915494,1,-3.023800,0
2011-09-06,sz.300015,22.1200,23.4200,22.1200,22.6500,22.4500,1458999,33282084.2100,3,1.219107,1,0.890900,0
2011-09-07,sz.300015,22.5900,23.2600,22.4000,23.2300,22.6500,1333665,30517280.1600,3,1.114380,1,2.560700,0
2011-09-08,sz.300015,23.3000,23.5000,22.8100,22.8800,23.2300,722018,16630145.4700,3,0.603302,1,-1.506674,0
2011-09-09,sz.300015,22.8800,24.1000,22.7000,24.0300,22.8800,2417078,57139677.0000,3,2.019656,1,5.026200,0
2011-09-13,sz.300015,23.7800,24.2400,23.2100,23.4500,24.0300,1996768,47274019.5500,3,1.668454,1,-2.413600,0
2011-09-14,sz.300015,23.5200,23.7900,22.6800,23.3000,23.4500,1328092,30724098.5800,3,1.109724,1,-0.639700,0
2011-09-15,sz.300015,23.2800,23.5800,23.0800,23.1000,23.3000,1276398,29778674.3600,3,1.066529,1,-0.858400,0
2011-09-16,sz.300015,23.1100,23.3900,22.8000,23.1400,23.1000,765540,17636069.5300,3,0.639668,1,0.173200,0
2011-09-19,sz.300015,23.1300,23.2500,22.3600,22.4700,23.1400,923771,20860752.6800,3,0.771882,1,-2.895400,0
2011-09-20,sz.300015,22.4600,22.8500,22.1300,22.6500,22.4700,927867,20867582.0100,3,0.775305,1,0.801100,0
2011-09-21,sz.300015,22.7600,23.4000,22.3500,23.2000,22.6500,1093906,25277414.4500,3,0.914043,1,2.428300,0
2011-09-22,sz.300015,22.9600,23.3800,22.6000,22.6000,23.2000,680309,15620008.8700,3,0.568451,1,-2.586200,0
2011-09-23,sz.300015,22.3800,23.1500,22.2000,23.0000,22.6000,1223292,27864406.3700,3,1.022155,1,1.769900,0
2011-09-26,sz.300015,22.7600,23.4800,22.6800,22.7100,23.0000,823339,18987137.1900,3,0.687963,1,-1.260900,0
2011-09-27,sz.300015,22.8800,23.0800,22.3500,22.7000,22.7100,740521,16808138.5400,3,0.618763,1,-0.044000,0
2011-09-28,sz.300015,22.6000,23.0500,21.9300,21.9300,22.7000,1100404,24618195.4000,3,0.919473,1,-3.392100,0
2011-09-29,sz.300015,21.8000,22.0700,21.1000,21.3900,21.9300,1292652,27761331.8800,3,1.080111,1,-2.462400,0
2011-09-30,sz.300015,21.3000,21.5000,20.9500,21.2000,21.3900,1007198,21285727.1100,3,0.841592,1,-0.888300,0
2011-10-10,sz.300015,21.2900,22.1600,21.0400,22.1200,21.2000,1458713,31481006.3700,3,1.218868,1,4.339600,0
2011-10-11,sz.300015,22.4000,22.6600,21.8500,22.3400,22.1200,1249938,27811464.4800,3,1.044420,1,0.994600,0
2011-10-12,sz.300015,22.2100,23.9500,21.9000,23.6000,22.3400,2995020,70042023.6700,3,2.502571,1,5.640100,0
2011-10-13,sz.300015,23.6000,24.4500,23.5000,24.0300,23.6000,2213439,53375099.7400,3,1.849500,1,1.822000,0
2011-10-14,sz.300015,23.9900,24.3000,23.7500,24.2900,24.0300,1506561,36294968.0800,3,1.258848,1,1.082000,0
2011-10-17,sz.300015,24.3000,24.5500,23.9500,24.0000,24.2900,1548851,37483036.0300,3,1.294185,1,-1.193900,0
2011-10-18,sz.300015,23.6800,24.0800,23.3800,23.4000,24.0000,1390239,32948802.7300,3,1.161652,1,-2.500000,0
2011-10-19,sz.300015,23.5200,24.6500,23.4300,24.6000,23.4000,2495888,60457363.4800,3,2.085508,1,5.128200,0
2011-10-20,sz.300015,24.4500,24.7900,23.6000,24.1500,24.6000,2288443,55195608.4900,3,1.912171,1,-1.829300,0
2011-10-21,sz.300015,24.1100,24.3000,23.3000,23.3000,24.1500,1416814,33682429.3300,3,1.183858,1,-3.519700,0
2011-10-24,sz.300015,23.0100,23.8000,22.2100,23.5900,23.3000,2407173,55585670.0700,3,2.011379,1,1.244600,0
2011-10-25,sz.300015,23.4900,24.4800,23.3700,24.4500,23.5900,3687714,88800505.2700,3,3.081371,1,3.645600,0
2011-10-26,sz.300015,24.2600,24.7100,24.1000,24.2800,24.4500,1954402,47753443.3900,3,1.633054,1,-0.695300,0
2011-10-27,sz.300015,24.3400,24.8800,23.7000,23.7000,24.2800,2264581,54886936.8500,3,1.892233,1,-2.388800,0
2011-10-28,sz.300015,24.1000,24.7800,23.6800,24.7100,23.7000,4324982,105765200.9700,3,3.613857,1,4.261600,0
2011-10-31,sz.300015,24.6500,26.1800,24.5400,26.0500,24.7100,5803222,148244062.1000,3,4.849041,1,5.422900,0
2011-11-01,sz.300015,25.7100,26.6800,25.5500,25.8200,26.0500,6584508,172331238.1700,3,5.501866,1,-0.882900,0
2011-11-02,sz.300015,25.5000,27.0900,25.3000,26.9100,25.8200,4563645,120506312.1800,3,3.813279,1,4.221500,0
2011-11-03,sz.300015,26.8100,27.2800,26.3800,26.8300,26.9100,5212471,139407099.2700,3,4.355423,1,-0.297300,0
2011-11-04,sz.300015,27.0900,27.1000,26.1600,26.3900,26.8300,2690547,71549443.9200,3,2.248160,1,-1.640000,0
2011-11-07,sz.300015,26.2100,26.8700,26.1500,26.4000,26.3900,1833475,48575974.4100,3,1.532010,1,0.037900,0
2011-11-08,sz.300015,26.2000,26.5800,25.8000,25.9100,26.4000,1725187,45057018.4800,3,1.441527,1,-1.856100,0
2011-11-09,sz.300015,26.0100,26.9800,25.9500,26.8900,25.9100,3470765,92026648.4700,3,2.900093,1,3.782300,0
2011-11-10,sz.300015,26.6800,27.2000,26.5300,26.6300,26.8900,3166661,84999568.3200,3,2.645990,1,-0.966900,0
2011-11-11,sz.300015,26.6400,26.9600,26.1600,26.5100,26.6300,2299763,61025068.1100,3,1.921630,1,-0.450600,0
2011-11-14,sz.300015,26.6900,27.2800,26.5100,26.8000,26.5100,2925561,78615388.3300,3,2.444533,1,1.093900,0
2011-11-15,sz.300015,26.8500,27.0500,26.3200,26.5500,26.8000,2445024,64875238.8200,3,2.043007,1,-0.932800,0
2011-11-16,sz.300015,26.7000,26.9700,26.0200,26.1900,26.5500,3069876,81331566.3800,3,2.565119,1,-1.355900,0
2011-11-17,sz.300015,26.2000,26.4100,25.6000,25.9100,26.1900,2756459,71536263.8300,3,2.303235,1,-1.069100,0
2011-11-18,sz.300015,25.7200,25.9900,25.3400,25.5000,25.9100,2095426,53668210.4000,3,1.750891,1,-1.582400,0
2011-11-21,sz.300015,25.4400,25.6600,25.1000,25.6600,25.5000,1549308,39217821.2600,3,1.294567,1,0.627500,0
2011-11-22,sz.300015,25.3500,25.8400,25.2300,25.6700,25.6600,1586605,40597221.1100,3,1.325731,1,0.039000,0
2011-11-23,sz.300015,25.6700,25.7800,24.9000,24.9400,25.6700,2065785,51806702.2600,3,1.726123,1,-2.843800,0
2011-11-24,sz.300015,24.9100,25.2500,24.8300,25.0100,24.9400,1324030,33085215.6300,3,1.106330,1,0.280700,0
2011-11-25,sz.300015,25.0400,25.1500,24.3000,24.3900,25.0100,1968485,48506112.2300,3,1.644822,1,-2.479000,0
2011-11-28,sz.300015,24.5000,24.8000,24.0500,24.8000,24.3900,1724613,42239797.2200,3,1.441048,1,1.681000,0
2011-11-29,sz.300015,25.1300,25.9500,24.8500,25.7300,24.8000,2898949,73742544.0800,3,2.422296,1,3.750000,0
2011-11-30,sz.300015,25.7500,25.9000,24.3100,25.4500,25.7300,2837903,71678736.7300,3,2.371288,1,-1.088200,0
2011-12-01,sz.300015,26.0700,26.4300,25.6600,25.9900,25.4500,2958161,77260243.0900,3,2.471773,1,2.121800,0
2011-12-02,sz.300015,25.8000,25.9800,25.2800,25.5600,25.9900,1377494,35285581.4500,3,1.151003,1,-1.654500,0
2011-12-05,sz.300015,25.3200,25.5500,24.8300,24.9000,25.5600,1764036,44133763.2800,3,1.473989,1,-2.582200,0
2011-12-06,sz.300015,24.8000,25.3000,24.7800,25.0400,24.9000,886473,22178629.8300,3,0.740717,1,0.562200,0
2011-12-07,sz.300015,25.1800,25.3900,24.9900,25.2600,25.0400,568395,14334612.9000,3,0.474938,1,0.878600,0
2011-12-08,sz.300015,25.0000,26.0800,24.9000,25.9800,25.2600,2326521,59861519.5600,3,1.943988,1,2.850400,0
2011-12-09,sz.300015,25.7100,26.3100,25.3000,25.4700,25.9800,2578092,66723987.4600,3,2.154195,1,-1.963000,0
2011-12-12,sz.300015,25.4000,25.5800,24.7100,24.7700,25.4700,1465731,36779594.1200,3,1.224732,1,-2.748300,0
2011-12-13,sz.300015,24.7000,24.7000,24.0000,24.0400,24.7700,1499729,36376660.0700,3,1.253140,1,-2.947100,0
2011-12-14,sz.300015,24.0000,24.4700,23.7200,24.1700,24.0400,1235080,29808578.8400,3,1.032005,1,0.540800,0
2011-12-15,sz.300015,23.9500,24.3000,23.5500,23.7500,24.1700,1307410,31289183.8400,3,1.092442,1,-1.737700,0
2011-12-16,sz.300015,23.9500,24.6800,23.6600,24.6300,23.7500,1578376,38210347.5800,3,1.318855,1,3.705300,0
2011-12-19,sz.300015,24.5000,25.0400,24.3000,24.9500,24.6300,1764053,43581604.3500,3,1.474003,1,1.299200,0
2011-12-20,sz.300015,24.9500,25.1900,24.7100,24.8200,24.9500,870576,21761107.2300,3,0.727434,1,-0.521000,0
2011-12-21,sz.300015,25.1000,25.2300,24.0500,24.0500,24.8200,1064959,26385341.1700,3,0.889856,1,-3.102300,0
2011-12-22,sz.300015,23.9100,24.2900,23.1000,23.9400,24.0500,1851569,43867139.6900,3,1.547129,1,-0.457400,0
2011-12-23,sz.300015,23.8000,24.6500,23.5100,24.2300,23.9400,1242214,30151930.3100,3,1.037966,1,1.211400,0
2011-12-26,sz.300015,24.3000,24.7300,24.1200,24.1900,24.2300,934645,22821971.1100,3,0.780968,1,-0.165100,0
2011-12-27,sz.300015,24.1900,24.2800,23.6500,24.0000,24.1900,1249023,29846766.8500,3,1.043655,1,-0.785400,0
2011-12-28,sz.300015,23.7100,23.9900,22.9300,23.5600,24.0000,1689135,39377994.1900,3,1.411403,1,-1.833300,0
2011-12-29,sz.300015,23.4000,24.1500,23.1700,24.0000,23.5600,1124857,26652584.7500,3,0.939905,1,1.867600,0
2011-12-30,sz.300015,24.2000,25.0000,24.1000,24.9500,24.0000,1397067,34257053.9100,3,1.167358,1,3.958300,0
2012-01-04,sz.300015,24.9800,25.1600,23.7900,23.7900,24.9500,1636743,40040656.2300,3,1.367625,1,-4.649300,0
2012-01-05,sz.300015,23.5800,23.6000,22.3700,22.4200,23.7900,2751586,63309136.4800,3,2.299163,1,-5.758700,0
2012-01-06,sz.300015,22.4000,22.6800,21.9000,22.6600,22.4200,1818202,40699702.5600,3,1.519249,1,1.070500,0
2012-01-09,sz.300015,22.5100,23.4700,22.0900,23.1500,22.6600,2320876,53171162.1200,3,1.939272,1,2.162400,0
2012-01-10,sz.300015,23.1500,23.9900,22.7600,23.5000,23.1500,3507658,81913879.1200,3,2.930920,1,1.511900,0
2012-01-11,sz.300015,23.4100,23.7000,22.9200,22.9700,23.5000,2424689,56515504.0800,3,2.026015,1,-2.255300,0
2012-01-12,sz.300015,22.8800,23.0200,22.3500,22.4800,22.9700,2545719,57562608.3900,3,2.127145,1,-2.133200,0
2012-01-13,sz.300015,22.5200,22.5200,21.2100,21.3500,22.4800,2773275,60155831.4800,3,2.317286,1,-5.026700,0
2012-01-16,sz.300015,20.9900,21.5700,20.8800,21.0200,21.3500,2505421,53145451.4800,3,2.093473,1,-1.545700,0
2012-01-17,sz.300015,21.0200,21.9000,21.0000,21.8100,21.0200,1748840,37629651.6300,3,1.461291,1,3.758300,0
2012-01-18,sz.300015,21.8000,21.8000,20.2000,20.5700,21.8100,3174285,66586757.5900,3,2.652361,1,-5.685500,0
2012-01-19,sz.300015,20.5700,21.2000,20.2000,20.8700,20.5700,1668973,34632924.0800,3,1.394556,1,1.458400,0
2012-01-20,sz.300015,20.8000,21.2500,20.6100,21.1500,20.8700,1186211,24954028.1100,3,0.991171,1,1.341600,0
2012-01-30,sz.300015,21.1000,21.5700,21.1000,21.2200,21.1500,774186,16544418.1600,3,0.646892,1,0.331000,0
2012-01-31,sz.300015,21.1900,21.3900,20.7700,21.2400,21.2200,976744,20510601.1100,3,0.816145,1,0.094300,0
2012-02-01,sz.300015,21.1100,22.1200,21.1100,21.6800,21.2400,1403563,30548976.5600,3,1.172786,1,2.071600,0
2012-02-02,sz.300015,21.8500,21.9800,21.5100,21.9400,21.6800,891311,19440184.8500,3,0.744759,1,1.199300,0
2012-02-03,sz.300015,21.9500,22.2000,21.6600,22.1300,21.9400,1262704,27780060.8900,3,1.055087,1,0.866000,0
2012-02-06,sz.300015,22.0800,22.7900,22.0100,22.2800,22.1300,1593533,35628531.1800,3,1.331520,1,0.677800,0
2012-02-07,sz.300015,22.2200,22.3400,21.6800,21.7000,22.2800,915483,20093995.6600,3,0.764957,1,-2.603200,0
2012-02-08,sz.300015,21.8000,22.2800,21.7500,22.1700,21.7000,720980,15909789.1000,3,0.602435,1,2.165900,0
2012-02-09,sz.300015,22.1000,22.6500,22.1000,22.2500,22.1700,1141284,25602644.4400,3,0.953631,1,0.360800,0
2012-02-10,sz.300015,22.2800,22.6400,22.1200,22.4600,22.2500,1167399,26255991.3500,3,0.975452,1,0.943800,0
2012-02-13,sz.300015,22.4800,23.4700,22.1500,23.3500,22.4600,2384074,55004730.7000,3,1.992078,1,3.962600,0
2012-02-14,sz.300015,23.3500,23.4800,23.0000,23.3200,23.3500,1099825,25573609.2800,3,0.918989,1,-0.128500,0
2012-02-15,sz.300015,22.9900,23.1800,21.9000,22.7400,23.3200,9450564,213085265.1700,3,7.896678,1,-2.487100,0
2012-02-16,sz.300015,22.5000,22.5800,22.0900,22.4300,22.7400,6977012,155639526.3200,3,5.829834,1,-1.363200,0
2012-02-17,sz.300015,22.3000,22.7100,22.2000,22.4900,22.4300,3763370,84650983.0500,3,3.144587,1,0.267500,0
2012-02-20,sz.300015,22.6900,22.6900,22.0000,22.0800,22.4900,5066291,112677087.4500,3,4.233278,1,-1.823000,0
2012-02-21,sz.300015,21.9800,22.0700,21.3300,21.6800,22.0800,7339938,158207099.2400,3,6.133086,1,-1.811600,0
2012-02-22,sz.300015,21.6000,22.3500,21.5300,22.2200,21.6800,6667437,146726544.9900,3,5.571160,1,2.490800,0
2012-02-23,sz.300015,22.2600,22.6400,22.0600,22.3300,22.2200,4694853,105087037.5600,3,3.922913,1,0.495000,0
2012-02-24,sz.300015,22.3200,22.6000,22.1700,22.5900,22.3300,4578489,102738169.8700,3,3.825682,1,1.164400,0
2012-02-27,sz.300015,22.6200,22.7900,22.4500,22.5100,22.5900,4361945,98551113.4500,3,3.644743,1,-0.354100,0
2012-02-28,sz.300015,22.5100,22.6300,21.6100,21.8400,22.5100,4857588,107170540.0900,3,4.058891,1,-2.976500,0
2012-02-29,sz.300015,21.8800,21.9500,21.5000,21.8700,21.8400,2182861,47519353.4000,3,1.823949,1,0.137400,0
2012-03-01,sz.300015,21.8500,21.8800,21.5800,21.6600,21.8700,2117977,45988152.9800,3,1.769734,1,-0.960200,0
2012-03-02,sz.300015,21.6200,22.0000,21.6200,21.9400,21.6600,2073894,45304161.7600,3,1.732899,1,1.292700,0
2012-03-05,sz.300015,21.9200,22.4400,21.9200,22.0500,21.9400,2489595,55278888.9000,3,2.080249,1,0.501400,0
2012-03-06,sz.300015,21.9500,22.3600,21.7100,21.9000,22.0500,2041947,44896782.5000,3,1.706205,1,-0.680300,0
2012-03-07,sz.300015,21.7600,22.0500,21.5500,21.7100,21.9000,1684595,36730058.4300,3,1.407610,1,-0.867600,0
2012-03-08,sz.300015,21.7100,22.1700,21.7100,22.0000,21.7100,1735969,38086779.0100,3,1.450536,1,1.335800,0
2012-03-09,sz.300015,22.1600,22.6300,22.0000,22.5500,22.0000,4200746,94049996.4900,3,3.510048,1,2.500000,0
2012-03-12,sz.300015,22.5800,22.7800,22.3500,22.7800,22.5500,3517231,79395642.8800,3,2.938919,1,1.020000,0
2012-03-13,sz.300015,22.7000,22.8400,22.4800,22.6900,22.7800,2214444,50085138.0600,3,1.850339,1,-0.395100,0
2012-03-14,sz.300015,22.7200,22.8800,21.0000,21.7000,22.6900,4285105,95677714.8900,3,3.580537,1,-4.363200,0
2012-03-15,sz.300015,21.7000,21.9800,21.0800,21.3300,21.7000,2587507,55368334.3800,3,2.162062,1,-1.705100,0
2012-03-16,sz.300015,21.3500,22.1200,21.2700,22.0600,21.3300,3747321,81350536.0300,3,3.131177,1,3.422400,0
2012-03-19,sz.300015,22.0700,22.4400,21.8900,22.4300,22.0600,2244136,49992975.1600,3,1.875149,1,1.677200,0
2012-03-20,sz.300015,22.4300,22.4300,21.6300,21.6700,22.4300,1917805,41975029.7700,3,1.602475,1,-3.388300,0
2012-03-21,sz.300015,21.5600,21.8000,21.3000,21.7800,21.6700,1277359,27552642.5000,3,1.067332,1,0.507600,0
2012-03-22,sz.300015,21.7800,21.8900,21.5100,21.6300,21.7800,842229,18253017.2100,3,0.703748,1,-0.688700,0
2012-03-23,sz.300015,21.6300,21.6300,21.1900,21.2700,21.6300,1125806,24043155.1800,3,0.940698,1,-1.664400,0
2012-03-26,sz.300015,21.4500,21.4900,21.0900,21.2800,21.2700,883955,18770222.4600,3,0.738613,1,0.047000,0
2012-03-27,sz.300015,21.3800,21.4900,21.0300,21.0900,21.2800,882836,18750197.2600,3,0.737678,1,-0.892900,0
2012-03-28,sz.300015,21.1000,21.1000,19.8700,19.8900,21.0900,2323915,47365339.8700,3,1.941811,1,-5.689900,0
2012-03-29,sz.300015,19.9000,20.0500,19.1300,19.9700,19.8900,2608750,51154416.8100,3,2.179813,1,0.402200,0
2012-03-30,sz.300015,19.9300,20.1600,19.7600,20.0800,19.9700,962186,19249853.3300,3,0.803981,1,0.550800,0
2012-04-05,sz.300015,20.0900,20.6200,20.0000,20.5000,20.0800,1121508,22889385.9400,3,0.937107,1,2.091600,0
2012-04-06,sz.300015,20.5900,20.6000,20.0600,20.2200,20.5000,843911,17130580.2500,3,0.705153,1,-1.365900,0
2012-04-09,sz.300015,20.1900,20.3400,20.0000,20.0800,20.2200,515073,10396652.6600,3,0.430383,1,-0.692400,0
2012-04-10,sz.300015,20.0800,20.2300,19.7900,20.1900,20.0800,700516,14013001.1800,3,0.585335,1,0.547800,0
2012-04-11,sz.300015,20.1400,20.3000,19.9200,20.0500,20.1900,607502,12185696.6800,3,0.507615,1,-0.693400,0
2012-04-12,sz.300015,20.0300,20.6000,20.0300,20.5100,20.0500,1110301,22621996.8500,3,0.927742,1,2.294300,0
2012-04-13,sz.300015,20.5900,20.6400,20.2500,20.5600,20.5100,1172915,23994156.5200,3,0.980061,1,0.243800,0
2012-04-16,sz.300015,20.4000,20.5400,20.2500,20.3700,20.5600,546532,11138150.7200,3,0.456670,1,-0.924100,0
2012-04-17,sz.300015,20.3700,20.4900,20.1600,20.2100,20.3700,667122,13574612.1900,3,0.557432,1,-0.785500,0
2012-04-18,sz.300015,20.2100,20.5800,20.1000,20.5500,20.2100,1917259,39077828.2000,3,1.602018,1,1.682300,0
2012-04-19,sz.300015,20.5600,21.2300,20.5600,21.0800,20.5500,2675062,56205859.0700,3,2.235221,1,2.579100,0
2012-04-20,sz.300015,20.9500,21.3500,20.8800,21.0500,21.0800,1568998,33132205.9400,3,1.311019,1,-0.142300,0
2012-04-23,sz.300015,21.0000,21.0000,20.3100,20.4200,21.0500,1982211,40718583.2600,3,1.656291,1,-2.992900,0
2012-04-24,sz.300015,20.4200,20.4200,20.4200,20.4200,20.4200,0,0.0000,3,,0,0.000000,0
2012-04-25,sz.300015,20.1500,20.3000,19.9100,20.2600,20.4200,1157208,23302230.9500,3,0.966937,1,-0.783500,0
2012-04-26,sz.300015,20.2700,20.4500,20.0600,20.2500,20.2600,672026,13589878.2400,3,0.561530,1,-0.049400,0
2012-04-27,sz.300015,20.2000,20.3400,20.0700,20.2500,20.2500,688462,13890315.5000,3,0.575263,1,0.000000,0
2012-05-02,sz.300015,20.5100,20.7000,20.2500,20.5000,20.2500,981895,20063754.7600,3,0.820449,1,1.234600,0
2012-05-03,sz.300015,20.4400,20.9500,20.3500,20.9300,20.5000,1544452,31978116.7000,3,1.290509,1,2.097600,0
2012-05-04,sz.300015,20.9000,21.2000,20.7800,21.0900,20.9300,1253759,26347342.1300,3,1.047613,1,0.764500,0
2012-05-07,sz.300015,20.9500,21.1900,20.8500,21.1000,21.0900,1277133,26871410.3600,3,1.067143,1,0.047400,0
2012-05-08,sz.300015,21.2600,21.3000,20.9200,20.9500,20.9500,1068570,22518711.3600,3,0.892873,1,0.000000,0
2012-05-09,sz.300015,20.7300,20.8800,20.4900,20.6300,20.9500,853332,17620581.3400,3,0.713025,1,-1.527400,0
2012-05-10,sz.300015,20.6200,21.3800,20.6200,21.0800,20.6300,2219736,47053517.2000,3,1.854761,1,2.181300,0
2012-05-11,sz.300015,21.1100,21.3300,20.8900,20.9000,21.0800,1305341,27593403.2300,3,1.090713,1,-0.853900,0
2012-05-14,sz.300015,21.1900,21.2800,20.7000,20.8000,20.9000,713087,14895728.3000,3,0.595839,1,-0.478500,0
2012-05-15,sz.300015,20.5900,20.7800,20.4200,20.7000,20.8000,610458,12539660.8100,3,0.510085,1,-0.480800,0
2012-05-16,sz.300015,20.6800,20.6800,20.1000,20.1200,20.7000,700696,14265597.6700,3,0.585486,1,-2.801900,0
2012-05-17,sz.300015,20.1100,20.3700,19.9600,20.0500,20.1200,1097188,22079899.4600,3,0.916786,1,-0.347900,0
2012-05-18,sz.300015,20.0300,20.1000,19.6500,19.7000,20.0500,797525,15845505.4500,3,0.666394,1,-1.745600,0
2012-05-21,sz.300015,19.3600,20.0700,19.3600,19.9100,19.7000,700837,13903484.9700,3,0.585604,1,1.066000,0
2012-05-22,sz.300015,20.1000,20.2700,20.0500,20.1200,19.9100,505469,10192189.7300,3,0.422358,1,1.054700,0
2012-05-23,sz.300015,20.1200,20.2700,19.7500,19.8900,20.1200,576990,11518094.8500,3,0.482120,1,-1.143100,0
2012-05-24,sz.300015,20.0000,20.0000,19.6000,19.8500,19.8900,993705,19635323.0000,3,0.830317,1,-0.201100,0
2012-05-25,sz.300015,19.7200,19.8500,19.4500,19.4600,19.8500,602360,11793763.3400,3,0.503318,1,-1.964700,0
2012-05-28,sz.300015,19.5300,19.5400,19.2000,19.4000,19.4600,929636,17957585.5700,3,0.776783,1,-0.308300,0
2012-05-29,sz.300015,19.2300,19.9400,19.2300,19.7800,19.4000,1086423,21313477.9800,3,0.907791,1,1.958800,0
2012-05-30,sz.300015,19.8300,19.8900,19.6600,19.7800,19.7800,675276,13360872.2700,3,0.564245,1,0.000000,0
2012-05-31,sz.300015,19.7200,20.0300,19.5800,19.8800,19.7800,852622,16915239.7500,3,0.712432,1,0.505600,0
2012-06-01,sz.300015,19.7800,20.0500,19.7500,19.9500,19.8800,611371,12149695.4600,3,0.510848,1,0.352100,0
2012-06-04,sz.300015,19.7000,20.0400,19.5100,19.5100,19.9500,871928,17222566.0600,3,0.728563,1,-2.205500,0
2012-06-05,sz.300015,19.5100,19.8100,19.3500,19.5700,19.5100,751063,14759884.6300,3,0.627571,1,0.307500,0
2012-06-06,sz.300015,19.5800,19.7700,19.2500,19.5000,19.5700,624735,12180552.1600,3,0.522014,1,-0.357700,0
2012-06-07,sz.300015,19.6100,20.1500,19.6000,20.1100,19.5000,2558053,51122577.6700,3,2.137451,1,3.128200,0
2012-06-08,sz.300015,20.1700,20.4900,20.0300,20.0300,20.1100,1361866,27556539.9200,3,1.137944,1,-0.397800,0
2012-06-11,sz.300015,19.9100,20.3400,19.8200,20.1700,20.0300,1001854,20155709.7300,3,0.837127,1,0.699000,0
2012-06-12,sz.300015,20.1500,21.1500,20.0200,20.8000,20.1700,3218578,66720549.4100,3,2.689371,1,3.123500,0
2012-06-13,sz.300015,20.8500,21.2700,20.6800,20.9900,20.8000,2254584,47511065.2000,3,1.883879,1,0.913500,0
2012-06-14,sz.300015,20.9900,21.1500,20.6500,20.6900,20.9900,1422112,29736648.5600,3,1.188285,1,-1.429300,0
2012-06-15,sz.300015,20.7300,21.1400,20.6400,20.8500,20.6900,2141072,44709128.4700,3,1.789031,1,0.773300,0
2012-06-18,sz.300015,20.9000,21.2500,20.8300,20.9500,20.8500,1322506,27873307.4000,3,1.105056,1,0.479600,0
2012-06-19,sz.300015,20.8800,21.2000,20.8800,20.9900,20.9500,1080738,22760230.8300,3,0.903040,1,0.190900,0
2012-06-20,sz.300015,20.8600,21.0800,20.4900,20.5100,20.9900,1283831,26536855.6900,3,1.072740,1,-2.286800,0
2012-06-21,sz.300015,20.5300,20.6200,19.9500,20.0200,20.5100,1257215,25403263.2900,3,1.050500,1,-2.389100,0
2012-06-25,sz.300015,19.9500,20.2200,19.7100,20.0500,20.0200,1106531,22097525.4100,3,0.924592,1,0.149900,0
2012-06-26,sz.300015,20.0300,20.2600,19.8200,20.1000,20.0500,797729,15976803.8200,3,0.666564,1,0.249400,0
2012-06-27,sz.300015,20.1000,20.7800,20.0200,20.4700,20.1000,1178225,24217006.1800,3,0.984498,1,1.840800,0
2012-06-28,sz.300015,20.4400,20.6800,20.3300,20.3800,20.4700,529067,10837133.6700,3,0.442076,1,-0.439700,0
2012-06-29,sz.300015,20.3800,20.9900,20.2700,20.9700,20.3800,1153983,23898791.3900,3,0.964242,1,2.895000,0
2012-07-02,sz.300015,21.0500,21.3000,20.8500,21.1500,20.9700,1430430,30194936.7200,3,1.191576,1,0.858400,0
2012-07-03,sz.300015,21.0800,21.7900,21.0800,21.4200,21.1500,1819482,39114019.2400,3,1.515664,1,1.276600,0
2012-07-04,sz.300015,21.3200,21.5500,21.0600,21.1200,21.4200,1244183,26396441.5900,3,1.036429,1,-1.400600,0
2012-07-05,sz.300015,21.1000,21.2800,20.7200,21.0900,21.1200,1069359,22470669.6700,3,0.890797,1,-0.142000,0
2012-07-06,sz.300015,21.0900,22.0000,20.2000,21.8600,21.0900,2093063,45013973.5900,3,1.743562,1,3.651000,0
2012-07-09,sz.300015,21.8000,22.1100,21.3000,21.3600,21.8600,1942613,42230613.7700,3,1.618234,1,-2.287300,0
2012-07-10,sz.300015,21.3600,21.4600,20.5200,20.8300,21.3600,1642139,34260919.2800,3,1.367934,1,-2.481300,0
2012-07-11,sz.300015,20.7800,21.1400,20.6000,21.0600,20.8300,893177,18680127.6100,3,0.744034,1,1.104200,0
2012-07-12,sz.300015,20.9700,21.7000,20.8800,21.5000,21.0600,1835882,39347784.9400,3,1.529325,1,2.089300,0
2012-07-13,sz.300015,21.4700,21.5800,21.2200,21.3700,21.5000,892792,19126690.8800,3,0.743713,1,-0.604700,0
2012-07-16,sz.300015,20.3800,20.7800,19.3900,19.6000,21.3700,4318079,86504586.6000,3,3.597044,1,-8.282600,0
2012-07-17,sz.300015,19.6100,19.8400,19.5100,19.6400,19.6000,1254722,24694071.0600,3,1.045208,1,0.204100,0
2012-07-18,sz.300015,19.7400,19.9200,19.5700,19.8400,19.6400,708975,14005364.7000,3,0.590590,1,1.018300,0
2012-07-19,sz.300015,19.8000,20.3500,19.6300,20.1400,19.8400,1198098,23959411.3600,3,0.998039,1,1.512100,0
2012-07-20,sz.300015,20.0100,20.2900,20.0100,20.1500,20.1400,485257,9773546.3100,3,0.404229,1,0.049700,0
2012-07-23,sz.300015,20.0000,20.1600,19.4500,20.0400,20.1500,639505,12669075.0000,3,0.532720,1,-0.545900,0
2012-07-24,sz.300015,19.8200,20.2000,19.7700,20.1100,20.0400,407824,8196871.0400,3,0.339725,1,0.349300,0
2012-07-25,sz.300015,19.8000,20.3600,19.8000,20.0900,20.1100,556900,11172199.1300,3,0.463909,1,-0.099500,0
2012-07-26,sz.300015,20.1500,20.3000,20.0300,20.2000,20.0900,823049,16604521.2800,3,0.685616,1,0.547500,0
2012-07-27,sz.300015,20.2300,20.3900,20.0200,20.0300,20.2000,535859,10796092.4900,3,0.446381,1,-0.841600,0
2012-07-30,sz.300015,20.0300,20.3000,19.9000,19.9600,20.0300,604069,12122489.9700,3,0.503201,1,-0.349500,0
2012-07-31,sz.300015,19.9000,20.3500,19.6200,20.1500,19.9600,591650,11867544.2000,3,0.492856,1,0.951900,0
2012-08-01,sz.300015,20.0000,20.5000,19.9400,20.1000,20.1500,584927,11820116.8900,3,0.487256,1,-0.248100,0
2012-08-02,sz.300015,20.2300,20.4100,19.9800,20.1200,20.1000,420140,8477024.4600,3,0.349985,1,0.099500,0
2012-08-03,sz.300015,20.1700,20.5900,20.0100,20.5500,20.1200,598748,12204994.5600,3,0.498769,1,2.137200,0
2012-08-06,sz.300015,20.5000,20.7900,20.3400,20.7200,20.5500,741067,15262107.5900,3,0.617323,1,0.827300,0
2012-08-07,sz.300015,20.6600,20.9700,20.6600,20.8800,20.7200,687816,14326289.0000,3,0.572964,1,0.772200,0
2012-08-08,sz.300015,20.9000,20.9500,20.4400,20.5700,20.8800,450541,9322633.1000,3,0.375309,1,-1.484700,0
2012-08-09,sz.300015,20.5700,20.9300,20.3500,20.8100,20.5700,573638,11884535.9900,3,0.477852,1,1.166700,0
2012-08-10,sz.300015,20.6700,20.9900,20.5300,20.9800,20.8100,552866,11481177.2300,3,0.460548,1,0.816900,0
2012-08-13,sz.300015,20.7900,21.0300,20.5000,20.6700,20.9800,820003,17050947.7100,3,0.683078,1,-1.477600,0
2012-08-14,sz.300015,20.6700,21.1000,20.6000,21.1000,20.6700,704788,14738584.5000,3,0.587102,1,2.080300,0
2012-08-15,sz.300015,21.0300,21.2100,20.8100,20.8800,21.1000,533057,11227772.2300,3,0.444047,1,-1.042700,0
2012-08-16,sz.300015,20.8800,21.1000,20.6000,20.7000,20.8800,372504,7760421.9900,3,0.310303,1,-0.862100,0
2012-08-17,sz.300015,20.6800,20.7800,20.1200,20.3400,20.7000,468217,9570368.1400,3,0.390034,1,-1.739100,0
2012-08-20,sz.300015,20.1400,20.4100,20.0000,20.3200,20.3400,305583,6160066.2500,3,0.254557,1,-0.098300,0
2012-08-21,sz.300015,20.3200,20.7900,20.1000,20.7000,20.3200,556579,11478704.3400,3,0.463641,1,1.870100,0
2012-08-22,sz.300015,20.7800,20.9500,20.5500,20.8000,20.7000,654452,13574842.8600,3,0.545171,1,0.483100,0
2012-08-23,sz.300015,20.7100,21.1700,20.7000,20.9900,20.8000,719734,15119777.1800,3,0.599552,1,0.913500,0
2012-08-24,sz.300015,21.0200,21.2500,20.7200,20.7500,20.9900,537224,11238799.8200,3,0.447518,1,-1.143400,0
2012-08-27,sz.300015,20.6500,20.6500,20.1000,20.2500,20.7500,649452,13231162.6300,3,0.541006,1,-2.409600,0
2012-08-28,sz.300015,20.1600,20.4700,20.1000,20.1400,20.2500,716739,14498550.3700,3,0.597058,1,-0.543200,0
2012-08-29,sz.300015,20.1400,20.2500,19.7300,19.8500,20.1400,867101,17310978.5400,3,0.722312,1,-1.439900,0
2012-08-30,sz.300015,19.8200,20.0800,19.0800,19.4000,19.8500,1004195,19564857.0800,3,0.836514,1,-2.267006,0
2012-08-31,sz.300015,19.4000,19.5100,19.1000,19.2100,19.4000,1108306,21308823.9000,3,0.923240,1,-0.979400,0
2012-09-03,sz.300015,19.2000,19.3500,19.0800,19.3200,19.2100,1433576,27508618.1300,3,1.194197,1,0.572600,0
2012-09-04,sz.300015,19.3200,19.3600,19.0800,19.0800,19.3200,716780,13740530.5900,3,0.597092,1,-1.242200,0
2012-09-05,sz.300015,19.0000,19.4200,18.6500,19.3500,19.0800,1158406,21966876.8800,3,0.964975,1,1.415100,0
2012-09-06,sz.300015,19.2800,19.3700,19.1800,19.3600,19.3500,608532,11739161.8100,3,0.506919,1,0.051700,0
2012-09-07,sz.300015,19.5200,19.9900,19.4000,19.6000,19.3600,1595411,31430775.8000,3,1.329008,1,1.239700,0
2012-09-10,sz.300015,19.5000,19.7600,19.3900,19.5800,19.6000,1196077,23354329.1300,3,0.996355,1,-0.102000,0
2012-09-11,sz.300015,19.5700,19.5700,19.1600,19.3700,19.5800,643163,12449481.3200,3,0.535767,1,-1.072500,0
2012-09-12,sz.300015,19.4500,19.6300,19.1400,19.3300,19.3700,1167606,22595253.8800,3,0.972638,1,-0.206500,0
2012-09-13,sz.300015,19.3500,19.3800,19.1400,19.1400,19.3300,776737,14932830.8100,3,0.647037,1,-0.982900,0
2012-09-14,sz.300015,19.1900,19.3800,19.0800,19.1800,19.1400,637174,12226498.7000,3,0.530778,1,0.209000,0
2012-09-17,sz.300015,19.1300,19.1300,18.7400,18.7600,19.1800,1133900,21490346.5800,3,0.944561,1,-2.189800,0
2012-09-18,sz.300015,18.7500,18.7500,17.8000,17.9300,18.7600,1642522,29923673.1400,3,1.368253,1,-4.424300,0
2012-09-19,sz.300015,17.9500,17.9500,16.8900,17.2600,17.9300,4812563,82907305.6300,3,4.008958,1,-3.736800,0
2012-09-20,sz.300015,17.1700,17.4000,16.9100,17.0100,17.2600,1288339,22129282.8600,3,1.073211,1,-1.448400,0
2012-09-21,sz.300015,17.1500,17.2200,16.6900,16.7300,17.0100,1228132,20855956.5600,3,1.023058,1,-1.646100,0
2012-09-24,sz.300015,16.5900,16.7900,16.2600,16.5900,16.7300,1573068,25875020.2100,3,1.310396,1,-0.836800,0
2012-09-25,sz.300015,16.5800,16.8000,16.4500,16.5900,16.5900,767776,12791188.3200,3,0.639572,1,0.000000,0
2012-09-26,sz.300015,16.6100,16.6800,16.2700,16.3800,16.5900,699347,11461899.4300,3,0.582570,1,-1.265800,0
2012-09-27,sz.300015,16.5500,16.8700,16.4200,16.7700,16.3800,1094923,18310653.6900,3,0.912092,1,2.381000,0
2012-09-28,sz.300015,16.7200,17.0600,16.6500,16.9800,16.7700,819144,13828563.9700,3,0.682363,1,1.252200,0
2012-10-08,sz.300015,17.0600,17.2900,16.7000,17.2000,16.9800,915881,15540900.6900,3,0.762947,1,1.295600,0
2012-10-09,sz.300015,17.0000,17.6000,17.0000,17.5300,17.2000,1098290,19095065.2800,3,0.914897,1,1.918600,0
2012-10-10,sz.300015,17.4900,17.6200,17.2900,17.4800,17.5300,738982,12879964.6600,3,0.615586,1,-0.285200,0
2012-10-11,sz.300015,17.3800,17.3800,17.0000,17.1100,17.4800,766064,13149847.7000,3,0.638146,1,-2.116700,0
2012-10-12,sz.300015,17.0100,17.3000,17.0100,17.1500,17.1100,646651,11132745.6000,3,0.538673,1,0.233800,0
2012-10-15,sz.300015,16.8400,17.1600,16.8400,17.0000,17.1500,414357,7040613.7300,3,0.345167,1,-0.874600,0
2012-10-16,sz.300015,17.0000,17.8000,16.8800,17.4700,17.0000,1173358,20308388.0600,3,0.977430,1,2.764700,0
2012-10-17,sz.300015,17.3800,17.5500,17.2300,17.3700,17.4700,512335,8880634.9200,3,0.426785,1,-0.572400,0
2012-10-18,sz.300015,17.3700,17.9000,17.3000,17.7000,17.3700,1102348,19530006.0100,3,0.918277,1,1.899800,0
2012-10-19,sz.300015,17.7500,17.8500,17.5100,17.5500,17.7000,357577,6287175.8100,3,0.297869,1,-0.847466,0
2012-10-22,sz.300015,17.5100,17.6200,17.3400,17.5000,17.5500,443523,7753573.3400,3,0.369463,1,-0.284900,0
2012-10-23,sz.300015,17.5500,17.5800,17.1100,17.1100,17.5000,520109,8990362.0500,3,0.433261,1,-2.228600,0
2012-10-24,sz.300015,17.0200,17.2200,16.9600,17.0500,17.1100,450546,7702345.1500,3,0.375314,1,-0.350700,0
2012-10-25,sz.300015,17.1400,17.2400,16.5400,16.6700,17.0500,743602,12533981.3700,3,0.619435,1,-2.228700,0
2012-10-26,sz.300015,16.7500,16.8300,16.3000,16.4100,16.6700,473722,7832730.0500,3,0.394620,1,-1.559700,0
2012-10-29,sz.300015,16.3900,16.6900,16.3200,16.6700,16.4100,332361,5494954.9200,3,0.276863,1,1.584400,0
2012-10-30,sz.300015,16.5600,16.9500,16.5600,16.7800,16.6700,433573,7303057.6500,3,0.335051,1,0.659900,0
2012-10-31,sz.300015,16.7800,16.9700,16.6700,16.7900,16.7800,227198,3816982.1100,3,0.175571,1,0.059600,0
2012-11-01,sz.300015,16.6900,17.1200,16.6900,17.1100,16.7900,665476,11269492.1300,3,0.514257,1,1.905900,0
2012-11-02,sz.300015,17.1300,17.1500,17.0200,17.1200,17.1100,384020,6568167.0100,3,0.296758,1,0.058400,0
2012-11-05,sz.300015,17.1000,17.4600,17.0100,17.2700,17.1200,703007,12195448.6500,3,0.543260,1,0.876200,0
2012-11-06,sz.300015,17.3800,17.4000,16.9600,17.2700,17.2700,532425,9151290.9400,3,0.411440,1,0.000000,0
2012-11-07,sz.300015,17.1300,17.2700,16.9000,16.9300,17.2700,338659,5747650.6200,3,0.261704,1,-1.968700,0
2012-11-08,sz.300015,16.8100,17.1200,16.6800,16.7000,16.9300,478752,8078215.7800,3,0.369963,1,-1.358500,0
2012-11-09,sz.300015,16.9000,16.9000,16.5000,16.5100,16.7000,427086,7093130.4500,3,0.330038,1,-1.137700,0
2012-11-12,sz.300015,16.5200,16.7400,16.4600,16.5000,16.5100,325319,5379874.0200,3,0.251396,1,-0.060600,0
2012-11-13,sz.300015,16.6000,16.6000,16.3000,16.4900,16.5000,298712,4901560.6100,3,0.230835,1,-0.060600,0
2012-11-14,sz.300015,16.5800,16.7300,16.4000,16.7100,16.4900,200784,3325847.5100,3,0.155159,1,1.334100,0
2012-11-15,sz.300015,16.6800,16.6800,16.4000,16.5000,16.7100,154000,2547568.2500,3,0.119006,1,-1.256700,0
2012-11-16,sz.300015,16.5000,16.6700,16.4100,16.5500,16.5000,195325,3233215.3500,3,0.150941,1,0.303000,0
2012-11-19,sz.300015,16.3900,16.6700,16.3900,16.6200,16.5500,149023,2465113.5200,3,0.115160,1,0.423000,0
2012-11-20,sz.300015,16.6500,16.7000,16.0000,16.0000,16.6200,486529,7969099.8300,3,0.375973,1,-3.730400,0
2012-11-21,sz.300015,16.0000,16.0200,15.4100,15.7700,16.0000,1165625,18241071.6600,3,0.900756,1,-1.437500,0
2012-11-22,sz.300015,15.7500,15.7500,15.3200,15.4000,15.7700,351349,5471599.8400,3,0.271511,1,-2.346200,0
2012-11-23,sz.300015,15.5400,15.7900,15.4000,15.6000,15.4000,475398,7452037.1500,3,0.367372,1,1.298700,0
2012-11-26,sz.300015,15.5300,15.7100,15.5000,15.5100,15.6000,188982,2944254.4000,3,0.146039,1,-0.576900,0
2012-11-27,sz.300015,15.4100,15.6000,14.9200,15.5100,15.5100,788059,12042160.8900,3,0.608985,1,0.000000,0
2012-11-28,sz.300015,15.2100,15.4500,15.1200,15.1500,15.5100,208451,3186610.2300,3,0.161084,1,-2.321100,0
2012-11-29,sz.300015,15.1500,15.5000,14.9700,14.9700,15.1500,309328,4716493.1400,3,0.239038,1,-1.188100,0
2012-11-30,sz.300015,15.0000,15.1400,14.9200,15.1100,14.9700,217558,3268194.1300,3,0.168122,1,0.935200,0
2012-12-03,sz.300015,15.0100,15.2600,14.6000,14.6300,15.1100,379278,5621497.5300,3,0.293093,1,-3.176700,0
2012-12-04,sz.300015,14.5000,14.7500,14.4000,14.7000,14.6300,531093,7743805.8100,3,0.410411,1,0.478500,0
2012-12-05,sz.300015,14.5100,15.3100,14.5000,15.0000,14.7000,589515,8875277.5700,3,0.455557,1,2.040800,0
2012-12-06,sz.300015,15.0300,15.2600,14.7000,15.1200,15.0000,529126,7911290.9200,3,0.408891,1,0.800000,0
2012-12-07,sz.300015,15.3100,15.5500,15.2000,15.4200,15.1200,746886,11520229.6600,3,0.577168,1,1.984100,0
2012-12-10,sz.300015,15.4500,15.9200,15.3300,15.7600,15.4200,980703,15258568.7300,3,0.757854,1,2.204900,0
2012-12-11,sz.300015,15.7600,15.7600,15.5000,15.5000,15.7600,421712,6587210.6100,3,0.325885,1,-1.649700,0
2012-12-12,sz.300015,15.4800,15.7700,15.4600,15.7200,15.5000,420998,6561766.2400,3,0.325333,1,1.419400,0
2012-12-13,sz.300015,15.5800,15.8000,15.4200,15.5500,15.7200,333364,5203719.6200,3,0.257612,1,-1.081400,0
2012-12-14,sz.300015,15.5100,16.2900,15.5000,16.1300,15.5500,911324,14578651.1500,3,0.704241,1,3.729900,0
2012-12-17,sz.300015,16.2600,16.3000,15.8900,15.9500,16.1300,1159950,18625405.9900,3,0.896370,1,-1.115900,0
2012-12-18,sz.300015,15.9000,16.1500,15.7000,15.9800,15.9500,1018297,16207079.9000,3,0.786906,1,0.188100,0
2012-12-19,sz.300015,15.9800,16.2000,15.9000,16.0800,15.9800,651175,10423171.9900,3,0.503206,1,0.625800,0
2012-12-20,sz.300015,16.0000,16.2000,15.9600,16.1800,16.0800,991674,15913106.7000,3,0.766332,1,0.621900,0
2012-12-21,sz.300015,16.2000,16.9900,16.1000,16.7900,16.1800,2086830,34533764.6800,3,1.612632,1,3.770100,0
2012-12-24,sz.300015,16.7900,17.0400,16.6100,16.8600,16.7900,1436733,24206338.8000,3,1.110259,1,0.416900,0
2012-12-25,sz.300015,16.8900,17.3400,16.7200,16.9600,16.8600,1618096,27685624.8900,3,1.250410,1,0.593100,0
2012-12-26,sz.300015,16.9600,17.0000,16.8500,16.9900,16.9600,910768,15432133.8900,3,0.703811,1,0.176900,0
2012-12-27,sz.300015,16.9600,17.1600,16.7000,17.0000,16.9900,1613088,27197711.3400,3,1.246540,1,0.058900,0
2012-12-28,sz.300015,16.9800,17.1700,16.7500,17.1400,17.0000,814330,13825286.4100,3,0.629287,1,0.823500,0
2012-12-31,sz.300015,17.1300,17.2400,16.9500,17.0100,17.1400,1034598,17597522.5300,3,0.303896,1,-0.758500,0
2013-01-04,sz.300015,17.0900,17.2800,16.5000,16.6500,17.0100,1145346,19143952.6300,3,0.336426,1,-2.116400,0
2013-01-07,sz.300015,16.5000,16.8200,16.4400,16.6600,16.6500,1183822,19654968.7700,3,0.347728,1,0.060100,0
2013-01-08,sz.300015,16.6600,17.0700,16.4500,17.0200,16.6600,1327370,22371498.3000,3,0.389892,1,2.160900,0
2013-01-09,sz.300015,17.0200,17.0600,16.7200,16.8400,17.0200,1027501,17409619.4700,3,0.301811,1,-1.057600,0
2013-01-10,sz.300015,16.8000,17.1900,16.7000,17.1700,16.8400,1045816,17691267.8100,3,0.307191,1,1.959600,0
2013-01-11,sz.300015,17.1800,17.5900,16.7800,16.7900,17.1700,1648646,28351288.2600,3,0.484262,1,-2.213200,0
2013-01-14,sz.300015,16.6800,17.3200,16.6300,17.2900,16.7900,1208705,20646340.3500,3,0.355037,1,2.978000,0
2013-01-15,sz.300015,17.4800,17.9600,17.3300,17.8500,17.2900,1914231,33809933.6200,3,0.562273,1,3.238900,0
2013-01-16,sz.300015,17.8500,17.8700,17.4900,17.6800,17.8500,1162163,20511845.9500,3,0.341366,1,-0.952400,0
2013-01-17,sz.300015,17.7500,17.7800,17.5500,17.6000,17.6800,759654,13374147.2800,3,0.223135,1,-0.452500,0
2013-01-18,sz.300015,17.6300,17.8200,17.3700,17.7900,17.6000,893304,15749816.7500,3,0.262393,1,1.079500,0
2013-01-21,sz.300015,17.8100,18.3000,17.7300,17.7900,17.7900,1012306,18177945.3200,3,0.297348,1,0.000000,0
2013-01-22,sz.300015,17.8200,18.0500,17.4500,17.4600,17.7900,1023252,18142362.9100,3,0.300563,1,-1.855000,0
2013-01-23,sz.300015,17.5800,17.6300,17.2900,17.6300,17.4600,998196,17460347.7000,3,0.293203,1,0.973700,0
2013-01-24,sz.300015,17.6300,17.7700,17.4500,17.5000,17.6300,1264775,22213820.2900,3,0.371506,1,-0.737400,0
2013-01-25,sz.300015,17.4200,17.4200,16.9100,17.0600,17.5000,1195237,20403827.8800,3,0.351081,1,-2.514300,0
2013-01-28,sz.300015,17.1500,17.4100,17.0200,17.4100,17.0600,1075996,18506371.3000,3,0.316056,1,2.051600,0
2013-01-29,sz.300015,17.3800,17.5800,17.2300,17.4700,17.4100,565625,9838518.0600,3,0.166143,1,0.344600,0
2013-01-30,sz.300015,17.4700,17.5000,17.1700,17.2400,17.4700,765648,13248506.3700,3,0.224896,1,-1.316500,0
2013-01-31,sz.300015,17.2500,17.3100,16.9000,16.9000,17.2400,1905375,32417416.4000,3,0.559672,1,-1.972200,0
2013-02-01,sz.300015,16.9000,17.1500,16.6000,16.6700,16.9000,1933983,32473350.6800,3,0.568075,1,-1.360900,0
2013-02-04,sz.300015,16.6700,16.8400,16.3200,16.4000,16.6700,1525738,25193109.6900,3,0.448160,1,-1.619700,0
2013-02-05,sz.300015,16.3200,16.7000,16.3100,16.5900,16.4000,1286907,21328713.6000,3,0.378007,1,1.158500,0
2013-02-06,sz.300015,16.6600,16.8400,16.6000,16.7500,16.5900,969702,16213555.2100,3,0.284833,1,0.964400,0
2013-02-07,sz.300015,16.7500,16.8800,16.6500,16.8300,16.7500,935810,15720531.2000,3,0.274878,1,0.477600,0
2013-02-08,sz.300015,16.8600,18.5100,16.8500,18.5100,16.8300,5580448,100902350.1400,3,1.639162,1,9.982200,0
2013-02-18,sz.300015,18.6900,19.5900,18.6200,19.5200,18.5100,9561007,183857185.1900,3,2.808383,1,5.456500,0
2013-02-19,sz.300015,19.2900,20.2500,19.2300,19.5500,19.5200,6917739,136644584.4300,3,2.031968,1,0.153700,0
2013-02-20,sz.300015,19.5000,21.5100,19.4600,21.5100,19.5500,6911925,142120780.3400,3,2.030261,1,10.025600,0
2013-02-21,sz.300015,21.4800,21.5500,20.8000,21.2800,21.5100,4462465,94734894.9700,3,1.310773,1,-1.069300,0
2013-02-22,sz.300015,21.0000,21.4700,20.2800,20.7500,21.2800,4698804,96867820.8300,3,1.380194,1,-2.490600,0
2013-02-25,sz.300015,20.5000,20.7300,20.1600,20.5500,20.7500,3110951,63387742.9100,3,0.913789,1,-0.963900,0
2013-02-26,sz.300015,20.5700,20.9200,20.1700,20.1700,20.5500,3175391,64964242.5800,3,0.932717,1,-1.849100,0
2013-02-27,sz.300015,20.2000,20.3800,19.9100,20.2200,20.1700,2301269,46190513.2200,3,0.675959,1,0.247900,0
2013-02-28,sz.300015,20.2200,20.2500,19.6100,20.0000,20.2200,2170072,43230301.5200,3,0.637422,1,-1.088000,0
2013-03-01,sz.300015,20.0700,20.9700,19.7900,20.6000,20.0000,4069408,82381095.7400,3,1.195319,1,3.000000,0
2013-03-04,sz.300015,20.4000,20.4900,19.4600,19.7200,20.6000,3001741,60187632.5500,3,0.881710,1,-4.271800,0
2013-03-05,sz.300015,19.5000,20.8900,19.3500,20.6700,19.7200,3116905,63580445.4100,3,0.915538,1,4.817400,0
2013-03-06,sz.300015,20.6700,21.3800,20.2800,20.9000,20.6700,3718292,77396212.0500,3,1.092185,1,1.112700,0
2013-03-07,sz.300015,20.8900,20.8900,19.5500,19.6000,20.9000,3004847,60350062.1000,3,0.882623,1,-6.220100,0
2013-03-08,sz.300015,19.9000,20.0200,19.0000,19.1800,19.6000,2188554,42639232.3400,3,0.642851,1,-2.142900,0
2013-03-11,sz.300015,19.2100,19.8400,19.0600,19.7200,19.1800,1308753,25541104.9300,3,0.384424,1,2.815400,0
2013-03-12,sz.300015,19.6500,19.8800,18.8500,19.1900,19.7200,1484795,28646288.4700,3,0.436133,1,-2.687600,0
2013-03-13,sz.300015,19.1400,19.5700,18.9000,19.4000,19.1900,1394388,26751883.1300,3,0.409578,1,1.094300,0
2013-03-14,sz.300015,19.2300,20.1800,19.1400,19.9700,19.4000,1967985,38921515.5700,3,0.578062,1,2.938100,0
2013-03-15,sz.300015,20.0000,20.3200,19.6100,19.8100,19.9700,1305141,26128366.7000,3,0.383363,1,-0.801200,0
2013-03-18,sz.300015,19.8000,19.9800,19.0600,19.2000,19.8100,1960624,37930284.0000,3,0.575900,1,-3.079300,0
2013-03-19,sz.300015,19.0600,19.3100,18.5300,18.9500,19.2000,1741616,32766662.0000,3,0.511570,1,-1.302100,0
2013-03-20,sz.300015,18.9600,19.2800,18.8300,19.2800,18.9500,2650947,50368640.0000,3,0.778671,1,1.741400,0
2013-03-21,sz.300015,19.2900,19.4800,19.0200,19.2000,19.2800,2373821,45746956.0000,3,0.697270,1,-0.414900,0
2013-03-22,sz.300015,19.1600,19.2000,18.7500,19.1600,19.2000,3046845,57629152.0000,3,0.894959,1,-0.208300,0
2013-03-25,sz.300015,19.1400,19.1400,18.6700,18.8800,19.1600,2329767,43850976.0000,3,0.684329,1,-1.461400,0
2013-03-26,sz.300015,18.8300,19.1200,18.6300,18.9000,18.8800,1749577,33074326.0000,3,0.513909,1,0.105900,0
2013-03-27,sz.300015,18.8200,19.1200,18.7800,19.0200,18.9000,1895644,35899108.0000,3,0.556813,1,0.634900,0
2013-03-28,sz.300015,18.9700,19.1600,18.6500,19.0700,19.0200,2022796,38339396.0000,3,0.594162,1,0.262900,0
2013-03-29,sz.300015,18.9900,19.3500,18.6100,18.7400,19.0700,1480513,27986408.0000,3,0.434876,1,-1.730500,0
2013-04-01,sz.300015,18.5300,18.8000,18.5000,18.8000,18.7400,1597912,29730714.0000,3,0.469360,1,0.320200,0
2013-04-02,sz.300015,18.7800,18.9300,17.8400,17.9500,18.8000,2650107,48577256.0000,3,0.778424,1,-4.521300,0
2013-04-03,sz.300015,18.0500,18.5600,17.6100,18.3500,17.9500,1851712,33686984.0000,3,0.543909,1,2.228400,0
2013-04-08,sz.300015,18.1300,19.1100,17.9000,18.8900,18.3500,1662826,30858216.0000,3,0.488427,1,2.942800,0
2013-04-09,sz.300015,18.7200,19.1900,18.6200,18.9900,18.8900,1235841,23366312.0000,3,0.363007,1,0.529400,0
2013-04-10,sz.300015,18.9700,19.1500,18.7200,18.9100,18.9900,1528075,28954976.0000,3,0.448846,1,-0.421300,0
2013-04-11,sz.300015,19.0000,19.0900,18.2100,18.4100,18.9100,1460588,27301340.0000,3,0.429023,1,-2.644100,0
2013-04-12,sz.300015,18.3000,18.5400,18.2900,18.3200,18.4100,568554,10441496.0000,3,0.167003,1,-0.488866,0
2013-04-15,sz.300015,18.1000,18.8500,18.1000,18.6300,18.3200,1062249,19767036.0000,3,0.312018,1,1.692100,0
2013-04-16,sz.300015,18.5300,18.7500,18.4100,18.6900,18.6300,343473,6392184.0000,3,0.100889,1,0.322069,0
2013-04-17,sz.300015,18.7400,18.9600,18.6000,18.9600,18.6900,832855,15620097.0000,3,0.244637,1,1.444600,0
2013-04-18,sz.300015,19.0000,19.0700,18.6900,18.7600,18.9600,1091874,20557048.0000,3,0.320719,1,-1.054800,0
2013-04-19,sz.300015,18.8000,19.4600,18.8000,19.2600,18.7600,1809671,34859528.0000,3,0.531560,1,2.665245,0
2013-04-22,sz.300015,19.0700,19.9600,19.0700,19.9200,19.2600,2965130,58453648.0000,3,0.870957,1,3.426800,0
2013-04-23,sz.300015,19.9800,20.1500,19.5000,20.0000,19.9200,3236677,64372440.0000,3,0.950719,1,0.401600,0
2013-04-24,sz.300015,19.9000,20.4900,19.7000,19.9900,20.0000,2560547,51534796.0000,3,0.752117,1,-0.050000,0
2013-04-25,sz.300015,20.0000,20.3500,19.3000,19.3200,19.9900,2945619,58266800.0000,3,0.865226,1,-3.351700,0
2013-04-26,sz.300015,19.3700,19.4900,18.8000,18.8800,19.3200,1779903,33919680.0000,3,0.522816,1,-2.277436,0
2013-05-02,sz.300015,18.8500,18.9900,18.3500,18.9900,18.8800,2700564,50200576.0000,3,0.793245,1,0.582600,0
2013-05-03,sz.300015,18.9800,19.3800,18.8300,19.2400,18.9900,1349772,25902104.0000,3,0.396473,1,1.316482,0
2013-05-06,sz.300015,19.2300,19.5700,19.0800,19.4700,19.2400,1353768,26238524.0000,3,0.397646,1,1.195400,0
2013-05-07,sz.300015,19.5000,19.8700,19.2900,19.4700,19.4700,1376267,26977066.0000,3,0.404255,1,0.000000,0
2013-05-08,sz.300015,19.4700,19.9500,19.3600,19.7000,19.4700,1817220,35892832.0000,3,0.533778,1,1.181300,0
2013-05-09,sz.300015,19.6900,19.9200,19.4600,19.8000,19.7000,1551420,30506280.0000,3,0.455703,1,0.507600,0
2013-05-10,sz.300015,19.8000,19.8500,19.3000,19.5300,19.8000,1245404,24368380.0000,3,0.365816,1,-1.363600,0
2013-05-13,sz.300015,19.4300,21.4800,19.4100,21.4800,19.5300,10022034,211155536.0000,3,2.943802,1,9.984600,0
2013-05-14,sz.300015,21.3600,21.4500,20.5600,20.7500,21.4800,3881214,80872632.0000,3,1.140041,1,-3.398500,0
2013-05-15,sz.300015,20.8300,21.3300,20.7000,21.2300,20.7500,3552960,75059440.0000,3,1.043622,1,2.313300,0
2013-05-16,sz.300015,21.4600,21.5100,20.1100,20.4500,21.2300,4769429,98951480.0000,3,1.400939,1,-3.674000,0
2013-05-17,sz.300015,20.4500,20.6000,20.0700,20.5000,20.4500,2536278,51669348.0000,3,0.744989,1,0.244500,0
2013-05-20,sz.300015,20.5100,22.3300,20.3500,22.0000,20.5000,6156029,132082624.0000,3,1.808229,1,7.317100,0
2013-05-21,sz.300015,21.9800,22.8500,21.5800,22.8100,22.0000,4105230,92728208.0000,3,1.205842,1,3.681816,0
2013-05-22,sz.300015,22.7500,23.2200,21.9000,22.2700,22.8100,4814178,108212688.0000,3,1.414083,1,-2.367400,0
2013-05-23,sz.300015,22.0000,22.2000,21.4100,21.5200,22.2700,5509822,119742440.0000,3,1.618417,1,-3.367800,0
2013-05-24,sz.300015,21.5200,22.4000,21.2000,22.3500,21.5200,3927135,85225736.0000,3,1.153529,1,3.856900,0
2013-05-27,sz.300015,22.1900,23.0500,21.8800,22.9200,22.3500,4424806,99818912.0000,3,1.299712,1,2.550300,0
2013-05-28,sz.300015,22.7500,23.1600,22.0000,22.0600,22.9200,3366769,75038072.0000,3,0.988931,1,-3.752200,0
2013-05-29,sz.300015,22.0900,22.1800,21.7000,22.0100,22.0600,2367864,51804772.0000,3,0.695520,1,-0.226700,0
2013-05-30,sz.300015,22.1500,23.1700,22.1000,22.8900,22.0100,4616734,105291088.0000,3,1.356087,1,3.998200,0
2013-05-31,sz.300015,22.7800,23.0900,22.4000,22.4700,22.8900,2781670,62994536.0000,3,0.817068,1,-1.834863,0
2013-06-03,sz.300015,22.4700,23.8000,22.4700,23.0300,22.4700,4092299,94735384.0000,3,1.202043,1,2.492200,0
2013-06-04,sz.300015,23.0000,23.2000,21.8800,22.1100,23.0300,2647298,59436412.0000,3,0.777599,1,-3.994800,0
2013-06-05,sz.300015,21.8900,22.9400,21.8900,22.9400,22.1100,3539409,79541064.0000,3,1.039641,1,3.754000,0
2013-06-06,sz.300015,22.7000,23.6000,22.2500,22.5200,22.8400,4582165,105660312.0000,3,1.345933,1,-1.401100,0
2013-06-07,sz.300015,22.6100,23.0900,22.0000,22.0500,22.5200,3271675,73511488.0000,3,0.960999,1,-2.087000,0
2013-06-13,sz.300015,21.8400,21.8400,20.8000,21.4000,22.0500,1749582,37069372.0000,3,0.513910,1,-2.947800,0
2013-06-14,sz.300015,21.3000,22.7800,21.3000,22.6500,21.4000,2466170,54861464.0000,3,0.724396,1,5.841100,0
2013-06-17,sz.300015,22.5000,23.2800,22.3100,22.3500,22.6500,3060733,69702264.0000,3,0.899038,1,-1.324500,0
2013-06-18,sz.300015,22.4200,22.5400,21.6100,22.1500,22.3500,1505695,33167928.0000,3,0.442272,1,-0.894900,0
2013-06-19,sz.300015,22.1600,22.1600,21.3300,21.9500,22.1500,768697,16783348.0000,3,0.225792,1,-0.902900,0
2013-06-20,sz.300015,21.7800,21.7900,20.6400,20.6400,21.9500,2029153,42978020.0000,3,0.596029,1,-5.968100,0
2013-06-21,sz.300015,20.0200,20.9900,19.8400,20.7100,20.6400,1280189,26116912.0000,3,0.376034,1,0.339100,0
2013-06-24,sz.300015,20.6000,20.8400,19.2500,19.6800,20.7100,1606926,32104960.0000,3,0.472007,1,-4.973400,0
2013-06-25,sz.300015,19.5800,20.3500,18.8500,19.9900,19.6800,3093169,61155604.0000,3,0.908566,1,1.575200,0
2013-06-26,sz.300015,20.5900,21.2400,20.3000,21.0200,19.9900,2249194,46737292.0000,3,0.660663,1,5.152600,0
2013-06-27,sz.300015,21.0100,21.5400,20.5800,20.8300,21.0200,1757301,36995620.0000,3,0.516177,1,-0.903900,0
2013-06-28,sz.300015,20.8000,21.5500,20.5100,21.1000,20.8300,1474301,31312186.0000,3,0.433051,1,1.296200,0
2013-07-01,sz.300015,21.0800,22.1200,21.0800,22.0500,21.1000,1474515,32104796.0000,3,0.433114,1,4.502400,0
2013-07-02,sz.300015,22.0400,23.0000,21.8200,22.9000,22.0500,3217303,72463616.0000,3,0.945028,1,3.854900,0
2013-07-03,sz.300015,22.7400,23.2900,22.4800,22.9200,22.9000,2403929,55087480.0000,3,0.706113,1,0.087300,0
2013-07-04,sz.300015,22.8000,22.8000,21.8100,22.2000,22.9200,1830645,41011428.0000,3,0.537721,1,-3.141400,0
2013-07-05,sz.300015,22.3200,22.3200,21.3200,21.4300,22.2000,2118279,46172104.0000,3,0.622208,1,-3.468500,0
2013-07-08,sz.300015,21.0200,21.1900,20.4500,20.7500,21.4300,1866928,38830228.0000,3,0.548378,1,-3.173100,0
2013-07-09,sz.300015,20.6000,21.0200,20.6000,20.9500,20.7500,1294133,27002208.0000,3,0.380130,1,0.963900,0
2013-07-10,sz.300015,21.2000,21.9700,21.1900,21.8100,20.9500,2162870,46807472.0000,3,0.635306,1,4.105000,0
2013-07-11,sz.300015,21.8300,22.4100,21.4300,22.4100,21.8100,2701792,59221656.0000,3,0.793606,1,2.751000,0
2013-07-12,sz.300015,22.1200,22.9900,22.1200,22.3000,22.4100,2803166,63581920.0000,3,0.823382,1,-0.490900,0
2013-07-15,sz.300015,22.3100,23.3900,22.1000,23.3800,22.3000,4165415,95779184.0000,3,1.223520,1,4.843000,0
2013-07-16,sz.300015,23.3800,23.3800,22.9100,23.2000,23.3800,2200963,50825988.0000,3,0.646495,1,-0.769900,0
2013-07-17,sz.300015,22.9000,24.5000,22.8100,23.7300,23.2000,5435697,129865680.0000,3,1.596644,1,2.284500,0
2013-07-18,sz.300015,23.5400,24.3900,23.3500,23.5400,23.7300,2578798,61540748.0000,3,0.757478,1,-0.800700,0
2013-07-19,sz.300015,23.4600,24.3500,23.4500,23.4500,23.5400,3322087,79606272.0000,3,0.975807,1,-0.382300,0
2013-07-22,sz.300015,23.1500,25.3900,23.0300,25.2600,23.4500,4090064,101181016.0000,3,1.201387,1,7.718600,0
2013-07-23,sz.300015,25.2600,26.1300,24.9600,26.0000,25.2600,4381767,112100832.0000,3,1.287070,1,2.929500,0
2013-07-24,sz.300015,25.7700,26.8800,25.5800,26.6500,26.0000,3395913,89256120.0000,3,0.997492,1,2.500000,0
2013-07-25,sz.300015,26.6600,26.6700,24.8000,25.0100,26.6500,3976524,102141088.0000,3,1.168036,1,-6.153800,0
2013-07-26,sz.300015,24.5000,27.5100,24.4500,26.9300,25.0100,3447346,89432352.0000,3,1.012599,1,7.676900,0
2013-07-29,sz.300015,26.8100,26.9200,25.7300,25.7300,26.9300,2273985,59467392.0000,3,0.667944,1,-4.456000,0
2013-07-30,sz.300015,25.7000,25.9500,24.3000,24.5900,25.7300,2701277,67378832.0000,3,0.793454,1,-4.430600,0
2013-07-31,sz.300015,24.6000,25.3400,24.5700,24.7200,24.5900,1406161,35053604.0000,3,0.413036,1,0.528700,0
2013-08-01,sz.300015,24.9900,26.0900,24.9000,25.9200,24.7200,2372114,61004848.0000,3,0.696768,1,4.854400,0
2013-08-02,sz.300015,25.9100,26.5200,25.8100,26.0100,25.9200,2755664,72255864.0000,3,0.809429,1,0.347200,0
2013-08-05,sz.300015,25.9000,26.6800,25.8800,26.5800,26.0100,1237966,32587340.0000,3,0.363631,1,2.191500,0
2013-08-06,sz.300015,26.5600,27.3800,26.1100,27.2600,26.5800,2200432,59489104.0000,3,0.646340,1,2.558300,0
2013-08-07,sz.300015,27.2000,27.2500,26.0200,26.3800,27.2600,1722290,45475676.0000,3,0.505893,1,-3.228200,0
2013-08-08,sz.300015,26.0800,26.4600,26.0600,26.1800,26.3800,1216781,31946172.0000,3,0.357409,1,-0.758200,0
2013-08-09,sz.300015,26.2000,26.5900,24.8100,25.0100,26.1800,2730619,69683096.0000,3,0.802073,1,-4.469100,0
2013-08-12,sz.300015,25.1100,25.4900,24.4300,25.0700,25.0100,2216406,55274680.0000,3,0.651032,1,0.239900,0
2013-08-13,sz.300015,25.1000,25.4400,24.9700,25.1500,25.0700,1228350,30937218.0000,3,0.360807,1,0.319100,0
2013-08-14,sz.300015,25.1200,25.8700,25.0300,25.8300,25.1500,2244109,57164380.0000,3,0.659169,1,2.703800,0
2013-08-15,sz.300015,25.7600,25.8800,25.1000,25.2500,25.8300,1242058,31723938.0000,3,0.364833,1,-2.245500,0
2013-08-16,sz.300015,25.0000,25.5300,24.5600,24.8000,25.2500,1547596,38813248.0000,3,0.454580,1,-1.782200,0
2013-08-19,sz.300015,24.5100,25.5100,24.5100,25.5000,24.8000,904134,22851656.0000,3,0.265574,1,2.822600,0
2013-08-20,sz.300015,25.5000,26.8100,25.5000,26.6200,25.5000,3045032,80435872.0000,3,0.894426,1,4.392200,0
2013-08-21,sz.300015,26.3500,27.3000,26.3500,27.2700,26.6200,2249759,60388816.0000,3,0.660828,1,2.441800,0
2013-08-22,sz.300015,27.0000,28.2800,26.8800,27.4900,27.2700,2769147,77034224.0000,3,0.813390,1,0.806700,0
2013-08-23,sz.300015,27.4000,28.1000,27.1300,27.9500,27.4900,2221993,61596920.0000,3,0.652673,1,1.673300,0
2013-08-26,sz.300015,27.8200,28.1700,27.2000,27.9600,27.9500,1902809,52570008.0000,3,0.558918,1,0.035800,0
2013-08-27,sz.300015,27.9600,28.0000,27.2200,27.5200,27.9600,1157532,31933084.0000,3,0.340005,1,-1.573700,0
2013-08-28,sz.300015,27.1200,27.5600,26.3900,27.0000,27.5200,2117096,56913236.0000,3,0.621861,1,-1.889500,0
2013-08-29,sz.300015,27.0000,27.6700,26.5000,26.9500,27.0000,1127131,30528120.0000,3,0.331076,1,-0.185200,0
2013-08-30,sz.300015,26.9000,26.9000,26.1000,26.4000,26.9500,1883985,49570296.0000,3,0.553389,1,-2.040800,0
2013-09-02,sz.300015,26.0700,27.3700,26.0000,27.3000,26.4000,1995144,53613488.0000,3,0.586040,1,3.409100,0
2013-09-03,sz.300015,27.1200,27.8800,27.1200,27.3400,27.3000,1044297,28659114.0000,3,0.306745,1,0.146500,0
2013-09-04,sz.300015,27.2000,28.5300,27.2000,27.9600,27.3400,2248276,62948748.0000,3,0.660393,1,2.267700,0
2013-09-05,sz.300015,27.9600,28.4000,27.7000,27.9200,27.9600,1254500,35125932.0000,3,0.368488,1,-0.143100,0
2013-09-06,sz.300015,27.9200,29.6000,27.8900,29.6000,27.9200,3111239,90696456.0000,3,0.913874,1,6.017200,0
2013-09-09,sz.300015,29.6200,29.6300,28.3700,28.4100,29.6000,3135611,90632000.0000,3,0.921032,1,-4.020300,0
2013-09-10,sz.300015,28.2600,28.6700,27.3000,28.6700,28.4100,2341356,65353584.0000,3,0.687734,1,0.915200,0
2013-09-11,sz.300015,28.4000,28.7000,27.5000,28.2500,28.6700,2195075,61218323.0000,3,0.644766,1,-1.464900,0
2013-09-12,sz.300015,27.5500,28.2500,27.4900,27.7000,28.2500,1523418,42209052.0000,3,0.447478,1,-1.946900,0
2013-09-13,sz.300015,27.7200,28.9000,27.5300,28.1300,27.7000,2402562,67809483.0000,3,0.705712,1,1.552300,0
2013-09-16,sz.300015,28.2000,29.3600,28.2000,28.6100,28.1300,2226723,64231844.0000,3,0.654062,1,1.706400,0
2013-09-17,sz.300015,28.4600,28.6500,27.8800,27.9600,28.6100,1623073,45640524.0000,3,0.476750,1,-2.271900,0
2013-09-18,sz.300015,27.9000,28.7800,27.5000,28.3900,27.9600,1643189,46224353.0000,3,0.482659,1,1.537900,0
2013-09-23,sz.300015,28.3400,29.3000,28.1600,29.1800,28.3900,2094373,60234861.0000,3,0.615186,1,2.782700,0
2013-09-24,sz.300015,29.1500,29.5800,28.4800,28.9900,29.1800,1426018,41386536.0000,3,0.418869,1,-0.651100,0
2013-09-25,sz.300015,29.0100,29.0100,28.0000,28.2800,28.9900,1297722,37029489.0000,3,0.381184,1,-2.449100,0
2013-09-26,sz.300015,28.2000,28.8000,27.8600,27.9500,28.2800,1886861,53423439.0000,3,0.554233,1,-1.166900,0
2013-09-27,sz.300015,27.9100,29.0500,27.9100,28.7500,27.9500,1768839,50595058.0000,3,0.519566,1,2.862300,0
2013-09-30,sz.300015,29.0400,31.6300,29.0400,31.0700,28.7500,4128020,127844093.0000,3,1.212536,1,8.069600,0
2013-10-08,sz.300015,31.4500,33.2000,31.4500,32.8800,31.0700,3976756,128715084.0000,3,1.168105,1,5.825600,0
2013-10-09,sz.300015,32.8800,33.1000,32.2000,32.6900,32.8800,3527937,114788889.0000,3,1.036272,1,-0.577900,0
2013-10-10,sz.300015,32.4700,33.0000,31.6500,32.4500,32.6900,3494921,112774197.0000,3,1.026574,1,-0.734200,0
2013-10-11,sz.300015,32.5000,32.8500,32.0500,32.2700,32.4500,2076886,67259124.0000,3,0.610050,1,-0.554700,0
2013-10-14,sz.300015,32.1800,32.7900,31.5800,32.3300,32.2700,1964787,63051318.0000,3,0.577123,1,0.185900,0
2013-10-15,sz.300015,34.0000,35.5600,33.8100,33.9600,32.3300,7596893,264011466.0000,3,2.231458,1,5.041800,0
2013-10-16,sz.300015,33.2800,34.2800,31.8100,32.8000,33.9600,3073854,101433081.0000,3,0.902892,1,-3.415800,0
2013-10-17,sz.300015,33.4000,33.7400,32.4300,32.6100,32.8000,2444386,80503623.0000,3,0.717997,1,-0.579300,0
2013-10-18,sz.300015,32.1000,32.6900,31.5200,31.7400,32.6100,2675420,85493209.0000,3,0.785859,1,-2.667900,0
2013-10-21,sz.300015,31.9000,34.8000,31.7900,33.9600,31.7400,4212356,141802453.0000,3,1.237308,1,6.994300,0
2013-10-22,sz.300015,33.6700,35.2900,33.2700,34.0800,33.9600,3325114,113731875.0000,3,0.976696,1,0.353400,0
2013-10-23,sz.300015,33.7300,34.5500,32.0100,32.6000,34.0800,2134524,70664141.0000,3,0.626980,1,-4.342700,0
2013-10-24,sz.300015,32.6000,33.5000,32.1100,32.5100,32.6000,1373000,45273057.0000,3,0.403295,1,-0.276100,0
2013-10-25,sz.300015,32.5100,32.7800,30.3000,30.5900,32.5100,3197201,99140473.0000,3,0.939123,1,-5.905900,0
2013-10-28,sz.300015,31.0100,32.8000,30.6000,31.9500,30.5900,2649468,84700853.0000,3,0.778236,1,4.445900,0
2013-10-29,sz.300015,31.6000,31.6000,29.3900,30.3300,31.9500,3566672,108792519.0000,3,1.047649,1,-5.070400,0
2013-10-30,sz.300015,30.0100,31.1600,29.3300,31.1200,30.3300,2548222,77211057.0000,3,0.748497,1,2.604700,0
2013-10-31,sz.300015,30.9300,30.9300,28.8600,28.9600,31.1200,3222991,95024856.0000,3,0.946699,1,-6.940900,0
2013-11-01,sz.300015,28.8500,30.0200,28.5500,29.8000,28.9600,2224070,65051972.0000,3,0.653283,1,2.900600,0
2013-11-04,sz.300015,29.6900,30.4500,29.5400,29.7000,29.8000,1285482,38586963.0000,3,0.377589,1,-0.335600,0
2013-11-05,sz.300015,29.4400,31.1000,29.3500,30.9900,29.7000,1929119,58692508.0000,3,0.566646,1,4.343400,0
2013-11-06,sz.300015,30.6600,31.8800,30.6600,31.3600,30.9900,1836827,57893589.0000,3,0.539537,1,1.193900,0
2013-11-07,sz.300015,31.2000,31.2800,30.0200,30.1800,31.3600,2153107,65864474.0000,3,0.632439,1,-3.762800,0
2013-11-08,sz.300015,29.5000,30.1300,29.3000,29.4700,30.1800,1728063,51231434.0000,3,0.507589,1,-2.352600,0
2013-11-11,sz.300015,29.5000,30.4000,28.8900,30.1900,29.4700,1317750,39337962.0000,3,0.387067,1,2.443200,0
2013-11-12,sz.300015,30.1900,31.1200,29.4300,30.6500,30.1900,2351355,71092061.0000,3,0.690671,1,1.523700,0
2013-11-13,sz.300015,30.5000,30.5000,29.6500,29.7100,30.6500,1406669,42096838.0000,3,0.413185,1,-3.066900,0
2013-11-14,sz.300015,29.6900,30.4300,29.0000,30.3000,29.7100,1843881,55209275.0000,3,0.541609,1,1.985900,0
2013-11-15,sz.300015,30.2800,31.9500,30.1500,31.4000,30.3000,2530692,79044458.0000,3,0.743348,1,3.630400,0
2013-11-18,sz.300015,31.6800,32.5500,31.6200,32.1800,31.4000,1969839,63232283.0000,3,0.578607,1,2.484100,0
2013-11-19,sz.300015,32.4600,32.8200,31.5000,31.7200,32.1800,1458508,46857558.0000,3,0.428412,1,-1.429500,0
2013-11-20,sz.300015,31.9000,32.2600,31.4800,31.9500,31.7200,822498,26111796.0000,3,0.241595,1,0.725100,0
2013-11-21,sz.300015,31.6500,31.9000,31.3000,31.6700,31.9500,744009,23534040.0000,3,0.218540,1,-0.876400,0
2013-11-22,sz.300015,31.0000,31.8200,30.9100,30.9100,31.6700,843842,26341999.0000,3,0.247864,1,-2.399700,0
2013-11-25,sz.300015,31.0000,31.3000,30.3200,30.8200,30.9100,714563,22080050.0000,3,0.209891,1,-0.291200,0
2013-11-26,sz.300015,30.8200,31.2500,30.3000,30.9500,30.8200,956359,29451766.0000,3,0.280914,1,0.421800,0
2013-11-27,sz.300015,30.9500,32.6600,30.5000,32.1700,30.9500,2208128,70685391.0000,3,0.648600,1,3.941800,0
2013-11-28,sz.300015,32.1700,32.6400,31.7900,32.0000,32.1700,1411893,45296937.0000,3,0.414720,1,-0.528400,0
2013-11-29,sz.300015,32.0000,32.3900,31.8000,32.2500,32.0000,1060486,34045657.0000,3,0.311500,1,0.781300,0
2013-12-02,sz.300015,30.8100,31.2800,29.0300,29.0300,32.2500,2807427,84481864.0000,3,0.824634,1,-9.984500,0
2013-12-03,sz.300015,28.3800,30.8800,26.8000,30.1200,29.0300,3618226,104626808.0000,3,1.062792,1,3.754700,0
2013-12-04,sz.300015,29.4500,30.5000,29.3500,29.8800,30.1200,1644346,49278806.0000,3,0.482999,1,-0.796800,0
2013-12-05,sz.300015,29.4900,29.8000,28.0100,28.3400,29.8800,2169306,62100543.0000,3,0.637197,1,-5.153900,0
2013-12-06,sz.300015,28.3000,28.3000,27.1800,27.4700,28.3400,3824847,105191492.0000,3,1.123484,1,-3.069900,0
2013-12-09,sz.300015,27.2900,27.9000,26.9000,27.9000,27.4700,2830505,77556623.0000,3,0.831413,1,1.565300,0
2013-12-10,sz.300015,27.7600,27.7800,27.1100,27.2400,27.9000,2040427,55672114.0000,3,0.599341,1,-2.365600,0
2013-12-11,sz.300015,27.3000,27.7900,27.1700,27.4500,27.2400,1216643,33420850.0000,3,0.357368,1,0.770900,0
2013-12-12,sz.300015,27.4800,28.0800,27.3000,27.6900,27.4500,1617930,44927509.0000,3,0.475239,1,0.874300,0
2013-12-13,sz.300015,27.6200,27.9600,27.5200,27.6800,27.6900,1091655,30258460.0000,3,0.320655,1,-0.036100,0
2013-12-16,sz.300015,27.6300,27.7600,26.5500,27.2100,27.6800,1910823,51722128.0000,3,0.561272,1,-1.698000,0
2013-12-17,sz.300015,27.1700,27.4000,26.7500,27.3000,27.2100,1183817,31998915.0000,3,0.347726,1,0.330800,0
2013-12-18,sz.300015,27.3500,28.1000,26.8100,27.9000,27.3000,1466413,40704178.0000,3,0.430734,1,2.197800,0
2013-12-19,sz.300015,27.8000,28.5800,27.7000,28.0100,27.9000,1634626,46237719.0000,3,0.480144,1,0.394300,0
2013-12-20,sz.300015,28.1000,28.6000,28.0400,28.2600,28.0100,1882659,53463420.0000,3,0.552999,1,0.892500,0
2013-12-23,sz.300015,28.2600,28.7900,27.5700,28.4600,28.2600,1603715,45476563.0000,3,0.471064,1,0.707700,0
2013-12-24,sz.300015,28.5000,29.5200,28.5000,29.2400,28.4600,1953207,56893830.0000,3,0.573721,1,2.740700,0
2013-12-25,sz.300015,29.2900,30.3700,28.8200,29.9900,29.2400,2665453,79435761.0000,3,0.782932,1,2.565000,0
2013-12-26,sz.300015,30.0900,30.1100,29.2100,29.2100,29.9900,1113628,33120022.0000,3,0.327109,1,-2.600900,0
2013-12-27,sz.300015,29.2100,31.0200,29.0100,31.0200,29.2100,2250346,68413354.0000,3,0.661001,1,6.196500,0
2013-12-30,sz.300015,30.9900,31.5900,30.5300,31.5000,31.0200,2162617,67454769.0000,3,0.635232,1,1.547400,0
2013-12-31,sz.300015,31.4000,31.6700,30.2400,31.2100,31.5000,2383234,73864675.0000,3,0.700036,1,-0.920600,0
2014-01-02,sz.300015,31.1000,31.8000,30.7800,31.0200,31.2100,1518469,47381038.0000,3,0.446025,1,-0.608800,0
2014-01-03,sz.300015,31.0000,31.6500,30.6000,30.8700,31.0200,1751148,54810326.0000,3,0.514371,1,-0.483600,0
2014-01-06,sz.300015,30.8800,31.1900,30.5300,30.6700,30.8700,2036309,62761871.0000,3,0.598133,1,-0.647900,0
2014-01-07,sz.300015,30.6400,31.7800,30.3200,31.3500,30.6700,1331903,41251207.0000,3,0.391225,1,2.217200,0
2014-01-08,sz.300015,31.8800,32.6800,31.4000,31.5200,31.3500,1846881,58992923.0000,3,0.542491,1,0.542300,0
2014-01-09,sz.300015,31.2100,32.3700,31.2100,31.3500,31.5200,1229778,38937856.0000,3,0.361227,1,-0.539300,0
2014-01-10,sz.300015,31.2000,31.4500,29.8600,30.2000,31.3500,1327264,40625848.0000,3,0.389862,1,-3.668300,0
2014-01-13,sz.300015,30.0600,32.3000,30.0600,32.3000,30.2000,2825850,89996982.0000,3,0.830047,1,6.953600,0
2014-01-14,sz.300015,32.5000,35.5300,32.3100,35.5100,32.3000,4804397,164642284.0000,3,1.411213,1,9.938100,0
2014-01-15,sz.300015,35.4100,35.4100,34.4000,34.8400,35.5100,1439980,50140303.0000,3,0.422971,1,-1.886800,0
2014-01-16,sz.300015,34.8000,34.9400,33.7600,34.6000,34.8400,1361579,46714217.0000,3,0.399942,1,-0.688900,0
2014-01-17,sz.300015,34.3900,35.3900,34.1000,34.1800,34.6000,1329609,46150513.0000,3,0.390551,1,-1.213900,0
2014-01-20,sz.300015,34.2000,34.7500,34.0000,34.6500,34.1800,1900680,65293024.0000,3,0.550198,1,1.375100,0
2014-01-21,sz.300015,34.6500,35.4000,33.9300,35.2500,34.6500,1125945,39249678.0000,3,0.325932,1,1.731600,0
2014-01-22,sz.300015,35.5000,36.9000,34.9000,35.9400,35.2500,1596173,57478198.0000,3,0.462051,1,1.957400,0
2014-01-23,sz.300015,35.6500,37.0000,35.0700,35.2500,35.9400,1861738,67360985.0000,3,0.538925,1,-1.919900,0
2014-01-24,sz.300015,35.2500,35.7600,35.0000,35.3500,35.2500,1976989,69709744.0000,3,0.572287,1,0.283700,0
2014-01-27,sz.300015,35.2900,35.9300,34.4000,35.7400,35.3500,1483276,52422803.0000,3,0.429370,1,1.103300,0
2014-01-28,sz.300015,35.7700,35.7700,33.3000,34.0100,35.7400,2938608,99670616.0000,3,0.850651,1,-4.840500,0
2014-01-29,sz.300015,33.9600,35.0000,33.5100,34.3300,34.0100,1748947,59964535.0000,3,0.506275,1,0.940900,0
2014-01-30,sz.300015,34.0200,34.9100,31.9000,32.7000,34.3300,3728273,122185032.0000,3,1.079239,1,-4.748000,0
2014-02-07,sz.300015,32.6000,33.6700,32.2800,33.4000,32.7000,1727505,57558829.0000,3,0.500068,1,2.140700,0
2014-02-10,sz.300015,33.6600,35.9900,33.6600,35.9900,33.4000,2707362,95840373.0000,3,0.783711,1,7.754500,0
2014-02-11,sz.300015,35.8900,36.9200,35.2000,36.1000,35.9900,2267928,82061714.0000,3,0.656507,1,0.305600,0
2014-02-12,sz.300015,36.0000,37.9700,35.0000,37.5500,36.1000,2495446,91831520.0000,3,0.722367,1,4.016600,0
2014-02-13,sz.300015,37.3000,37.9000,36.5100,36.8700,37.5500,1778386,65998357.0000,3,0.514797,1,-1.810900,0
2014-02-14,sz.300015,36.9000,37.2000,35.6000,36.8800,36.8700,1722340,62501576.0000,3,0.498573,1,0.027100,0
2014-02-17,sz.300015,36.8800,37.4800,35.9000,37.3800,36.8800,1621755,59544894.0000,3,0.469456,1,1.355700,0
2014-02-18,sz.300015,37.0000,38.3700,36.3200,38.3000,37.3800,2583483,97239081.0000,3,0.747852,1,2.461200,0
2014-02-19,sz.300015,38.1000,38.1000,36.6000,37.1400,38.3000,1460432,54389503.0000,3,0.422757,1,-3.028700,0
2014-02-20,sz.300015,37.1300,37.1300,35.0000,35.9000,37.1400,2583718,92346263.0000,3,0.747920,1,-3.338700,0
2014-02-21,sz.300015,35.6500,36.3100,35.0000,35.8000,35.9000,1383417,49400786.0000,3,0.400463,1,-0.278600,0
2014-02-24,sz.300015,35.5300,39.3100,35.5100,38.3600,35.8000,3679085,138405074.0000,3,1.065000,1,7.150800,0
2014-02-25,sz.300015,38.3400,40.5600,35.3600,37.0000,38.3600,5710266,222108564.0000,3,1.652975,1,-3.545400,0
2014-02-26,sz.300015,36.5100,40.7000,35.2900,40.7000,37.0000,4637298,178506580.0000,3,1.342378,1,10.000000,0
2014-02-27,sz.300015,41.0000,41.7500,38.4600,39.3800,40.7000,3447063,137942823.0000,3,0.997836,1,-3.243200,0
2014-02-28,sz.300015,38.7000,40.5000,38.3500,40.2600,39.3800,2196974,86650713.0000,3,0.635967,1,2.234600,0
2014-03-03,sz.300015,40.2700,41.6900,39.6000,41.2100,40.2600,2548157,103194081.0000,3,0.737626,1,2.359700,0
2014-03-04,sz.300015,40.7000,42.5000,40.0000,40.5100,41.2100,2552402,104711471.0000,3,0.738854,1,-1.698600,0
2014-03-05,sz.300015,40.5000,41.1300,39.1100,39.7400,40.5100,2284554,90783482.0000,3,0.661319,1,-1.900800,0
2014-03-06,sz.300015,39.2200,39.7300,38.3000,39.0800,39.7400,1587454,61825410.0000,3,0.459527,1,-1.660800,0
2014-03-07,sz.300015,39.0100,42.8100,39.0000,42.0800,39.0800,3842299,157700056.0000,3,1.112246,1,7.676600,0
2014-03-10,sz.300015,41.3000,41.9000,40.2300,40.3000,42.0800,2244690,91313470.0000,3,0.649780,1,-4.230000,0
2014-03-11,sz.300015,39.9900,39.9900,37.6200,38.4900,40.3000,2593898,99178991.0000,3,0.750866,1,-4.491300,0
2014-03-12,sz.300015,38.1400,38.9000,36.1800,37.6100,38.4900,1921846,72261611.0000,3,0.556325,1,-2.286300,0
2014-03-13,sz.300015,37.5000,38.1600,37.2300,37.9200,37.6100,1548611,58367012.0000,3,0.448283,1,0.824200,0
2014-03-14,sz.300015,37.6500,38.5000,37.3500,37.8200,37.9200,1138723,43332511.0000,3,0.329631,1,-0.263700,0
2014-03-17,sz.300015,37.7600,40.6000,37.7600,40.5800,37.8200,2758751,108282765.0000,3,0.798587,1,7.297700,0
2014-03-18,sz.300015,41.1000,42.2000,39.8500,40.7000,40.5800,3382824,138076690.0000,3,0.979240,1,0.295700,0
2014-03-19,sz.300015,40.3600,41.2000,39.7800,41.0000,40.7000,1367345,55254874.0000,3,0.395811,1,0.737100,0
2014-03-20,sz.300015,40.9000,41.7000,39.6000,39.6000,41.0000,1729099,70347970.0000,3,0.500530,1,-3.414600,0
2014-03-21,sz.300015,38.9300,39.1000,36.8000,38.8000,39.6000,3782483,143154196.0000,3,1.094931,1,-2.020200,0
2014-03-24,sz.300015,38.9800,38.9900,36.9000,37.5500,38.8000,2732287,103034490.0000,3,0.790927,1,-3.221600,0
2014-03-25,sz.300015,37.0000,37.4500,36.0300,36.7800,37.5500,2724793,99508754.0000,3,0.788757,1,-2.050600,0
2014-03-26,sz.300015,37.1900,38.7600,37.1900,38.4700,36.7800,3685168,140499181.0000,3,1.066761,1,4.594900,0
2014-03-27,sz.300015,38.3800,38.3800,37.0000,37.0000,38.4700,2127269,79779402.0000,3,0.615789,1,-3.821200,0
2014-03-28,sz.300015,37.0200,37.4900,34.4000,34.9100,37.0000,2720330,96671645.0000,3,0.787465,1,-5.648600,0
2014-03-31,sz.300015,34.4000,35.7900,33.3800,35.3000,34.9100,2882518,99445836.0000,3,0.834415,1,1.117200,0
2014-04-01,sz.300015,35.3000,36.1800,34.5600,35.1000,35.3000,2676275,94087641.0000,3,0.774712,1,-0.566600,0
2014-04-02,sz.300015,34.9900,35.1800,32.4000,32.7200,35.1000,3594468,119701885.0000,3,1.040506,1,-6.780600,0
2014-04-03,sz.300015,32.7000,33.5500,32.4700,33.3000,32.7200,2799032,92512261.0000,3,0.805458,1,1.772600,0
2014-04-04,sz.300015,34.0000,35.1400,33.8000,34.9300,33.3000,2598897,90092493.0000,3,0.747866,1,4.894900,0
2014-04-08,sz.300015,34.9900,36.3500,34.7000,35.8000,34.9300,2206479,79031391.0000,3,0.634943,1,2.490700,0
2014-04-09,sz.300015,36.2000,38.0000,36.2000,37.9200,35.8000,3665131,136642773.0000,3,1.054689,1,5.921800,0
2014-04-10,sz.300015,37.5000,38.2700,37.2000,37.9500,37.9200,2344140,88321116.0000,3,0.674557,1,0.079100,0
2014-04-11,sz.300015,37.5000,37.8000,35.8600,37.0900,37.9500,2784512,102153959.0000,3,0.801279,1,-2.266100,0
2014-04-14,sz.300015,36.9800,37.1100,36.3000,36.9300,37.0900,1274741,46807634.0000,3,0.367108,1,-0.431400,0
2014-04-15,sz.300015,36.5500,38.7600,36.5300,38.3900,36.9300,3085556,117370837.0000,3,0.888599,1,3.953400,0
2014-04-16,sz.300015,38.3000,38.3000,37.1800,37.3100,38.3900,1722062,64804276.0000,3,0.495931,1,-2.813200,0
2014-04-17,sz.300015,37.3000,37.9800,36.9000,37.0500,37.3100,1074860,40180002.0000,3,0.309545,1,-0.696900,0
2014-04-18,sz.300015,37.1800,38.0000,37.0000,37.9000,37.0500,1138509,42796644.0000,3,0.327875,1,2.294200,0
2014-04-21,sz.300015,37.3900,37.9600,37.3500,37.3500,37.9000,968690,36492491.0000,3,0.278970,1,-1.451200,0
2014-04-22,sz.300015,37.0200,37.9400,35.3700,35.4500,37.3500,2452268,88256300.0000,3,0.706221,1,-5.087000,0
2014-04-23,sz.300015,35.1800,35.7000,35.1100,35.7000,35.4500,1024147,36294237.0000,3,0.294941,1,0.705200,0
2014-04-24,sz.300015,35.5100,35.6900,34.3000,34.6900,35.7000,1757402,61132262.0000,3,0.506108,1,-2.829100,0
2014-04-25,sz.300015,34.2700,35.0000,34.0000,34.0500,34.6900,1353288,46757561.0000,3,0.389729,1,-1.844900,0
2014-04-28,sz.300015,33.5000,34.3600,33.1100,33.8000,34.0500,2147352,72605260.0000,3,0.618409,1,-0.734200,0
2014-04-29,sz.300015,33.7000,34.1800,32.8700,33.3800,33.8000,2070769,69046952.0000,3,0.596354,1,-1.242600,0
2014-04-30,sz.300015,33.1900,34.7900,33.1900,34.5500,33.3800,1531821,52498203.0000,3,0.441144,1,3.505100,0
2014-05-05,sz.300015,34.5700,35.3800,34.3300,35.1000,34.5500,1517042,52971810.0000,3,0.436888,1,1.591900,0
2014-05-06,sz.300015,35.0000,35.8000,34.8000,35.7200,35.1000,1730973,61304006.0000,3,0.496239,1,1.766400,0
2014-05-07,sz.300015,35.6300,35.6300,34.1200,34.6100,35.7200,1253161,43542169.0000,3,0.359259,1,-3.107500,0
2014-05-08,sz.300015,34.4000,34.4900,33.2300,33.5000,34.6100,1911831,64720906.0000,3,0.548087,1,-3.207200,0
2014-05-09,sz.300015,33.4400,33.7000,31.5600,31.7500,33.5000,3253892,104562716.0000,3,0.932832,1,-5.223900,0
2014-05-12,sz.300015,31.9800,32.4000,31.3100,32.2000,31.7500,1681939,53810447.0000,3,0.482181,1,1.417300,0
2014-05-13,sz.300015,32.2500,32.8800,32.0100,32.4000,32.2000,2434297,79180045.0000,3,0.697869,1,0.621100,0
2014-05-14,sz.300015,32.3900,32.9200,32.0400,32.7800,32.4000,1325882,43256362.0000,3,0.380106,1,1.172800,0
2014-05-15,sz.300015,21.5600,22.1200,20.3300,20.9000,21.7900,2738300,58151497.0000,3,0.524185,1,-4.084400,0
2014-05-16,sz.300015,20.7300,21.3500,20.3500,20.6200,20.9000,2078272,42986252.0000,3,0.397838,1,-1.339700,0
2014-05-19,sz.300015,20.6300,21.1300,20.3800,20.9000,20.6200,2258391,47003634.0000,3,0.432317,1,1.357900,0
2014-05-20,sz.300015,21.2000,22.1600,21.2000,21.5700,20.9000,3151569,68220247.0000,3,0.603296,1,3.205700,0
2014-05-21,sz.300015,21.6500,21.8300,21.0600,21.7000,21.5700,1468820,31581811.0000,3,0.281172,1,0.602700,0
2014-05-22,sz.300015,21.8500,22.5100,21.7400,22.0200,21.7000,3965311,88012074.0000,3,0.759068,1,1.474700,0
2014-05-23,sz.300015,22.0200,22.3200,21.8000,22.3100,22.0200,2439011,53935965.0000,3,0.466893,1,1.317000,0
2014-05-26,sz.300015,22.3800,23.7800,22.3800,23.2800,22.3100,4410853,102667513.0000,3,0.844357,1,4.347800,0
2014-05-27,sz.300015,23.2900,23.4800,23.0000,23.2800,23.2800,2284912,53014700.0000,3,0.437394,1,0.000000,0
2014-05-28,sz.300015,23.0500,24.8500,23.0300,24.7600,23.2800,5156025,124481460.0000,3,0.987003,1,6.357400,0
2014-05-29,sz.300015,25.0000,25.6900,24.2200,24.7400,24.7600,4745239,117305704.0000,3,0.908367,1,-0.080800,0
2014-05-30,sz.300015,24.7900,24.7900,23.8900,24.2400,24.7400,3249935,78743964.0000,3,0.622126,1,-2.021000,0
2014-06-03,sz.300015,24.3000,24.5700,24.0500,24.1600,24.2400,1469003,35717323.0000,3,0.281207,1,-0.330000,0
2014-06-04,sz.300015,24.0000,24.2900,23.7000,23.9000,24.1600,1736399,41575917.0000,3,0.332394,1,-1.076200,0
2014-06-05,sz.300015,23.9000,24.4600,23.8000,24.4600,23.9000,1802909,43706025.0000,3,0.345126,1,2.343100,0
2014-06-06,sz.300015,24.4700,24.6000,24.0300,24.1600,24.4600,1396193,33873940.0000,3,0.267269,1,-1.226500,0
2014-06-09,sz.300015,24.0600,24.1000,23.2000,23.5000,24.1600,2041769,48122177.0000,3,0.390850,1,-2.731800,0
2014-06-10,sz.300015,23.5300,24.1000,23.3300,23.9800,23.5000,1676806,39929281.0000,3,0.320986,1,2.042600,0
2014-06-11,sz.300015,23.9800,24.4300,23.9000,24.3000,23.9800,2508328,60680654.0000,3,0.480162,1,1.334400,0
2014-06-12,sz.300015,24.1800,24.3500,23.9700,24.1500,24.3000,1062426,25640829.0000,3,0.203377,1,-0.617300,0
2014-06-13,sz.300015,24.2100,24.9000,24.0500,24.7500,24.1500,2604109,64220249.0000,3,0.498497,1,2.484500,0
2014-06-16,sz.300015,24.7600,24.8800,23.9000,24.1000,24.7500,4024300,97271735.0000,3,0.770360,1,-2.626300,0
2014-06-17,sz.300015,24.1000,24.2600,23.7800,23.8800,24.1000,1613154,38702825.0000,3,0.308801,1,-0.912900,0
2014-06-18,sz.300015,23.8000,24.1000,23.7600,23.8100,23.8800,975712,23279576.0000,3,0.186778,1,-0.293100,0
2014-06-19,sz.300015,23.8500,23.8500,22.0000,22.5000,23.8100,2624927,60609778.0000,3,0.502482,1,-5.501900,0
2014-06-20,sz.300015,22.3900,23.2600,22.3000,23.0800,22.5000,1167931,26631381.0000,3,0.223574,1,2.577800,0
2014-06-23,sz.300015,23.4700,23.9300,23.1100,23.4900,23.0800,1328799,31264332.0000,3,0.254368,1,1.776400,0
2014-06-24,sz.300015,23.4900,23.9200,23.4200,23.5000,23.4900,1380073,32653016.0000,3,0.264183,1,0.042600,0
2014-06-25,sz.300015,23.4700,23.7900,22.8600,23.2500,23.5000,1056010,24578247.0000,3,0.202149,1,-1.063800,0
2014-06-26,sz.300015,23.4800,24.0600,23.3600,23.9000,23.2500,2161356,51455174.0000,3,0.413742,1,2.795700,0
2014-06-27,sz.300015,23.9700,24.5700,23.7700,24.2600,23.9000,2437809,59056114.0000,3,0.466663,1,1.506300,0
2014-06-30,sz.300015,24.3400,24.5400,23.9100,24.3400,24.2600,2296042,55610405.0000,3,0.438785,1,0.329800,0
2014-07-01,sz.300015,24.4100,25.4400,24.1400,24.9900,24.3400,5257934,130982052.0000,3,1.004817,1,2.670500,0
2014-07-02,sz.300015,25.3000,25.3000,24.2600,24.8400,24.9900,3595321,88897436.0000,3,0.687083,1,-0.600200,0
2014-07-03,sz.300015,24.5300,24.8500,24.4100,24.6300,24.8400,3012698,74240082.0000,3,0.575741,1,-0.845400,0
2014-07-04,sz.300015,24.5000,24.8400,24.0200,24.3000,24.6300,3887541,94703426.0000,3,0.742928,1,-1.339800,0
2014-07-07,sz.300015,24.4300,24.7900,23.5500,23.6500,24.3000,3697941,88620060.0000,3,0.706694,1,-2.674900,0
2014-07-08,sz.300015,23.6000,24.0500,23.1900,23.9800,23.6500,2161437,51275049.0000,3,0.413061,1,1.395300,0
2014-07-09,sz.300015,24.0700,24.1600,23.5700,23.5800,23.9800,2094791,50042517.0000,3,0.400325,1,-1.668100,0
2014-07-10,sz.300015,23.2100,24.3500,23.2100,24.1400,23.5800,2866918,68807892.0000,3,0.547882,1,2.374900,0
2014-07-11,sz.300015,24.1500,24.1500,23.6000,23.8500,24.1400,1318734,31538619.0000,3,0.252016,1,-1.201300,0
2014-07-14,sz.300015,24.2800,25.1000,24.1100,25.1000,23.8500,5698276,141527460.0000,3,1.088968,1,5.241100,0
2014-07-15,sz.300015,24.9500,25.3800,24.3000,25.0500,25.1000,3051871,76136495.0000,3,0.583227,1,-0.199200,0
2014-07-16,sz.300015,24.9900,25.1600,24.0000,24.4000,25.0500,2916693,71654573.0000,3,0.557394,1,-2.594800,0
2014-07-17,sz.300015,24.0500,24.7000,24.0500,24.1200,24.4000,1884376,45812436.0000,3,0.360113,1,-1.147500,0
2014-07-18,sz.300015,23.9800,24.4600,23.8000,24.0600,24.1200,2104334,50753069.0000,3,0.402148,1,-0.248800,0
2014-07-21,sz.300015,23.8700,24.4400,23.8700,24.2300,24.0600,2594159,62529316.0000,3,0.495756,1,0.706600,0
2014-07-22,sz.300015,24.1600,24.3600,24.0700,24.3400,24.2300,2101349,50931955.0000,3,0.401578,1,0.454000,0
2014-07-23,sz.300015,24.2900,24.3200,23.3000,23.4100,24.3400,4699270,111494927.0000,3,0.898053,1,-3.820900,0
2014-07-24,sz.300015,23.3800,23.4500,21.8500,22.8000,23.4100,6094383,136723472.0000,3,1.164666,1,-2.605700,0
2014-07-25,sz.300015,22.7600,23.5100,22.2000,23.4900,22.8000,3290486,75313103.0000,3,0.628828,1,3.026300,0
2014-07-28,sz.300015,23.4900,23.5600,22.9400,23.4100,23.4900,3441608,80262812.0000,3,0.657708,1,-0.340600,0
2014-07-29,sz.300015,23.4500,23.7500,23.3000,23.5400,23.4100,2518747,59390925.0000,3,0.481345,1,0.555300,0
2014-07-30,sz.300015,23.5300,23.8600,23.3700,23.7100,23.5400,1861254,43974227.0000,3,0.355695,1,0.722200,0
2014-07-31,sz.300015,23.7100,23.8600,23.4000,23.7900,23.7100,1401448,33185515.0000,3,0.267824,1,0.337400,0
2014-08-01,sz.300015,23.8000,24.8200,23.6000,24.2900,23.7900,4368951,106019636.0000,3,0.834928,1,2.101700,0
2014-08-04,sz.300015,24.2800,24.7300,23.9400,24.4100,24.2900,3093083,75232639.0000,3,0.591103,1,0.494000,0
2014-08-05,sz.300015,24.5100,24.8900,24.1600,24.6500,24.4100,3371843,83010992.0000,3,0.644376,1,0.983200,0
2014-08-06,sz.300015,24.6100,24.8500,24.6000,24.6400,24.6500,2847156,70318077.0000,3,0.544105,1,-0.040600,0
2014-08-07,sz.300015,24.4200,24.8400,24.4200,24.4700,24.6400,2695566,66564468.0000,3,0.515136,1,-0.689900,0
2014-08-08,sz.300015,24.4700,24.8300,24.4500,24.7100,24.4700,1894781,46690290.0000,3,0.362102,1,0.980800,0
2014-08-11,sz.300015,24.7100,26.7500,24.7100,25.9000,24.7100,6009014,155213629.0000,3,1.148352,1,4.815900,0
2014-08-12,sz.300015,26.0100,26.3600,25.7000,25.8900,25.9000,3816582,99187368.0000,3,0.729367,1,-0.038600,0
2014-08-13,sz.300015,25.8500,26.1900,25.3600,26.0300,25.8900,2826505,73126225.0000,3,0.540159,1,0.540800,0
2014-08-14,sz.300015,26.0500,26.7900,26.0400,26.3500,26.0300,4467467,118352358.0000,3,0.853755,1,1.229300,0
2014-08-15,sz.300015,26.2700,26.6400,26.2000,26.3000,26.3500,2909450,76706867.0000,3,0.556010,1,-0.189800,0
2014-08-18,sz.300015,26.5000,27.4500,26.5000,27.4400,26.3000,5225625,141693472.0000,3,0.998642,1,4.334600,0
2014-08-19,sz.300015,27.5000,27.6600,26.6800,27.0800,27.4400,4123681,111879790.0000,3,0.788055,1,-1.312000,0
2014-08-20,sz.300015,27.1000,27.1200,26.6000,26.7900,27.0800,3290922,88240089.0000,3,0.628911,1,-1.070900,0
2014-08-21,sz.300015,26.7900,26.8500,25.8100,26.3500,26.7900,3854928,101433382.0000,3,0.736695,1,-1.642400,0
2014-08-22,sz.300015,26.3300,26.7300,26.2200,26.3900,26.3500,3446869,91233972.0000,3,0.658713,1,0.151800,0
2014-08-25,sz.300015,26.5100,27.0800,26.4100,26.7800,26.3900,4080618,109552763.0000,3,0.779826,1,1.477800,0
2014-08-26,sz.300015,26.6000,26.7700,25.6900,26.0400,26.7800,4395388,114404305.0000,3,0.839980,1,-2.763300,0
2014-08-27,sz.300015,26.0200,26.1900,25.7900,25.8800,26.0400,2240672,58261562.0000,3,0.428203,1,-0.614400,0
2014-08-28,sz.300015,25.9800,26.1600,25.4000,25.5300,25.8800,2782765,71307405.0000,3,0.531800,1,-1.352400,0
2014-08-29,sz.300015,25.5300,26.4400,25.5100,26.4000,25.5300,2370287,61730208.0000,3,0.452973,1,3.407800,0
2014-09-01,sz.300015,26.2700,26.8300,26.2700,26.7500,26.4000,2936631,77977158.0000,3,0.561204,1,1.325800,0
2014-09-02,sz.300015,26.7500,26.9500,26.4500,26.8000,26.7500,3400481,90606314.0000,3,0.649848,1,0.186900,0
2014-09-03,sz.300015,26.8500,26.9900,26.6000,26.9200,26.8000,3105613,83273479.0000,3,0.593498,1,0.447800,0
2014-09-04,sz.300015,26.8100,26.9600,26.7000,26.8900,26.9200,3629543,97319826.0000,3,0.693623,1,-0.111400,0
2014-09-05,sz.300015,26.9300,27.0600,26.4700,26.6700,26.8900,3239162,86489153.0000,3,0.619020,1,-0.818100,0
2014-09-09,sz.300015,26.6500,26.7000,25.8100,26.1200,26.6700,6432412,167720891.0000,3,1.229265,1,-2.062200,0
2014-09-10,sz.300015,26.0100,26.3500,25.8800,26.2600,26.1200,2916761,76367085.0000,3,0.557407,1,0.536000,0
2014-09-11,sz.300015,26.3000,26.8000,26.1500,26.4600,26.2600,5364549,142680484.0000,3,1.025191,1,0.761600,0
2014-09-12,sz.300015,26.4800,26.6600,26.3100,26.4800,26.4600,2391902,63230721.0000,3,0.457104,1,0.075600,0
2014-09-15,sz.300015,26.5900,26.6500,26.3400,26.3500,26.4800,2768567,73243344.0000,3,0.529087,1,-0.490900,0
2014-09-16,sz.300015,26.3500,26.7900,24.9200,25.3300,26.3500,5062792,132443399.0000,3,0.967524,1,-3.871000,0
2014-09-17,sz.300015,25.4000,25.9400,25.3800,25.6900,25.3300,2772586,71005129.0000,3,0.529855,1,1.421200,0
2014-09-18,sz.300015,25.8100,26.3400,25.6700,26.1000,25.6900,2349754,61424849.0000,3,0.449049,1,1.596000,0
2014-09-19,sz.300015,26.1100,26.5000,26.0000,26.4000,26.1000,2199599,58030773.0000,3,0.420354,1,1.149400,0
2014-09-22,sz.300015,26.2900,26.5600,25.8800,26.4200,26.4000,3892117,102042481.0000,3,0.743802,1,0.075800,0
2014-09-23,sz.300015,26.4200,26.7500,26.3500,26.6900,26.4200,3027843,80522198.0000,3,0.578635,1,1.022000,0
2014-09-24,sz.300015,26.6500,26.7500,26.3500,26.6200,26.6900,2933939,77861075.0000,3,0.560690,1,-0.262300,0
2014-09-25,sz.300015,26.7400,26.7700,26.4400,26.5800,26.6200,3129043,83216910.0000,3,0.597975,1,-0.150300,0
2014-09-26,sz.300015,26.5000,26.6000,25.6900,26.0400,26.5800,5100794,132641840.0000,3,0.974786,1,-2.031600,0
2014-09-29,sz.300015,26.1400,26.4000,26.0000,26.1400,26.0400,3222852,84480487.0000,3,0.615903,1,0.384000,0
2014-09-30,sz.300015,26.1500,26.3400,25.9500,26.1600,26.1400,2377479,62118524.0000,3,0.454348,1,0.076500,0
2014-10-08,sz.300015,26.2800,26.5500,25.9900,26.5300,26.1600,4130558,108264175.0000,3,0.789370,1,1.414400,0
2014-10-09,sz.300015,26.6000,27.1200,26.4300,27.0900,26.5300,6553993,176113879.0000,3,1.252500,1,2.110800,0
2014-10-10,sz.300015,27.0700,27.2700,26.6800,26.8300,27.0900,4129796,111118675.0000,3,0.789224,1,-0.959800,0
2014-10-13,sz.300015,26.6900,27.2800,26.4000,27.2700,26.8300,4222088,113871290.0000,3,0.806861,1,1.640000,0
2014-10-14,sz.300015,27.4900,27.8700,27.0500,27.8500,27.2700,6198251,169898568.0000,3,1.184516,1,2.126900,0
2014-10-15,sz.300015,27.9700,27.9700,27.3500,27.5500,27.8500,4687326,129425767.0000,3,0.895771,1,-1.077200,0
2014-10-16,sz.300015,27.4000,27.8800,27.0000,27.1200,27.5500,4868207,133029502.0000,3,0.930338,1,-1.560800,0
2014-10-17,sz.300015,27.0300,27.1500,26.2300,26.4800,27.1200,4352496,115760627.0000,3,0.831783,1,-2.359900,0
2014-10-20,sz.300015,26.4800,26.9700,26.4000,26.9400,26.4800,3203184,85552751.0000,3,0.612144,1,1.737200,0
2014-10-21,sz.300015,27.0500,27.0900,26.0000,26.3000,26.9400,3810788,100841811.0000,3,0.728260,1,-2.375700,0
2014-10-22,sz.300015,26.2900,26.6200,26.1100,26.1500,26.3000,1988472,52444333.0000,3,0.380007,1,-0.570300,0
2014-10-23,sz.300015,26.0600,26.6100,25.9100,26.6100,26.1500,2393327,62752945.0000,3,0.457376,1,1.759100,0
2014-10-24,sz.300015,26.6200,26.7800,26.3500,26.4300,26.6100,1951886,51868630.0000,3,0.373015,1,-0.676400,0
2014-10-27,sz.300015,26.5100,27.1200,26.3000,27.1000,26.4300,2966263,79229225.0000,3,0.566867,1,2.535000,0
2014-10-28,sz.300015,27.2500,27.7300,27.0200,27.6600,27.1000,4538321,124534842.0000,3,0.867295,1,2.066400,0
2014-10-29,sz.300015,27.6300,28.4300,27.6300,27.7500,27.6600,5825548,163627823.0000,3,1.113290,1,0.325400,0
2014-10-30,sz.300015,27.8200,28.0400,27.1800,27.2400,27.7500,3787099,104375844.0000,3,0.723733,1,-1.837800,0
2014-10-31,sz.300015,27.2000,27.5500,26.9600,27.2800,27.2400,2947714,80000579.0000,3,0.563322,1,0.146800,0
2014-11-03,sz.300015,27.2800,27.3900,26.9200,27.1200,27.2800,2781034,75382970.0000,3,0.531469,1,-0.586500,0
2014-11-04,sz.300015,27.1200,27.2600,26.5700,26.6500,27.1200,3462113,92795652.0000,3,0.661627,1,-1.733000,0
2014-11-05,sz.300015,26.6500,27.0600,26.5400,26.6500,26.6500,3264629,87516554.0000,3,0.623886,1,0.000000,0
2014-11-06,sz.300015,26.7900,27.7000,26.6800,27.6900,26.6500,4231261,114816509.0000,3,0.808614,1,3.902400,0
2014-11-07,sz.300015,27.7100,27.7700,26.8200,26.9700,27.6900,3824923,104636860.0000,3,0.730961,1,-2.600200,0
2014-11-10,sz.300015,26.9700,26.9700,26.3500,26.7000,26.9700,3794473,101090728.0000,3,0.725142,1,-1.001100,0
2014-11-11,sz.300015,26.6900,26.6900,25.3900,25.7300,26.7000,5639286,145946987.0000,3,1.077695,1,-3.633000,0
2014-11-12,sz.300015,25.7500,25.8800,25.5500,25.8700,25.7300,2446521,63001476.0000,3,0.467542,1,0.544100,0
2014-11-13,sz.300015,25.8000,25.8400,25.0000,25.1000,25.8700,3120991,78697302.0000,3,0.596437,1,-2.976400,0
2014-11-14,sz.300015,25.0500,25.5900,24.9600,25.0800,25.1000,2270191,57101748.0000,3,0.433845,1,-0.079700,0
2014-11-17,sz.300015,25.0800,25.8500,25.0800,25.7000,25.0800,2990008,76430586.0000,3,0.571405,1,2.472100,0
2014-11-18,sz.300015,25.5300,26.1600,25.5300,26.1500,25.7000,3141879,81512444.0000,3,0.600428,1,1.751000,0
2014-11-19,sz.300015,26.1700,26.2700,25.8100,25.9000,26.1500,1979131,51423028.0000,3,0.378222,1,-0.956000,0
2014-11-20,sz.300015,25.9100,26.1000,25.5000,25.6100,25.9000,1320365,33895037.0000,3,0.252328,1,-1.119700,0
2014-11-21,sz.300015,25.6600,26.0800,25.6600,25.8400,25.6100,1533761,39745077.0000,3,0.293109,1,0.898100,0
2014-11-24,sz.300015,26.0000,26.2000,25.4000,25.4800,25.8400,3095793,79562235.0000,3,0.591621,1,-1.393200,0
2014-11-25,sz.300015,25.6000,26.0600,25.4900,25.8700,25.4800,2997300,77425482.0000,3,0.572799,1,1.530600,0
2014-11-26,sz.300015,25.8200,25.8700,25.3600,25.6500,25.8700,4864024,124311109.0000,3,0.929539,1,-0.850400,0
2014-11-27,sz.300015,25.7300,26.1300,25.6100,25.9500,25.6500,5199335,134671886.0000,3,0.993618,1,1.169600,0
2014-11-28,sz.300015,25.9600,26.0700,25.4000,25.7400,25.9500,6111356,156858208.0000,3,1.167910,1,-0.809300,0
2014-12-01,sz.300015,25.7500,26.2000,25.2800,25.4800,25.7400,5801046,148107324.0000,3,1.108608,1,-1.010100,0
2014-12-02,sz.300015,25.5000,26.1600,25.5000,25.7700,25.4800,5206264,134197956.0000,3,0.994942,1,1.138200,0
2014-12-03,sz.300015,25.7600,27.0800,25.4100,27.0100,25.7700,10948150,285846944.0000,3,2.092245,1,4.811800,0
2014-12-04,sz.300015,27.0900,27.3800,26.7400,26.7800,27.0100,9001237,243020387.0000,3,1.720180,1,-0.851500,0
2014-12-05,sz.300015,26.8000,26.8500,24.9800,25.2600,26.7800,9893320,254494483.0000,3,1.890661,1,-5.675900,0
2014-12-08,sz.300015,25.2500,25.9500,24.3100,25.2900,25.2600,11065297,280150048.0000,3,2.114632,1,0.118800,0
2014-12-09,sz.300015,25.6100,25.8700,25.0000,25.0200,25.2900,9033334,229744766.0000,3,1.726314,1,-1.067600,0
2014-12-10,sz.300015,25.0100,26.9800,24.9500,26.7900,25.0200,8963892,233872163.0000,3,1.713043,1,7.074300,0
2014-12-11,sz.300015,26.8000,27.4300,26.5300,27.1600,26.7900,7324887,198863070.0000,3,1.399821,1,1.381100,0
2014-12-12,sz.300015,27.4500,29.7500,27.4500,29.2600,27.1600,12322262,354975424.0000,3,2.354844,1,7.732000,0
2014-12-15,sz.300015,29.5500,31.3000,29.5100,29.7800,29.2600,11840044,361061472.0000,3,2.262690,1,1.777200,0
2014-12-16,sz.300015,29.8000,30.3500,29.0100,29.6000,29.7800,7814525,231926333.0000,3,1.493394,1,-0.604400,0
2014-12-17,sz.300015,29.2000,30.0000,28.6900,29.0400,29.6000,6776549,197920894.0000,3,1.295031,1,-1.891900,0
2014-12-18,sz.300015,28.9700,30.6500,28.7400,29.6200,29.0400,6602531,196730565.0000,3,1.261776,1,1.997200,0
2014-12-19,sz.300015,29.5800,29.8900,28.4200,28.5800,29.6200,5633636,162882189.0000,3,1.076615,1,-3.511100,0
2014-12-22,sz.300015,28.4000,28.8000,27.0100,27.1200,28.5800,6381461,176199169.0000,3,1.219528,1,-5.108500,0
2014-12-23,sz.300015,27.4500,28.2000,27.1200,27.5600,27.1200,5329927,147193471.0000,3,1.018575,1,1.622400,0
2014-12-24,sz.300015,27.6000,28.7000,27.0000,28.2000,27.5600,5410576,152307375.0000,3,1.033987,1,2.322200,0
2014-12-25,sz.300015,28.2000,28.2100,27.2100,27.7000,28.2000,6325458,173919111.0000,3,1.208826,1,-1.773000,0
2014-12-26,sz.300015,27.7200,28.1800,27.3800,28.0500,27.7000,3799204,105745298.0000,3,0.726046,1,1.263500,0
2014-12-29,sz.300015,28.0000,28.0500,27.1100,27.2800,28.0500,5748407,157812455.0000,3,1.098548,1,-2.745100,0
2014-12-30,sz.300015,27.2000,27.5400,26.9000,27.3500,27.2800,2924646,79603616.0000,3,0.558914,1,0.256600,0
2014-12-31,sz.300015,27.3500,27.7000,27.0000,27.5500,27.3500,3208271,87817092.0000,3,0.612296,1,0.731300,0
2015-01-05,sz.300015,27.6400,27.8500,26.7500,27.6500,27.5500,4405871,120243810.0000,3,0.840857,1,0.363000,0
2015-01-06,sz.300015,27.2100,30.1200,27.2000,30.0700,27.6500,9810636,286117568.0000,3,1.872351,1,8.752300,0
2015-01-07,sz.300015,29.8000,30.1500,28.7300,29.2100,30.0700,6367969,186736606.0000,3,1.215321,1,-2.860000,0
2015-01-08,sz.300015,29.0200,30.0000,29.0200,29.2000,29.2100,5213040,153752333.0000,3,0.994904,1,-0.034200,0
2015-01-09,sz.300015,29.1800,29.8000,28.9500,29.2100,29.2000,6226737,183961738.0000,3,1.188367,1,0.034200,0
2015-01-12,sz.300015,29.0400,30.7900,29.0200,30.4900,29.2100,6355669,189585763.0000,3,1.212974,1,4.382100,0
2015-01-13,sz.300015,30.4800,31.5000,30.2000,30.2000,30.4900,6070323,186869778.0000,3,1.158516,1,-0.951100,0
2015-01-14,sz.300015,30.0000,30.7000,29.2100,29.5100,30.2000,3472958,103862529.0000,3,0.662811,1,-2.284800,0
2015-01-15,sz.300015,29.5100,30.2400,29.2600,29.4900,29.5100,4351546,128816924.0000,3,0.830489,1,-0.067800,0
2015-01-16,sz.300015,29.5000,30.4600,29.3900,30.0400,29.4900,3568751,106760763.0000,3,0.681093,1,1.865000,0
2015-01-19,sz.300015,29.2900,31.2200,28.8500,29.8200,30.0400,7035816,212953731.0000,3,1.342779,1,-0.732400,0
2015-01-20,sz.300015,30.3200,32.8000,30.3200,32.8000,29.8200,13473521,431598144.0000,3,2.571409,1,9.993300,0
2015-01-21,sz.300015,33.0000,33.7000,32.3800,33.0900,32.8000,10156294,334196080.0000,3,1.938320,1,0.884100,0
2015-01-22,sz.300015,32.9800,34.7000,32.1300,34.4000,33.0900,8877989,294660240.0000,3,1.694356,1,3.958900,0
2015-01-23,sz.300015,34.0000,34.1000,32.3500,32.4300,34.4000,8511280,280876960.0000,3,1.624370,1,-5.726700,0
2015-01-26,sz.300015,32.6000,33.1000,32.4000,32.7000,32.4300,4768493,155954780.0000,3,0.910063,1,0.832600,0
2015-01-27,sz.300015,32.6500,32.9500,31.9200,32.4700,32.7000,6065334,196215743.0000,3,1.157564,1,-0.703400,0
2015-01-28,sz.300015,32.0900,32.7900,31.9700,32.1500,32.4700,4406606,142283220.0000,3,0.840997,1,-0.985500,0
2015-01-29,sz.300015,31.7600,32.2300,31.7000,31.9600,32.1500,2263753,72302589.0000,3,0.432035,1,-0.591000,0
2015-01-30,sz.300015,32.1100,33.0500,31.8300,32.2500,31.9600,6455046,210239012.0000,3,1.231940,1,0.907400,0
2015-02-02,sz.300015,31.7000,32.3000,31.6000,31.6600,32.2500,4046567,128811784.0000,3,0.772284,1,-1.829500,0
2015-02-03,sz.300015,31.8800,33.4900,31.7000,32.9900,31.6600,7094000,233072680.0000,3,1.353884,1,4.200900,0
2015-02-04,sz.300015,33.1100,33.3200,32.1500,32.4600,32.9900,4078274,132832313.0000,3,0.778335,1,-1.606600,0
2015-02-05,sz.300015,32.5000,33.1600,31.7400,31.8000,32.4600,5742553,185660220.0000,3,1.095961,1,-2.033300,0
2015-02-06,sz.300015,31.7500,31.8000,30.6000,31.0500,31.8000,5028485,155887903.0000,3,0.958636,1,-2.358500,0
2015-02-09,sz.300015,31.0800,31.3100,30.7600,30.9900,31.0500,2728093,84504274.0000,3,0.520087,1,-0.193200,0
2015-02-10,sz.300015,31.3700,31.4800,30.7600,31.2000,30.9900,3497216,108890487.0000,3,0.666713,1,0.677600,0
2015-02-11,sz.300015,31.2000,32.7500,31.0400,32.6700,31.2000,5301855,170782898.0000,3,1.010752,1,4.711500,0
2015-02-12,sz.300015,32.7000,32.7000,32.0000,32.2500,32.6700,3558780,114861529.0000,3,0.678450,1,-1.285600,0
2015-02-13,sz.300015,32.5000,32.9000,32.2600,32.4000,32.2500,3696447,120239215.0000,3,0.704695,1,0.465100,0
2015-02-16,sz.300015,32.4000,34.3300,32.3600,33.4200,32.4000,6831337,228453795.0000,3,1.302334,1,3.148100,0
2015-02-17,sz.300015,33.3100,33.4100,32.6000,33.0200,33.4200,3745697,123387046.0000,3,0.714084,1,-1.196900,0
2015-02-25,sz.300015,32.9300,33.9000,32.0100,32.3300,33.0200,5432891,180063286.0000,3,1.035733,1,-2.089600,0
2015-02-26,sz.300015,32.2000,32.8100,32.0200,32.8000,32.3300,2979689,96744615.0000,3,0.568052,1,1.453800,0
2015-02-27,sz.300015,33.0600,33.4900,32.6800,33.3300,32.8000,4238950,140526258.0000,3,0.808119,1,1.615900,0
2015-03-02,sz.300015,33.5000,33.8000,32.6500,33.6300,33.3300,5358032,177875932.0000,3,1.021378,1,0.900100,0
2015-03-03,sz.300015,33.6200,33.6200,32.5500,32.7200,33.6300,5214387,172111941.0000,3,0.993996,1,-2.705900,0
2015-03-04,sz.300015,33.2500,35.9000,33.2200,35.2900,32.7200,10697953,369630256.0000,3,2.039304,1,7.854500,0
2015-03-05,sz.300015,35.0000,35.0300,34.2300,34.4500,35.2900,5627683,194355494.0000,3,1.072781,1,-2.380300,0
2015-03-06,sz.300015,34.4500,34.7700,32.7200,32.8100,34.4500,6400857,213488806.0000,3,1.220167,1,-4.760500,0
2015-03-09,sz.300015,32.7000,33.5200,32.6500,33.3100,32.8100,3814242,126592905.0000,3,0.727092,1,1.523900,0
2015-03-10,sz.300015,33.2900,33.9700,33.1100,33.5200,33.3100,4705521,158132405.0000,3,0.896993,1,0.630400,0
2015-03-11,sz.300015,33.5700,33.9600,33.1200,33.3000,33.5200,3364904,112469833.0000,3,0.641437,1,-0.656300,0
2015-03-12,sz.300015,33.0500,33.5700,31.7900,32.9900,33.3000,7063249,229656437.0000,3,1.346436,1,-0.930900,0
2015-03-13,sz.300015,32.8300,33.1800,32.4000,33.1000,32.9900,3771448,123762272.0000,3,0.718935,1,0.333400,0
2015-03-16,sz.300015,33.2100,34.2000,33.0000,33.9000,33.1000,6608287,222543003.0000,3,1.259709,1,2.416900,0
2015-03-17,sz.300015,33.8700,33.9900,33.1800,33.5100,33.9000,7773126,260399022.0000,3,1.481757,1,-1.150500,0
2015-03-18,sz.300015,33.2000,33.9400,33.2000,33.9000,33.5100,6714302,226387837.0000,3,1.279918,1,1.163800,0
2015-03-19,sz.300015,33.7600,35.4500,33.5900,35.1600,33.9000,10615477,364821552.0000,3,2.023582,1,3.716800,0
2015-03-20,sz.300015,34.8300,35.0900,34.1500,34.4700,35.1600,7897310,272703824.0000,3,1.505430,1,-1.962500,0
2015-03-23,sz.300015,34.5500,34.9600,34.2500,34.8800,34.4700,6621026,229339534.0000,3,1.262137,1,1.189400,0
2015-03-24,sz.300015,35.0000,36.5000,34.3000,36.2000,34.8800,13729759,488211552.0000,3,2.617244,1,3.784400,0
2015-03-25,sz.300015,35.8200,36.8800,35.2500,36.2100,36.2000,10125415,364771248.0000,3,1.930164,1,0.027600,0
2015-03-26,sz.300015,36.2000,36.3500,34.6000,35.0200,36.2100,8138245,287678384.0000,3,1.551358,1,-3.286400,0
2015-03-27,sz.300015,35.0000,35.4000,34.8100,34.9900,35.0200,4091812,143399417.0000,3,0.780004,1,-0.085700,0
2015-03-30,sz.300015,34.9500,35.4700,34.7000,35.3000,34.9900,5968203,209610148.0000,3,1.137692,1,0.886000,0
2015-03-31,sz.300015,35.3400,36.4600,35.3400,35.8500,35.3000,8341792,299508400.0000,3,1.590159,1,1.558100,0
2015-04-01,sz.300015,35.9500,37.2000,35.4800,36.9600,35.8500,10828774,394598496.0000,3,2.064242,1,3.096200,0
2015-04-02,sz.300015,37.4700,38.9900,37.1800,37.9500,36.9600,12125252,460286432.0000,3,2.311384,1,2.678600,0
2015-04-03,sz.300015,37.6000,38.8200,37.2900,38.6300,37.9500,8376528,320761664.0000,3,1.596781,1,1.791800,0
2015-04-07,sz.300015,38.9900,39.0000,37.9400,38.3300,38.6300,6835354,261805635.0000,3,1.322708,1,-0.776600,0
2015-04-08,sz.300015,38.2000,38.2200,35.2800,36.7100,38.3300,11451013,420721376.0000,3,2.215884,1,-4.226500,0
2015-04-09,sz.300015,36.5800,37.9900,35.0000,37.7300,36.7100,8867979,327074240.0000,3,1.716041,1,2.778500,0
2015-04-10,sz.300015,37.4100,39.0000,36.5300,38.2600,37.7300,8866679,338629248.0000,3,1.707130,1,1.404700,0
2015-04-13,sz.300015,38.2900,41.7100,38.2600,40.3200,38.2600,10118587,407194640.0000,3,1.948164,1,5.384200,0
2015-04-14,sz.300015,40.6000,44.3500,40.6000,41.7700,40.3200,11888685,507179472.0000,3,2.288966,1,3.596200,0
2015-04-15,sz.300015,41.8800,45.3000,40.2500,43.1300,41.7700,10099247,426895424.0000,3,1.944440,1,3.255900,0
2015-04-16,sz.300015,42.0000,45.2800,41.5800,43.6900,43.1300,9261953,404212928.0000,3,1.783233,1,1.298400,0
2015-04-17,sz.300015,42.9800,44.0700,42.2800,42.4200,43.6900,7402622,317123632.0000,3,1.425250,1,-2.906800,0
2015-04-20,sz.300015,41.5800,42.2500,39.3000,39.6900,42.4200,8590392,350296720.0000,3,1.653935,1,-6.435600,0
2015-04-21,sz.300015,39.9900,42.3700,39.9900,42.0400,39.6900,5914458,243500731.0000,3,1.138729,1,5.920900,0
2015-04-22,sz.300015,42.0600,43.3300,41.9300,42.7800,42.0400,5785346,246382836.0000,3,1.113871,1,1.760200,0
2015-04-23,sz.300015,42.5800,43.2700,40.8600,41.9700,42.7800,6677080,280211824.0000,3,1.285559,1,-1.893400,0
2015-04-24,sz.300015,41.2000,42.7700,40.6800,41.5700,41.9700,4686491,194900248.0000,3,0.902305,1,-0.953100,0
2015-04-27,sz.300015,41.6000,42.9800,41.2000,41.7300,41.5700,4571289,192288024.0000,3,0.880125,1,0.384900,0
2015-04-28,sz.300015,41.2800,42.0000,39.6100,39.8500,41.7300,5453584,221289335.0000,3,1.049996,1,-4.505200,0
2015-04-29,sz.300015,39.8400,41.5000,39.6000,41.1000,39.8500,4763918,193835380.0000,3,0.917212,1,3.136800,0
2015-04-30,sz.300015,41.4000,42.0500,40.6100,40.6800,41.1000,4360062,179698076.0000,3,0.839457,1,-1.021900,0
2015-05-04,sz.300015,40.6300,40.9800,39.8200,40.6000,40.6800,2704105,109324520.0000,3,0.520630,1,-0.196700,0
2015-05-05,sz.300015,40.0600,40.6000,38.6800,40.0100,40.6000,5905944,234611628.0000,3,1.137090,1,-1.453200,0
2015-05-06,sz.300015,40.0100,41.4900,40.0000,40.0800,40.0100,6057843,246585127.0000,3,1.166336,1,0.175000,0
2015-05-07,sz.300015,40.0800,40.4700,39.0200,39.1900,40.0800,4336234,172069790.0000,3,0.834869,1,-2.220600,0
2015-05-08,sz.300015,39.8000,41.7500,39.5000,41.1100,39.1900,6831345,276035392.0000,3,1.315260,1,4.899200,0
2015-05-11,sz.300015,41.5900,43.6600,41.2000,42.9100,41.1100,12742198,544510288.0000,3,2.453296,1,4.378500,0
2015-05-12,sz.300015,43.1000,43.5000,41.7000,42.6000,42.9100,9262682,394446784.0000,3,1.783373,1,-0.722400,0
2015-05-13,sz.300015,42.0000,43.5800,41.6500,42.5800,42.6000,9866002,421759616.0000,3,1.899533,1,-0.046900,0
2015-05-14,sz.300015,42.4800,42.9500,41.0800,41.2400,42.5800,8244445,345259024.0000,3,1.587329,1,-3.147000,0
2015-05-15,sz.300015,41.0900,41.0900,39.5400,39.8000,41.2400,7371302,295367632.0000,3,1.419220,1,-3.491800,0
2015-05-18,sz.300015,40.3000,41.6300,40.0100,41.2100,39.8000,9246991,379055312.0000,3,1.780352,1,3.542700,0
2015-05-19,sz.300015,41.2100,42.7000,40.5000,42.5200,41.2100,9695880,404843664.0000,3,1.866778,1,3.178800,0
2015-05-20,sz.300015,42.6500,46.0000,42.6500,44.2300,42.5200,16055509,708982128.0000,3,3.091218,1,4.021600,0
2015-05-21,sz.300015,44.7700,47.5500,44.5600,47.2800,44.2300,13423821,623599008.0000,3,2.584531,1,6.895800,0
2015-05-22,sz.300015,47.5100,47.8900,44.6000,45.6900,47.2800,11309992,518823920.0000,3,2.177549,1,-3.362900,0
2015-05-25,sz.300015,45.8300,47.1000,45.0000,46.4800,45.6900,9947284,460104720.0000,3,1.915182,1,1.729000,0
2015-05-26,sz.300015,46.1500,49.6400,46.1500,49.1200,46.4800,9445473,457530448.0000,3,1.817493,1,5.679900,0
2015-05-27,sz.300015,49.5000,50.3600,47.5000,48.2800,49.1200,9119174,445798272.0000,3,1.754707,1,-1.710100,0
2015-05-28,sz.300015,48.1000,48.9000,45.7200,45.7200,48.2800,9615798,459436496.0000,3,1.850267,1,-5.302400,0
2015-05-29,sz.300015,46.0000,50.2900,45.0500,50.2900,45.7200,12644395,616584480.0000,3,2.433028,1,9.995600,0
2015-06-01,sz.300015,51.4300,55.3200,51.0500,55.3200,50.2900,11189881,596808032.0000,3,2.153151,1,10.002000,0
2015-06-02,sz.300015,56.6800,59.7800,56.0000,58.4100,55.3200,10149415,588244800.0000,3,1.952945,1,5.585700,0
2015-06-03,sz.300015,59.0900,59.5500,54.5000,56.3000,58.4100,9465434,540452528.0000,3,1.821334,1,-3.612400,0
2015-06-04,sz.300015,37.6000,39.0000,33.7500,38.8800,37.4400,15499419,576144272.0000,3,1.988529,1,3.846200,0
2015-06-05,sz.300015,39.8500,39.9500,37.1100,37.8500,38.8800,15802449,610183376.0000,3,2.027407,1,-2.649200,0
2015-06-08,sz.300015,37.0000,37.8500,36.0100,37.0500,37.8500,12394406,457537456.0000,3,1.590165,1,-2.113600,0
2015-06-09,sz.300015,37.3000,39.4500,37.1000,38.9000,37.0500,12475725,475930416.0000,3,1.600598,1,4.993300,0
2015-06-10,sz.300015,38.5500,40.9600,38.0000,40.0000,38.9000,13580780,544532640.0000,3,1.742373,1,2.827800,0
2015-06-11,sz.300015,39.7800,40.1000,38.5500,39.0600,40.0000,8847956,346408080.0000,3,1.135166,1,-2.350000,0
2015-06-12,sz.300015,39.1500,40.5800,39.1000,39.2300,39.0600,9345855,371575056.0000,3,1.199045,1,0.435200,0
2015-06-15,sz.300015,39.1900,40.0000,37.1800,37.6400,39.2300,9261325,354593952.0000,3,1.188200,1,-4.053000,0
2015-06-16,sz.300015,36.8500,38.3000,35.8100,37.1400,37.6400,7820957,288605360.0000,3,1.003405,1,-1.328400,0
2015-06-17,sz.300015,37.1500,38.4400,36.5500,38.3700,37.1400,9170387,344021808.0000,3,1.176533,1,3.311800,0
2015-06-18,sz.300015,38.3800,38.9800,34.5300,34.9800,38.3700,7328884,273634848.0000,3,0.940274,1,-8.835000,0
2015-06-19,sz.300015,35.0000,35.5800,31.5000,32.2000,34.9800,11791968,394240512.0000,3,1.512874,1,-7.947400,0
2015-06-23,sz.300015,32.3000,34.3400,31.0400,33.9700,32.2000,9869921,323067488.0000,3,1.266281,1,5.496900,0
2015-06-24,sz.300015,33.9700,34.5000,32.9600,33.9900,33.9700,6725949,227545556.0000,3,0.862919,1,0.058900,0
2015-06-25,sz.300015,34.0600,34.5000,32.3600,32.6000,33.9900,5410797,181283020.0000,3,0.694189,1,-4.089400,0
2015-06-26,sz.300015,32.6000,34.0000,29.3400,29.4500,32.6000,14074011,442720560.0000,3,1.805653,1,-9.662600,0
2015-06-29,sz.300015,30.6800,31.0000,26.5100,29.3300,29.4500,16439715,475895504.0000,3,2.109166,1,-0.407500,0
2015-06-30,sz.300015,29.0000,32.2600,26.6000,32.2600,29.3300,16673582,502023360.0000,3,2.139170,1,9.989800,0
2015-07-01,sz.300015,32.2600,34.6500,31.0200,32.2400,32.2600,15104978,504286144.0000,3,1.937923,1,-0.062000,0
2015-07-02,sz.300015,32.2000,33.5100,30.0000,31.3700,32.2400,13542121,430148976.0000,3,1.737413,1,-2.698500,0
2015-07-03,sz.300015,30.0000,34.3800,28.2300,31.9900,31.3700,21074871,658675904.0000,3,2.703842,1,1.976400,0
2015-07-06,sz.300015,35.1900,35.1900,28.9000,31.6000,31.9900,18833676,601318512.0000,3,2.416304,1,-1.219100,0
2015-07-07,sz.300015,29.9800,30.0000,28.4400,28.4400,31.6000,10384108,299583200.0000,3,1.332250,1,-10.000000,0
2015-07-08,sz.300015,28.4400,28.4400,28.4400,28.4400,28.4400,0,0.0000,3,,0,0.000000,0
2015-07-09,sz.300015,28.4400,28.4400,28.4400,28.4400,28.4400,0,0.0000,3,,0,0.000000,0
2015-07-10,sz.300015,30.9700,31.2800,30.0000,31.2800,28.4400,11363216,353864208.0000,3,1.457866,1,9.985900,0
2015-07-13,sz.300015,32.8000,34.4100,32.8000,34.4100,31.2800,21076216,714647952.0000,3,2.704015,1,10.006400,0
2015-07-14,sz.300015,33.9000,37.4400,33.7800,35.0000,34.4100,25350595,896048384.0000,3,3.252405,1,1.714600,0
2015-07-15,sz.300015,33.9800,34.7600,31.5000,31.5000,35.0000,13454174,437517008.0000,3,1.726130,1,-10.000000,0
2015-07-16,sz.300015,31.5000,33.2500,28.8900,31.7900,31.5000,12849897,405326560.0000,3,1.648603,1,0.920600,0
2015-07-17,sz.300015,32.0000,34.4200,32.0000,34.2500,31.7900,12897652,430226240.0000,3,1.654730,1,7.738300,0
2015-07-20,sz.300015,34.5000,35.3900,33.6000,34.0000,34.2500,13227875,456654816.0000,3,1.697096,1,-0.729900,0
2015-07-21,sz.300015,33.2600,35.9800,33.2000,35.8100,34.0000,14677656,509397488.0000,3,1.883099,1,5.323500,0
2015-07-22,sz.300015,35.8900,36.0000,34.3800,35.0300,35.8100,11877858,417680416.0000,3,1.523893,1,-2.178200,0
2015-07-23,sz.300015,35.0300,36.5000,35.0300,36.2500,35.0300,12958215,466667296.0000,3,1.662500,1,3.482700,0
2015-07-24,sz.300015,36.5500,36.9900,35.0000,35.0700,36.2500,14297183,512643376.0000,3,1.834285,1,-3.255200,0
2015-07-27,sz.300015,34.0100,35.4800,31.5600,31.5600,35.0700,12093724,407561984.0000,3,1.551588,1,-10.008600,0
2015-07-28,sz.300015,28.6500,32.9700,28.6500,32.0700,31.5600,17882852,556293280.0000,3,2.294316,1,1.616000,0
2015-07-29,sz.300015,32.5000,33.5000,30.6000,33.5000,32.0700,11499851,372104944.0000,3,1.475396,1,4.459000,0
2015-07-30,sz.300015,33.4800,33.6800,31.6000,31.6500,33.5000,6904850,227761173.0000,3,0.885871,1,-5.522400,0
2015-07-31,sz.300015,31.1000,32.5000,31.0100,32.4600,31.6500,7144954,226461659.0000,3,0.916676,1,2.559200,0
2015-08-03,sz.300015,32.0000,33.8600,31.6100,33.8300,32.4600,19918372,656742896.0000,3,2.555467,1,4.220600,0
2015-08-04,sz.300015,33.5500,35.0900,32.9300,34.9100,33.8300,12099814,413216192.0000,3,1.552370,1,3.192400,0
2015-08-05,sz.300015,34.9200,35.1500,33.8000,33.9100,34.9100,6929101,238675890.0000,3,0.888983,1,-2.864500,0
2015-08-06,sz.300015,33.4800,34.4000,33.1200,33.2300,33.9100,5011297,169354352.0000,3,0.642934,1,-2.005300,0
2015-08-07,sz.300015,33.2300,34.2900,32.8000,33.9200,33.2300,10005552,336869360.0000,3,1.283682,1,2.076400,0
2015-08-10,sz.300015,34.0700,35.4700,33.5200,35.2100,33.9200,11795807,410145888.0000,3,1.513366,1,3.803100,0
2015-08-11,sz.300015,35.2100,35.3600,34.1900,34.6000,35.2100,9538759,331428864.0000,3,1.223794,1,-1.732500,0
2015-08-12,sz.300015,34.3400,34.7500,33.3500,33.4800,34.6000,6544127,223329243.0000,3,0.839592,1,-3.237000,0
2015-08-13,sz.300015,33.1200,33.8000,31.0000,33.3600,33.4800,11252410,365924224.0000,3,1.443650,1,-0.358400,0
2015-08-14,sz.300015,33.5000,33.6700,32.5800,32.7100,33.3600,8899214,294801872.0000,3,1.141742,1,-1.948400,0
2015-08-17,sz.300015,32.5000,32.6800,31.6100,32.3000,32.7100,6581845,211072791.0000,3,0.844431,1,-1.253400,0
2015-08-18,sz.300015,32.2500,32.9900,29.6200,30.1500,32.3000,10454254,330980448.0000,3,1.341249,1,-6.656300,0
2015-08-19,sz.300015,29.8000,32.0900,29.2600,31.9100,30.1500,9670772,295473392.0000,3,1.240731,1,5.837500,0
2015-08-20,sz.300015,31.2800,31.8500,30.2000,31.0000,31.9100,8350912,259757886.0000,3,1.071397,1,-2.851800,0
2015-08-21,sz.300015,30.5000,30.9900,28.8600,29.0000,31.0000,6964447,207542086.0000,3,0.893518,1,-6.451600,0
2015-08-24,sz.300015,27.8800,28.3900,26.1000,26.1000,29.0000,12369248,326578144.0000,3,1.586937,1,-10.000000,0
2015-08-25,sz.300015,24.4900,25.1800,23.4900,23.4900,26.1000,12240338,294841008.0000,3,1.570398,1,-10.000000,0
2015-08-26,sz.300015,24.1500,25.1700,22.3200,23.8000,23.4900,15575212,376910864.0000,3,1.998253,1,1.319700,0
2015-08-27,sz.300015,24.6000,24.9000,23.3200,24.8500,23.8000,8265168,200802668.0000,3,1.060396,1,4.411800,0
2015-08-28,sz.300015,24.8800,27.0200,24.8800,26.8600,24.8500,10039646,260783099.0000,3,1.288056,1,8.088500,0
2015-08-31,sz.300015,26.4000,26.9900,25.5000,26.9300,26.8600,7933695,208291756.0000,3,1.017869,1,0.260600,0
2015-09-01,sz.300015,26.3200,26.9700,24.8200,26.9500,26.9300,10959171,286828240.0000,3,1.406029,1,0.074300,0
2015-09-02,sz.300015,25.5000,28.3400,25.3800,28.1400,26.9500,16375768,452796368.0000,3,2.100962,1,4.415600,0
2015-09-07,sz.300015,27.9900,29.4000,26.7200,26.8300,28.1400,9278521,257235770.0000,3,1.190406,1,-4.655300,0
2015-09-08,sz.300015,26.5500,28.0000,26.2200,27.8500,26.8300,5078761,137714410.0000,3,0.651590,1,3.801700,0
2015-09-09,sz.300015,27.9500,29.0300,27.5800,28.2300,27.8500,7063314,200824959.0000,3,0.906202,1,1.364400,0
2015-09-10,sz.300015,28.0600,28.2100,27.3000,27.3800,28.2300,3547185,98710368.0000,3,0.455093,1,-3.011000,0
2015-09-11,sz.300015,27.1500,27.6200,26.6100,27.0900,27.3800,3601729,97668409.0000,3,0.462091,1,-1.059200,0
2015-09-14,sz.300015,27.5000,27.5500,24.9900,25.0600,27.0900,6101514,158051018.0000,3,0.782806,1,-7.493500,0
2015-09-15,sz.300015,24.5000,25.8500,24.5000,24.5800,25.0600,5534033,139856074.0000,3,0.710000,1,-1.915400,0
2015-09-16,sz.300015,25.0000,27.0400,24.2000,26.6500,24.5800,6868511,174566791.0000,3,0.881209,1,8.421500,0
2015-09-17,sz.300015,26.5000,27.1300,25.5500,25.9500,26.6500,6426963,169431510.0000,3,0.824560,1,-2.626600,0
2015-09-18,sz.300015,26.3800,26.4000,25.7000,26.0100,25.9500,2544172,66130615.0000,3,0.326410,1,0.231200,0
2015-09-21,sz.300015,25.5100,27.4600,25.3500,27.1000,26.0100,5436274,146585926.0000,3,0.697458,1,4.190700,0
2015-09-22,sz.300015,27.3000,27.9900,27.0000,27.4000,27.1000,5572458,153617401.0000,3,0.714930,1,1.107000,0
2015-09-23,sz.300015,27.2000,27.3200,26.4800,26.7200,27.4000,3482266,93810315.0000,3,0.446764,1,-2.481800,0
2015-09-24,sz.300015,26.6500,28.2000,26.6500,27.8800,26.7200,5612722,155477115.0000,3,0.720095,1,4.341300,0
2015-09-25,sz.300015,27.5500,28.4500,27.0900,27.7000,27.8800,5140460,142922167.0000,3,0.659506,1,-0.645600,0
2015-09-28,sz.300015,27.7000,28.7500,27.0400,28.5900,27.7000,4342089,122281127.0000,3,0.557077,1,3.213000,0
2015-09-29,sz.300015,28.0800,28.8700,27.8200,27.8800,28.5900,4928133,138946593.0000,3,0.632265,1,-2.483400,0
2015-09-30,sz.300015,28.0000,28.4200,27.3900,27.6400,27.8800,3599874,99631663.0000,3,0.460329,1,-0.860800,0
2015-10-08,sz.300015,28.7000,29.1100,27.8000,28.3600,27.6400,6877277,196401228.0000,3,0.879422,1,2.604900,0
2015-10-09,sz.300015,28.7400,29.2000,28.4500,28.9600,28.3600,5171097,149624180.0000,3,0.661247,1,2.115700,0
2015-10-12,sz.300015,29.1500,31.3000,28.9600,30.7200,28.9600,7924921,239618299.0000,3,1.013388,1,6.077300,0
2015-10-13,sz.300015,30.5100,31.9000,30.5000,31.3500,30.7200,5991366,188020604.0000,3,0.766138,1,2.050800,0
2015-10-14,sz.300015,31.3000,31.3000,30.0200,30.5000,31.3500,4605629,140452199.0000,3,0.588938,1,-2.711300,0
2015-10-15,sz.300015,30.5000,31.3100,30.2800,31.1900,30.5000,4881670,150685738.0000,3,0.624237,1,2.262300,0
2015-10-16,sz.300015,31.3000,32.0800,30.5100,31.7400,31.1900,5892156,184449952.0000,3,0.753451,1,1.763400,0
2015-10-19,sz.300015,31.7400,31.7900,30.2800,30.7100,31.7400,6237944,192710199.0000,3,0.797668,1,-3.245100,0
2015-10-20,sz.300015,30.9800,31.1500,30.3400,31.0100,30.7100,4943267,152056815.0000,3,0.632113,1,0.976900,0
2015-10-21,sz.300015,31.1000,31.8200,29.5400,29.8200,31.0100,7430967,228728572.0000,3,0.950224,1,-3.837500,0
2015-10-22,sz.300015,30.3900,32.8000,30.0000,32.8000,29.8200,13858100,441005744.0000,3,1.772085,1,9.993300,0
2015-10-23,sz.300015,33.8600,35.2900,33.3000,34.1400,32.8000,17899530,614077264.0000,3,2.288877,1,4.085400,0
2015-10-26,sz.300015,34.4800,34.4800,32.8000,33.5600,34.1400,11223588,375556720.0000,3,1.435201,1,-1.698900,0
2015-10-27,sz.300015,33.2900,34.2300,32.0600,33.6600,33.5600,9225396,307512864.0000,3,1.179685,1,0.298000,0
2015-10-28,sz.300015,33.5000,33.9900,31.7700,31.9600,33.6600,8375958,275644048.0000,3,1.071064,1,-5.050500,0
2015-10-29,sz.300015,32.4000,32.8000,31.3800,32.3800,31.9600,6118439,195857004.0000,3,0.782387,1,1.314100,0
2015-10-30,sz.300015,32.5500,32.7800,31.6500,32.1100,32.3800,3690869,118979966.0000,3,0.471965,1,-0.833800,0
2015-11-02,sz.300015,31.6900,32.8500,31.3500,31.7000,32.1100,4791558,154059349.0000,3,0.612714,1,-1.276900,0
2015-11-03,sz.300015,31.7300,32.1700,31.5000,31.5400,31.7000,3452344,109587214.0000,3,0.441464,1,-0.504700,0
2015-11-04,sz.300015,31.6600,33.3200,31.6600,33.2400,31.5400,6932453,227383611.0000,3,0.886478,1,5.390000,0
2015-11-05,sz.300015,33.0100,33.4700,32.1800,32.5000,33.2400,7997522,262137787.0000,3,1.022672,1,-2.226200,0
2015-11-06,sz.300015,32.5000,33.1700,32.2200,33.1000,32.5000,6143642,202054310.0000,3,0.785610,1,1.846100,0
2015-11-09,sz.300015,33.0000,34.3500,32.4800,33.5700,33.1000,9031289,302260080.0000,3,1.154863,1,1.419900,0
2015-11-10,sz.300015,33.5000,33.9800,32.9000,33.5300,33.5700,8061707,269318352.0000,3,1.030879,1,-0.119200,0
2015-11-11,sz.300015,33.6900,33.6900,32.8200,33.5200,33.5300,6710771,222147839.0000,3,0.858130,1,-0.029800,0
2015-11-12,sz.300015,33.6600,34.5200,33.5500,33.9300,33.5200,8427599,286393088.0000,3,1.077667,1,1.223100,0
2015-11-13,sz.300015,33.5200,33.6800,32.0000,32.0100,33.9300,8150307,265833033.0000,3,1.042209,1,-5.658700,0
2015-11-16,sz.300015,31.6100,33.1000,31.1900,33.0900,32.0100,6329875,204085459.0000,3,0.809424,1,3.374000,0
2015-11-17,sz.300015,33.0800,33.3800,32.5000,32.6300,33.0900,5980183,197565907.0000,3,0.764708,1,-1.390100,0
2015-11-18,sz.300015,32.7000,32.8000,31.5000,31.5000,32.6300,4697104,150674793.0000,3,0.600636,1,-3.463100,0
2015-11-19,sz.300015,31.8900,32.6000,31.5500,32.6000,31.5000,3804164,122151007.0000,3,0.486452,1,3.492100,0
2015-11-20,sz.300015,32.6000,32.6000,31.8800,32.1800,32.6000,3934740,126714737.0000,3,0.503149,1,-1.288300,0
2015-11-23,sz.300015,32.1500,32.3600,31.1000,31.2400,32.1800,8469936,267997323.0000,3,1.083081,1,-2.921100,0
2015-11-24,sz.300015,31.1200,31.6300,30.7000,31.5600,31.2400,3901607,121914154.0000,3,0.498913,1,1.024300,0
2015-11-25,sz.300015,31.5000,33.1800,31.0300,33.1200,31.5600,10525616,339258400.0000,3,1.345948,1,4.943000,0
2015-11-26,sz.300015,33.1500,33.2400,32.1000,32.2100,33.1200,6508195,211948354.0000,3,0.832226,1,-2.747600,0
2015-11-27,sz.300015,32.0800,32.5900,30.8000,31.0800,32.2100,4943781,156645117.0000,3,0.632179,1,-3.508200,0
2015-11-30,sz.300015,31.2100,32.0000,30.2500,31.8300,31.0800,4465356,140085464.0000,3,0.571001,1,2.413100,0
2015-12-01,sz.300015,31.9800,32.4700,31.3500,31.8800,31.8300,3786525,120045366.0000,3,0.484197,1,0.157100,0
2015-12-02,sz.300015,32.2400,32.9700,31.3600,32.2100,31.8800,4588161,147580615.0000,3,0.586705,1,1.035100,0
2015-12-03,sz.300015,32.1500,34.0300,32.1500,33.8000,32.2100,10442415,348095136.0000,3,1.335309,1,4.936400,0
2015-12-04,sz.300015,33.6500,34.0900,32.6000,32.9700,33.8000,9159629,304077792.0000,3,1.171275,1,-2.455600,0
2015-12-07,sz.300015,33.2900,33.7700,32.7900,33.7500,32.9700,8378930,279318960.0000,3,1.071444,1,2.365800,0
2015-12-08,sz.300015,33.5000,33.5900,32.2000,32.4600,33.7500,6346669,208491283.0000,3,0.811571,1,-3.822200,0
2015-12-09,sz.300015,32.3100,32.4900,31.5100,31.8100,32.4600,5269437,168335887.0000,3,0.673822,1,-2.002500,0
2015-12-10,sz.300015,31.8200,32.1800,31.4700,31.5300,31.8100,3651086,116149414.0000,3,0.466878,1,-0.880200,0
2015-12-11,sz.300015,31.3600,32.1300,31.0300,31.9700,31.5300,3867987,122165568.0000,3,0.494613,1,1.395500,0
2015-12-14,sz.300015,31.5100,32.8900,31.3600,32.7700,31.9700,4371921,140408250.0000,3,0.559053,1,2.502300,0
2015-12-15,sz.300015,32.6000,33.6700,32.5000,33.3000,32.7700,5810334,192632252.0000,3,0.742988,1,1.617300,0
2015-12-16,sz.300015,33.4100,33.5000,32.6500,32.8000,33.3000,3831837,126279922.0000,3,0.489991,1,-1.501500,0
2015-12-17,sz.300015,33.1900,33.6800,32.9000,33.6000,32.8000,6876011,229613117.0000,3,0.879260,1,2.439000,0
2015-12-18,sz.300015,33.4800,33.5000,32.5000,32.8300,33.6000,5617493,184726817.0000,3,0.718329,1,-2.291700,0
2015-12-21,sz.300015,32.8300,33.9900,32.6200,33.9200,32.8300,8477917,283547008.0000,3,1.084102,1,3.320100,0
2015-12-22,sz.300015,34.0000,34.2600,33.2500,33.4800,33.9200,6369460,213443587.0000,3,0.814486,1,-1.297200,0
2015-12-23,sz.300015,33.4800,33.8700,33.0100,33.1700,33.4800,6869142,229645336.0000,3,0.878382,1,-0.925900,0
2015-12-24,sz.300015,33.0200,33.3200,32.6800,33.1100,33.1700,4048458,133189946.0000,3,0.517691,1,-0.180900,0
2015-12-25,sz.300015,33.2000,33.2300,32.7000,32.7000,33.1100,4627891,152213469.0000,3,0.591785,1,-1.238300,0
2015-12-28,sz.300015,32.5000,33.0000,32.0000,32.0000,32.7000,5565757,181066702.0000,3,0.711713,1,-2.140700,0
2015-12-29,sz.300015,32.0200,32.5300,31.9700,32.2300,32.0000,3801380,122360822.0000,3,0.486096,1,0.718700,0
2015-12-30,sz.300015,32.1600,32.8600,32.0100,32.7900,32.2300,4027951,130648544.0000,3,0.515069,1,1.737500,0
2015-12-31,sz.300015,32.8000,32.8800,31.5700,31.5800,32.7900,6477163,207264319.0000,3,0.828853,1,-3.690200,0
2016-01-04,sz.300015,31.3000,31.5800,28.7400,28.8200,31.5800,4614569,140301770.0000,3,0.590505,1,-8.739700,0
2016-01-05,sz.300015,28.3000,30.1300,28.1000,29.8200,28.8200,6480099,189413530.0000,3,0.829229,1,3.469800,0
2016-01-06,sz.300015,29.8200,30.1000,29.0800,29.8500,29.8200,3724441,110300515.0000,3,0.476600,1,0.100600,0
2016-01-07,sz.300015,29.4900,29.4900,27.0500,27.4600,29.8500,892511,25361302.0000,3,0.114211,1,-8.006700,0
2016-01-08,sz.300015,28.4800,29.8800,27.0000,29.2400,27.4600,7865230,226978194.0000,3,1.006477,1,6.482200,0
2016-01-11,sz.300015,28.6300,30.6800,28.0000,28.1100,29.2400,8567337,251581172.0000,3,1.096323,1,-3.864600,0
2016-01-12,sz.300015,28.2000,29.4600,28.2000,29.2000,28.1100,5682116,165074537.0000,3,0.727114,1,3.877600,0
2016-01-13,sz.300015,29.5000,29.5600,28.6300,28.9900,29.2000,3850410,111500323.0000,3,0.492719,1,-0.719200,0
2016-01-14,sz.300015,28.2000,30.4600,28.0800,30.2900,28.9900,6059863,179340688.0000,3,0.775453,1,4.484300,0
2016-01-15,sz.300015,29.8100,30.4300,29.6900,30.0100,30.2900,4463899,133843660.0000,3,0.571225,1,-0.924400,0
2016-01-18,sz.300015,29.7000,30.9000,29.4000,30.2400,30.0100,3966288,119924348.0000,3,0.507548,1,0.766400,0
2016-01-19,sz.300015,30.4200,30.7200,29.7900,30.5200,30.2400,5406694,163270105.0000,3,0.691870,1,0.925900,0
2016-01-20,sz.300015,30.3000,30.4900,29.5000,29.6500,30.5200,6251090,186823794.0000,3,0.799923,1,-2.850600,0
2016-01-21,sz.300015,29.1500,29.9800,28.5200,28.8600,29.6500,4070362,118945497.0000,3,0.520866,1,-2.664400,0
2016-01-22,sz.300015,29.1000,29.2900,28.3900,28.9000,28.8600,3869758,111168125.0000,3,0.495195,1,0.138600,0
2016-01-25,sz.300015,29.1500,29.4000,28.8700,28.9300,28.9000,1834520,53428361.0000,3,0.234755,1,0.103800,0
2016-01-26,sz.300015,28.9000,29.1600,27.6000,28.2100,28.9300,5325730,152471412.0000,3,0.681509,1,-2.488800,0
2016-01-27,sz.300015,28.3000,29.2500,27.7200,29.1500,28.2100,6429418,182943880.0000,3,0.822743,1,3.332200,0
2016-01-28,sz.300015,28.8300,29.9000,28.2000,28.3700,29.1500,4439033,129617542.0000,3,0.568043,1,-2.675800,0
2016-01-29,sz.300015,28.5100,29.7000,28.3800,29.4500,28.3700,4960774,145055042.0000,3,0.634808,1,3.806800,0
2016-02-01,sz.300015,29.2100,29.6000,28.5200,28.9000,29.4500,3632265,105371221.0000,3,0.464804,1,-1.867600,0
2016-02-02,sz.300015,29.2600,30.1500,29.2600,29.9000,28.9000,4911140,146582633.0000,3,0.628456,1,3.460200,0
2016-02-03,sz.300015,29.3500,30.3200,29.3500,30.1900,29.9000,3692460,110825313.0000,3,0.472507,1,0.969900,0
2016-02-04,sz.300015,29.9200,30.6000,29.9200,30.2000,30.1900,3813487,115197407.0000,3,0.487994,1,0.033100,0
2016-02-05,sz.300015,30.2500,30.3100,29.8000,29.9200,30.2000,2936351,88117898.0000,3,0.375751,1,-0.927200,0
2016-02-15,sz.300015,29.3000,30.4700,29.2900,30.3900,29.9200,3185198,95829370.0000,3,0.407595,1,1.570900,0
2016-02-16,sz.300015,30.4000,31.1100,30.3000,31.0100,30.3900,5204780,160756191.0000,3,0.666032,1,2.040100,0
2016-02-17,sz.300015,31.0000,31.0900,30.3300,30.6300,31.0100,4541094,139031693.0000,3,0.581103,1,-1.225400,0
2016-02-18,sz.300015,30.7900,30.9000,30.4100,30.5500,30.6300,2867661,87807102.0000,3,0.366961,1,-0.261200,0
2016-02-19,sz.300015,30.6500,30.9400,30.3000,30.7400,30.5500,3601085,110131367.0000,3,0.460814,1,0.621900,0
2016-02-22,sz.300015,30.9000,30.9500,30.5500,30.7700,30.7400,3665221,112654783.0000,3,0.469022,1,0.097600,0
2016-02-23,sz.300015,30.8500,30.9500,30.1700,30.4700,30.7700,3075660,94019262.0000,3,0.393578,1,-0.975000,0
2016-02-24,sz.300015,30.4100,30.5100,29.4100,29.9300,30.4700,3170768,95050961.0000,3,0.405749,1,-1.772200,0
2016-02-25,sz.300015,30.0000,30.0700,27.9300,28.1500,29.9300,5744431,166533989.0000,3,0.735088,1,-5.947200,0
2016-02-26,sz.300015,28.5000,29.1000,28.1000,28.6700,28.1500,4341925,123879020.0000,3,0.555274,1,1.847200,0
2016-02-29,sz.300015,28.6900,28.8900,27.5200,28.1500,28.6700,4836720,135173687.0000,3,0.618552,1,-1.813700,0
2016-03-01,sz.300015,28.1500,28.2000,27.0600,28.0000,28.1500,4191929,116011433.0000,3,0.536091,1,-0.532900,0
2016-03-02,sz.300015,28.0100,29.0900,27.6100,29.0200,28.0000,6540759,184550117.0000,3,0.836475,1,3.642900,0
2016-03-03,sz.300015,28.8800,29.2000,28.5000,28.5500,29.0200,4390776,126506115.0000,3,0.561521,1,-1.619600,0
2016-03-04,sz.300015,28.2000,28.5000,27.0000,27.2200,28.5500,5907583,163174800.0000,3,0.755501,1,-4.658500,0
2016-03-07,sz.300015,27.2300,27.9500,27.2300,27.4000,27.2200,4508614,124614858.0000,3,0.576591,1,0.661300,0
2016-03-08,sz.300015,27.4900,28.2600,26.5100,28.1800,27.4000,5594181,153758393.0000,3,0.715421,1,2.846700,0
2016-03-09,sz.300015,27.9000,28.1900,27.5000,27.7500,28.1800,2617163,72955598.0000,3,0.334700,1,-1.525900,0
2016-03-10,sz.300015,27.9000,28.2800,27.5500,27.7400,27.7500,2590106,72441654.0000,3,0.331119,1,-0.036000,0
2016-03-11,sz.300015,27.6800,28.1500,27.5000,27.8300,27.7400,1825488,50965926.0000,3,0.233371,1,0.324400,0
2016-03-14,sz.300015,28.1200,28.7900,28.1200,28.5900,27.8300,3755810,107394149.0000,3,0.480143,1,2.730900,0
2016-03-15,sz.300015,28.5000,28.7400,27.7000,27.9000,28.5900,3394624,95390937.0000,3,0.433969,1,-2.413400,0
2016-03-16,sz.300015,28.2000,28.3500,27.5200,27.8700,27.9000,2643452,73866409.0000,3,0.337939,1,-0.107500,0
2016-03-17,sz.300015,28.0900,28.7500,27.9100,28.7200,27.8700,4735805,134786270.0000,3,0.605426,1,3.049900,0
2016-03-18,sz.300015,29.0000,29.5900,28.7300,29.2300,28.7200,4935192,144188753.0000,3,0.630915,1,1.775800,0
2016-03-21,sz.300015,29.0600,30.0400,29.0000,29.6000,29.2300,5215257,154008758.0000,3,0.666719,1,1.265800,0
2016-03-22,sz.300015,29.5000,29.5000,29.0100,29.1800,29.6000,3384012,98822378.0000,3,0.432612,1,-1.418900,0
2016-03-23,sz.300015,29.3000,29.3000,28.8100,29.1800,29.1800,2942882,85448321.0000,3,0.376218,1,0.000000,0
2016-03-24,sz.300015,28.9000,29.6600,28.7500,29.1700,29.1800,3929383,115071684.0000,3,0.502333,1,-0.034300,0
2016-03-25,sz.300015,29.2000,29.5000,29.0100,29.2300,29.1700,2253886,65843178.0000,3,0.288137,1,0.205700,0
2016-03-28,sz.300015,29.3000,29.7500,29.2500,29.4100,29.2300,3384292,99912477.0000,3,0.432648,1,0.615800,0
2016-03-29,sz.300015,29.4000,29.6000,29.0100,29.1900,29.4100,3968738,115925486.0000,3,0.507364,1,-0.748000,0
2016-03-30,sz.300015,29.3900,30.1500,29.3300,30.1000,29.1900,4306857,128331578.0000,3,0.550589,1,3.117500,0
2016-03-31,sz.300015,30.3300,30.5000,29.7400,29.8400,30.1000,3244076,97453719.0000,3,0.414723,1,-0.863800,0
2016-04-01,sz.300015,29.8900,30.0000,29.5300,30.0000,29.8400,2726227,81056918.0000,3,0.348521,1,0.536200,0
2016-04-05,sz.300015,29.8000,30.4400,29.8000,30.3700,30.0000,4612773,139294541.0000,3,0.589697,1,1.233300,0
2016-04-06,sz.300015,30.1200,30.4500,30.1000,30.3000,30.3700,2665275,80727538.0000,3,0.340729,1,-0.230500,0
2016-04-07,sz.300015,30.4000,30.6000,29.6100,29.6100,30.3000,3227512,97150049.0000,3,0.412605,1,-2.277200,0
2016-04-08,sz.300015,30.5000,32.0000,30.0000,31.2200,29.6100,17298554,540764032.0000,3,2.200498,1,5.437300,0
2016-04-11,sz.300015,30.6000,31.9000,30.5600,31.6000,31.2200,10903729,341155280.0000,3,1.387031,1,1.217200,0
2016-04-12,sz.300015,31.7900,33.9700,31.5000,32.3900,31.6000,13437000,437499680.0000,3,1.709281,1,2.500000,0
2016-04-13,sz.300015,32.0000,32.9000,31.5000,32.1300,32.3900,10582813,340145824.0000,3,1.346208,1,-0.802700,0
2016-04-14,sz.300015,32.0500,32.8800,31.7700,32.7000,32.1300,7586503,245267780.0000,3,0.965057,1,1.774000,0
2016-04-15,sz.300015,32.4100,32.6800,32.0000,32.0700,32.7000,4460110,144030822.0000,3,0.567357,1,-1.926600,0
2016-04-18,sz.300015,31.8800,31.9500,31.3100,31.6500,32.0700,3886861,122962824.0000,3,0.494436,1,-1.309600,0
2016-04-19,sz.300015,31.7200,32.1000,31.6100,31.6700,31.6500,3147104,100188538.0000,3,0.400334,1,0.063200,0
2016-04-20,sz.300015,31.5700,32.2800,30.0200,30.9000,31.6700,6767772,210612434.0000,3,0.860908,1,-2.431300,0
2016-04-21,sz.300015,30.9000,31.4700,30.6000,30.7300,30.9000,3629051,112664611.0000,3,0.461641,1,-0.550200,0
2016-04-22,sz.300015,30.6800,31.5000,30.5000,31.3200,30.7300,3742282,116355227.0000,3,0.476045,1,1.919900,0
2016-04-25,sz.300015,31.2000,31.2700,30.3100,30.8900,31.3200,3190988,98078708.0000,3,0.405916,1,-1.372900,0
2016-04-26,sz.300015,30.8900,32.5000,30.8500,32.4400,30.8900,6437307,206087858.0000,3,0.818871,1,5.017800,0
2016-04-27,sz.300015,32.4000,32.7200,32.1000,32.1100,32.4400,4090921,132421533.0000,3,0.520394,1,-1.017300,0
2016-04-28,sz.300015,32.0000,32.8500,31.6500,32.1800,32.1100,6007637,194021119.0000,3,0.764214,1,0.218000,0
2016-04-29,sz.300015,32.0900,32.4300,31.5200,31.7800,32.1800,3440837,109833295.0000,3,0.437699,1,-1.243000,0
2016-05-03,sz.300015,31.4000,32.5300,31.0000,32.3000,31.7800,5627033,180256798.0000,3,0.715798,1,1.636200,0
2016-05-04,sz.300015,32.0500,32.4800,31.8000,32.0000,32.3000,3304806,105853230.0000,3,0.420395,1,-0.928800,0
2016-05-05,sz.300015,31.8600,32.3900,31.7600,32.0000,32.0000,3682247,118092278.0000,3,0.468408,1,0.000000,0
2016-05-06,sz.300015,31.8800,32.0700,30.7000,30.7900,32.0000,5474497,171206423.0000,3,0.696395,1,-3.781200,0
2016-05-09,sz.300015,30.7800,31.2800,30.3100,31.0000,30.7900,4518022,139932544.0000,3,0.574724,1,0.682000,0
2016-05-10,sz.300015,30.8800,31.1800,30.4000,30.6200,31.0000,2646453,81412082.0000,3,0.336647,1,-1.225800,0
2016-05-11,sz.300015,30.8500,32.0600,30.6000,31.8300,30.6200,4777001,151046275.0000,3,0.607668,1,3.951700,0
2016-05-12,sz.300015,31.5100,32.4000,30.9500,32.0500,31.8300,4271362,135615583.0000,3,0.543347,1,0.691200,0
2016-05-13,sz.300015,31.8100,32.2000,31.1300,31.4500,32.0500,2491173,78948630.0000,3,0.316895,1,-1.872100,0
2016-05-16,sz.300015,31.3100,32.7800,31.2500,32.6500,31.4500,4125982,132413104.0000,3,0.524854,1,3.815600,0
2016-05-17,sz.300015,32.4200,33.0800,32.0500,32.5200,32.6500,4499727,146542474.0000,3,0.572397,1,-0.398200,0
2016-05-18,sz.300015,32.2100,32.2100,31.5100,31.7800,32.5200,3078048,98107197.0000,3,0.391549,1,-2.275500,0
2016-05-19,sz.300015,31.9000,32.6500,31.7200,32.3300,31.7800,3280312,106061839.0000,3,0.417279,1,1.730700,0
2016-05-20,sz.300015,32.1000,32.8900,32.0000,32.5100,32.3300,3909391,127128945.0000,3,0.497302,1,0.556700,0
2016-05-23,sz.300015,32.4800,33.0800,32.2600,32.7100,32.5100,3987090,130711591.0000,3,0.507186,1,0.615200,0
2016-05-24,sz.300015,32.6900,32.7100,32.1500,32.4200,32.7100,2801239,90597183.0000,3,0.356337,1,-0.886600,0
2016-05-25,sz.300015,32.4000,33.0800,32.2100,32.3700,32.4200,2841182,92824525.0000,3,0.361418,1,-0.154200,0
2016-05-26,sz.300015,32.3200,32.4300,31.0900,31.8900,32.3700,3325771,105343701.0000,3,0.422584,1,-1.482900,0
2016-05-27,sz.300015,31.6400,31.9800,31.5000,31.5500,31.8900,1670738,53092968.0000,3,0.212290,1,-1.066200,0
2016-05-30,sz.300015,31.5500,32.3400,31.2700,31.9000,31.5500,2292257,73484683.0000,3,0.291262,1,1.109400,0
2016-05-31,sz.300015,31.9000,33.0000,31.8000,32.9400,31.9000,4913116,160217213.0000,3,0.624277,1,3.260200,0
2016-06-01,sz.300015,32.9000,33.7600,32.8800,33.2700,32.9400,5140241,171911567.0000,3,0.653136,1,1.001800,0
2016-06-02,sz.300015,33.0400,33.6000,32.9500,33.4900,33.2700,2575714,85780911.0000,3,0.327279,1,0.661300,0
2016-06-03,sz.300015,33.6000,34.2000,32.9600,33.0000,33.4900,7516503,252512507.0000,3,0.955072,1,-1.463100,0
2016-06-06,sz.300015,32.9800,33.0400,32.5500,32.8200,33.0000,3904465,127975816.0000,3,0.496115,1,-0.545500,0
2016-06-07,sz.300015,32.8700,33.2800,32.7100,33.2500,32.8200,3094506,102338195.0000,3,0.393198,1,1.310200,0
2016-06-08,sz.300015,33.0300,33.2500,32.8000,32.8600,33.2500,2957586,97654215.0000,3,0.375801,1,-1.172900,0
2016-06-13,sz.300015,32.5100,32.8600,31.9100,31.9100,32.8600,3064122,99388816.0000,3,0.389338,1,-2.891100,0
2016-06-14,sz.300015,31.9100,32.6500,31.9000,32.6300,31.9100,2852359,91999163.0000,3,0.362430,1,2.256300,0
2016-06-15,sz.300015,32.3000,33.5500,32.2300,33.5300,32.6300,4618542,152952570.0000,3,0.586848,1,2.758200,0
2016-06-16,sz.300015,33.8300,34.5500,33.1400,33.2000,33.5300,6433233,218576394.0000,3,0.817428,1,-0.984200,0
2016-06-17,sz.300015,33.4000,34.8600,33.2100,34.7500,33.2000,6941489,237194114.0000,3,0.882009,1,4.668700,0
2016-06-20,sz.300015,34.7000,34.9500,33.8500,34.7000,34.7500,4535580,156377963.0000,3,0.576306,1,-0.143900,0
2016-06-21,sz.300015,34.6700,35.1700,34.1800,34.4900,34.7000,4680883,161505569.0000,3,0.594769,1,-0.605200,0
2016-06-22,sz.300015,34.1900,34.8500,33.8200,34.7600,34.4900,3420679,117282532.0000,3,0.434643,1,0.782800,0
2016-06-23,sz.300015,34.6400,34.8500,33.8000,33.9600,34.7600,3445495,117956222.0000,3,0.437796,1,-2.301500,0
2016-06-24,sz.300015,33.8000,34.5600,33.5600,33.9000,33.9600,4943376,169203217.0000,3,0.628122,1,-0.176700,0
2016-06-27,sz.300015,33.8100,34.6300,33.7500,34.3900,33.9000,4507126,154976200.0000,3,0.572691,1,1.445400,0
2016-06-28,sz.300015,34.4700,35.3100,34.1000,35.1400,34.3900,4918493,170851418.0000,3,0.624960,1,2.180900,0
2016-06-29,sz.300015,35.5000,36.6600,35.4800,36.4500,35.1400,7250548,262447297.0000,3,0.921279,1,3.727900,0
2016-06-30,sz.300015,36.5600,36.8500,35.9100,36.5300,36.4500,4396564,159892881.0000,3,0.558642,1,0.219500,0
2016-07-01,sz.300015,36.2700,36.5300,35.8100,35.9300,36.5300,3036860,109631647.0000,3,0.385874,1,-1.642500,0
2016-07-04,sz.300015,35.7100,36.5000,35.6200,36.1500,35.9300,4303010,155499074.0000,3,0.546755,1,0.612300,0
2016-07-05,sz.300015,36.2500,36.2900,35.7900,35.9000,36.1500,2362215,84911443.0000,3,0.300151,1,-0.691600,0
2016-07-06,sz.300015,36.0900,36.8300,35.8800,36.8300,35.9000,3254728,118071857.0000,3,0.413557,1,2.590500,0
2016-07-07,sz.300015,36.9100,38.5800,36.6100,36.7200,36.8300,6439469,242630518.0000,3,0.818221,1,-0.298700,0
2016-07-08,sz.300015,36.2000,37.0000,35.7300,36.4000,36.4300,4271626,155275627.0000,3,0.542767,1,-0.082300,0
2016-07-11,sz.300015,36.4000,37.3300,35.9400,36.7900,36.4000,3609930,132581886.0000,3,0.458690,1,1.071400,0
2016-07-12,sz.300015,36.5900,38.0900,36.5900,38.0000,36.7900,6263410,234676864.0000,3,0.795850,1,3.288900,0
2016-07-13,sz.300015,37.8400,38.2500,37.4800,37.5100,38.0000,3986661,150507898.0000,3,0.506559,1,-1.289500,0
2016-07-14,sz.300015,37.2000,37.7900,37.2000,37.5000,37.5100,3073140,115206805.0000,3,0.390484,1,-0.026700,0
2016-07-15,sz.300015,37.3600,38.0900,37.3600,38.0100,37.5000,3181590,120121836.0000,3,0.404264,1,1.360000,0
2016-07-18,sz.300015,38.0100,39.2900,38.0000,38.5100,38.0100,6674941,257721437.0000,3,0.848141,1,1.315400,0
2016-07-19,sz.300015,38.4000,38.4000,37.7500,37.9500,38.5100,4356933,165355820.0000,3,0.553607,1,-1.454200,0
2016-07-20,sz.300015,37.8000,37.9800,37.3200,37.7000,37.9500,4184691,157428265.0000,3,0.531721,1,-0.658800,0
2016-07-21,sz.300015,37.6000,37.8200,37.1800,37.5700,37.7000,3467656,129916669.0000,3,0.440612,1,-0.344800,0
2016-07-22,sz.300015,37.4300,37.6500,36.6900,36.9900,37.5700,5020947,186107467.0000,3,0.637979,1,-1.543800,0
2016-07-25,sz.300015,36.7300,37.7800,36.6600,37.2200,36.9900,3746752,139584272.0000,3,0.476075,1,0.621800,0
2016-07-26,sz.300015,37.2200,37.6400,36.7300,37.5900,37.2200,3408351,126747408.0000,3,0.433077,1,0.994100,0
2016-07-27,sz.300015,37.4000,37.5900,35.5200,36.0100,37.5900,6401766,232815989.0000,3,0.813430,1,-4.203300,0
2016-07-28,sz.300015,35.9600,36.2200,35.4400,35.8900,36.0100,3635366,130379056.0000,3,0.461922,1,-0.333200,0
2016-07-29,sz.300015,36.0400,36.6700,36.0000,36.3400,35.8900,2761944,100554123.0000,3,0.350942,1,1.253800,0
2016-08-01,sz.300015,36.0500,36.8400,35.3800,36.7000,36.3400,4013727,146355085.0000,3,0.509998,1,0.990600,0
2016-08-02,sz.300015,36.5200,36.9000,36.2900,36.6000,36.7000,1986110,72618979.0000,3,0.252362,1,-0.272500,0
2016-08-03,sz.300015,36.6000,36.7000,36.3300,36.4800,36.6000,1241557,45321295.0000,3,0.157756,1,-0.327900,0
2016-08-04,sz.300015,36.4800,36.5900,35.6100,36.4300,36.4800,2241991,81083146.0000,3,0.284875,1,-0.137100,0
2016-08-05,sz.300015,36.3700,36.8100,36.0400,36.4800,36.4300,1772512,64716511.0000,3,0.225221,1,0.137200,0
2016-08-08,sz.300015,36.4800,36.9900,36.0600,36.9200,36.4800,2107189,77294718.0000,3,0.267747,1,1.206100,0
2016-08-09,sz.300015,36.9200,37.1800,36.6800,36.9900,36.9200,2733786,100980608.0000,3,0.347364,1,0.189600,0
2016-08-10,sz.300015,36.8500,36.9600,36.4100,36.5500,36.9900,1970172,72187610.0000,3,0.250337,1,-1.189500,0
2016-08-11,sz.300015,36.5800,36.7300,36.0800,36.5500,36.5500,1866742,67853955.0000,3,0.237195,1,0.000000,0
2016-08-12,sz.300015,36.5000,36.6600,36.2000,36.5300,36.5500,1410635,51448319.0000,3,0.179240,1,-0.054700,0
2016-08-15,sz.300015,36.5600,37.3800,36.2800,37.1600,36.5300,3269726,120787635.0000,3,0.415462,1,1.724600,0
2016-08-16,sz.300015,37.1500,37.3300,33.7000,34.7300,37.1600,42301197,1479039488.0000,3,5.374934,1,-6.539300,0
2016-08-17,sz.300015,34.7300,36.1000,34.7300,35.6600,34.7300,15267261,542348512.0000,3,1.939910,1,2.677800,0
2016-08-18,sz.300015,35.6900,35.6900,34.9700,35.1800,35.6600,4759962,167625236.0000,3,0.604817,1,-1.346000,0
2016-08-19,sz.300015,35.3000,35.3100,34.7300,35.0500,35.1800,3974083,139365926.0000,3,0.504960,1,-0.369500,0
2016-08-22,sz.300015,35.1100,35.6700,34.8500,35.5200,35.0500,5926268,209806866.0000,3,0.753012,1,1.340900,0
2016-08-23,sz.300015,35.3000,35.9700,35.2000,35.4400,35.5200,3476949,123785318.0000,3,0.441793,1,-0.225200,0
2016-08-24,sz.300015,35.2600,35.4800,35.0500,35.1500,35.4400,2136062,75142017.0000,3,0.271415,1,-0.818300,0
2016-08-25,sz.300015,35.0500,35.1800,34.7800,35.1800,35.1500,3540741,123801681.0000,3,0.449899,1,0.085300,0
2016-08-26,sz.300015,35.1800,35.3300,34.8000,35.0900,35.1800,2327735,81735798.0000,3,0.295770,1,-0.255800,0
2016-08-29,sz.300015,35.0500,35.2000,34.8700,34.9000,35.0900,2019963,70709304.0000,3,0.256663,1,-0.541500,0
2016-08-30,sz.300015,34.9800,35.5700,34.9800,35.3300,34.9000,3811101,134886408.0000,3,0.484251,1,1.232100,0
2016-08-31,sz.300015,35.2300,35.5800,34.9500,35.5800,35.3300,2269159,80171238.0000,3,0.288327,1,0.707600,0
2016-09-01,sz.300015,35.5000,35.5000,35.0100,35.1600,35.5800,2495500,87839357.0000,3,0.317087,1,-1.180400,0
2016-09-02,sz.300015,35.0400,35.1900,34.7200,34.8000,35.1600,1865297,65104100.0000,3,0.236344,1,-1.023900,0
2016-09-05,sz.300015,34.9900,35.1900,34.8000,34.9000,34.8000,1591264,55704551.0000,3,0.201612,1,0.287363,0
2016-09-06,sz.300015,34.9000,35.4200,34.8300,35.2200,34.9000,2190554,76991908.0000,3,0.277521,1,0.916905,0
2016-09-07,sz.300015,35.3600,35.3700,34.9100,34.9800,35.2200,2630351,92264246.0000,3,0.333219,1,-0.681436,0
2016-09-08,sz.300015,35.1000,35.1000,34.8800,35.0600,34.9800,1044885,36562597.0000,3,0.132365,1,0.228707,0
2016-09-09,sz.300015,35.0800,35.1200,34.8100,34.8100,35.0600,1439911,50269880.0000,3,0.182392,1,-0.713063,0
2016-09-12,sz.300015,34.6000,34.7500,33.9000,34.0000,34.8100,2979307,102034415.0000,3,0.377385,1,-2.326921,0
2016-09-13,sz.300015,34.1800,34.3200,34.0300,34.0800,34.0000,1023054,34910021.0000,3,0.129589,1,0.235299,0
2016-09-14,sz.300015,33.9900,34.5600,33.8300,34.5500,34.0800,2091040,71654824.0000,3,0.264866,1,1.379100,0
2016-09-19,sz.300015,34.3900,34.9000,34.0500,34.5900,34.5500,1361352,47046283.0000,3,0.172437,1,0.115777,0
2016-09-20,sz.300015,34.5700,34.7300,34.4200,34.6500,34.5900,1263763,43706124.0000,3,0.160075,1,0.173464,0
2016-09-21,sz.300015,34.7000,35.2000,34.6500,35.0000,34.6500,2165215,75713079.0000,3,0.274247,1,1.010097,0
2016-09-22,sz.300015,35.1300,35.2800,34.9000,34.9300,35.0000,1504739,52828593.0000,3,0.190584,1,-0.199999,0
2016-09-23,sz.300015,35.0500,35.1900,34.9100,35.0100,34.9300,949327,33254117.0000,3,0.120231,1,0.229024,0
2016-09-26,sz.300015,34.9200,35.4700,34.9200,35.0000,35.0100,3345732,117566498.0000,3,0.423719,1,-0.028558,0
2016-09-27,sz.300015,34.8700,35.3300,34.8500,35.2000,35.0000,2353273,82824385.0000,3,0.298024,1,0.571431,0
2016-09-28,sz.300015,35.9000,35.9000,35.1600,35.2500,35.2000,2153577,76357756.0000,3,0.272734,1,0.142043,0
2016-09-29,sz.300015,35.1200,35.3800,35.1100,35.2600,35.2500,1238258,43664521.0000,3,0.156816,1,0.028364,0
2016-09-30,sz.300015,35.4000,35.4000,34.9100,34.9600,35.2600,1838485,64423641.0000,3,0.232830,1,-0.850820,0
2016-10-10,sz.300015,35.0400,35.1100,34.4400,34.9600,34.9600,4653826,161869068.0000,3,0.589371,1,0.000000,0
2016-10-11,sz.300015,34.9600,35.2400,34.7900,35.1500,34.9600,1783886,62524459.0000,3,0.225915,1,0.543485,0
2016-10-12,sz.300015,35.1500,35.5900,35.0000,35.4200,35.1500,2845346,100766342.0000,3,0.360341,1,0.768127,0
2016-10-13,sz.300015,35.3800,35.5500,35.3100,35.4600,35.4200,1527356,54106206.0000,3,0.193428,1,0.112933,0
2016-10-14,sz.300015,35.3400,35.5500,34.8200,34.9800,35.4600,2315016,81099332.0000,3,0.293179,1,-1.353637,0
2016-10-17,sz.300015,34.7000,35.0600,34.4500,34.7600,34.9800,1591929,55407210.0000,3,0.201606,1,-0.628934,0
2016-10-18,sz.300015,34.6200,35.1600,34.6200,35.1000,34.7600,1724575,60412642.0000,3,0.218404,1,0.978136,0
2016-10-19,sz.300015,35.1500,35.2800,34.6000,34.7400,35.1000,1806525,62918854.0000,3,0.228782,1,-1.025632,0
2016-10-20,sz.300015,34.7000,34.8300,34.5000,34.5200,34.7400,1949331,67412896.0000,3,0.246868,1,-0.633279,0
2016-10-21,sz.300015,34.5200,34.6800,34.0300,34.1800,34.5200,2338121,80170326.0000,3,0.296105,1,-0.984937,0
2016-10-24,sz.300015,34.2800,34.3100,33.3600,33.9700,34.1800,8394391,282470752.0000,3,1.063085,1,-0.614392,0
2016-10-25,sz.300015,33.8000,34.5900,33.6100,34.3900,33.9700,4451277,152178419.0000,3,0.563720,1,1.236380,0
2016-10-26,sz.300015,34.4200,34.4900,33.8200,33.8300,34.3900,3021730,102675402.0000,3,0.382679,1,-1.628373,0
2016-10-27,sz.300015,33.9300,34.0200,33.6800,33.9500,33.8300,1834654,62122984.0000,3,0.232345,1,0.354712,0
2016-10-28,sz.300015,33.9800,34.0900,33.7000,33.7200,33.9500,1442812,48849525.0000,3,0.182721,1,-0.677466,0
2016-10-31,sz.300015,33.6300,33.9500,33.4600,33.8200,33.7200,2535047,85333466.0000,3,0.321044,1,0.296555,0
2016-11-01,sz.300015,33.8300,34.1100,33.7800,33.9000,33.8200,2582525,87695839.0000,3,0.327012,1,0.236552,0
2016-11-02,sz.300015,33.8500,34.2200,33.8500,34.1600,33.9000,2280129,77673554.0000,3,0.288696,1,0.766957,0
2016-11-03,sz.300015,34.1600,34.2100,33.9200,34.0300,34.1600,1673844,57048794.0000,3,0.211923,1,-0.380565,0
2016-11-04,sz.300015,34.1100,34.1500,33.7500,33.8500,34.0300,1565272,53107406.0000,3,0.198173,1,-0.528946,0
2016-11-07,sz.300015,33.8800,33.9000,32.7800,32.8800,33.8500,5737475,190650795.0000,3,0.726368,1,-2.865576,0
2016-11-08,sz.300015,32.7900,33.1700,32.7100,32.9200,32.8800,3012926,99356040.0000,3,0.381432,1,0.121646,0
2016-11-09,sz.300015,33.0000,33.1900,32.5300,32.9000,32.9200,2635086,86850353.0000,3,0.333582,1,-0.060743,0
2016-11-10,sz.300015,33.1200,33.1700,32.9000,32.9600,32.9000,2691217,88776512.0000,3,0.340686,1,0.182363,0
2016-11-11,sz.300015,33.0500,33.0600,32.3800,32.9700,32.9600,3751027,122785164.0000,3,0.474849,1,0.030346,0
2016-11-14,sz.300015,33.0000,33.0200,32.7500,32.9000,32.9700,3301007,108462517.0000,3,0.417870,1,-0.212313,0
2016-11-15,sz.300015,32.8900,33.0000,32.6600,32.9900,32.9000,3192982,104916801.0000,3,0.404189,1,0.273557,0
2016-11-16,sz.300015,33.0500,33.5000,33.0100,33.2300,32.9900,3406496,113290522.0000,3,0.431217,1,0.727487,0
2016-11-17,sz.300015,33.2000,33.4700,32.9700,33.3400,33.2300,2831993,94153415.0000,3,0.358486,1,0.331028,0
2016-11-18,sz.300015,33.3500,33.4200,33.1600,33.2700,33.3400,1749628,58289792.0000,3,0.221475,1,-0.209957,0
2016-11-21,sz.300015,33.1000,33.1800,32.9500,33.0700,33.2700,1756303,58016241.0000,3,0.222320,1,-0.601144,0
2016-11-22,sz.300015,33.1400,33.2700,33.0000,33.2000,33.0700,1795828,59478406.0000,3,0.227321,1,0.393109,0
2016-11-23,sz.300015,33.2000,33.3000,33.0100,33.0500,33.2000,2268203,75144669.0000,3,0.287116,1,-0.451812,0
2016-11-24,sz.300015,33.0400,33.1800,32.9900,33.0500,33.0500,1603898,53033863.0000,3,0.203026,1,0.000000,0
2016-11-25,sz.300015,33.0900,33.2700,32.9600,33.2100,33.0500,2214020,73371353.0000,3,0.280257,1,0.484115,0
2016-11-28,sz.300015,33.2600,33.3200,33.1000,33.1900,33.2100,2234579,74157098.0000,3,0.282859,1,-0.060224,0
2016-11-29,sz.300015,33.0700,33.3800,33.0300,33.1400,33.1900,2255810,74954211.0000,3,0.285546,1,-0.150645,0
2016-11-30,sz.300015,33.0100,33.4800,33.0100,33.4300,33.1400,4264211,141924688.0000,3,0.539775,1,0.875078,0
2016-12-01,sz.300015,33.2600,33.5200,33.2600,33.4100,33.4300,3223436,107546809.0000,3,0.408031,1,-0.059828,0
2016-12-02,sz.300015,33.3500,33.3700,32.6800,33.0500,33.4100,2704074,89313450.0000,3,0.342289,1,-1.077524,0
2016-12-05,sz.300015,33.0500,33.0500,33.0500,33.0500,33.0500,0,0.0000,3,,0,0.000000,0
2016-12-06,sz.300015,33.0500,33.0500,33.0500,33.0500,33.0500,0,0.0000,3,,0,0.000000,0
2016-12-07,sz.300015,33.0500,33.0500,33.0500,33.0500,33.0500,0,0.0000,3,,0,0.000000,0
2016-12-08,sz.300015,34.1000,34.8000,33.5500,33.9100,33.0500,12047178,411412736.0000,3,1.524963,1,2.602120,0
2016-12-09,sz.300015,33.7000,33.8600,32.6700,32.7800,33.9100,6976232,229945648.0000,3,0.883070,1,-3.332353,0
2016-12-12,sz.300015,32.8000,32.8400,30.1200,30.5000,32.7800,11098350,343260272.0000,3,1.404858,1,-6.955458,0
2016-12-13,sz.300015,30.6000,31.1800,30.5000,30.7800,30.5000,6040093,186042045.0000,3,0.764571,1,0.918035,0
2016-12-14,sz.300015,30.8500,31.0500,30.6500,30.6500,30.7800,2522802,77864224.0000,3,0.319343,1,-0.422356,0
2016-12-15,sz.300015,30.4900,31.0200,30.2800,30.9500,30.6500,2800264,86308532.0000,3,0.354462,1,0.978796,0
2016-12-16,sz.300015,30.9000,31.2600,30.7500,30.8200,30.9500,2146082,66317536.0000,3,0.271646,1,-0.420036,0
2016-12-19,sz.300015,30.9000,31.0100,30.7800,31.0100,30.8200,1827205,56504098.0000,3,0.231283,1,0.616485,0
2016-12-20,sz.300015,31.2500,31.3500,30.8900,31.0200,31.0100,2100254,65178546.0000,3,0.265840,1,0.032248,0
2016-12-21,sz.300015,31.0900,31.1500,30.9300,30.9800,31.0200,1690033,52389118.0000,3,0.213910,1,-0.128952,0
2016-12-22,sz.300015,31.0600,31.1300,30.6000,30.7300,30.9800,1742130,53621996.0000,3,0.220504,1,-0.806972,0
2016-12-23,sz.300015,30.7300,30.9000,30.2500,30.4400,30.7300,1456851,44504615.0000,3,0.184393,1,-0.943700,0
2016-12-26,sz.300015,30.4400,30.8000,29.8500,30.4000,30.4400,2140719,64844275.0000,3,0.270950,1,-0.131409,0
2016-12-27,sz.300015,30.4000,30.5400,30.3000,30.4200,30.4000,1215630,37010027.0000,3,0.153858,1,0.065791,0
2016-12-28,sz.300015,30.3600,30.5300,30.3000,30.4300,30.4200,1333370,40530456.0000,3,0.168760,1,0.032874,0
2016-12-29,sz.300015,30.3300,30.5000,30.1100,30.1700,30.4300,2325213,70486328.0000,3,0.294293,1,-0.854421,0
2016-12-30,sz.300015,30.2900,30.2900,29.8200,29.9000,30.1700,2417970,72491250.0000,3,0.306026,1,-0.894930,0
2017-01-03,sz.300015,30.0000,30.0000,29.7500,29.9800,29.9000,2361048,70604226.0000,3,0.299288,1,0.267558,0
2017-01-04,sz.300015,30.2600,31.3000,30.1800,31.0900,29.9800,4623138,142666715.0000,3,0.585974,1,3.702470,0
2017-01-05,sz.300015,30.8000,31.0000,30.7800,30.8700,31.0900,1583885,48865062.0000,3,0.200739,1,-0.707621,0
2017-01-06,sz.300015,30.8700,31.3700,30.7800,31.3100,30.8700,3176593,98741748.0000,3,0.402572,1,1.425328,0
2017-01-09,sz.300015,31.1200,31.3900,31.0000,31.1300,31.3100,1942843,60444776.0000,3,0.246214,1,-0.574897,0
2017-01-10,sz.300015,31.2400,31.2400,30.7100,30.7200,31.1300,1382082,42605938.0000,3,0.175079,1,-1.317057,0
2017-01-11,sz.300015,30.8100,30.8100,30.0100,30.4000,30.7200,2310604,70086292.0000,3,0.292702,1,-1.041666,0
2017-01-12,sz.300015,30.1800,30.3800,29.9500,29.9700,30.4000,2008907,60383845.0000,3,0.254484,1,-1.414475,0
2017-01-13,sz.300015,29.9500,30.1100,29.7000,29.7400,29.9700,2709265,80845660.0000,3,0.343204,1,-0.767433,0
2017-01-16,sz.300015,29.6100,29.8700,28.8900,29.6200,29.7400,3174276,93694438.0000,3,0.402110,1,-0.403493,0
2017-01-17,sz.300015,29.5900,29.9400,29.2000,29.7600,29.6200,1551984,45798638.0000,3,0.196602,1,0.472652,0
2017-01-18,sz.300015,29.7300,29.9300,29.5200,29.5200,29.7600,1222038,36336152.0000,3,0.154805,1,-0.806451,0
2017-01-19,sz.300015,29.5100,29.8300,29.3800,29.7600,29.5200,1474882,43690940.0000,3,0.186835,1,0.813007,0
2017-01-20,sz.300015,29.6600,30.1800,29.6000,29.9800,29.7600,1708309,51272796.0000,3,0.216405,1,0.739245,0
2017-01-23,sz.300015,29.9800,30.4200,29.9000,30.3500,29.9800,1657486,50210091.0000,3,0.209967,1,1.234159,0
2017-01-24,sz.300015,30.4300,30.5500,30.2200,30.4700,30.3500,1485619,45198522.0000,3,0.188195,1,0.395384,0
2017-01-25,sz.300015,30.4600,30.6700,30.3200,30.6000,30.4700,939739,28738544.0000,3,0.119044,1,0.426653,0
2017-01-26,sz.300015,30.5500,30.9500,30.4600,30.6400,30.6000,1188338,36528056.0000,3,0.150391,1,0.130716,0
2017-02-03,sz.300015,30.6700,31.2800,30.6700,31.1900,30.6400,2924792,91023626.0000,3,0.370057,1,1.795043,0
2017-02-06,sz.300015,31.1900,31.1900,30.4400,31.1000,31.1900,3309374,102151472.0000,3,0.418700,1,-0.288554,0
2017-02-07,sz.300015,30.9900,30.9900,30.5100,30.5500,31.1000,1848434,56752925.0000,3,0.233863,1,-1.768492,0
2017-02-08,sz.300015,30.5200,30.8600,30.4500,30.8500,30.5500,1323147,40633402.0000,3,0.167404,1,0.982001,0
2017-02-09,sz.300015,30.9000,30.9100,30.6500,30.7100,30.8500,1243996,38227037.0000,3,0.157390,1,-0.453813,0
2017-02-10,sz.300015,30.6400,30.7900,30.4800,30.5400,30.7100,1922257,58739744.0000,3,0.243203,1,-0.553560,0
2017-02-13,sz.300015,30.6100,30.7400,30.4000,30.5000,30.5400,2670373,81531800.0000,3,0.337854,1,-0.130979,0
2017-02-14,sz.300015,30.5400,30.6200,30.1700,30.2000,30.5000,3294457,99971105.0000,3,0.416777,1,-0.983604,0
2017-02-15,sz.300015,30.1800,30.3200,30.1200,30.1400,30.2000,1991970,60196953.0000,3,0.252001,1,-0.198680,0
2017-02-16,sz.300015,30.2100,30.3900,30.1400,30.2100,30.1400,1784779,53997088.0000,3,0.225786,1,0.232248,0
2017-02-17,sz.300015,30.2100,31.2200,30.1500,31.0900,30.2100,5917506,182405510.0000,3,0.748603,1,2.912946,0
2017-02-20,sz.300015,30.9900,31.2300,30.5800,31.1800,31.0900,4318365,133482852.0000,3,0.546301,1,0.289483,0
2017-02-21,sz.300015,31.1800,31.3200,30.7800,31.2300,31.1800,2529141,78557233.0000,3,0.319953,1,0.160357,0
2017-02-22,sz.300015,31.1500,31.7500,31.0200,31.1700,31.2300,2119997,66459264.0000,3,0.268193,1,-0.192121,0
2017-02-23,sz.300015,31.1400,31.9900,30.8000,31.6800,31.1700,3051747,95855380.0000,3,0.386066,1,1.636189,0
2017-02-24,sz.300015,31.4100,31.7400,31.3500,31.3700,31.6800,1835144,57826471.0000,3,0.232158,1,-0.978534,0
2017-02-27,sz.300015,31.4500,31.9700,31.1000,31.4000,31.3700,2570950,81195627.0000,3,0.325242,1,0.095629,0
2017-02-28,sz.300015,31.3900,31.9500,31.1600,31.7500,31.4000,1575491,49541586.0000,3,0.199310,1,1.114651,0
2017-03-01,sz.300015,31.7000,31.8800,31.4400,31.4800,31.7500,1774412,56193680.0000,3,0.224475,1,-0.850395,0
2017-03-02,sz.300015,31.5200,31.6500,31.0200,31.0300,31.4800,1634110,51038005.0000,3,0.206725,1,-1.429475,0
2017-03-03,sz.300015,30.8800,30.9200,29.9000,30.0600,31.0300,9216707,278491952.0000,3,1.165973,1,-3.126011,0
2017-03-06,sz.300015,30.0000,30.6600,29.8600,30.3600,30.0600,4546184,138171398.0000,3,0.575122,1,0.998008,0
2017-03-07,sz.300015,30.4200,30.5900,30.2800,30.4600,30.3600,2059032,62691309.0000,3,0.260481,1,0.329376,0
2017-03-08,sz.300015,30.4400,30.4400,30.1200,30.3000,30.4600,2050871,62004455.0000,3,0.259448,1,-0.525279,0
2017-03-09,sz.300015,30.1300,30.4100,30.1300,30.2200,30.3000,1305471,39498432.0000,3,0.165150,1,-0.264026,0
2017-03-10,sz.300015,30.4000,30.4000,30.1300,30.1600,30.2200,1488314,44953094.0000,3,0.188281,1,-0.198542,0
2017-03-13,sz.300015,30.1700,30.3800,29.7600,30.3700,30.1600,2426319,73115642.0000,3,0.306945,1,0.696290,0
2017-03-14,sz.300015,30.2300,30.9800,30.2300,30.8900,30.3700,4681344,143680987.0000,3,0.592220,1,1.712211,0
2017-03-15,sz.300015,30.7300,30.9600,30.4600,30.6500,30.8900,2867487,87950710.0000,3,0.362756,1,-0.776950,0
2017-03-16,sz.300015,30.5600,30.7900,30.4700,30.6400,30.6500,2187710,66882292.0000,3,0.276759,1,-0.032627,0
2017-03-17,sz.300015,30.6400,30.7300,30.3300,30.3600,30.6400,2103480,64323896.0000,3,0.266104,1,-0.913834,0
2017-03-20,sz.300015,30.3300,30.4600,30.0100,30.2500,30.3600,1166957,35253168.0000,3,0.147628,1,-0.362321,0
2017-03-21,sz.300015,30.2800,30.3500,29.8800,30.1100,30.2500,2635619,79139348.0000,3,0.333423,1,-0.462808,0
2017-03-22,sz.300015,30.0000,30.7700,29.9100,30.7600,30.1100,2453861,74513284.0000,3,0.310429,1,2.158750,0
2017-03-23,sz.300015,30.6600,30.7900,30.5000,30.6500,30.7600,2151145,65870912.0000,3,0.272134,1,-0.357609,0
2017-03-24,sz.300015,30.6000,30.9000,30.4200,30.9000,30.6500,2264418,69583140.0000,3,0.286463,1,0.815661,0
2017-03-27,sz.300015,30.9500,31.4700,30.6800,30.6900,30.9000,3096365,95901432.0000,3,0.391710,1,-0.679609,0
2017-03-28,sz.300015,30.6400,31.1300,30.4300,30.6500,30.6900,2315091,71130235.0000,3,0.292874,1,-0.130339,0
2017-03-29,sz.300015,30.7700,30.9000,30.4000,30.5200,30.6500,1964302,60078438.0000,3,0.248497,1,-0.424141,0
2017-03-30,sz.300015,30.5200,30.5900,29.9800,30.1000,30.5200,2697941,81326026.0000,3,0.341307,1,-1.376147,0
2017-03-31,sz.300015,30.1000,30.5800,30.1000,30.2300,30.1000,1789386,54178372.0000,3,0.226369,1,0.431891,0
2017-04-05,sz.300015,30.2300,30.5600,30.1800,30.4100,30.2300,2575205,78233948.0000,3,0.325780,1,0.595436,0
2017-04-06,sz.300015,30.8000,32.8000,30.8000,31.6900,30.4100,11372407,359104640.0000,3,1.438683,1,4.209144,0
2017-04-07,sz.300015,31.6400,32.2700,31.5000,31.8200,31.6900,5850324,186661890.0000,3,0.740104,1,0.410221,0
2017-04-10,sz.300015,31.8200,31.8200,31.8200,31.8200,31.8200,0,0.0000,3,,0,0.000000,0
2017-04-11,sz.300015,31.8200,31.8200,31.8200,31.8200,31.8200,0,0.0000,3,,0,0.000000,0
2017-04-12,sz.300015,32.5600,32.6900,31.5700,31.6300,31.8200,6218189,199042385.0000,3,0.786641,1,-0.597110,0
2017-04-13,sz.300015,31.5800,31.9300,31.4500,31.6000,31.6300,2754627,87226331.0000,3,0.348478,1,-0.094843,0
2017-04-14,sz.300015,31.6000,31.8800,31.1800,31.3200,31.6000,1904941,60062476.0000,3,0.240987,1,-0.886078,0
2017-04-17,sz.300015,31.4100,31.9900,31.2100,31.4000,31.3200,2837140,89447907.0000,3,0.358916,1,0.255428,0
2017-04-18,sz.300015,31.3800,32.0400,31.3600,31.7900,31.4000,4015836,127409306.0000,3,0.508029,1,1.242042,0
2017-04-19,sz.300015,31.6700,31.9400,31.1500,31.6600,31.7900,2639402,83286466.0000,3,0.333901,1,-0.408937,0
2017-04-20,sz.300015,31.7600,32.2600,31.5100,31.9700,31.6600,5185140,165098961.0000,3,0.655954,1,0.979152,0
2017-04-21,sz.300015,32.1000,32.5600,31.7200,31.8000,31.9700,4929893,158656716.0000,3,0.623663,1,-0.531749,0
2017-04-24,sz.300015,31.8600,32.5000,31.1100,32.3300,31.8000,6165765,197273687.0000,3,0.780009,1,1.666675,0
2017-04-25,sz.300015,32.3800,32.5000,31.8100,31.9700,32.3300,3375590,108623299.0000,3,0.427034,1,-1.113525,0
2017-04-26,sz.300015,31.9700,32.7500,31.9000,32.5600,31.9700,5817011,188895450.0000,3,0.735889,1,1.845487,0
2017-04-27,sz.300015,32.4100,32.8800,32.2600,32.8100,32.5600,4853323,158332562.0000,3,0.613977,1,0.767813,0
2017-04-28,sz.300015,32.6200,32.9700,32.0500,32.8700,32.8100,3977555,129614371.0000,3,0.503186,1,0.182864,0
2017-05-02,sz.300015,32.7400,32.8700,32.2100,32.2800,32.8700,3223221,104418122.0000,3,0.407758,1,-1.794950,0
2017-05-03,sz.300015,32.2400,32.5500,31.8000,31.8800,32.2800,3386001,108888719.0000,3,0.428351,1,-1.239156,0
2017-05-04,sz.300015,31.8600,32.1000,31.2000,31.3700,31.8800,4242492,133770748.0000,3,0.536703,1,-1.599744,0
2017-05-05,sz.300015,31.1200,31.8200,31.1200,31.6100,31.3700,2699837,85169829.0000,3,0.341547,1,0.765061,0
2017-05-08,sz.300015,31.6500,31.9100,31.3000,31.7800,31.6100,3018573,95860674.0000,3,0.381869,1,0.537805,0
2017-05-09,sz.300015,31.7700,31.9000,31.1500,31.7200,31.7800,2562994,80796921.0000,3,0.324235,1,-0.188802,0
2017-05-10,sz.300015,31.6200,31.9800,31.5000,31.7400,31.7200,1972299,62637805.0000,3,0.249509,1,0.063053,0
2017-05-11,sz.300015,31.5900,32.1600,31.2900,32.1300,31.7400,4441544,141080170.0000,3,0.561884,1,1.228738,0
2017-05-12,sz.300015,32.2000,32.5800,31.8000,32.5600,32.1300,4366654,140438653.0000,3,0.552410,1,1.338314,0
2017-05-15,sz.300015,32.4000,32.8800,32.3500,32.8800,32.5600,3314184,107995576.0000,3,0.419266,1,0.982800,0
2017-05-16,sz.300015,32.8000,33.8800,32.5000,33.8000,32.8800,4746779,158048710.0000,3,0.600498,1,2.798048,0
2017-05-17,sz.300015,33.5700,33.9000,33.2600,33.3100,33.8000,3732430,125112582.0000,3,0.472348,1,-1.449698,0
2017-05-18,sz.300015,22.0600,22.4900,21.8900,22.2300,22.0900,5758990,128095499.0000,3,0.485876,1,0.633768,0
2017-05-19,sz.300015,22.2700,22.9500,22.0200,22.4000,22.2300,6449048,145514093.0000,3,0.544095,1,0.764733,0
2017-05-22,sz.300015,22.4600,22.8500,22.0000,22.5700,22.4000,4798200,107396565.0000,3,0.404816,1,0.758929,0
2017-05-23,sz.300015,22.3900,22.8800,21.9900,22.7400,22.5700,8114391,182205286.0000,3,0.684597,1,0.753213,0
2017-05-24,sz.300015,22.7800,22.8000,22.3500,22.6200,22.7400,4797140,108380863.0000,3,0.404727,1,-0.527700,0
2017-05-25,sz.300015,22.5800,22.7900,22.2000,22.3500,22.6200,4794048,107602821.0000,3,0.404466,1,-1.193636,0
2017-05-26,sz.300015,22.3400,22.5600,22.1000,22.4600,22.3500,5090972,113389542.0000,3,0.429517,1,0.492164,0
2017-05-31,sz.300015,22.4200,22.4900,21.9200,22.3700,22.4600,10014111,221793863.0000,3,0.844874,1,-0.400705,0
2017-06-01,sz.300015,22.1000,22.3200,22.0500,22.1400,22.3700,5127806,113622076.0000,3,0.432624,1,-1.028169,0
2017-06-02,sz.300015,22.0600,22.1000,21.2000,21.2000,22.1400,9204665,198109458.0000,3,0.776582,1,-4.245703,0
2017-06-05,sz.300015,21.0500,21.5000,20.9500,21.3100,21.2000,8765568,185289806.0000,3,0.739536,1,0.518862,0
2017-06-06,sz.300015,21.2000,21.5200,21.0300,21.3500,21.3100,4338389,92384115.0000,3,0.366009,1,0.187710,0
2017-06-07,sz.300015,21.2800,22.1800,21.2000,22.0600,21.3500,8740022,190139629.0000,3,0.737353,1,3.325523,0
2017-06-08,sz.300015,21.9100,22.1800,21.7900,22.0600,22.0600,4609472,101153941.0000,3,0.388879,1,0.000000,0
2017-06-09,sz.300015,22.0600,22.0600,21.6300,21.7300,22.0600,6529023,142505750.0000,3,0.550822,1,-1.495920,0
2017-06-12,sz.300015,21.6300,21.9100,21.6000,21.8200,21.7300,3850841,83810972.0000,3,0.324877,1,0.414175,0
2017-06-13,sz.300015,21.7000,21.9600,21.6400,21.7500,21.8200,3033214,66219133.0000,3,0.255897,1,-0.320805,0
2017-06-14,sz.300015,21.7200,22.3200,21.6500,22.2100,21.7500,5418008,119495330.0000,3,0.457091,1,2.114938,0
2017-06-15,sz.300015,22.2100,23.2100,22.1300,22.7000,22.2100,10181524,231766916.0000,3,0.858965,1,2.206221,0
2017-06-16,sz.300015,22.7300,22.9700,22.3800,22.9200,22.7000,5003573,113875033.0000,3,0.422127,1,0.969160,0
2017-06-19,sz.300015,22.8800,23.0100,22.5300,22.7000,22.9200,3933355,89183916.0000,3,0.331838,1,-0.959857,0
2017-06-20,sz.300015,22.7000,22.8300,22.3300,22.4900,22.7000,3930954,88524119.0000,3,0.331635,1,-0.925114,0
2017-06-21,sz.300015,22.4900,22.8200,22.4100,22.8000,22.4900,3818045,86304401.0000,3,0.322110,1,1.378388,0
2017-06-22,sz.300015,22.7600,22.7800,22.5000,22.5300,22.8000,3361210,76044891.0000,3,0.283569,1,-1.184204,0
2017-06-23,sz.300015,22.4100,22.8300,22.2200,22.7000,22.5300,4770617,107621927.0000,3,0.402474,1,0.754550,0
2017-06-26,sz.300015,22.7200,23.1000,22.6500,22.7200,22.7000,6012818,137533054.0000,3,0.507272,1,0.088099,0
2017-06-27,sz.300015,22.7200,23.3600,22.7200,23.3500,22.7200,7480805,172995734.0000,3,0.631119,1,2.772892,0
2017-06-28,sz.300015,23.2600,23.3000,22.9100,23.1700,23.3500,6776738,156574519.0000,3,0.571720,1,-0.770879,0
2017-06-29,sz.300015,23.0600,23.1900,22.8300,23.1300,23.1700,4231622,97442355.0000,3,0.354142,1,-0.172641,0
2017-06-30,sz.300015,23.1300,23.3600,22.9100,23.2600,23.1300,4809629,111319291.0000,3,0.402516,1,0.562045,0
2017-07-03,sz.300015,23.2600,23.3000,22.8000,23.0400,23.2600,4371639,100461590.0000,3,0.365860,1,-0.945827,0
2017-07-04,sz.300015,22.8900,22.9800,22.4800,22.7000,23.0400,4495940,102100575.0000,3,0.376263,1,-1.475695,0
2017-07-05,sz.300015,22.6700,23.0700,22.5600,22.9500,22.7000,3291885,75311906.0000,3,0.275496,1,1.101322,0
2017-07-06,sz.300015,23.0100,23.0100,22.6400,22.7600,22.9500,2702227,61578027.0000,3,0.226148,1,-0.827889,0
2017-07-07,sz.300015,22.6900,22.7100,22.5000,22.6000,22.7600,2389679,53963150.0000,3,0.199991,1,-0.702987,0
2017-07-10,sz.300015,22.5100,22.5900,22.1100,22.1900,22.6000,4303635,95783329.0000,3,0.360169,1,-1.814159,0
2017-07-11,sz.300015,22.0800,22.3000,22.0800,22.2900,22.1900,3909461,86885608.0000,3,0.327181,1,0.450655,0
2017-07-12,sz.300015,22.2700,22.3300,21.9300,22.1500,22.2900,4927384,108599591.0000,3,0.412370,1,-0.628090,0
2017-07-13,sz.300015,22.1500,22.1500,21.9600,22.0700,22.1500,3641690,80248273.0000,3,0.304771,1,-0.361173,0
2017-07-14,sz.300015,22.2300,22.5000,22.2200,22.4000,22.0700,4569388,102206796.0000,3,0.382410,1,1.495242,0
2017-07-17,sz.300015,22.3100,22.3500,21.0300,21.5800,22.4000,6672769,145270571.0000,3,0.558441,1,-3.660713,0
2017-07-18,sz.300015,21.5700,22.1100,21.5600,21.9300,21.5800,4644723,101440531.0000,3,0.388715,1,1.621874,0
2017-07-19,sz.300015,21.9200,22.3500,21.8800,22.2500,21.9300,3300997,73078895.0000,3,0.276259,1,1.459187,0
2017-07-20,sz.300015,22.2500,22.5700,22.1700,22.3500,22.2500,2904839,64989481.0000,3,0.243105,1,0.449440,0
2017-07-21,sz.300015,22.3700,22.7200,22.2400,22.7000,22.3500,5105404,115331558.0000,3,0.427269,1,1.565997,0
2017-07-24,sz.300015,22.6700,22.6900,22.4200,22.4900,22.7000,2788807,62756985.0000,3,0.233394,1,-0.925114,0
2017-07-25,sz.300015,22.4900,22.6000,22.1000,22.2000,22.4900,2673566,59577049.0000,3,0.223749,1,-1.289458,0
2017-07-26,sz.300015,22.2200,22.3100,21.9900,22.1000,22.2000,2923504,64594450.0000,3,0.244667,1,-0.450452,0
2017-07-27,sz.300015,22.1100,22.6800,21.8600,22.5700,22.1000,4601882,102835241.0000,3,0.385129,1,2.126694,0
2017-07-28,sz.300015,22.5900,22.7000,22.4300,22.5000,22.5700,2927432,66070312.0000,3,0.244995,1,-0.310145,0
2017-07-31,sz.300015,22.7200,22.8500,22.5300,22.6000,22.5000,4152803,94398602.0000,3,0.347546,1,0.444446,0
2017-08-01,sz.300015,22.6000,23.1600,22.5700,23.1400,22.6000,5888158,135410336.0000,3,0.492777,1,2.389376,0
2017-08-02,sz.300015,23.0600,23.0700,22.6800,22.6900,23.1400,3913620,89314012.0000,3,0.327529,1,-1.944680,0
2017-08-03,sz.300015,22.7000,22.8000,22.4000,22.4500,22.6900,3873245,87346132.0000,3,0.324150,1,-1.057734,0
2017-08-04,sz.300015,22.5200,22.7800,22.4100,22.4800,22.4500,2728782,61578791.0000,3,0.228370,1,0.133625,0
2017-08-07,sz.300015,22.4100,22.7800,22.4000,22.7300,22.4800,1740734,39497707.0000,3,0.145681,1,1.112100,0
2017-08-08,sz.300015,22.6000,22.8600,22.5400,22.8500,22.7300,2936595,66912971.0000,3,0.245762,1,0.527940,0
2017-08-09,sz.300015,22.8400,23.2000,22.6500,23.0700,22.8500,5283762,121523329.0000,3,0.442195,1,0.962798,0
2017-08-10,sz.300015,23.2200,23.6400,23.0700,23.3500,23.0700,8086426,189094673.0000,3,0.676749,1,1.213700,0
2017-08-11,sz.300015,23.2000,23.3300,22.7900,22.9400,23.3500,5249690,121156728.0000,3,0.439344,1,-1.755888,0
2017-08-14,sz.300015,22.9300,23.5700,22.8000,23.5200,22.9400,6654279,155510413.0000,3,0.556893,1,2.528334,0
2017-08-15,sz.300015,23.5100,23.5100,22.5600,22.8400,23.5200,9865556,225997044.0000,3,0.825644,1,-2.891158,0
2017-08-16,sz.300015,22.7500,23.0300,22.6100,22.8200,22.8400,4642641,106194583.0000,3,0.388540,1,-0.087568,0
2017-08-17,sz.300015,22.8200,22.8800,22.5400,22.7500,22.8200,5476735,124232339.0000,3,0.458345,1,-0.306747,0
2017-08-18,sz.300015,22.7000,22.8900,22.6000,22.8600,22.7500,3066792,69737671.0000,3,0.256658,1,0.483519,0
2017-08-21,sz.300015,22.8900,23.0000,22.6000,22.7300,22.8600,2853032,64964387.0000,3,0.238769,1,-0.568684,0
2017-08-22,sz.300015,22.7500,22.7600,22.3000,22.3400,22.7300,4108395,92413578.0000,3,0.343830,1,-1.715791,0
2017-08-23,sz.300015,22.3900,22.6300,22.3000,22.5800,22.3400,3018902,68017652.0000,3,0.252650,1,1.074305,0
2017-08-24,sz.300015,22.5300,22.5800,22.2000,22.3100,22.5800,2525062,56379223.0000,3,0.211321,1,-1.195750,0
2017-08-25,sz.300015,22.2500,22.6000,22.2500,22.4400,22.3100,2033758,45656953.0000,3,0.170204,1,0.582703,0
2017-08-28,sz.300015,22.7800,22.9600,22.5700,22.8400,22.4400,7089589,161914198.0000,3,0.593324,1,1.782529,0
2017-08-29,sz.300015,22.8000,23.1700,22.8000,22.9100,22.8400,4248320,97708006.0000,3,0.355540,1,0.306478,0
2017-08-30,sz.300015,22.9400,23.3600,22.9000,23.3000,22.9100,6005924,139464780.0000,3,0.502633,1,1.702311,0
2017-08-31,sz.300015,23.3000,23.4800,23.1000,23.3300,23.3000,5356877,124584844.0000,3,0.448314,1,0.128758,0
2017-09-01,sz.300015,23.3300,23.4900,23.1500,23.4000,23.3300,5866857,137020405.0000,3,0.490994,1,0.300042,0
2017-09-04,sz.300015,23.4000,23.9800,23.1400,23.9300,23.4000,8050277,189981962.0000,3,0.673724,1,2.264960,0
2017-09-05,sz.300015,23.8600,23.9000,23.5700,23.6100,23.9300,6210740,147007453.0000,3,0.519774,1,-1.337232,0
2017-09-06,sz.300015,23.5600,23.7600,23.3100,23.3800,23.6100,6643917,156182230.0000,3,0.556026,1,-0.974170,0
2017-09-07,sz.300015,23.3900,23.9000,23.3800,23.4000,23.3800,7175902,169627753.0000,3,0.600548,1,0.085545,0
2017-09-08,sz.300015,23.4100,24.1600,23.4100,24.1600,23.4000,8696744,208264287.0000,3,0.727826,1,3.247864,0
2017-09-11,sz.300015,24.0400,24.2000,23.5500,24.1900,24.1600,9618947,229810979.0000,3,0.804746,1,0.124175,0
2017-09-12,sz.300015,24.0900,24.1600,23.8500,23.9000,24.1900,5295094,127156192.3300,3,0.442924,1,-1.198846,0
2017-09-13,sz.300015,23.8400,23.9400,23.7000,23.7900,23.9000,2708932,64411962.7800,3,0.226544,1,-0.460246,0
2017-09-14,sz.300015,23.7100,23.7100,23.5100,23.5600,23.7900,3426878,80797311.5300,3,0.286535,1,-0.966799,0
2017-09-15,sz.300015,23.4800,23.7900,23.4800,23.6400,23.5600,2482979,58767753.5100,3,0.207600,1,0.339558,0
2017-09-18,sz.300015,23.6300,24.6800,23.5100,24.5300,23.6400,9230423,224612235.5000,3,0.771712,1,3.764811,0
2017-09-19,sz.300015,24.5000,24.5400,24.2000,24.5100,24.5300,4725956,115044704.0200,3,0.395099,1,-0.081535,0
2017-09-20,sz.300015,24.5100,25.0700,24.2200,24.7000,24.5100,5690511,140921367.6900,3,0.475738,1,0.775196,0
2017-09-21,sz.300015,24.8500,24.8500,24.1200,24.1500,24.7000,4375913,106849587.2900,3,0.365835,1,-2.226725,0
2017-09-22,sz.300015,24.1600,24.7800,24.1500,24.6000,24.1500,3509504,86059598.6900,3,0.293402,1,1.863357,0
2017-09-25,sz.300015,24.6000,25.7800,24.5200,25.2000,24.6000,7772793,196609861.3300,3,0.649821,1,2.439026,0
2017-09-26,sz.300015,25.1600,25.5000,24.7500,25.2800,25.2000,6885448,172839591.4100,3,0.575637,1,0.317460,0
2017-09-27,sz.300015,25.1800,25.6400,24.5600,24.8000,25.2800,10978396,273045159.3900,3,0.917816,1,-1.898740,0
2017-09-28,sz.300015,24.7900,25.3900,24.5600,25.3700,24.8000,5541911,138782749.1600,3,0.463201,1,2.298394,0
2017-09-29,sz.300015,25.2500,25.6600,25.1000,25.3300,25.3700,6044515,153389714.8800,3,0.505210,1,-0.157670,0
2017-10-09,sz.300015,25.4300,25.5300,25.0300,25.3000,25.3300,7115274,179676055.9500,3,0.594705,1,-0.118439,0
2017-10-10,sz.300015,25.2900,26.3800,25.2700,26.1500,25.3000,11964424,311250207.5000,3,1.000005,1,3.359685,0
2017-10-11,sz.300015,26.3000,26.9000,25.8500,26.4700,26.1500,10552435,278476240.1900,3,0.881988,1,1.223708,0
2017-10-12,sz.300015,26.5800,26.8300,26.0100,26.3400,26.4700,6352318,167895025.6000,3,0.530936,1,-0.491119,0
2017-10-13,sz.300015,26.2600,26.8200,26.2500,26.4900,26.3400,5336437,141713579.0700,3,0.446027,1,0.569475,0
2017-10-16,sz.300015,26.5000,26.6400,25.9900,26.0200,26.4900,5129145,134714217.6900,3,0.428702,1,-1.774252,0
2017-10-17,sz.300015,26.0000,26.3600,25.9300,26.0300,26.0200,3887138,101586622.4300,3,0.324893,1,0.038433,0
2017-10-18,sz.300015,26.0400,27.3500,26.0400,27.1100,26.0300,11028709,296696519.2100,3,0.921796,1,4.149058,0
2017-10-19,sz.300015,27.1100,27.3000,26.8500,27.2500,27.1100,5345005,144887914.8700,3,0.446744,1,0.516412,0
2017-10-20,sz.300015,27.3000,28.0400,27.0200,27.3900,27.2500,6251256,172454389.6600,3,0.522489,1,0.513759,0
2017-10-23,sz.300015,27.4000,28.4400,27.3100,28.0800,27.3900,8893292,249054612.2800,3,0.743315,1,2.519170,0
2017-10-24,sz.300015,28.3000,28.3900,27.8200,28.1700,28.0800,7182242,201531038.5500,3,0.600303,1,0.320513,0
2017-10-25,sz.300015,28.1000,29.1500,27.8100,28.9900,28.1700,10543527,298313173.5600,3,0.881244,1,2.910897,0
2017-10-26,sz.300015,28.8200,29.4400,28.5100,28.7000,28.9900,11263081,325363559.2200,3,0.941385,1,-1.000342,0
2017-10-27,sz.300015,28.9100,28.9800,28.5500,28.8900,28.7000,6343304,182031036.4700,3,0.530183,1,0.662016,0
2017-10-30,sz.300015,28.8800,29.1000,27.9300,28.0200,28.8900,10567136,298422875.1200,3,0.883217,1,-3.011419,0
2017-10-31,sz.300015,27.9600,28.1900,27.1500,27.6800,28.0200,13720406,377689019.9000,3,1.146772,1,-1.213420,0
2017-11-01,sz.300015,27.6400,27.7800,27.3600,27.7000,27.6800,8998761,248219185.5100,3,0.752130,1,0.072256,0
2017-11-02,sz.300015,27.5700,28.1000,27.3000,27.9500,27.7000,7923271,219966099.5300,3,0.662098,1,0.902527,0
2017-11-03,sz.300015,29.4200,29.7000,27.9700,28.0100,27.9500,17128279,494973456.0000,3,1.431233,1,0.214667,0
2017-11-06,sz.300015,27.6600,28.8300,26.6400,28.5700,28.0100,16131704,444989206.8500,3,1.347959,1,1.999284,0
2017-11-07,sz.300015,28.6300,30.0000,28.5700,29.8800,28.5700,21575421,630144926.9200,3,1.802680,1,4.585227,0
2017-11-08,sz.300015,29.4000,30.9800,28.6100,28.6700,29.8800,32388048,961503797.0300,3,2.706080,1,-4.049529,0
2017-11-09,sz.300015,28.2300,28.6700,27.7000,28.3700,28.6700,18463479,519186299.7200,3,1.542605,1,-1.046387,0
2017-11-10,sz.300015,28.3000,28.9700,27.9100,28.4900,28.3700,13030517,370677985.7900,3,1.088570,1,0.422978,0
2017-11-13,sz.300015,28.5000,29.6500,28.2900,29.3900,28.4900,14500613,422004155.5100,3,1.210437,1,3.159002,0
2017-11-14,sz.300015,29.2000,29.3400,28.4300,28.5400,29.3900,9693641,279388347.1900,3,0.809173,1,-2.892135,0
2017-11-15,sz.300015,28.4500,28.8200,28.3100,28.4400,28.5400,6843602,195167819.3000,3,0.571267,1,-0.350387,0
2017-11-16,sz.300015,28.3000,28.6000,27.5900,28.5500,28.4400,8852844,248724965.4000,3,0.738987,1,0.386775,0
2017-11-17,sz.300015,28.2600,28.4000,27.0000,27.3800,28.5500,13530447,375149207.9000,3,1.129425,1,-4.098074,0
2017-11-20,sz.300015,27.1500,27.8300,26.4600,27.6200,27.3800,7902916,216443520.7100,3,0.659660,1,0.876558,0
2017-11-21,sz.300015,27.5000,28.3400,27.4600,27.7800,27.6200,9834381,273590633.4300,3,0.820880,1,0.579290,0
2017-11-22,sz.300015,27.8100,28.2000,27.3800,27.6300,27.7800,6308517,175581627.7300,3,0.526563,1,-0.539962,0
2017-11-23,sz.300015,27.4400,27.5800,26.2200,26.2200,27.6300,9125579,245185687.9200,3,0.761663,1,-5.103148,0
2017-11-24,sz.300015,26.2800,26.8500,26.2700,26.6200,26.2200,5705828,151285619.3300,3,0.476230,1,1.525559,0
2017-11-27,sz.300015,26.8000,27.5800,26.4000,26.7400,26.6200,8687378,234246635.5600,3,0.725077,1,0.450785,0
2017-11-28,sz.300015,26.5300,27.3500,26.5300,27.2600,26.7400,6072277,164826199.9200,3,0.506803,1,1.944654,0
2017-11-29,sz.300015,27.3400,27.8000,27.1100,27.7500,27.2600,6290357,173157399.7300,3,0.524973,1,1.797505,0
2017-11-30,sz.300015,27.7600,27.7600,27.2000,27.2000,27.7500,3869199,106121398.6700,3,0.322908,1,-1.981979,0
2017-12-01,sz.300015,27.1500,28.2000,27.1000,28.0600,27.2000,7449843,207234188.0500,3,0.621732,1,3.161760,0
2017-12-04,sz.300015,28.0100,28.4500,27.8500,28.3200,28.0600,5416254,152865506.4400,3,0.451952,1,0.926587,0
2017-12-05,sz.300015,28.3400,28.4400,27.2200,27.6600,28.3200,6790970,188642567.1300,3,0.566654,1,-2.330508,0
2017-12-06,sz.300015,27.7000,28.0900,27.4000,27.7900,27.6600,5694017,157929022.8100,3,0.475118,1,0.469997,0
2017-12-07,sz.300015,28.1000,28.6800,27.8500,28.6500,27.7900,12108337,344301823.3500,3,1.010338,1,3.094634,0
2017-12-08,sz.300015,28.6500,28.6500,28.6500,28.6500,28.6500,0,0.0000,3,,0,0.000000,0
2017-12-11,sz.300015,28.6500,28.6500,28.6500,28.6500,28.6500,0,0.0000,3,,0,0.000000,0
2017-12-12,sz.300015,28.6500,28.6500,28.6500,28.6500,28.6500,0,0.0000,3,,0,0.000000,0
2017-12-13,sz.300015,28.6500,28.6500,28.6500,28.6500,28.6500,0,0.0000,3,,0,0.000000,0
2017-12-14,sz.300015,28.6500,28.6500,28.6500,28.6500,28.6500,0,0.0000,3,,0,0.000000,0
2017-12-15,sz.300015,28.8000,29.7700,28.0000,28.1800,28.6500,14684675,423076798.0100,3,1.225307,1,-1.640486,0
2017-12-18,sz.300015,27.9200,28.9900,27.9200,28.7500,28.1800,8060383,229317742.3900,3,0.672568,1,2.022710,0
2017-12-19,sz.300015,28.7000,29.3800,28.5700,29.0600,28.7500,6703813,195197485.3900,3,0.559374,1,1.078259,0
2017-12-20,sz.300015,29.4500,29.7800,29.1000,29.4700,29.0600,6992915,206360088.6300,3,0.583496,1,1.410874,0
2017-12-21,sz.300015,29.4700,30.9000,29.4700,30.6400,29.4700,11796424,358800958.5700,3,0.984304,1,3.970140,0
2017-12-22,sz.300015,30.8000,30.9200,30.2000,30.3700,30.6400,6633680,202293680.9800,3,0.553518,1,-0.881196,0
2017-12-25,sz.300015,30.3600,31.2500,30.2800,30.5900,30.3700,8099323,249778227.6000,3,0.675788,1,0.724397,0
2017-12-26,sz.300015,30.5500,30.7900,30.0300,30.4300,30.5900,5399355,163760395.2200,3,0.450504,1,-0.523046,0
2017-12-27,sz.300015,30.3200,30.6800,29.6300,29.8300,30.4300,7881503,236167144.6800,3,0.657604,1,-1.971740,0
2017-12-28,sz.300015,29.7900,30.3100,29.5000,29.8800,29.8300,6705472,200172915.3000,3,0.559479,1,0.167614,0
2017-12-29,sz.300015,29.8800,30.9100,29.7800,30.8000,29.8800,7317131,222715289.5700,3,0.610513,1,3.078983,0
2018-01-02,sz.300015,31.0000,31.2500,30.3000,30.4200,30.8000,7607715,232862857.0400,3,0.634752,1,-1.233764,0
2018-01-03,sz.300015,30.4000,30.4500,29.2200,30.2500,30.4200,10099131,301871879.4300,3,0.842624,1,-0.558843,0
2018-01-04,sz.300015,30.5100,30.5600,29.5400,29.6700,30.2500,12372473,370085843.4400,3,1.032301,1,-1.917355,0
2018-01-05,sz.300015,30.6500,32.3300,30.4100,31.5000,29.6700,21289329,670992778.5400,3,1.776281,1,6.167846,0
2018-01-08,sz.300015,31.6800,33.7000,31.6700,33.6300,31.5000,15921172,521333322.0200,3,1.329271,1,6.761908,0
2018-01-09,sz.300015,33.6200,34.2100,33.0300,33.4000,33.6300,11149714,375510201.7500,3,0.930882,1,-0.683912,0
2018-01-10,sz.300015,33.7400,34.9200,33.6100,33.9000,33.4000,11446797,390435875.9800,3,0.955686,1,1.497006,0
2018-01-11,sz.300015,33.7700,34.9900,33.3700,33.8900,33.9000,9707333,331588025.8900,3,0.810449,1,-0.029505,0
2018-01-12,sz.300015,33.8000,34.2800,33.4000,34.1100,33.8900,6066953,205350065.6500,3,0.506517,1,0.649163,0
2018-01-15,sz.300015,33.6300,34.6100,32.9000,33.4500,34.1100,10315157,348384920.3900,3,0.861177,1,-1.934916,0
2018-01-16,sz.300015,33.5500,35.9500,33.5500,35.4500,33.4500,12435685,435809117.1800,3,1.038211,1,5.979073,0
2018-01-17,sz.300015,35.6300,36.2900,34.5000,35.2600,35.4500,11395291,401962900.0300,3,0.951229,1,-0.535973,0
2018-01-18,sz.300015,35.0000,36.2300,34.9300,35.9700,35.2600,11933349,426777013.6900,3,0.996107,1,2.013622,0
2018-01-19,sz.300015,35.5000,35.6900,34.9800,35.1000,35.9700,7423486,261439452.8400,3,0.619645,1,-2.418690,0
2018-01-22,sz.300015,35.3000,35.4600,34.7000,35.0000,35.1000,6753764,237019424.7300,3,0.563739,1,-0.284896,0
2018-01-23,sz.300015,35.0000,35.5900,34.9000,35.5900,35.0000,7162153,253460772.3100,3,0.597827,1,1.685715,0
2018-01-24,sz.300015,35.5800,36.8400,35.0500,36.3300,35.5900,12245066,441532109.5300,3,1.022100,1,2.079240,0
2018-01-25,sz.300015,36.4000,36.7400,35.6100,35.7900,36.3300,6571990,236555889.4000,3,0.548566,1,-1.486377,0
2018-01-26,sz.300015,35.5000,36.1500,35.0200,35.3000,35.7900,7147222,253909219.6700,3,0.596581,1,-1.369102,0
2018-01-29,sz.300015,34.9600,35.6100,34.5000,34.9000,35.3000,8726518,304886079.0900,3,0.728406,1,-1.133138,0
2018-01-30,sz.300015,34.9000,35.0800,34.5100,34.7700,34.9000,4616321,160298564.3600,3,0.385326,1,-0.372496,0
2018-01-31,sz.300015,34.7700,35.5100,34.5700,34.9800,34.7700,7140082,250550454.5900,3,0.595985,1,0.603966,0
2018-02-01,sz.300015,35.0200,36.0400,34.5000,34.6000,34.9800,8523911,300722023.4300,3,0.711494,1,-1.086338,0
2018-02-02,sz.300015,34.4000,34.8600,33.3200,34.5100,34.6000,6047345,207279848.9900,3,0.504774,1,-0.260116,0
2018-02-05,sz.300015,33.7600,34.3900,33.5000,33.6000,34.5100,7393222,249945279.7400,3,0.617115,1,-2.636917,0
2018-02-06,sz.300015,32.5000,33.2500,31.3000,31.5000,33.6000,15682823,505979780.0800,3,1.309030,1,-6.249996,0
2018-02-07,sz.300015,32.3800,33.3800,31.8200,32.6000,31.5000,14781317,483609229.3300,3,1.233696,1,3.492059,0
2018-02-08,sz.300015,32.4000,33.3100,31.9200,32.5000,32.6000,8624361,281660513.7000,3,0.719808,1,-0.306744,0
2018-02-09,sz.300015,31.4900,32.0700,30.7500,31.4700,32.5000,9923654,312037515.0300,3,0.828228,1,-3.169233,0
2018-02-12,sz.300015,31.6800,34.4800,31.6200,33.6900,31.4700,14959751,497771819.7900,3,1.248541,1,7.054336,0
2018-02-13,sz.300015,33.9900,34.7100,33.6800,33.7500,33.6900,10027820,343074253.2800,3,0.836883,1,0.178098,0
2018-02-14,sz.300015,33.7500,35.2800,33.6500,35.1000,33.7500,7953558,276038612.3600,3,0.663763,1,3.999995,0
2018-02-22,sz.300015,35.3700,35.6100,34.6400,35.6100,35.1000,8217017,289233111.5100,3,0.685661,1,1.452998,0
2018-02-23,sz.300015,35.3000,35.7800,34.7200,35.0600,35.6100,7145665,251252034.5300,3,0.596263,1,-1.544508,0
2018-02-26,sz.300015,35.0600,37.1600,35.0600,37.1600,35.0600,10689970,387663224.1000,3,0.892014,1,5.989727,0
2018-02-27,sz.300015,37.0100,37.4800,36.3000,36.6100,37.1600,8613160,316853534.3200,3,0.718717,1,-1.480084,0
2018-02-28,sz.300015,36.4200,37.0900,36.1700,36.3000,36.6100,6544676,239163817.2900,3,0.546114,1,-0.846767,0
2018-03-01,sz.300015,36.2000,37.4800,36.0800,37.1300,36.3000,7909940,292854712.0400,3,0.660037,1,2.286506,0
2018-03-02,sz.300015,36.9900,37.4000,36.6200,36.8100,37.1300,4994356,184652186.9400,3,0.416749,1,-0.861836,0
2018-03-05,sz.300015,37.0000,37.4000,36.4200,37.2400,36.8100,5603125,206964008.7500,3,0.467547,1,1.168162,0
2018-03-06,sz.300015,37.1600,38.5000,37.1600,38.2800,37.2400,8682529,330296000.0400,3,0.724495,1,2.792688,0
2018-03-07,sz.300015,38.2800,38.6500,37.9500,38.3500,38.2800,5721103,219423383.4300,3,0.477354,1,0.182862,0
2018-03-08,sz.300015,38.1600,40.2000,38.1000,40.0800,38.3500,9763088,386398976.5500,3,0.814570,1,4.511091,0
2018-03-09,sz.300015,39.9500,40.3500,39.2000,39.9000,40.0800,7974238,317389690.2300,3,0.665291,1,-0.449103,0
2018-03-12,sz.300015,39.9000,40.7700,39.3800,39.8700,39.9000,8838400,354383648.6100,3,0.737346,1,-0.075194,0
2018-03-13,sz.300015,39.7000,39.7800,38.2000,38.8800,39.8700,10077190,391537165.4600,3,0.840693,1,-2.483065,0
2018-03-14,sz.300015,38.8000,39.4500,38.5000,38.8400,38.8800,5873402,229451784.7400,3,0.489988,1,-0.102883,0
2018-03-15,sz.300015,38.4900,39.2000,38.3800,38.8700,38.8400,4984945,193068228.6600,3,0.415846,1,0.077237,0
2018-03-16,sz.300015,38.8800,39.9000,38.8000,39.5600,38.8700,7949559,313959859.4000,3,0.662884,1,1.775154,0
2018-03-19,sz.300015,39.5000,40.6500,38.4400,40.2600,39.5600,8594998,341343187.3500,3,0.716687,1,1.769456,0
2018-03-20,sz.300015,39.8200,41.6600,39.8000,41.5900,40.2600,10106561,416309219.0000,3,0.842228,1,3.303532,0
2018-03-21,sz.300015,41.3500,42.3700,40.8700,41.1700,41.5900,9297865,386584386.4500,3,0.774461,1,-1.009863,0
2018-03-22,sz.300015,41.1500,41.7000,40.8300,41.1700,41.1700,5444163,224493429.6800,3,0.453320,1,0.000000,0
2018-03-23,sz.300015,39.5000,41.3800,38.8800,40.0900,41.1700,13056684,525044306.5400,3,1.087193,1,-2.623265,0
2018-03-26,sz.300015,39.4000,42.2200,39.4000,42.1600,40.0900,9797526,403002722.0600,3,0.815812,1,5.163382,0
2018-03-27,sz.300015,42.2200,44.1300,42.2100,43.2000,42.1600,12850766,556163129.9100,3,1.070047,1,2.466795,0
2018-03-28,sz.300015,42.7700,43.6600,41.8400,41.8700,43.2000,8131050,346646138.5200,3,0.677049,1,-3.078708,0
2018-03-29,sz.300015,42.0000,42.3400,38.0000,40.0100,41.8700,14281895,571969143.2300,3,1.189213,1,-4.442323,0
2018-03-30,sz.300015,39.7500,41.6700,39.6100,41.1800,40.0100,10428897,426338687.2800,3,0.868385,1,2.924274,0
2018-04-02,sz.300015,40.9800,41.5700,40.0900,40.3500,41.1800,8942593,363887449.0400,3,0.744624,1,-2.015546,0
2018-04-03,sz.300015,40.0000,40.8800,39.6200,40.2800,40.3500,8980320,359799007.3000,3,0.747766,1,-0.173481,0
2018-04-04,sz.300015,40.7500,40.9500,38.9000,38.9000,40.2800,9828270,390213160.1900,3,0.818372,1,-3.426011,0
2018-04-09,sz.300015,38.8600,41.0000,38.8600,40.9800,38.9000,11995592,483124086.7300,3,0.998839,1,5.347038,0
2018-04-10,sz.300015,41.4800,42.5000,40.5300,42.3800,40.9800,9655281,402682683.6000,3,0.803968,1,3.416304,0
2018-04-11,sz.300015,42.2000,42.8900,42.0800,42.3700,42.3800,5574037,236706706.3900,3,0.464134,1,-0.023601,0
2018-04-12,sz.300015,42.1100,43.6200,41.6300,42.8000,42.3700,5973881,255170189.6900,3,0.497428,1,1.014870,0
2018-04-13,sz.300015,42.9100,43.4500,41.6000,42.2700,42.8000,5909514,250454013.8500,3,0.492068,1,-1.238315,0
2018-04-16,sz.300015,42.1100,42.9100,41.5000,42.1500,42.2700,5521064,232536752.2500,3,0.459723,1,-0.283887,0
2018-04-17,sz.300015,42.1400,42.3800,40.6000,40.6800,42.1500,5597230,231041103.8600,3,0.466065,1,-3.487547,0
2018-04-18,sz.300015,40.7200,41.1000,39.5000,40.8000,40.6800,8457680,340810087.5400,3,0.704247,1,0.294983,0
2018-04-19,sz.300015,41.0800,42.4100,40.6500,41.9500,40.8000,6870475,287980004.4700,3,0.572085,1,2.818631,0
2018-04-20,sz.300015,41.9500,43.6000,41.6500,42.6000,41.9500,8208197,351751426.4100,3,0.683473,1,1.549458,0
2018-04-23,sz.300015,42.7200,44.1600,42.7200,42.9500,42.6000,9497720,413585762.1200,3,0.790848,1,0.821602,0
2018-04-24,sz.300015,42.8200,43.8600,42.2800,43.3800,42.9500,6951766,300045899.5000,3,0.578854,1,1.001165,0
2018-04-25,sz.300015,43.3000,45.6000,43.1800,45.5500,43.3800,10516436,468368616.3200,3,0.875674,1,5.002301,0
2018-04-26,sz.300015,45.6000,45.6000,44.0000,44.4000,45.5500,7843356,350256319.3500,3,0.653094,1,-2.524693,0
2018-04-27,sz.300015,44.6600,47.1200,44.4200,47.0000,44.4000,9867632,455589406.8700,3,0.821650,1,5.855852,0
2018-05-02,sz.300015,47.0000,47.8600,45.8800,46.4700,47.0000,9446328,440693797.1200,3,0.786569,1,-1.127657,0
2018-05-03,sz.300015,46.5000,46.5800,44.5000,45.8000,46.4700,8304552,376592123.8900,3,0.691496,1,-1.441795,0
2018-05-04,sz.300015,45.6600,47.1800,45.3100,45.9800,45.8000,6703542,310502826.7100,3,0.558129,1,0.393014,0
2018-05-07,sz.300015,45.7500,46.3700,45.2500,46.2000,45.9800,7189227,329916749.8300,3,0.598540,1,0.478471,0
2018-05-08,sz.300015,46.4000,46.4000,45.2000,45.5000,46.2000,7894714,360123610.3800,3,0.657275,1,-1.515153,0
2018-05-09,sz.300015,45.5000,45.7700,44.6500,45.1100,45.5000,6430486,289496356.1800,3,0.535371,1,-0.857142,0
2018-05-10,sz.300015,45.1600,47.8000,44.9800,47.7600,45.1100,12087947,562864693.6400,3,1.006383,1,5.874524,0
2018-05-11,sz.300015,47.4800,47.8800,45.8000,46.0500,47.7600,11721732,548857672.5300,3,0.975894,1,-3.580400,0
2018-05-14,sz.300015,45.7000,46.3500,44.8300,45.9700,46.0500,8087202,367963378.4600,3,0.673301,1,-0.173720,0
2018-05-15,sz.300015,45.9900,46.9500,45.5000,46.4500,45.9700,8147171,379038350.4900,3,0.678293,1,1.044158,0
2018-05-16,sz.300015,46.4400,48.0800,46.2500,47.4400,46.4500,8782334,416882925.1000,3,0.731174,1,2.131320,0
2018-05-17,sz.300015,47.7700,47.8000,46.0200,46.8100,47.4400,7127681,333990707.1200,3,0.593416,1,-1.327987,0
2018-05-18,sz.300015,46.8500,48.5000,46.0300,48.5000,46.8100,7691648,363544215.4000,3,0.632018,1,3.610337,0
2018-05-21,sz.300015,48.5200,49.3500,47.8500,48.6800,48.5000,8394643,407910513.6800,3,0.689783,1,0.371135,0
2018-05-22,sz.300015,48.6500,50.1800,48.3300,50.1600,48.6800,9003028,447881602.2800,3,0.739773,1,3.040262,0
2018-05-23,sz.300015,50.0000,51.1000,48.6800,49.4900,50.1600,12132702,602239766.2000,3,0.996936,1,-1.335722,0
2018-05-24,sz.300015,32.7900,33.6300,32.1900,33.3000,32.7900,16169962,532663063.4300,3,0.885816,1,1.555347,0
2018-05-25,sz.300015,33.3000,34.0700,32.7100,33.5000,33.3000,13498052,453670349.3600,3,0.739445,1,0.600603,0
2018-05-28,sz.300015,33.6000,34.4800,32.7200,34.4400,33.5000,15875456,535402842.7500,3,0.869683,1,2.805966,0
2018-05-29,sz.300015,34.3000,34.8300,31.1300,31.1400,34.4400,28239215,936656862.3000,3,1.546989,1,-9.581880,0
2018-05-30,sz.300015,30.2900,32.1300,28.9000,30.7600,31.1400,35365443,1086835113.4300,3,1.937375,1,-1.220293,0
2018-05-31,sz.300015,31.1500,33.0000,31.1500,33.0000,30.7600,23701918,763263117.6900,3,1.298429,1,7.282184,0
2018-06-01,sz.300015,33.0000,33.4500,31.1600,32.1200,33.0000,17932960,578944952.1700,3,0.982396,1,-2.666670,0
2018-06-04,sz.300015,32.0000,32.3000,31.1800,31.7200,32.1200,15291793,483605354.2900,3,0.837709,1,-1.245329,0
2018-06-05,sz.300015,31.7000,32.8800,31.7000,32.6000,31.7200,14322504,464266494.6500,3,0.784609,1,2.774272,0
2018-06-06,sz.300015,32.5600,32.8500,32.0500,32.3800,32.6000,12408882,402498551.3000,3,0.679778,1,-0.674839,0
2018-06-07,sz.300015,31.5500,32.0300,30.7200,30.9400,32.3800,27900930,869201655.4200,3,1.528457,1,-4.447191,0
2018-06-08,sz.300015,30.8800,31.7000,30.4200,31.5900,30.9400,15568980,486666508.3400,3,0.852893,1,2.100839,0
2018-06-11,sz.300015,31.3700,31.4200,30.7000,31.0400,31.5900,10844111,336205758.1000,3,0.594058,1,-1.741055,0
2018-06-12,sz.300015,31.0000,31.2500,30.4700,30.8700,31.0400,14656849,450548671.4200,3,0.802925,1,-0.547681,0
2018-06-13,sz.300015,30.7700,30.9800,29.7300,30.8600,30.8700,17123390,520088962.6800,3,0.938046,1,-0.032395,0
2018-06-14,sz.300015,30.7600,31.0900,30.0000,30.1200,30.8600,10046088,306070845.2200,3,0.550341,1,-2.397925,0
2018-06-15,sz.300015,30.0500,30.4500,29.8800,29.9500,30.1200,8060373,242655842.0200,3,0.441560,1,-0.564409,0
2018-06-19,sz.300015,29.6500,30.4400,29.2900,29.7600,29.9500,16595314,496871617.1800,3,0.909118,1,-0.634392,0
2018-06-20,sz.300015,29.9900,32.3000,29.9200,32.0700,29.7600,24905981,777806225.5000,3,1.364389,1,7.762094,0
2018-06-21,sz.300015,32.0900,33.0900,31.7500,32.2500,32.0700,19578543,634465120.4900,3,1.072544,1,0.561273,0
2018-06-22,sz.300015,32.0300,32.9000,31.7500,32.4700,32.2500,12293582,399183563.1500,3,0.673462,1,0.682174,0
2018-06-25,sz.300015,32.6500,33.6600,32.1900,33.2200,32.4700,16880033,559023967.2000,3,0.924715,1,2.309824,0
2018-06-26,sz.300015,32.8000,33.5900,32.6000,32.9000,33.2200,13212304,435607444.8100,3,0.723791,1,-0.963274,0
2018-06-27,sz.300015,32.8200,32.9700,31.5100,31.7600,32.9000,13957173,447374633.4600,3,0.764596,1,-3.465049,0
2018-06-28,sz.300015,31.5000,32.1000,31.0800,31.6100,31.7600,11980989,379892392.7800,3,0.656338,1,-0.472291,0
2018-06-29,sz.300015,31.4000,32.5000,31.4000,32.2900,31.6100,15475365,497047298.3000,3,0.847765,1,2.151219,0
2018-07-02,sz.300015,32.0600,33.0000,31.8500,32.3000,32.2900,16073328,521971828.7300,3,0.880522,1,0.030964,0
2018-07-03,sz.300015,32.2000,32.2000,30.1100,31.2900,32.3000,23067528,714206059.7700,3,1.256428,1,-3.126930,0
2018-07-04,sz.300015,31.0000,31.0000,30.0400,30.1600,31.2900,11288654,343737603.8000,3,0.614863,1,-3.611381,0
2018-07-05,sz.300015,30.0300,30.6300,29.6500,29.7800,30.1600,11458957,344438175.2200,3,0.624139,1,-1.259944,0
2018-07-06,sz.300015,29.8500,30.8800,29.7000,30.2700,29.7800,15654333,475632116.0000,3,0.852651,1,1.645399,0
2018-07-09,sz.300015,30.4500,32.0000,30.4500,31.7700,30.2700,14626377,458142795.4700,3,0.796661,1,4.955401,0
2018-07-10,sz.300015,31.8400,32.2600,31.6500,32.0000,31.7700,10456659,333622358.6400,3,0.569547,1,0.723952,0
2018-07-11,sz.300015,31.5000,32.6000,31.2000,32.1500,32.0000,14882441,477018723.0300,3,0.810608,1,0.468755,0
2018-07-12,sz.300015,31.9700,33.5000,31.8800,32.9900,32.1500,19110267,628343423.1200,3,1.040886,1,2.612753,0
2018-07-13,sz.300015,32.8400,34.1400,32.8400,33.6400,32.9900,15980915,537062135.1900,3,0.870439,1,1.970287,0
2018-07-16,sz.300015,34.1000,36.0000,33.7100,35.6600,33.6400,21800124,763425565.5100,3,1.187396,1,6.004758,0
2018-07-17,sz.300015,35.4000,35.7700,34.3500,34.8300,35.6600,16041788,559113058.9900,3,0.873754,1,-2.327532,0
2018-07-18,sz.300015,34.9300,35.5000,34.6900,34.9100,34.8300,12974217,454920742.5000,3,0.706672,1,0.229681,0
2018-07-19,sz.300015,34.9000,34.9300,33.7700,34.0000,34.9100,13086143,446913751.8300,3,0.712768,1,-2.606703,0
2018-07-20,sz.300015,34.0700,34.2700,33.1300,33.7600,34.0000,14340566,483342895.1500,3,0.781093,1,-0.705887,0
2018-07-23,sz.300015,32.5800,33.4500,31.5000,33.2500,33.7600,28492416,926390983.6500,3,1.551907,1,-1.510659,0
2018-07-24,sz.300015,32.9100,33.9800,32.4100,33.2000,33.2500,24095606,801858333.9300,3,1.312425,1,-0.150374,0
2018-07-25,sz.300015,33.5000,34.8500,33.1100,34.2600,33.2000,18366764,627298763.7400,3,1.000390,1,3.192764,0
2018-07-26,sz.300015,34.1100,34.4900,33.6900,33.9800,34.2600,11142597,379764896.1600,3,0.606908,1,-0.817276,0
2018-07-27,sz.300015,33.6800,34.0800,33.3100,33.7000,33.9800,9502007,320002538.0200,3,0.517549,1,-0.824011,0
2018-07-30,sz.300015,33.6000,33.6600,32.0500,32.8000,33.7000,16472782,539160687.3200,3,0.897229,1,-2.670628,0
2018-07-31,sz.300015,33.0400,34.1900,33.0400,33.4200,32.8000,13871519,467714323.0200,3,0.755545,1,1.890241,0
2018-08-01,sz.300015,33.6100,34.1100,32.9900,33.1600,33.4200,11523877,384897312.6400,3,0.627675,1,-0.777972,0
2018-08-02,sz.300015,32.9100,33.9700,32.7300,33.1200,33.1600,14824400,492910553.6100,3,0.807446,1,-0.120630,0
2018-08-03,sz.300015,32.8000,33.4200,31.8000,31.9400,33.1200,15407565,500342394.5800,3,0.839210,1,-3.562797,0
2018-08-06,sz.300015,31.5200,32.2900,30.0000,30.2400,31.9400,19301650,600965845.9200,3,1.051310,1,-5.322482,0
2018-08-07,sz.300015,30.4900,31.3500,29.7300,31.2300,30.2400,14143416,433466767.5900,3,0.770355,1,3.273809,0
2018-08-08,sz.300015,31.1000,31.5000,30.0000,30.0100,31.2300,11515388,353861455.0400,3,0.627213,1,-3.906498,0
2018-08-09,sz.300015,29.6700,32.0400,29.5000,31.5300,30.0100,17819666,554402779.6000,3,0.970591,1,5.064980,0
2018-08-10,sz.300015,31.3200,32.7500,31.3200,32.3500,31.5300,13101566,422812349.4900,3,0.713608,1,2.600691,0
2018-08-13,sz.300015,31.8000,32.9700,31.6900,32.7300,32.3500,9258328,301148556.0800,3,0.504277,1,1.174656,0
2018-08-14,sz.300015,32.7300,32.9000,32.2600,32.5000,32.7300,7188497,233984781.6700,3,0.391539,1,-0.702718,0
2018-08-15,sz.300015,32.4000,32.5700,30.7600,30.8200,32.5000,12995165,407285261.0400,3,0.707813,1,-5.169232,0
2018-08-16,sz.300015,30.5100,31.4100,29.9000,30.7100,30.8200,11406442,351128241.5400,3,0.621279,1,-0.356913,0
2018-08-17,sz.300015,31.0700,31.2700,28.5000,29.2600,30.7100,24318781,719387531.5600,3,1.324580,1,-4.721585,0
2018-08-20,sz.300015,29.0500,29.3000,27.0000,27.9400,29.2600,22132791,617251614.8300,3,1.205515,1,-4.511277,0
2018-08-21,sz.300015,28.1100,30.2000,28.0000,30.1500,27.9400,20422583,592826134.7900,3,1.112365,1,7.909803,0
2018-08-22,sz.300015,30.0000,30.0800,29.5000,29.5900,30.1500,8734161,259720750.3200,3,0.475727,1,-1.857378,0
2018-08-23,sz.300015,29.6000,30.2000,28.8000,29.9700,29.5900,12519912,370809410.0000,3,0.681927,1,1.284215,0
2018-08-24,sz.300015,29.8000,30.3700,29.3800,29.8800,29.9700,7262606,217484330.1300,3,0.395575,1,-0.300301,0
2018-08-27,sz.300015,30.5000,32.0100,30.4800,31.7300,29.8800,17570342,551002333.1900,3,0.956985,1,6.191434,0
2018-08-28,sz.300015,31.9000,32.9500,31.5500,32.4600,31.7300,16298396,526130687.3800,3,0.887707,1,2.300661,0
2018-08-29,sz.300015,32.0300,32.9000,31.9000,32.4500,32.4600,12350785,400246869.5100,3,0.672697,1,-0.030802,0
2018-08-30,sz.300015,32.3900,32.5500,31.4000,31.7600,32.4500,10930452,349055532.2500,3,0.595337,1,-2.126350,0
2018-08-31,sz.300015,31.7600,32.2600,31.3100,31.3700,31.7600,8033064,254448037.2100,3,0.437528,1,-1.227958,0
2018-09-03,sz.300015,31.2800,31.8300,30.3000,31.6600,31.3700,9437526,294377319.0000,3,0.514024,1,0.924447,0
2018-09-04,sz.300015,31.7300,31.8000,30.3000,31.1000,31.6600,16189643,501877268.3000,3,0.881784,1,-1.768792,0
2018-09-05,sz.300015,30.7100,31.0800,30.3000,30.3000,31.1000,8929037,273096816.2200,3,0.486328,1,-2.572351,0
2018-09-06,sz.300015,30.0500,30.6700,29.8700,29.9500,30.3000,8279486,249278190.7500,3,0.450950,1,-1.155111,0
2018-09-07,sz.300015,30.0100,31.0000,30.0100,30.6000,29.9500,9426771,288479795.1500,3,0.513438,1,2.170282,0
2018-09-10,sz.300015,30.1400,30.8000,30.0600,30.2300,30.6000,6207126,188353579.3800,3,0.338077,1,-1.209153,0
2018-09-11,sz.300015,30.1600,30.6900,30.0800,30.4600,30.2300,5220835,158630158.4800,3,0.284358,1,0.760832,0
2018-09-12,sz.300015,30.2900,30.4900,28.8400,28.9500,30.4600,16338604,479891121.3700,3,0.889897,1,-4.957316,0
2018-09-13,sz.300015,29.3500,29.6200,27.4100,28.5100,28.9500,21933348,619353401.6500,3,1.194620,1,-1.519864,0
2018-09-14,sz.300015,28.5200,28.6200,27.6100,28.0900,28.5100,12249894,343439281.5000,3,0.667202,1,-1.473168,0
2018-09-17,sz.300015,27.9800,28.5000,27.6200,28.2000,28.0900,6901279,194204479.0500,3,0.375884,1,0.391601,0
2018-09-18,sz.300015,28.2000,29.3600,28.0500,29.0700,28.2000,13922712,401181791.8900,3,0.758313,1,3.085103,0
2018-09-19,sz.300015,29.1900,29.8500,28.8100,29.3700,29.0700,10954562,322490705.5100,3,0.596650,1,1.031996,0
2018-09-20,sz.300015,29.2800,29.4400,28.7800,28.8900,29.3700,6499602,188575793.9800,3,0.354007,1,-1.634326,0
2018-09-21,sz.300015,28.9700,29.8500,28.9100,29.7800,28.8900,10233647,301678566.3900,3,0.557385,1,3.080655,0
2018-09-25,sz.300015,29.4500,30.1000,29.3100,29.7500,29.7800,6830949,203970949.4100,3,0.372054,1,-0.100741,0
2018-09-26,sz.300015,30.1200,31.3900,29.9000,31.3400,29.7500,17824453,550423174.5500,3,0.970825,1,5.344538,0
2018-09-27,sz.300015,31.1700,31.9400,30.9300,31.4200,31.3400,13626022,429285807.9100,3,0.742154,1,0.255265,0
2018-09-28,sz.300015,31.3800,32.4800,31.3000,32.2500,31.4200,14507626,465473638.4000,3,0.790171,1,2.641629,0
2018-10-08,sz.300015,31.6200,32.1700,31.0000,31.0300,32.2500,12276398,385684775.2300,3,0.668645,1,-3.782944,0
2018-10-09,sz.300015,31.0000,31.8600,30.8100,31.1000,31.0300,8243652,258461945.4100,3,0.448998,1,0.225587,0
2018-10-10,sz.300015,31.4300,31.5600,29.7900,30.1600,31.1000,10893330,330916617.3700,3,0.593315,1,-3.022510,0
2018-10-11,sz.300015,29.2100,30.1200,28.9000,29.0400,30.1600,16428303,483543573.9100,3,0.894783,1,-3.713524,0
2018-10-12,sz.300015,29.3000,30.1400,29.0500,30.1100,29.0400,13455018,399421483.4000,3,0.732840,1,3.684572,0
2018-10-15,sz.300015,30.4300,30.6000,28.9100,29.0600,30.1100,11900879,353918854.3300,3,0.648192,1,-3.487217,0
2018-10-16,sz.300015,29.1000,29.8800,28.8500,29.3700,29.0600,9003184,264992577.9800,3,0.490367,1,1.066763,0
2018-10-17,sz.300015,29.8000,29.9600,27.7200,29.0000,29.3700,14636727,418651564.7700,3,0.797203,1,-1.259792,0
2018-10-18,sz.300015,28.7500,28.7500,27.1200,27.2200,29.0000,21098259,586118562.3400,3,1.149136,1,-6.137934,0
2018-10-19,sz.300015,26.6800,28.6400,26.3500,28.5000,27.2200,18568854,512267796.6600,3,1.011370,1,4.702427,0
2018-10-22,sz.300015,28.8800,30.9700,28.7600,30.8300,28.5000,23068381,692500899.4300,3,1.256441,1,8.175439,0
2018-10-23,sz.300015,30.8000,30.8000,28.7500,29.0800,30.8300,20820778,615766279.7000,3,1.134023,1,-5.676289,0
2018-10-24,sz.300015,28.7900,29.2400,27.5200,28.5500,29.0800,18971364,535625594.3300,3,1.033293,1,-1.822561,0
2018-10-25,sz.300015,27.6000,28.1400,27.2000,27.8500,28.5500,15663980,432859695.4900,3,0.853153,1,-2.451835,0
2018-10-26,sz.300015,28.2000,28.4400,27.2600,27.5000,27.8500,11564122,320795895.7700,3,0.629851,1,-1.256734,0
2018-10-29,sz.300015,27.5000,27.5100,26.0700,26.2100,27.5000,17734764,470967582.8200,3,0.965940,1,-4.690912,0
2018-10-30,sz.300015,26.0000,27.1700,25.9000,26.7000,26.2100,13712045,364985916.1300,3,0.746839,1,1.869522,0
2018-10-31,sz.300015,26.8800,27.8700,26.6600,27.0400,26.7000,14890147,405777849.9400,3,0.811006,1,1.273409,0
2018-11-01,sz.300015,27.3800,27.7800,27.0900,27.0900,27.0400,15077872,413764809.5600,3,0.821230,1,0.184908,0
2018-11-02,sz.300015,28.1400,29.1500,27.8200,29.1300,27.0900,25719407,729672825.5000,3,1.400831,1,7.530450,0
2018-11-05,sz.300015,28.8000,29.0900,27.5400,28.2500,29.1300,19401408,549487577.9800,3,1.056715,1,-3.020938,0
2018-11-06,sz.300015,28.0900,28.6600,27.7000,28.6000,28.2500,9954660,281313828.3400,3,0.542190,1,1.238939,0
2018-11-07,sz.300015,28.6000,28.8100,28.2100,28.2400,28.6000,9673520,276101755.8100,3,0.526877,1,-1.258743,0
2018-11-08,sz.300015,28.5600,28.6600,27.9000,27.9000,28.2400,8117629,229764508.3900,3,0.442134,1,-1.203966,0
2018-11-09,sz.300015,27.7500,28.2000,27.4500,27.8400,27.9000,8776906,243939767.6300,3,0.478042,1,-0.215052,0
2018-11-12,sz.300015,27.6800,28.3000,27.2800,28.1700,27.8400,13863702,386452252.5300,3,0.755099,1,1.185345,0
2018-11-13,sz.300015,27.6300,28.6700,27.6300,28.5200,28.1700,19739504,558020867.1100,3,1.075130,1,1.242458,0
2018-11-14,sz.300015,28.5200,28.6000,27.8200,28.0100,28.5200,10696210,300818101.9800,3,0.582579,1,-1.788220,0
2018-11-15,sz.300015,27.9900,28.4300,27.7400,28.3700,28.0100,11171522,313620707.2900,3,0.608467,1,1.285257,0
2018-11-16,sz.300015,28.4300,28.8000,27.7900,28.1200,28.3700,12110398,341677718.9300,3,0.659604,1,-0.881212,0
2018-11-19,sz.300015,27.9800,28.5900,27.8000,28.3900,28.1200,10358381,293019965.8400,3,0.564179,1,0.960166,0
2018-11-20,sz.300015,28.2800,28.3000,27.6200,27.6800,28.3900,8382186,233899180.6300,3,0.456543,1,-2.500877,0
2018-11-21,sz.300015,27.4000,28.2000,27.3500,27.9500,27.6800,7372522,205555829.4600,3,0.401551,1,0.975435,0
2018-11-22,sz.300015,28.0200,28.1500,27.7800,27.8300,27.9500,5219934,145832203.6900,3,0.284308,1,-0.429341,0
2018-11-23,sz.300015,27.6300,27.9900,27.4300,27.4500,27.8300,7853283,217627172.9300,3,0.427736,1,-1.365430,0
2018-11-26,sz.300015,27.6000,28.4800,27.4500,28.2200,27.4500,11200192,315069525.2700,3,0.610029,1,2.805095,0
2018-11-27,sz.300015,28.3900,28.7500,28.1900,28.5900,28.2200,10158285,289843664.2300,3,0.553280,1,1.311130,0
2018-11-28,sz.300015,28.6100,28.8500,28.2000,28.5900,28.5900,7515250,214960583.7400,3,0.409325,1,0.000000,0
2018-11-29,sz.300015,28.8600,28.9200,28.0400,28.0400,28.5900,6750842,191681361.8500,3,0.367691,1,-1.923747,0
2018-11-30,sz.300015,28.0300,28.6400,28.0000,28.5000,28.0400,7614342,216797486.0600,3,0.414722,1,1.640510,0
2018-12-03,sz.300015,29.1100,30.0900,29.1000,29.8200,28.5000,17701056,524431019.5800,3,0.964104,1,4.631578,0
2018-12-04,sz.300015,29.8200,30.6500,29.7000,30.5100,29.8200,13955535,423293165.3500,3,0.760101,1,2.313885,0
2018-12-05,sz.300015,30.1500,31.1100,30.0100,30.3200,30.5100,13901039,424163157.6700,3,0.757133,1,-0.622748,0
2018-12-06,sz.300015,30.4500,30.7500,29.4300,30.0000,30.3200,14309784,430846924.3500,3,0.779396,1,-1.055408,0
2018-12-07,sz.300015,30.0000,30.1900,29.3100,29.4000,30.0000,10878400,322129138.8700,3,0.592502,1,-2.000001,0
2018-12-10,sz.300015,29.6000,30.0100,29.0900,29.1600,29.4000,10595784,313226062.8900,3,0.577109,1,-0.816326,0
2018-12-11,sz.300015,29.3000,30.6900,29.2200,30.4200,29.1600,12126797,367137388.9400,3,0.660497,1,4.320989,0
2018-12-12,sz.300015,30.4600,30.8000,30.2100,30.3100,30.4200,5952892,180948909.8100,3,0.324230,1,-0.361606,0
2018-12-13,sz.300015,30.3100,30.6900,29.9000,30.2500,30.3100,11124640,336823372.1600,3,0.605914,1,-0.197953,0
2018-12-14,sz.300015,30.2500,30.3000,29.3500,29.4800,30.2500,10308862,305748372.6500,3,0.561482,1,-2.545456,0
2018-12-17,sz.300015,29.3000,29.4600,28.5800,28.9600,29.4800,10934534,316035719.9400,3,0.595559,1,-1.763909,0
2018-12-18,sz.300015,28.7200,29.0800,28.2000,28.4600,28.9600,8562486,244129897.4400,3,0.466364,1,-1.726519,0
2018-12-19,sz.300015,28.4600,28.5700,26.7600,26.9500,28.4600,22896385,625538736.3000,3,1.247073,1,-5.305686,0
2018-12-20,sz.300015,26.9500,27.1300,26.4900,26.8300,26.9500,13868710,370293768.5000,3,0.755372,1,-0.445272,0
2018-12-21,sz.300015,26.7400,26.7400,25.8500,26.3500,26.8300,14664276,384146345.2100,3,0.798703,1,-1.789040,0
2018-12-24,sz.300015,26.2800,27.1500,26.0000,26.7500,26.3500,10057687,268471740.3700,3,0.547801,1,1.518025,0
2018-12-25,sz.300015,26.1000,26.7700,25.9900,26.5900,26.7500,9910239,260831318.9200,3,0.539770,1,-0.598130,0
2018-12-26,sz.300015,26.6800,26.6800,25.9700,26.1800,26.5900,8494227,222859157.7700,3,0.462646,1,-1.541932,0
2018-12-27,sz.300015,26.6500,26.6800,26.0700,26.1200,26.1800,9996040,263216371.9500,3,0.544443,1,-0.229181,0
2018-12-28,sz.300015,26.1200,26.4500,25.3500,26.3000,26.1200,14505440,374566807.2100,3,0.790052,1,0.689121,0
2019-01-02,sz.300015,26.0100,26.1200,24.5600,24.6200,26.3000,20773940,522760643.7300,3,1.131472,1,-6.387827,0
2019-01-03,sz.300015,24.6200,25.0800,24.4000,24.8000,24.6200,9998338,247799936.0000,3,0.544569,1,0.731106,0
2019-01-04,sz.300015,24.5400,25.7000,24.5000,25.7000,24.8000,14694678,371459305.5500,3,0.800359,1,3.629039,0
2019-01-07,sz.300015,25.6500,26.4000,25.4100,26.0000,25.7000,14232017,368942106.6200,3,0.777303,1,1.167312,0
2019-01-08,sz.300015,26.0000,26.3400,25.7300,25.9000,26.0000,6367950,165850708.9300,3,0.334146,1,-0.384617,0
2019-01-09,sz.300015,25.8500,26.5200,25.7600,26.1300,25.9000,9524619,250617188.5000,3,0.499786,1,0.888029,0
2019-01-10,sz.300015,26.2800,26.5300,26.1200,26.2700,26.1300,8216275,216363056.2300,3,0.431133,1,0.535788,0
2019-01-11,sz.300015,26.4800,26.4900,25.7700,25.9500,26.2700,6927347,180387734.6900,3,0.363499,1,-1.218118,0
2019-01-14,sz.300015,26.0100,26.1000,25.3800,25.6900,25.9500,8427784,217815923.0800,3,0.442232,1,-1.001928,0
2019-01-15,sz.300015,25.8500,26.3400,25.6200,26.3000,25.6900,12201852,319094636.1500,3,0.640269,1,2.374460,0
2019-01-16,sz.300015,26.3400,27.1000,26.2300,26.8900,26.3000,13035524,349617624.3100,3,0.684014,1,2.243347,0
2019-01-17,sz.300015,26.7000,27.0900,26.6000,26.7200,26.8900,8528225,228526526.7100,3,0.447502,1,-0.632205,0
2019-01-18,sz.300015,26.8200,27.1100,26.6200,27.0000,26.7200,11590132,311985293.7500,3,0.608170,1,1.047907,0
2019-01-21,sz.300015,27.0200,27.8500,27.0000,27.4300,27.0000,14931782,411621366.3700,3,0.783516,1,1.592594,0
2019-01-22,sz.300015,27.4300,27.4800,26.7800,26.8400,27.4300,7058029,190667277.7700,3,0.370356,1,-2.150930,0
2019-01-23,sz.300015,26.8000,27.1400,26.7400,26.9000,26.8400,4081076,109877094.1200,3,0.214147,1,0.223545,0
2019-01-24,sz.300015,26.8200,26.9700,26.0500,26.7200,26.9000,9121871,242034007.7100,3,0.478653,1,-0.669146,0
2019-01-25,sz.300015,26.6400,27.1400,26.6000,26.8100,26.7200,8894386,239684943.3800,3,0.466716,1,0.336827,0
2019-01-28,sz.300015,27.0200,27.5900,26.8900,27.1000,26.8100,10922732,298062920.0600,3,0.573149,1,1.081689,0
2019-01-29,sz.300015,27.0900,27.5100,27.0500,27.4600,27.1000,9817173,268357956.1400,3,0.515137,1,1.328408,0
2019-01-30,sz.300015,27.4800,27.5800,27.0900,27.1700,27.4600,5836974,159300398.9500,3,0.306284,1,-1.056078,0
2019-01-31,sz.300015,27.2800,27.3600,25.8000,27.1600,27.1700,11715144,313758998.6900,3,0.614730,1,-0.036806,0
2019-02-01,sz.300015,27.1500,28.4800,27.1000,28.2700,27.1600,17301378,484117900.0800,3,0.907856,1,4.086895,0
2019-02-11,sz.300015,28.2800,29.1600,28.1700,29.0500,28.2700,11903070,341258573.3100,3,0.624591,1,2.759104,0
2019-02-12,sz.300015,29.1000,29.7400,28.9800,29.2200,29.0500,10450521,306733446.4800,3,0.548371,1,0.585198,0
2019-02-13,sz.300015,29.4500,30.0000,29.3000,29.8300,29.2200,12435040,369427444.3300,3,0.652505,1,2.087613,0
2019-02-14,sz.300015,29.9900,30.0100,29.4100,29.7000,29.8300,7892006,234925293.8100,3,0.414118,1,-0.435800,0
2019-02-15,sz.300015,29.7200,30.4800,29.6300,29.6900,29.7000,12870805,385697524.1000,3,0.675371,1,-0.033671,0
2019-02-18,sz.300015,29.8100,31.6200,29.8000,31.5600,29.6900,15990010,499348160.9900,3,0.839045,1,6.298413,0
2019-02-19,sz.300015,31.7000,32.2700,30.9800,31.8200,31.5600,15244208,482247816.1000,3,0.799910,1,0.823828,0
2019-02-20,sz.300015,31.7900,32.0000,31.0200,31.2800,31.8200,11311186,355515942.5700,3,0.593533,1,-1.697043,0
2019-02-21,sz.300015,31.3000,31.9800,31.2000,31.3000,31.2800,9258318,292658528.2300,3,0.485812,1,0.063934,0
2019-02-22,sz.300015,31.3300,31.5800,30.8500,31.5800,31.3000,8292609,259302524.1200,3,0.435139,1,0.894571,0
2019-02-25,sz.300015,31.3200,32.5000,31.3200,32.4900,31.5800,16043312,514847425.7500,3,0.841842,1,2.881576,0
2019-02-26,sz.300015,32.4300,33.5800,32.0000,32.1600,32.4900,19138620,626057635.6700,3,1.004262,1,-1.015703,0
2019-02-27,sz.300015,31.6700,31.8700,30.8800,31.0000,32.1600,18862730,590134381.2700,3,0.989785,1,-3.606965,0
2019-02-28,sz.300015,31.3000,32.4700,31.2900,32.1700,31.0000,16098892,516121830.4500,3,0.844758,1,3.774188,0
2019-03-01,sz.300015,33.5000,33.6300,32.3000,33.1400,32.1700,17588662,579055869.5600,3,0.922931,1,3.015236,0
2019-03-04,sz.300015,33.4000,33.9000,32.6000,33.1500,33.1400,25463784,847330577.1300,3,1.336163,1,0.030181,0
2019-03-05,sz.300015,33.0000,33.1500,32.3300,32.8200,33.1500,16404158,535258708.1800,3,0.860777,1,-0.995480,0
2019-03-06,sz.300015,32.7000,33.1100,32.2800,32.9600,32.8200,14635378,478556334.3400,3,0.767963,1,0.426567,0
2019-03-07,sz.300015,32.8000,32.8500,31.6000,31.8600,32.9600,17478251,559572904.9800,3,0.917138,1,-3.337374,0
2019-03-08,sz.300015,31.3600,31.7400,30.6900,30.6900,31.8600,17322775,539820929.1700,3,0.908979,1,-3.672317,0
2019-03-11,sz.300015,30.6900,31.9800,30.6900,31.9400,30.6900,14334541,452067806.5400,3,0.752177,1,4.072988,0
2019-03-12,sz.300015,32.1900,32.4800,31.5000,31.7500,31.9400,13672926,437344358.7700,3,0.717460,1,-0.594867,0
2019-03-13,sz.300015,31.7000,32.3300,31.1100,31.3500,31.7500,14010527,443043437.0300,3,0.735175,1,-1.259841,0
2019-03-14,sz.300015,31.1300,32.0600,31.1300,31.4100,31.3500,12583199,397842960.9100,3,0.660279,1,0.191386,0
2019-03-15,sz.300015,31.6000,32.5700,31.5600,32.2200,31.4100,15681274,505245828.8000,3,0.822845,1,2.578801,0
2019-03-18,sz.300015,32.0000,33.5000,32.0000,33.4400,32.2200,20262310,668115678.9900,3,1.063226,1,3.786460,0
2019-03-19,sz.300015,33.4500,34.2300,32.2400,32.6800,33.4400,17436816,575058884.1500,3,0.914963,1,-2.272722,0
2019-03-20,sz.300015,32.7800,32.8500,32.0700,32.5900,32.6800,9730071,316061664.9300,3,0.510567,1,-0.275398,0
2019-03-21,sz.300015,32.5000,32.5500,32.1000,32.3000,32.5900,10509889,339414326.7500,3,0.551486,1,-0.889846,0
2019-03-22,sz.300015,32.2500,32.5300,32.1100,32.2600,32.3000,9733385,314182835.9300,3,0.510741,1,-0.123842,0
2019-03-25,sz.300015,31.9200,32.1800,31.4600,31.4900,32.2600,9954869,316492600.7700,3,0.522363,1,-2.386852,0
2019-03-26,sz.300015,31.5000,31.8600,31.1900,31.2700,31.4900,8010013,252586547.9900,3,0.420310,1,-0.698632,0
2019-03-27,sz.300015,31.6500,32.4500,31.2300,32.4400,31.2700,12960889,415362920.6500,3,0.680098,1,3.741600,0
2019-03-28,sz.300015,32.3100,32.6000,32.0100,32.4300,32.4400,9377742,303629670.0400,3,0.492079,1,-0.030821,0
2019-03-29,sz.300015,32.4800,34.0000,32.4800,34.0000,32.4300,23154969,773980966.4100,3,1.215012,1,4.841196,0
2019-04-01,sz.300015,34.2700,34.8600,34.0100,34.3800,34.0000,18224493,628324796.4200,3,0.956295,1,1.117650,0
2019-04-02,sz.300015,34.3100,34.3900,33.5100,33.8200,34.3800,13268988,449588928.2300,3,0.696265,1,-1.628858,0
2019-04-03,sz.300015,33.6000,34.0000,33.4000,33.8000,33.8200,8735782,293866780.9000,3,0.458393,1,-0.059138,0
2019-04-04,sz.300015,33.5800,34.0000,33.3300,33.6000,33.8000,8742213,294176963.1100,3,0.458731,1,-0.591718,0
2019-04-08,sz.300015,33.9800,34.4700,33.0000,33.2100,33.6000,10724239,360593350.7900,3,0.562734,1,-1.160712,0
2019-04-09,sz.300015,33.0900,34.6200,32.8800,34.5000,33.2100,15884733,541161181.3500,3,0.833521,1,3.884375,0
2019-04-10,sz.300015,34.8300,34.8300,34.0900,34.3200,34.5000,13472182,463662123.3200,3,0.706927,1,-0.521740,0
2019-04-11,sz.300015,34.3000,34.3700,33.0300,33.0700,34.3200,12258965,409610424.0900,3,0.643266,1,-3.642191,0
2019-04-12,sz.300015,33.0000,33.6900,32.8000,33.6900,33.0700,8889258,295451260.8700,3,0.466447,1,1.874808,0
2019-04-15,sz.300015,33.7800,34.2800,32.8000,32.8000,33.6900,14242260,474796297.6300,3,0.747335,1,-2.641732,0
2019-04-16,sz.300015,32.8500,33.4200,32.3000,33.4000,32.8000,10150357,333908312.9600,3,0.532620,1,1.829275,0
2019-04-17,sz.300015,33.4200,33.9700,33.0200,33.7600,33.4000,12306139,412195363.7900,3,0.645741,1,1.077835,0
2019-04-18,sz.300015,33.9800,34.2100,33.4300,33.6900,33.7600,5930494,200462393.7100,3,0.311191,1,-0.207345,0
2019-04-19,sz.300015,33.6700,33.9700,33.4300,33.7800,33.6900,4330244,145604870.2700,3,0.227221,1,0.267142,0
2019-04-22,sz.300015,33.5900,34.6500,33.4100,34.4600,33.7800,12964958,444334927.7800,3,0.680311,1,2.013026,0
2019-04-23,sz.300015,34.3700,34.8400,33.9200,34.1500,34.4600,11263630,387048875.9900,3,0.591037,1,-0.899587,0
2019-04-24,sz.300015,34.2200,34.9500,33.9200,34.9200,34.1500,10251996,353284009.8600,3,0.537954,1,2.254749,0
2019-04-25,sz.300015,34.8800,36.7500,34.4100,35.7300,34.9200,23996739,857529823.7100,3,1.259183,1,2.319592,0
2019-04-26,sz.300015,35.9000,36.3600,35.1300,36.0700,35.7300,20337774,729830009.9100,3,1.067185,1,0.951582,0
2019-04-29,sz.300015,36.0300,38.1500,35.9000,37.0900,36.0700,21510646,804371396.7100,3,1.128730,1,2.827836,0
2019-04-30,sz.300015,37.0000,37.7300,36.3600,37.3300,37.0900,12135620,450318858.9600,3,0.636793,1,0.647079,0
2019-05-06,sz.300015,35.9800,36.5000,34.4700,34.5000,37.3300,24541743,868075838.6700,3,1.287781,1,-7.581039,0
2019-05-07,sz.300015,34.6400,37.1600,34.6400,36.8000,34.5000,21760412,784894029.0100,3,1.141836,1,6.666665,0
2019-05-08,sz.300015,36.0100,36.1600,34.8000,35.0900,36.8000,17673441,629312056.9600,3,0.927380,1,-4.646737,0
2019-05-09,sz.300015,34.5000,34.9800,33.4800,33.7100,35.0900,16908758,577206035.0400,3,0.887254,1,-3.932747,0
2019-05-10,sz.300015,34.4000,35.4500,33.5500,35.1200,33.7100,15435654,534381020.9500,3,0.809956,1,4.182734,0
2019-05-13,sz.300015,34.4200,36.6200,34.3900,35.8400,35.1200,15068825,536714540.6500,3,0.790708,1,2.050117,0
2019-05-14,sz.300015,35.6000,35.7700,34.9000,35.1200,35.8400,11059234,390526641.6600,3,0.580312,1,-2.008932,0
2019-05-15,sz.300015,35.5600,36.4600,35.2000,36.1000,35.1200,13000348,467167189.0300,3,0.682168,1,2.790431,0
2019-05-16,sz.300015,36.1800,36.6700,35.7900,36.3900,36.1000,9437504,342307700.1500,3,0.495215,1,0.803327,0
2019-05-17,sz.300015,36.4000,37.3700,36.0100,36.3000,36.3900,14293271,525945273.9200,3,0.750012,1,-0.247321,0
2019-05-20,sz.300015,36.2000,37.1800,35.5300,36.6900,36.3000,12656341,460638249.3300,3,0.664117,1,1.074378,0
2019-05-21,sz.300015,36.3500,36.9800,35.9000,36.8000,36.6900,12731313,463315085.1000,3,0.668051,1,0.299811,0
2019-05-22,sz.300015,36.7500,36.7600,35.9500,36.2900,36.8000,11231613,408155694.6900,3,0.589357,1,-1.385865,0
2019-05-23,sz.300015,36.0900,36.0900,35.2100,35.3900,36.2900,10026046,356176274.9000,3,0.526097,1,-2.480026,0
2019-05-24,sz.300015,35.4000,35.7400,35.0300,35.4000,35.3900,7996926,282794632.8000,3,0.419623,1,0.028263,0
2019-05-27,sz.300015,35.2700,36.1500,34.8100,35.8000,35.4000,11163079,395846041.2500,3,0.585761,1,1.129937,0
2019-05-28,sz.300015,35.9800,37.8900,35.8000,37.8900,35.8000,21510161,791046747.8800,3,1.128704,1,5.837989,0
2019-05-29,sz.300015,37.0000,37.6800,36.6600,37.1300,37.8900,10933310,407066454.3000,3,0.573704,1,-2.005802,0
2019-05-30,sz.300015,37.2200,38.1300,36.8300,37.7500,37.1300,13975484,524731018.1600,3,0.726939,1,1.669806,0
2019-05-31,sz.300015,37.9900,38.8000,37.6100,38.2900,37.7500,12488000,477467897.9400,3,0.649567,1,1.430466,0
2019-06-03,sz.300015,38.3000,38.3800,37.1200,37.4600,38.2900,14062390,530818125.2600,3,0.731459,1,-2.167672,0
2019-06-04,sz.300015,37.4300,37.8700,36.8800,37.3000,37.4600,8441354,313867985.6700,3,0.439079,1,-0.427122,0
2019-06-05,sz.300015,28.7500,28.9300,27.3800,27.8400,28.5400,17887706,501587174.4200,3,0.715718,1,-2.452701,0
2019-06-06,sz.300015,27.8700,28.4700,27.3700,28.0900,27.8400,14619664,410170883.1900,3,0.584958,1,0.897988,0
2019-06-10,sz.300015,28.0000,28.8900,27.8300,28.6000,28.0900,12647421,360126089.1000,3,0.506045,1,1.815594,0
2019-06-11,sz.300015,28.6000,29.3400,28.5000,29.3400,28.6000,16274416,473514697.4200,3,0.651168,1,2.587412,0
2019-06-12,sz.300015,29.1000,29.3800,28.7200,29.1800,29.3400,11916271,345536898.3300,3,0.476791,1,-0.545330,0
2019-06-13,sz.300015,29.2700,29.2800,28.6900,28.8400,29.1800,10509760,304159825.8100,3,0.420514,1,-1.165182,0
2019-06-14,sz.300015,28.9200,29.2500,28.5000,28.5000,28.8400,12622745,363934832.2900,3,0.505058,1,-1.178919,0
2019-06-17,sz.300015,28.6500,29.0500,28.4800,28.8300,28.5000,10041701,289012453.7400,3,0.401786,1,1.157894,0
2019-06-18,sz.300015,28.8700,29.6500,28.6800,29.3500,28.8300,15546994,454929990.6300,3,0.622062,1,1.803678,0
2019-06-19,sz.300015,29.9700,30.1500,29.3600,29.3600,29.3500,13675778,405892825.7500,3,0.547192,1,0.034072,0
2019-06-20,sz.300015,29.1900,30.2300,29.1100,29.9800,29.3600,20148053,602451159.7500,3,0.801861,1,2.111713,0
2019-06-21,sz.300015,30.1800,30.8600,29.8800,30.2000,29.9800,20300846,616018173.6000,3,0.807941,1,0.733827,0
2019-06-24,sz.300015,30.0200,30.4900,29.6700,30.0800,30.2000,12563862,378653135.2500,3,0.500022,1,-0.397354,0
2019-06-25,sz.300015,30.2500,30.5000,29.8000,30.5000,30.0800,14530101,439182762.7200,3,0.578275,1,1.396277,0
2019-06-26,sz.300015,30.3200,31.0900,30.1600,31.0400,30.5000,15438376,473754464.0700,3,0.614423,1,1.770495,0
2019-06-27,sz.300015,31.0200,31.5000,30.6900,31.0000,31.0400,17069332,529729017.7300,3,0.679332,1,-0.128869,0
2019-06-28,sz.300015,30.9000,31.1400,30.5200,30.9700,31.0000,10252219,315714856.4700,3,0.408022,1,-0.096776,0
2019-07-01,sz.300015,31.3200,31.8900,30.7900,31.8800,30.9700,23000877,722088564.6700,3,0.915398,1,2.938327,0
2019-07-02,sz.300015,31.8200,32.0900,31.5600,31.7700,31.8800,14739738,468759703.9300,3,0.586618,1,-0.345040,0
2019-07-03,sz.300015,31.6900,31.6900,30.9300,30.9600,31.7700,17553737,548332672.1400,3,0.698611,1,-2.549579,0
2019-07-04,sz.300015,31.0800,31.1000,30.0000,30.2500,30.9600,23363577,707310586.6000,3,0.929833,1,-2.293279,0
2019-07-05,sz.300015,30.3600,30.9300,30.2800,30.7800,30.2500,15901936,487778651.7900,3,0.632872,1,1.752069,0
2019-07-08,sz.300015,30.7600,30.9100,30.2000,30.7400,30.7800,13720483,419258220.9000,3,0.546053,1,-0.129958,0
2019-07-09,sz.300015,30.7400,31.3300,30.5100,31.0000,30.7400,12341028,381998428.9000,3,0.491153,1,0.845804,0
2019-07-10,sz.300015,31.1800,31.1900,30.3700,30.5500,31.0000,11564296,354108098.2500,3,0.460241,1,-1.451615,0
2019-07-11,sz.300015,30.6900,30.9000,30.2900,30.5000,30.5500,9883000,302161639.2000,3,0.393328,1,-0.163664,0
2019-07-12,sz.300015,30.5800,30.7500,30.1400,30.3000,30.5000,11715070,355679019.6100,3,0.466241,1,-0.655740,0
2019-07-15,sz.300015,30.3800,30.9500,29.9800,30.7800,30.3000,13066024,399008960.0300,3,0.520007,1,1.584163,0
2019-07-16,sz.300015,30.7700,30.9100,30.3000,30.4400,30.7800,9190593,280349560.7000,3,0.365771,1,-1.104614,0
2019-07-17,sz.300015,30.3000,30.4700,30.1100,30.3300,30.4400,7600137,230337181.0600,3,0.302473,1,-0.361369,0
2019-07-18,sz.300015,30.1500,30.1800,29.5700,29.5700,30.3300,13351903,397597151.4200,3,0.531385,1,-2.505771,0
2019-07-19,sz.300015,29.7100,30.2400,29.5300,29.7200,29.5700,9762992,291464881.2100,3,0.388552,1,0.507270,0
2019-07-22,sz.300015,29.9300,30.0500,29.4100,29.8100,29.7200,8828249,263536085.9200,3,0.351350,1,0.302827,0
2019-07-23,sz.300015,29.9100,30.0800,29.6700,30.0300,29.8100,6696864,200291395.4300,3,0.266525,1,0.738012,0
2019-07-24,sz.300015,30.1000,30.4000,29.9800,30.1100,30.0300,9213429,278336058.4100,3,0.366680,1,0.266400,0
2019-07-25,sz.300015,30.0700,30.2000,29.8800,30.0600,30.1100,8201315,246279698.5400,3,0.326399,1,-0.166062,0
2019-07-26,sz.300015,30.1600,30.9800,29.8800,30.8900,30.0600,14942385,458061313.1400,3,0.594700,1,2.761100,0
2019-07-29,sz.300015,31.0000,31.0800,30.7000,30.8100,30.8900,8855405,273171686.4500,3,0.352431,1,-0.258983,0
2019-07-30,sz.300015,30.9900,31.0200,30.4500,30.4800,30.8100,9283193,284818300.1400,3,0.369500,1,-1.071100,0
2019-07-31,sz.300015,30.4900,30.8000,30.3000,30.4900,30.4800,6388371,194717050.3000,3,0.254200,1,0.032800,0
2019-08-01,sz.300015,30.5300,30.5400,30.1600,30.2400,30.4900,6992605,212226407.1100,3,0.278300,1,-0.819900,0
2019-08-02,sz.300015,29.9200,30.7500,29.6800,30.4500,30.2400,14489248,440805888.7600,3,0.576600,1,0.694400,0
2019-08-05,sz.300015,30.3500,30.5300,29.6800,29.6800,30.4500,12004090,360612301.5600,3,0.477700,1,-2.528700,0
2019-08-06,sz.300015,29.1900,29.5000,28.8000,29.1000,29.6800,13446456,392389469.6300,3,0.535100,1,-1.954200,0
2019-08-07,sz.300015,29.3100,30.0800,29.3100,29.8700,29.1000,11322208,336811680.5100,3,0.450600,1,2.646000,0
2019-08-08,sz.300015,29.8700,30.9700,29.8100,30.9000,29.8700,16300411,500391039.1800,3,0.648700,1,3.448300,0
2019-08-09,sz.300015,31.0000,31.2700,30.6800,30.8800,30.9000,11488041,355722955.3300,3,0.457200,1,-0.064700,0
2019-08-12,sz.300015,31.0000,31.3900,30.8600,31.0900,30.8800,9506746,295436798.0900,3,0.378400,1,0.680100,0
2019-08-13,sz.300015,30.9200,31.2100,30.8800,30.9900,31.0900,5864361,182045555.7800,3,0.233400,1,-0.321600,0
2019-08-14,sz.300015,31.3300,31.6500,31.0500,31.5500,30.9900,12024120,377705327.5600,3,0.478500,1,1.807000,0
2019-08-15,sz.300015,31.2200,32.0000,31.1000,31.6500,31.5500,13261282,419072878.0000,3,0.527800,1,0.317000,0
2019-08-16,sz.300015,31.7500,32.2600,31.5300,31.8800,31.6500,13035702,417039281.8400,3,0.518800,1,0.726700,0
2019-08-19,sz.300015,32.1900,32.4800,31.8600,32.0800,31.8800,12353387,396289291.1700,3,0.491600,1,0.627400,0
2019-08-20,sz.300015,32.0100,32.3000,31.7900,32.0000,32.0800,8640236,276625193.0700,3,0.343900,1,-0.249400,0
2019-08-21,sz.300015,32.0000,32.0000,31.5500,31.7700,32.0000,7053746,223941782.4400,3,0.280700,1,-0.718700,0
2019-08-22,sz.300015,31.8400,32.8500,31.7600,32.8200,31.7700,14668839,474613098.4600,3,0.583800,1,3.305000,0
2019-08-23,sz.300015,32.6500,34.1600,32.4500,33.5700,32.8200,19110322,638482970.1300,3,0.760500,1,2.285200,0
2019-08-26,sz.300015,33.3000,34.2000,32.8500,33.5200,33.5700,13482389,450755754.1100,3,0.536600,1,-0.148900,0
2019-08-27,sz.300015,33.8000,34.4800,33.5500,34.0100,33.5200,17888920,609879286.0200,3,0.711900,1,1.461800,0
2019-08-28,sz.300015,34.2100,34.2500,33.6100,34.1000,34.0100,9447469,321150848.6400,3,0.376000,1,0.264600,0
2019-08-29,sz.300015,34.0000,34.0000,33.2000,33.2900,34.1000,15152646,506109208.1200,3,0.603000,1,-2.375400,0
2019-08-30,sz.300015,33.4400,34.4600,33.3900,33.7800,33.2900,19524472,663396793.5600,3,0.777000,1,1.471900,0
2019-09-02,sz.300015,34.0500,34.8800,34.0000,34.1700,33.7800,16987743,581907456.3800,3,0.676100,1,1.154500,0
2019-09-03,sz.300015,34.2800,34.2800,33.6500,34.0300,34.1700,12548096,424989465.9600,3,0.499400,1,-0.409700,0
2019-09-04,sz.300015,34.0000,34.0200,33.1000,33.9500,34.0300,12396048,416994259.0200,3,0.493300,1,-0.235100,0
2019-09-05,sz.300015,34.0200,34.1900,33.4500,33.6800,33.9500,14124571,477334558.0700,3,0.562100,1,-0.795300,0
2019-09-06,sz.300015,34.1600,34.1600,33.3900,33.9000,33.6800,10427814,352518907.7800,3,0.415000,1,0.653200,0
2019-09-09,sz.300015,34.1600,34.7000,33.7400,34.3300,33.9000,15412208,528973319.6900,3,0.613400,1,1.268400,0
2019-09-10,sz.300015,34.4300,34.8500,33.8800,34.3000,34.3300,13518865,465804729.8800,3,0.538000,1,-0.087400,0
2019-09-11,sz.300015,34.4700,34.8200,33.5200,33.9600,34.3000,13517670,460099316.7700,3,0.538000,1,-0.991300,0
2019-09-12,sz.300015,34.0100,34.0100,33.5000,33.8700,33.9600,9139927,308242998.9500,3,0.363700,1,-0.265000,0
2019-09-16,sz.300015,33.9500,34.2300,33.7200,34.1700,33.8700,8173657,278277446.6700,3,0.325300,1,0.885700,0
2019-09-17,sz.300015,33.9800,34.1500,33.6000,33.6400,34.1700,8628332,291426524.3200,3,0.343400,1,-1.551100,0
2019-09-18,sz.300015,33.6400,34.7600,33.5000,34.5100,33.6400,16471394,565167090.2000,3,0.655500,1,2.586200,0
2019-09-19,sz.300015,34.6800,36.0500,34.6800,35.5700,34.5100,19665526,697881083.9600,3,0.782600,1,3.071600,0
2019-09-20,sz.300015,35.7500,35.8800,35.3000,35.5500,35.5700,11738728,418273611.3700,3,0.467200,1,-0.056200,0
2019-09-23,sz.300015,35.6300,35.7400,34.9300,35.2900,35.5500,9556206,336526599.9000,3,0.380300,1,-0.731400,0
2019-09-24,sz.300015,35.4500,35.7800,35.2900,35.7500,35.2900,10498253,373193908.3100,3,0.417800,1,1.303500,0
2019-09-25,sz.300015,35.5500,36.2500,35.1100,35.2600,35.7500,13480645,478696925.8500,3,0.536500,1,-1.370600,0
2019-09-26,sz.300015,35.4100,35.8700,35.0400,35.3500,35.2600,9475817,335229180.4100,3,0.377100,1,0.255200,0
2019-09-27,sz.300015,35.3800,35.4500,34.7100,35.1600,35.3500,8387343,293890526.4900,3,0.333800,1,-0.537500,0
2019-09-30,sz.300015,35.1600,35.9600,35.0000,35.4700,35.1600,11337412,402761862.2400,3,0.451200,1,0.881700,0
2019-10-08,sz.300015,35.2000,36.1900,35.1100,36.0800,35.4700,11252067,404260360.7500,3,0.447800,1,1.719800,0
2019-10-09,sz.300015,36.0300,36.0500,35.2000,35.4300,36.0800,9111505,323372726.8100,3,0.362600,1,-1.801600,0
2019-10-10,sz.300015,35.4700,36.9500,35.2100,36.8000,35.4300,14413735,521145874.2100,3,0.573600,1,3.866800,0
2019-10-11,sz.300015,36.8000,36.8500,36.4000,36.5800,36.8000,9179974,336166822.2500,3,0.365300,1,-0.597800,0
2019-10-14,sz.300015,36.9500,37.1700,36.4500,36.6000,36.5800,8847917,325349210.9300,3,0.352100,1,0.054700,0
2019-10-15,sz.300015,36.8000,37.4300,36.6000,37.2000,36.6000,11031278,409155053.3800,3,0.439000,1,1.639400,0
2019-10-16,sz.300015,37.3500,38.4500,37.1000,37.9800,37.2000,17882668,680028833.5000,3,0.711700,1,2.096800,0
2019-10-17,sz.300015,38.1200,38.5600,37.7100,38.0800,37.9800,11309581,430318896.4500,3,0.450100,1,0.263300,0
2019-10-18,sz.300015,37.9200,38.3000,37.5800,37.8400,38.0800,11841995,448288007.9500,3,0.471300,1,-0.630300,0
2019-10-21,sz.300015,37.6600,38.1600,36.5500,37.0900,37.8400,16520137,613879614.8600,3,0.657500,1,-1.982000,0
2019-10-22,sz.300015,37.3700,38.2400,37.3500,38.1800,37.0900,11628996,439981230.6000,3,0.462800,1,2.938800,0
2019-10-23,sz.300015,38.1800,38.1800,38.1800,38.1800,38.1800,0,0.0000,3,,0,0.000000,0
2019-10-24,sz.300015,38.1800,38.1800,38.1800,38.1800,38.1800,0,0.0000,3,,0,0.000000,0
2019-10-25,sz.300015,38.1800,38.1800,38.1800,38.1800,38.1800,0,0.0000,3,,0,0.000000,0
2019-10-28,sz.300015,38.1800,38.1800,38.1800,38.1800,38.1800,0,0.0000,3,,0,0.000000,0
2019-10-29,sz.300015,38.1800,38.1800,38.1800,38.1800,38.1800,0,0.0000,3,,0,0.000000,0
2019-10-30,sz.300015,38.8100,40.8800,38.8100,40.0900,38.1800,28772910,1145148982.4900,3,1.145100,1,5.002600,0
2019-10-31,sz.300015,39.5900,40.0500,39.1100,39.5600,40.0900,17121705,676941902.8800,3,0.681400,1,-1.322000,0
2019-11-01,sz.300015,39.6200,42.0000,39.4000,41.9400,39.5600,21992721,902562971.1200,3,0.875300,1,6.016200,0
2019-11-04,sz.300015,41.4000,42.4000,41.3000,42.2100,41.9400,14462721,605924988.8200,3,0.575600,1,0.643800,0
2019-11-05,sz.300015,42.1500,42.1500,41.4000,41.9500,42.2100,12684965,530146537.2000,3,0.504800,1,-0.616000,0
2019-11-06,sz.300015,41.7000,41.7000,40.4700,40.8100,41.9500,24501140,1000575119.3500,3,0.975100,1,-2.717500,0
2019-11-07,sz.300015,40.7000,41.7600,40.6900,41.4000,40.8100,14499949,599880754.8800,3,0.577100,1,1.445700,0
2019-11-08,sz.300015,41.7800,41.9900,41.3000,41.4000,41.4000,10548891,439260199.8000,3,0.419800,1,0.000000,0
2019-11-11,sz.300015,41.1800,42.1000,41.0000,41.6400,41.4000,13259151,553225116.7000,3,0.527700,1,0.579700,0
2019-11-12,sz.300015,41.6300,43.4800,41.6300,43.1300,41.6400,18153216,777992186.0500,3,0.722500,1,3.578300,0
2019-11-13,sz.300015,43.1200,46.1800,42.9500,45.6200,43.1300,24902868,1116967599.3800,3,0.991100,1,5.773200,0
2019-11-14,sz.300015,45.1500,46.4600,45.0000,45.9000,45.6200,14192206,648052211.6200,3,0.564800,1,0.613800,0
2019-11-15,sz.300015,45.8800,46.3000,45.0000,45.1300,45.9000,13564824,615536346.7600,3,0.539800,1,-1.677600,0
2019-11-18,sz.300015,44.9000,45.6400,44.5100,45.6000,45.1300,14370790,646905624.7500,3,0.571900,1,1.041400,0
2019-11-19,sz.300015,45.5500,47.7500,45.4000,47.7500,45.6000,21583347,1014933127.1400,3,0.859000,1,4.714900,0
2019-11-20,sz.300015,47.5500,47.6800,46.6100,47.0600,47.7500,23133658,1087637835.1200,3,0.920700,1,-1.445000,0
2019-11-21,sz.300015,46.6000,46.6300,43.6600,44.0000,47.0600,44705126,2005063132.9000,3,1.779100,1,-6.502300,0
2019-11-22,sz.300015,43.6600,44.8800,40.7600,41.9900,44.0000,57980461,2479129605.5900,3,2.307500,1,-4.568200,0
2019-11-25,sz.300015,42.0000,42.3000,40.5000,41.8000,41.9900,29697138,1232530030.5900,3,1.181900,1,-0.452500,0
2019-11-26,sz.300015,42.1000,42.4300,41.3200,41.9400,41.8000,25477031,1065199045.1200,3,1.013900,1,0.334900,0
2019-11-27,sz.300015,41.7400,41.7900,40.1800,41.3900,41.9400,27526976,1130793475.7100,3,1.095500,1,-1.311400,0
2019-11-28,sz.300015,41.5900,42.1800,41.0700,41.8200,41.3900,16687524,695832132.7600,3,0.664100,1,1.038900,0
2019-11-29,sz.300015,41.4300,41.6800,39.4100,39.9200,41.8200,36170252,1447857135.9500,3,1.439500,1,-4.543300,0
2019-12-02,sz.300015,39.8300,40.3600,39.4200,39.9800,39.9200,18887745,754281834.2200,3,0.751700,1,0.150300,0
2019-12-03,sz.300015,39.7800,40.5800,39.0400,40.3400,39.9800,18652171,743627215.1900,3,0.742300,1,0.900500,0
2019-12-04,sz.300015,40.3400,40.7300,40.0000,40.3000,40.3400,15282267,617681475.8000,3,0.608200,1,-0.099200,0
2019-12-05,sz.300015,40.5000,41.1600,40.4000,40.6900,40.3000,20112569,819746717.5700,3,0.800400,1,0.967700,0
2019-12-06,sz.300015,40.6000,41.4800,40.5500,41.3000,40.6900,19001917,779913544.0500,3,0.756200,1,1.499100,0
2019-12-09,sz.300015,41.3500,41.5500,39.6000,39.9900,41.3000,25080585,1007171512.8700,3,0.998100,1,-3.171900,0
2019-12-10,sz.300015,39.5900,40.6800,39.4500,40.2300,39.9900,17272361,694860980.8200,3,0.687400,1,0.600100,0
2019-12-11,sz.300015,40.3900,40.4700,39.9300,40.2000,40.2300,10942293,439770923.7100,3,0.435500,1,-0.074600,0
2019-12-12,sz.300015,40.1900,40.3000,39.7000,39.9300,40.2000,10628839,425064315.0700,3,0.423000,1,-0.671600,0
2019-12-13,sz.300015,40.3000,40.9500,40.0300,40.8300,39.9300,19826728,805992819.7300,3,0.789100,1,2.253900,0
2019-12-16,sz.300015,40.9000,40.9100,39.9000,40.1500,40.8300,27234411,1092294292.4000,3,1.083900,1,-1.665400,0
2019-12-17,sz.300015,39.9300,40.5000,39.6600,40.3500,40.1500,24298271,974474923.4500,3,0.967000,1,0.498100,0
2019-12-18,sz.300015,40.2000,40.3400,39.4600,39.5300,40.3500,23463527,932922752.2100,3,0.933800,1,-2.032200,0
2019-12-19,sz.300015,39.6000,39.9000,39.0900,39.4400,39.5300,16823419,661958406.4800,3,0.669500,1,-0.227700,0
2019-12-20,sz.300015,39.6500,39.6500,38.8500,39.0000,39.4400,16778007,657179340.6200,3,0.667700,1,-1.115600,0
2019-12-23,sz.300015,39.0300,39.8900,39.0100,39.1400,39.0000,15934060,628171217.6500,3,0.634100,1,0.359000,0
2019-12-24,sz.300015,39.1500,39.3500,38.3000,38.4900,39.1400,19325482,745662695.9600,3,0.769100,1,-1.660700,0
2019-12-25,sz.300015,38.4000,39.0500,38.1800,38.9700,38.4900,14742234,570085470.7900,3,0.586700,1,1.247100,0
2019-12-26,sz.300015,39.1800,39.3700,38.6200,39.0000,38.9700,14266761,556330475.0600,3,0.567800,1,0.077000,0
2019-12-27,sz.300015,38.7400,39.1300,38.4400,38.5600,39.0000,15945871,618653079.9900,3,0.634600,1,-1.128200,0
2019-12-30,sz.300015,38.3000,38.9200,38.0000,38.6800,38.5600,16174893,624633690.1700,3,0.643700,1,0.311200,0
2019-12-31,sz.300015,38.7600,39.9800,38.7500,39.5600,38.6800,22980294,908331958.1600,3,0.914600,1,2.275100,0
2020-01-02,sz.300015,39.8600,39.8600,39.0000,39.5000,39.5600,21044677,827601074.5400,3,0.837500,1,-0.151700,0
2020-01-03,sz.300015,39.6000,39.8400,39.1200,39.3900,39.5000,19790793,780537326.8500,3,0.787600,1,-0.278500,0
2020-01-06,sz.300015,39.2900,39.2900,38.1200,38.5400,39.3900,27147701,1047719473.1400,3,1.080400,1,-2.157900,0
2020-01-07,sz.300015,38.5700,39.2600,38.5000,39.1900,38.5400,21083393,820175439.7800,3,0.839100,1,1.686600,0
2020-01-08,sz.300015,39.0300,39.7600,38.8100,38.8100,39.1900,17637083,692460632.6300,3,0.701900,1,-0.969600,0
2020-01-09,sz.300015,39.3000,42.1800,39.3000,41.4400,38.8100,50739946,2077235838.2600,3,2.019300,1,6.776600,0
2020-01-10,sz.300015,41.9400,41.9800,41.0900,41.7600,41.4400,26621395,1106917928.0600,3,1.059500,1,0.772200,0
2020-01-13,sz.300015,41.3300,41.6500,40.4000,41.5300,41.7600,23979918,984893980.4100,3,0.954300,1,-0.550800,0
2020-01-14,sz.300015,41.1100,41.7000,40.8600,41.2200,41.5300,20220162,831318297.2300,3,0.804700,1,-0.746400,0
2020-01-15,sz.300015,41.2200,41.6300,40.7900,41.0800,41.2200,15571358,640515540.9900,3,0.619700,1,-0.339600,0
2020-01-16,sz.300015,41.1200,42.9500,40.8700,42.6600,41.0800,35919745,1521874731.0100,3,1.429500,1,3.846100,0
2020-01-17,sz.300015,42.6300,43.6600,42.1300,42.9900,42.6600,26954876,1160758598.4700,3,1.072700,1,0.773600,0
2020-01-20,sz.300015,43.4000,43.7000,42.5300,43.0400,42.9900,20049273,863286354.1200,3,0.797900,1,0.116300,0
2020-01-21,sz.300015,43.0000,43.8000,42.4200,42.7500,43.0400,16676887,715964143.8000,3,0.663700,1,-0.673800,0
2020-01-22,sz.300015,42.5000,42.7000,41.7300,42.3800,42.7500,17595830,742259974.0400,3,0.700300,1,-0.865500,0
2020-01-23,sz.300015,41.8900,42.1100,39.4900,40.0000,42.3800,42563268,1720662764.9500,3,1.693900,1,-5.615900,0
2020-02-03,sz.300015,36.5000,38.5000,36.0000,36.8300,40.0000,56771260,2110705068.3700,3,2.259300,1,-7.925000,0
2020-02-04,sz.300015,37.2000,39.5500,37.2000,39.2800,36.8300,35843985,1389885108.4100,3,1.426500,1,6.652200,0
2020-02-05,sz.300015,39.8700,40.2200,39.0000,39.7600,39.2800,32115053,1269249546.0800,3,1.278100,1,1.222000,0
2020-02-06,sz.300015,39.3800,40.7400,39.2100,40.3400,39.7600,23422017,939434028.8100,3,0.932100,1,1.458800,0
2020-02-07,sz.300015,40.0000,40.6000,39.5400,40.3000,40.3400,19629430,789021716.8400,3,0.781200,1,-0.099200,0
2020-02-10,sz.300015,40.2500,41.6900,39.9500,41.1200,40.3000,22392633,916142511.2200,3,0.891200,1,2.034700,0
2020-02-11,sz.300015,41.1000,42.1100,41.1000,41.9000,41.1200,21163416,881769394.4200,3,0.842200,1,1.896900,0
2020-02-12,sz.300015,41.7000,42.1500,41.1500,41.7800,41.9000,16797152,699404348.2000,3,0.668500,1,-0.286400,0
2020-02-13,sz.300015,41.6000,41.6200,40.6800,41.3200,41.7800,18009447,742289400.8100,3,0.716700,1,-1.101000,0
2020-02-14,sz.300015,41.0200,41.7900,40.8200,41.1100,41.3200,15563071,642110880.1200,3,0.619400,1,-0.508200,0
2020-02-17,sz.300015,41.1200,42.4000,41.1000,42.1800,41.1100,21042462,884204266.8900,3,0.837400,1,2.602800,0
2020-02-18,sz.300015,42.2200,42.8400,41.8200,42.1200,42.1800,17214367,725923860.8200,3,0.685100,1,-0.142300,0
2020-02-19,sz.300015,42.0100,42.0200,41.4300,41.5100,42.1200,13295464,553248909.0100,3,0.529100,1,-1.448200,0
2020-02-20,sz.300015,41.5500,44.2800,41.3500,43.8000,41.5100,36888140,1595378651.4800,3,1.468100,1,5.516700,0
2020-02-21,sz.300015,43.6000,43.7000,43.0600,43.3000,43.8000,19008678,824403741.2300,3,0.756500,1,-1.141600,0
2020-02-24,sz.300015,42.7000,42.9900,41.8100,42.7000,43.3000,23468500,993524544.7400,3,0.934000,1,-1.385700,0
2020-02-25,sz.300015,41.8200,42.5800,41.3100,42.3800,42.7000,17961710,756211245.5900,3,0.714800,1,-0.749400,0
2020-02-26,sz.300015,41.8400,42.1700,40.4300,40.7900,42.3800,25490544,1047270271.7100,3,1.014500,1,-3.751800,0
2020-02-27,sz.300015,40.8900,41.9700,40.6800,41.6700,40.7900,17364773,719551414.0100,3,0.691100,1,2.157400,0
2020-02-28,sz.300015,39.9000,41.0900,39.8900,40.0000,41.6700,19299620,779436724.8700,3,0.768100,1,-4.007700,0
2020-03-02,sz.300015,40.5500,42.3000,40.5500,42.0000,40.0000,23356574,973780804.5400,3,0.929500,1,5.000000,0
2020-03-03,sz.300015,42.5800,43.1000,41.8600,42.4200,42.0000,22238504,946993313.9300,3,0.885000,1,1.000000,0
2020-03-04,sz.300015,42.0000,43.8000,41.9200,43.6000,42.4200,28453411,1227954065.6900,3,1.132400,1,2.781700,0
2020-03-05,sz.300015,43.6400,45.2900,43.1800,44.7100,43.6000,32582958,1453120640.0500,3,1.296700,1,2.545900,0
2020-03-06,sz.300015,44.6300,45.5000,44.3600,44.9000,44.7100,20119394,906022028.2000,3,0.800700,1,0.425000,0
2020-03-09,sz.300015,44.7200,44.8800,43.3100,43.9900,44.9000,20516022,905835462.4400,3,0.816500,1,-2.026700,0
2020-03-10,sz.300015,43.7600,44.6000,42.8500,43.9300,43.9900,25811310,1127611058.8300,3,1.027200,1,-0.136400,0
2020-03-11,sz.300015,43.9900,44.4900,43.0500,43.1600,43.9300,14573248,634613412.2800,3,0.580000,1,-1.752800,0
2020-03-12,sz.300015,42.7000,42.7600,40.9900,41.5800,43.1600,25199840,1049391176.3200,3,1.002900,1,-3.660800,0
2020-03-13,sz.300015,39.5000,41.6600,38.5500,41.1500,41.5800,35853855,1443034917.4900,3,1.426900,1,-1.034200,0
2020-03-16,sz.300015,41.1400,41.5000,38.6000,38.9600,41.1500,26180010,1039383461.1800,3,1.041900,1,-5.322000,0
2020-03-17,sz.300015,39.0000,39.8000,37.3000,38.3400,38.9600,26593590,1017843145.0000,3,1.058400,1,-1.591400,0
2020-03-18,sz.300015,38.8000,39.7900,38.0500,38.0500,38.3400,23943459,930354978.7500,3,0.951800,1,-0.756400,0
2020-03-19,sz.300015,37.8000,37.9900,34.4500,36.0000,38.0500,63007054,2255308355.2900,3,2.507500,1,-5.387600,0
2020-03-20,sz.300015,36.5400,36.6900,35.4000,36.1100,36.0000,30468423,1099045596.7300,3,1.212600,1,0.305600,0
2020-03-23,sz.300015,35.0000,36.0700,34.2000,34.2000,36.1100,29605826,1034836696.4000,3,1.178200,1,-5.289400,0
2020-03-24,sz.300015,35.1600,37.3700,35.1000,37.2600,34.2000,39700495,1454178998.2500,3,1.580000,1,8.947400,0
2020-03-25,sz.300015,38.7400,39.1200,37.4000,38.6700,37.2600,30628957,1178182784.6600,3,1.219000,1,3.784200,0
2020-03-26,sz.300015,38.2700,39.1900,38.2000,38.8000,38.6700,14937974,579160602.7200,3,0.594500,1,0.336200,0
2020-03-27,sz.300015,39.3000,40.3300,38.6600,38.8200,38.8000,17790788,700702973.6500,3,0.708000,1,0.051500,0
2020-03-30,sz.300015,38.1200,38.8000,37.4000,38.1500,38.8200,16356738,622109222.7800,3,0.651000,1,-1.725900,0
2020-03-31,sz.300015,38.6500,39.7000,38.3500,39.3800,38.1500,16623068,652164322.9300,3,0.661600,1,3.224100,0
2020-04-01,sz.300015,39.2500,40.0800,38.7800,38.9100,39.3800,14091981,556620722.4000,3,0.560800,1,-1.193500,0
2020-04-02,sz.300015,38.7800,39.5000,38.5500,39.5000,38.9100,9669036,378316872.6000,3,0.384800,1,1.516300,0
2020-04-03,sz.300015,39.5100,39.8800,39.3000,39.3800,39.5000,8981703,355156853.6100,3,0.357400,1,-0.303800,0
2020-04-07,sz.300015,39.9200,40.5000,39.7100,40.3300,39.3800,14263654,573763767.0300,3,0.567700,1,2.412400,0
2020-04-08,sz.300015,40.0000,40.5000,39.6600,40.2600,40.3300,9606153,385193306.6100,3,0.382300,1,-0.173600,0
2020-04-09,sz.300015,40.4100,42.4400,40.4100,41.8800,40.2600,20925475,874823650.3900,3,0.832800,1,4.023900,0
2020-04-10,sz.300015,41.9000,44.1700,41.9000,42.8900,41.8800,28247269,1223644474.4900,3,1.124200,1,2.411600,0
2020-04-13,sz.300015,42.6700,43.4700,42.1800,42.5800,42.8900,11223386,481127132.8200,3,0.446700,1,-0.722800,0
2020-04-14,sz.300015,43.0100,43.8500,42.4000,43.7400,42.5800,16211814,703726253.4900,3,0.645200,1,2.724300,0
2020-04-15,sz.300015,43.9000,44.0800,43.0300,43.3100,43.7400,14996961,650745298.2100,3,0.596800,1,-0.983100,0
2020-04-16,sz.300015,43.3000,43.3000,42.5300,43.0600,43.3100,12821697,550459255.1500,3,0.510300,1,-0.577200,0
2020-04-17,sz.300015,43.1000,43.9700,42.8000,43.0900,43.0600,14041068,607933726.5500,3,0.558800,1,0.069700,0
2020-04-20,sz.300015,43.4400,43.4700,42.7000,43.0000,43.0900,11973913,515814298.5000,3,0.476000,1,-0.208900,0
2020-04-21,sz.300015,43.0000,43.2800,42.0100,42.4000,43.0000,12408425,526647913.2300,3,0.493800,1,-1.395300,0
2020-04-22,sz.300015,42.6800,44.0600,42.3100,44.0300,42.4000,20670242,899861144.8300,3,0.822600,1,3.844300,0
2020-04-23,sz.300015,44.0300,44.0300,44.0300,44.0300,44.0300,0,0.0000,3,,0,0.000000,0
2020-04-24,sz.300015,43.9400,44.5800,42.5000,43.9600,44.0300,20019116,876679523.5700,3,0.795800,1,-0.159000,0
2020-04-27,sz.300015,44.0300,45.5400,43.6800,44.3000,43.9600,17353373,775541420.5800,3,0.689900,1,0.773400,0
2020-04-28,sz.300015,44.0500,45.6000,43.9800,45.0900,44.3000,17280435,779205652.8700,3,0.687000,1,1.783300,0
2020-04-29,sz.300015,44.9500,47.5000,44.8800,45.6800,45.0900,16489249,763926032.5800,3,0.655500,1,1.308500,0
2020-04-30,sz.300015,45.6000,45.6500,44.0800,44.3900,45.6800,16972041,755974936.4700,3,0.674700,1,-2.824000,0
2020-05-06,sz.300015,44.3100,45.7800,43.8900,45.4900,44.3900,17246767,772452148.5600,3,0.685600,1,2.478000,0
2020-05-07,sz.300015,45.7000,46.8000,45.3000,46.5800,45.4900,14076897,650536013.0400,3,0.559600,1,2.396100,0
2020-05-08,sz.300015,46.6800,47.3900,45.9000,46.8000,46.5800,12904919,603769307.7700,3,0.513000,1,0.472300,0
2020-05-11,sz.300015,47.2500,47.2700,45.3000,45.6000,46.8000,15259794,699433070.8400,3,0.606600,1,-2.564100,0
2020-05-12,sz.300015,45.8600,46.7700,45.5000,46.3200,45.6000,11659588,538952253.5700,3,0.463500,1,1.579000,0
2020-05-13,sz.300015,46.3200,48.6500,46.0000,48.3000,46.3200,22515070,1077215927.2900,3,0.895100,1,4.274600,0
2020-05-14,sz.300015,48.0700,48.2900,47.4200,47.9100,48.3000,13980793,668712662.2500,3,0.555800,1,-0.807500,0
2020-05-15,sz.300015,47.6500,48.0000,46.9000,47.7400,47.9100,11816351,559552093.7900,3,0.469700,1,-0.354800,0
2020-05-18,sz.300015,47.5000,49.7500,47.1000,49.1000,47.7400,17260707,846228535.3600,3,0.686200,1,2.848800,0
2020-05-19,sz.300015,49.2100,49.7500,48.6000,48.7500,49.1000,12599945,616774652.6000,3,0.500900,1,-0.712800,0
2020-05-20,sz.300015,48.9000,49.0800,47.6300,47.8900,48.7500,17156077,825929169.2400,3,0.682000,1,-1.764100,0
2020-05-21,sz.300015,47.9400,49.2800,47.9300,48.8800,47.8900,15280808,745656017.0300,3,0.607500,1,2.067200,0
2020-05-22,sz.300015,49.0000,49.0700,47.3200,47.8700,48.8800,12117213,582427480.2000,3,0.474800,1,-2.066300,0
2020-05-25,sz.300015,47.9000,49.7500,47.8100,48.7100,47.8700,11630997,567381240.5300,3,0.455700,1,1.754800,0
2020-05-26,sz.300015,48.9800,50.3700,48.5100,50.0200,48.7100,12478342,621609347.0700,3,0.489000,1,2.689400,0
2020-05-27,sz.300015,50.0200,50.2100,48.8100,49.2900,50.0200,10491449,517996021.0500,3,0.411100,1,-1.459400,0
2020-05-28,sz.300015,37.9900,38.1400,36.8600,37.6500,37.8000,16516821,618620851.4600,3,0.497800,1,-0.396800,0
2020-05-29,sz.300015,37.5000,39.5900,37.1000,39.1600,37.6500,29064914,1131245393.0800,3,0.876100,1,4.010600,0
2020-06-01,sz.300015,39.2000,40.6600,38.7700,40.3300,39.1600,20771086,825827629.4200,3,0.626100,1,2.987700,0
2020-06-02,sz.300015,40.0300,40.3300,39.0900,39.3000,40.3300,21691692,856061505.4700,3,0.653800,1,-2.553900,0
2020-06-03,sz.300015,39.3900,40.0000,39.0100,39.1500,39.3000,19432316,763704283.0800,3,0.585700,1,-0.381700,0
2020-06-04,sz.300015,39.2000,40.1400,38.9000,40.0200,39.1500,20460485,810212206.5700,3,0.616700,1,2.222200,0
2020-06-05,sz.300015,39.6500,40.7900,39.3000,40.5000,40.0200,19680157,788700758.2200,3,0.593200,1,1.199400,0
2020-06-08,sz.300015,40.4900,41.1000,39.6000,39.9800,40.5000,19359046,778950336.6500,3,0.583500,1,-1.284000,0
2020-06-09,sz.300015,39.7800,40.6800,39.6100,40.5900,39.9800,13142641,530804350.1500,3,0.396100,1,1.525800,0
2020-06-10,sz.300015,40.5300,42.0000,40.3000,41.8000,40.5900,23313859,968334957.0700,3,0.702700,1,2.981000,0
2020-06-11,sz.300015,41.7000,42.2100,41.0800,41.4200,41.8000,16601090,690391870.6400,3,0.500400,1,-0.909100,0
2020-06-12,sz.300015,40.9200,42.6000,40.8700,41.9600,41.4200,22597197,950465144.8600,3,0.681100,1,1.303700,0
2020-06-15,sz.300015,42.3300,42.6500,41.7000,41.8800,41.9600,18836790,792681314.9300,3,0.567800,1,-0.190700,0
2020-06-16,sz.300015,42.1900,43.2000,41.9000,43.2000,41.8800,18725305,801793284.6800,3,0.564400,1,3.151900,0
2020-06-17,sz.300015,43.1700,45.0000,42.9500,43.6400,43.2000,23842883,1048759970.6100,3,0.718700,1,1.018500,0
2020-06-18,sz.300015,43.4000,44.4000,43.2000,44.2200,43.6400,19558422,856453082.4100,3,0.589500,1,1.329100,0
2020-06-19,sz.300015,44.2000,46.3000,44.0000,46.3000,44.2200,30831500,1413471112.5400,3,0.929300,1,4.703700,0
2020-06-22,sz.300015,46.0000,46.4600,45.0500,45.7600,46.3000,36036512,1645920289.8900,3,1.086200,1,-1.166300,0
2020-06-23,sz.300015,45.5000,46.2800,45.0200,46.0800,45.7600,27397114,1255183776.6200,3,0.825800,1,0.699300,0
2020-06-24,sz.300015,45.7000,45.9000,43.0700,44.0500,46.0800,61418263,2714909733.4400,3,1.806800,1,-4.405400,0
2020-06-29,sz.300015,43.9500,43.9600,42.2000,43.1000,44.0500,51123574,2193763270.3000,3,1.504000,1,-2.156600,0
2020-06-30,sz.300015,43.1000,44.1000,43.0700,43.4500,43.1000,32850805,1431480117.0200,3,0.961500,1,0.812100,0
2020-07-01,sz.300015,43.9000,43.9500,42.6600,43.4600,43.4500,23331969,1009633582.9800,3,0.682900,1,0.023000,0
2020-07-02,sz.300015,43.4600,43.4600,42.0000,42.3000,43.4600,40074479,1707615859.3100,3,1.173000,1,-2.669100,0
2020-07-03,sz.300015,41.9700,43.4900,41.3600,43.2500,42.3000,43483497,1854408475.1100,3,1.272800,1,2.245900,0
2020-07-06,sz.300015,43.0100,43.8000,42.1500,43.5000,43.2500,46048041,1978221660.7700,3,1.347800,1,0.578000,0
2020-07-07,sz.300015,43.0000,44.8400,42.6500,44.3800,43.5000,52587062,2312112034.2800,3,1.539200,1,2.023000,0
2020-07-08,sz.300015,44.3800,45.4500,44.0300,44.7200,44.3800,37765211,1691869795.7800,3,1.105400,1,0.766100,0
2020-07-09,sz.300015,44.3500,46.3600,44.3100,46.3500,44.7200,40727069,1852024055.6100,3,1.192100,1,3.644900,0
2020-07-10,sz.300015,45.9300,46.7700,45.6100,45.9300,46.3500,33417538,1544200592.5500,3,0.978100,1,-0.906100,0
2020-07-13,sz.300015,45.9300,46.8700,45.7000,46.8300,45.9300,39377354,1825563090.9100,3,1.152600,1,1.959500,0
2020-07-14,sz.300015,46.7400,47.3000,45.0500,45.9200,46.8300,32703957,1510513993.3400,3,0.957200,1,-1.943200,0
2020-07-15,sz.300015,45.9300,48.2300,45.9300,47.7100,45.9200,46185189,2188590713.0000,3,1.351800,1,3.898100,0
2020-07-16,sz.300015,47.6000,47.6000,43.7700,44.2000,47.7100,46433953,2116360808.4200,3,1.359100,1,-7.356900,0
2020-07-17,sz.300015,44.3500,45.5400,43.8000,44.1900,44.2000,32505436,1448261264.7400,3,0.951400,1,-0.022600,0
2020-07-20,sz.300015,44.4400,45.0000,43.0100,43.9500,44.1900,27525395,1203549033.4800,3,0.805700,1,-0.543100,0
2020-07-21,sz.300015,43.9500,45.5800,43.8000,45.3000,43.9500,30295755,1362738578.8700,3,0.886700,1,3.071700,0
2020-07-22,sz.300015,45.0000,46.3000,44.7500,45.8000,45.3000,24882369,1140307950.9800,3,0.728300,1,1.103800,0
2020-07-23,sz.300015,45.4500,46.3000,45.0300,46.0800,45.8000,25961050,1188954463.7100,3,0.759900,1,0.611400,0
2020-07-24,sz.300015,45.8000,45.9100,43.5800,44.0000,46.0800,30663949,1364487339.0500,3,0.897500,1,-4.513900,0
2020-07-27,sz.300015,44.0000,46.0000,44.0000,46.0000,44.0000,34746423,1573854795.2800,3,1.017000,1,4.545500,0
2020-07-28,sz.300015,46.0000,46.3800,45.0500,45.7300,46.0000,19991167,910091589.2200,3,0.585100,1,-0.587000,0
2020-07-29,sz.300015,45.4200,46.2900,45.4000,46.1400,45.7300,22063681,1014859306.6900,3,0.645800,1,0.896600,0
2020-07-30,sz.300015,46.1300,46.4800,44.9100,45.3200,46.1400,23411641,1069265004.1200,3,0.685200,1,-1.777200,0
2020-07-31,sz.300015,45.3900,46.0600,44.8900,45.3000,45.3200,25357262,1150988710.7500,3,0.742200,1,-0.044100,0
2020-08-03,sz.300015,45.4500,47.1000,45.1000,46.8400,45.3000,35895758,1670103701.4100,3,1.050700,1,3.399600,0
2020-08-04,sz.300015,46.8400,48.2000,46.5400,47.7000,46.8400,31813168,1514729311.4200,3,0.931200,1,1.836000,0
2020-08-05,sz.300015,47.7000,48.1300,47.0900,47.4500,47.7000,20210378,958695694.0700,3,0.591500,1,-0.524100,0
2020-08-06,sz.300015,47.4500,47.9000,46.2000,46.9200,47.4500,19567690,916959524.7900,3,0.572700,1,-1.117000,0
2020-08-07,sz.300015,46.9200,47.2300,45.2400,45.8700,46.9200,24751208,1135551151.4700,3,0.724500,1,-2.237900,0
2020-08-10,sz.300015,46.0000,46.4200,45.2600,46.3500,45.8700,15811557,727268414.2700,3,0.462800,1,1.046400,0
2020-08-11,sz.300015,46.2600,48.1500,46.0800,46.1500,46.3500,25287690,1192286878.5400,3,0.740200,1,-0.431500,0
2020-08-12,sz.300015,46.2000,46.6700,45.0100,45.9000,46.1500,22788631,1041050435.5100,3,0.667000,1,-0.541700,0
2020-08-13,sz.300015,46.1500,46.3000,44.3200,44.4000,45.9000,19952662,900000297.1000,3,0.584000,1,-3.268000,0
2020-08-14,sz.300015,44.4100,44.9800,43.4900,44.9500,44.4000,23662460,1046547789.8400,3,0.692600,1,1.238700,0
2020-08-17,sz.300015,44.9800,45.6000,44.8200,45.5600,44.9500,17197391,778345811.0500,3,0.503400,1,1.357100,0
2020-08-18,sz.300015,45.4000,46.0200,45.2800,45.4300,45.5600,11324456,516635750.5900,3,0.331500,1,-0.285300,0
2020-08-19,sz.300015,45.4300,45.5200,44.4600,44.5000,45.4300,13079949,584913675.2600,3,0.382800,1,-2.047100,0
2020-08-20,sz.300015,44.5100,44.8800,44.0100,44.1700,44.5000,12020926,532879279.5800,3,0.351800,1,-0.741600,0
2020-08-21,sz.300015,44.4400,45.5000,44.4000,45.3000,44.1700,14768684,664797696.9900,3,0.432300,1,2.558300,0
2020-08-24,sz.300015,45.6900,46.3800,45.0200,46.2000,45.3000,19337277,889615714.9500,3,0.566000,1,1.986800,0
2020-08-25,sz.300015,46.1900,46.8000,45.8000,46.3500,46.2000,14307833,664787175.7600,3,0.418800,1,0.324700,0
2020-08-26,sz.300015,47.3100,53.0600,47.3100,49.9800,46.3500,65372824,3279552265.0600,3,1.913400,1,7.831700,0
2020-08-27,sz.300015,50.2200,50.8000,49.6000,50.5100,49.9800,27172814,1364554047.8300,3,0.795300,1,1.060400,0
2020-08-28,sz.300015,50.5000,51.5000,49.8100,51.2300,50.5100,25841658,1313708215.6100,3,0.756400,1,1.425500,0
2020-08-31,sz.300015,51.5200,52.7600,50.7300,51.9700,51.2300,29534858,1538115800.6800,3,0.864500,1,1.444500,0
2020-09-01,sz.300015,51.7200,54.1000,51.7200,53.7300,51.9700,28652602,1525388340.5300,3,0.838600,1,3.386600,0
2020-09-02,sz.300015,53.7300,54.4000,53.0000,53.4300,53.7300,22737050,1216773580.3600,3,0.665500,1,-0.558300,0
2020-09-03,sz.300015,53.1800,56.0900,52.8800,53.6500,53.4300,32773076,1789564647.5300,3,0.959300,1,0.411800,0
2020-09-04,sz.300015,52.5300,52.9800,50.6800,52.5000,53.6500,32969675,1714163519.6400,3,0.965000,1,-2.143500,0
2020-09-07,sz.300015,52.6900,53.3000,50.9700,51.0300,52.5000,27279059,1415122039.7300,3,0.798400,1,-2.800000,0
2020-09-08,sz.300015,51.1100,51.9800,50.0000,50.6200,51.0300,17757568,904285598.7300,3,0.519800,1,-0.803400,0
2020-09-09,sz.300015,50.5100,50.6000,48.7700,49.0200,50.6200,24939198,1233615686.7100,3,0.730000,1,-3.160800,0
2020-09-10,sz.300015,49.6300,50.6000,48.6800,49.0200,49.0200,18872184,936306660.5800,3,0.552400,1,0.000000,0
2020-09-11,sz.300015,49.1300,50.2900,49.1000,49.8500,49.0200,17965859,893169262.8800,3,0.525900,1,1.693200,0
2020-09-14,sz.300015,50.0300,50.4000,49.2200,49.6600,49.8500,19324016,961790194.6400,3,0.565600,1,-0.381100,0
2020-09-15,sz.300015,49.5000,49.9000,48.1000,49.7800,49.6600,17852284,877099195.1400,3,0.522500,1,0.241600,0
2020-09-16,sz.300015,49.6600,50.1500,48.3800,48.6700,49.7800,17122206,836847120.4400,3,0.501200,1,-2.229800,0
2020-09-17,sz.300015,48.6000,48.6900,47.2000,47.6000,48.6700,17629836,840954896.0700,3,0.516000,1,-2.198500,0
2020-09-18,sz.300015,47.6000,47.9600,46.8800,47.7000,47.6000,16269034,772758958.2200,3,0.476200,1,0.210100,0
2020-09-21,sz.300015,47.7000,48.1400,46.9400,47.1600,47.7000,16501897,781677999.3000,3,0.483000,1,-1.132100,0
2020-09-22,sz.300015,46.9600,47.4800,46.6500,46.8400,47.1600,15647144,736188963.5200,3,0.458000,1,-0.678500,0
2020-09-23,sz.300015,46.9900,48.8800,46.6500,48.5300,46.8400,33630992,1613367010.7800,3,0.984400,1,3.608000,0
2020-09-24,sz.300015,48.0000,48.3800,47.0700,47.3000,48.5300,17253039,819749428.6400,3,0.505000,1,-2.534500,0
2020-09-25,sz.300015,47.3800,48.5600,47.3300,48.0700,47.3000,16078715,772071977.9800,3,0.470600,1,1.627900,0
2020-09-28,sz.300015,48.1000,49.1100,47.6000,48.6400,48.0700,19951972,965148392.2100,3,0.584000,1,1.185800,0
2020-09-29,sz.300015,48.7000,49.8300,48.2200,49.5300,48.6400,16792470,823620671.3200,3,0.491500,1,1.829800,0
2020-09-30,sz.300015,49.6000,52.2000,49.6000,51.4200,49.5300,25843553,1324052932.5500,3,0.756400,1,3.815900,0
2020-10-09,sz.300015,51.8200,53.3400,51.1000,53.1900,51.4200,21407230,1125462814.0800,3,0.626600,1,3.442200,0
2020-10-12,sz.300015,53.1900,57.5000,52.8500,57.2000,53.1900,28855814,1601723238.8100,3,0.844600,1,7.539000,0
2020-10-13,sz.300015,57.1000,58.1900,56.5000,58.0500,57.2000,20149253,1158597416.2200,3,0.589800,1,1.486000,0
2020-10-14,sz.300015,58.0000,58.4000,57.1600,57.7600,58.0500,17696267,1024070104.3600,3,0.518000,1,-0.499600,0
2020-10-15,sz.300015,57.7800,58.0700,56.7100,57.2600,57.7600,16302879,933051462.1300,3,0.477200,1,-0.865700,0
2020-10-16,sz.300015,57.2600,57.6600,56.1500,57.0800,57.2600,13554520,773251662.7800,3,0.396700,1,-0.314400,0
2020-10-19,sz.300015,57.6700,57.8000,56.0300,56.2100,57.0800,14760222,835397292.5200,3,0.432000,1,-1.524200,0
2020-10-20,sz.300015,56.3200,57.5600,55.9000,57.3800,56.2100,11880914,678038566.0200,3,0.347700,1,2.081500,0
2020-10-21,sz.300015,57.4600,59.2200,57.0600,58.1800,57.3800,15609872,907523118.6800,3,0.456900,1,1.394200,0
2020-10-22,sz.300015,57.6600,59.0000,57.2000,58.5000,58.1800,11843295,688592722.9600,3,0.346600,1,0.550000,0
2020-10-23,sz.300015,58.4200,59.1200,56.5000,57.1900,58.5000,13242144,765521755.9600,3,0.387600,1,-2.239300,0
2020-10-26,sz.300015,56.7200,57.1500,54.5200,56.8000,57.1900,12084135,679821674.9800,3,0.353700,1,-0.681900,0
2020-10-27,sz.300015,58.9800,61.9800,58.5100,61.4600,56.8000,34033939,2054979935.4100,3,0.996200,1,8.204200,0
2020-10-28,sz.300015,62.0100,63.5100,61.3000,62.8900,61.4600,23577531,1471948596.3300,3,0.690100,1,2.326700,0
2020-10-29,sz.300015,62.0700,63.0800,61.6100,62.4000,62.8900,14998826,935895101.4300,3,0.439000,1,-0.779100,0
2020-10-30,sz.300015,63.0100,63.5100,61.3800,62.2600,62.4000,17196142,1070666906.5000,3,0.503300,1,-0.224400,0
2020-11-02,sz.300015,62.6100,64.5800,62.4000,64.1900,62.2600,22663979,1440849243.0300,3,0.663400,1,3.099900,0
2020-11-03,sz.300015,64.0000,65.2000,63.0900,64.7000,64.1900,16650149,1068681534.2000,3,0.487300,1,0.794500,0
2020-11-04,sz.300015,64.5500,67.9900,64.2000,67.5000,64.7000,18406544,1218481740.2600,3,0.538800,1,4.327700,0
2020-11-05,sz.300015,67.1200,67.8500,65.1000,67.0100,67.5000,22022495,1466828013.7800,3,0.644600,1,-0.725900,0
2020-11-06,sz.300015,66.5500,66.7000,63.8800,65.6800,67.0100,23423184,1528757228.2800,3,0.685600,1,-1.984800,0
2020-11-09,sz.300015,66.0100,69.3300,65.8800,68.6700,65.6800,21297734,1445739101.1800,3,0.623400,1,4.552400,0
2020-11-10,sz.300015,68.6000,70.3600,68.0500,69.3100,68.6700,18769093,1302895625.8600,3,0.549400,1,0.932000,0
2020-11-11,sz.300015,69.2500,70.2200,66.9000,68.0700,69.3100,21337029,1457292415.8300,3,0.624500,1,-1.789100,0
2020-11-12,sz.300015,68.4000,70.1800,68.0300,69.7100,68.0700,16036708,1110751028.4100,3,0.469400,1,2.409300,0
2020-11-13,sz.300015,69.3000,69.5000,68.0000,68.8500,69.7100,12180542,837944641.1600,3,0.356500,1,-1.233700,0
2020-11-16,sz.300015,69.6900,69.8500,68.1000,69.0900,68.8500,12334110,848182945.8200,3,0.361000,1,0.348600,0
2020-11-17,sz.300015,69.4800,69.6400,65.0100,66.0000,69.0900,30176643,2016282646.0000,3,0.883300,1,-4.472400,0
2020-11-18,sz.300015,66.5900,66.5900,61.8700,62.5000,66.0000,41176910,2619041558.7900,3,1.205200,1,-5.303000,0
2020-11-19,sz.300015,62.0000,63.5000,60.8300,62.5300,62.5000,26958155,1677880154.0100,3,0.789100,1,0.048000,0
2020-11-20,sz.300015,63.1000,65.6900,63.1000,64.4500,62.5300,21829895,1412283507.1600,3,0.639000,1,3.070500,0
2020-11-23,sz.300015,64.4500,65.4700,63.6900,64.5700,64.4500,14550446,939454052.9700,3,0.425900,1,0.186200,0
2020-11-24,sz.300015,64.0000,64.4900,62.2000,63.6300,64.5700,18590149,1174351913.0100,3,0.544100,1,-1.455800,0
2020-11-25,sz.300015,63.4700,63.6300,61.6000,62.0600,63.6300,15590068,970691367.9100,3,0.456300,1,-2.467400,0
2020-11-26,sz.300015,62.6300,63.4400,61.1000,62.0600,62.0600,15982569,993311992.2500,3,0.467800,1,0.000000,0
2020-11-27,sz.300015,62.0100,63.4500,61.6200,62.6200,62.0600,10086433,631109503.9300,3,0.295200,1,0.902400,0
2020-11-30,sz.300015,62.6600,62.9400,61.0100,61.2000,62.6200,20502465,1268933743.5000,3,0.600100,1,-2.267600,0
2020-12-01,sz.300015,62.0100,65.8000,61.9900,65.2800,61.2000,25912519,1676759638.1000,3,0.758400,1,6.666700,0
2020-12-02,sz.300015,65.2000,65.3700,63.3500,64.0500,65.2800,16505501,1059473949.3600,3,0.483100,1,-1.884200,0
2020-12-03,sz.300015,64.1700,67.0900,64.1600,66.5900,64.0500,29121965,1926498380.0600,3,0.852400,1,3.965700,0
2020-12-04,sz.300015,66.1700,68.0400,65.8600,67.0100,66.5900,21459854,1434832785.0600,3,0.628100,1,0.630700,0
2020-12-07,sz.300015,66.9000,67.8700,66.5400,66.8000,67.0100,16038256,1074767249.7000,3,0.469400,1,-0.313400,0
2020-12-08,sz.300015,67.0900,67.4300,66.0000,66.6300,66.8000,11668662,777756958.1000,3,0.341500,1,-0.254500,0
2020-12-09,sz.300015,66.6400,68.4400,65.9500,66.0000,66.6300,14559165,977352868.4800,3,0.426100,1,-0.945500,0
2020-12-10,sz.300015,66.2100,68.9800,65.6500,68.4500,66.0000,21240643,1436749299.8700,3,0.621700,1,3.712100,0
2020-12-11,sz.300015,68.8800,69.2400,66.1500,67.2900,68.4500,24579770,1656191081.2500,3,0.719400,1,-1.694700,0
2020-12-14,sz.300015,67.0100,69.0100,66.4000,68.8500,67.2900,17105479,1163043710.3200,3,0.500700,1,2.318300,0
2020-12-15,sz.300015,68.9500,70.2500,67.6100,68.9000,68.8500,19277571,1329070003.5700,3,0.564200,1,0.072600,0
2020-12-16,sz.300015,69.0000,69.9900,68.4000,69.8100,68.9000,14430541,1000362333.0700,3,0.422400,1,1.320800,0
2020-12-17,sz.300015,69.9300,71.1000,69.3400,70.6600,69.8100,19237464,1353051082.6100,3,0.563100,1,1.217600,0
2020-12-18,sz.300015,70.8200,71.4000,69.5000,69.5000,70.6600,23907730,1681337735.0300,3,0.699800,1,-1.641700,0
2020-12-21,sz.300015,69.6100,69.8300,66.8700,69.4400,69.5000,24516776,1677118105.2100,3,0.717600,1,-0.086300,0
2020-12-22,sz.300015,69.0000,71.7700,68.5500,68.9000,69.4400,30545637,2145273348.3100,3,0.894100,1,-0.777600,0
2020-12-23,sz.300015,69.6900,70.9800,68.4800,70.2300,68.9000,23933713,1668982045.4900,3,0.700500,1,1.930300,0
2020-12-24,sz.300015,70.0900,73.0000,70.0000,72.7000,70.2300,21155162,1516903095.7300,3,0.619200,1,3.517000,0
2020-12-25,sz.300015,72.9800,73.3800,72.0000,72.8000,72.7000,14530424,1053748579.6400,3,0.425300,1,0.137600,0
2020-12-28,sz.300015,72.9800,72.9800,71.6000,72.0300,72.8000,14850317,1071844017.8500,3,0.434700,1,-1.057700,0
2020-12-29,sz.300015,71.5000,71.9400,70.6000,71.4600,72.0300,14909404,1061931559.6600,3,0.436400,1,-0.791300,0
2020-12-30,sz.300015,71.2000,74.2000,71.2000,73.8500,71.4600,20504999,1502240628.4400,3,0.600200,1,3.344500,0
2020-12-31,sz.300015,73.8500,75.5000,73.0500,74.8900,73.8500,21238820,1585707415.6200,3,0.621600,1,1.408300,0
2021-01-04,sz.300015,71.0000,72.8300,67.4100,68.2200,74.8900,160983448,11149761609.2000,3,4.711900,1,-8.906400,0
2021-01-05,sz.300015,67.5100,70.3800,67.5100,69.0600,68.2200,81947678,5674905728.4800,3,2.397700,1,1.231300,0
2021-01-06,sz.300015,69.0500,73.1600,68.3000,71.4900,69.0600,54441290,3894830331.8200,3,1.592900,1,3.518700,0
2021-01-07,sz.300015,71.1200,78.4800,71.0000,77.4000,71.4900,60444711,4529107296.9500,3,1.768600,1,8.266900,0
2021-01-08,sz.300015,77.5000,78.1900,72.7000,75.9300,77.4000,55438695,4157353894.9300,3,1.622100,1,-1.899200,0
2021-01-11,sz.300015,74.4900,75.0000,71.0100,72.0700,75.9300,45089901,3293127098.7600,3,1.319300,1,-5.083600,0
2021-01-12,sz.300015,71.4500,72.9800,69.0100,72.5200,72.0700,40748944,2909832211.3200,3,1.186500,1,0.624400,0
2021-01-13,sz.300015,73.2400,74.4900,70.8600,71.6000,72.5200,26970500,1950812856.2600,3,0.785300,1,-1.268600,0
2021-01-14,sz.300015,70.7000,72.8500,70.6200,71.3900,71.6000,28117614,2018213863.8200,3,0.818700,1,-0.293300,0
2021-01-15,sz.300015,70.4900,71.9900,69.7600,71.7100,71.3900,23897889,1691559603.1800,3,0.695800,1,0.448200,0
2021-01-18,sz.300015,71.4000,72.8000,70.5800,71.8100,71.7100,18780818,1345921497.3900,3,0.546800,1,0.139500,0
2021-01-19,sz.300015,71.8000,71.9900,69.6100,70.6000,71.8100,29793779,2099678588.6300,3,0.867500,1,-1.685000,0
2021-01-20,sz.300015,70.7000,75.4000,70.2500,75.4000,70.6000,51163078,3782132877.2500,3,1.489700,1,6.798900,0
2021-01-21,sz.300015,74.8100,76.5000,74.5000,75.4900,75.4000,28318287,2141298859.4900,3,0.824500,1,0.119400,0
2021-01-22,sz.300015,75.0800,81.0000,75.0800,80.7000,75.4900,41534277,3273554114.4900,3,1.209300,1,6.901600,0
2021-01-25,sz.300015,80.1200,83.6600,80.0800,81.7600,80.7000,32130564,2630591023.1500,3,0.935500,1,1.313500,0
2021-01-26,sz.300015,81.0100,82.6000,79.8100,79.8900,81.7600,26380500,2132833517.1400,3,0.768100,1,-2.287200,0
2021-01-27,sz.300015,80.0600,83.5000,78.9200,82.3700,79.8900,28169117,2296193188.0400,3,0.820200,1,3.104300,0
2021-01-28,sz.300015,80.5800,81.6600,78.6800,78.9100,82.3700,25299189,2022688286.9800,3,0.736600,1,-4.200600,0
2021-01-29,sz.300015,80.2000,80.9900,78.0500,78.7300,78.9100,22801555,1807624904.5300,3,0.663900,1,-0.228100,0
2021-02-01,sz.300015,78.9100,80.1600,76.9900,79.2000,78.7300,25348278,1993908832.4700,3,0.738100,1,0.597000,0
2021-02-02,sz.300015,80.0000,81.9000,79.4900,80.3000,79.2000,25919467,2084826719.2100,3,0.754700,1,1.388900,0
2021-02-03,sz.300015,80.0000,81.2000,78.3000,79.2000,80.3000,25259998,2009913652.7500,3,0.735500,1,-1.369900,0
2021-02-04,sz.300015,78.0400,79.6200,77.6000,78.5400,79.2000,22534067,1768090475.1500,3,0.656100,1,-0.833300,0
2021-02-05,sz.300015,79.5000,83.3800,78.5700,82.1800,78.5400,37134693,3020957425.2300,3,1.081200,1,4.634600,0
2021-02-08,sz.300015,82.3000,85.9900,80.4100,85.9900,82.1800,28632556,2384480997.6000,3,0.833700,1,4.636200,0
2021-02-09,sz.300015,85.5200,87.4700,84.0100,85.1400,85.9900,32999881,2817893762.9300,3,0.960800,1,-0.988500,0
2021-02-10,sz.300015,85.7700,92.2500,83.8000,91.1000,85.1400,34550800,3067374457.6300,3,1.006000,1,7.000200,0
2021-02-18,sz.300015,92.5900,92.6900,87.8800,88.0400,91.1000,28920345,2591912660.1800,3,0.842100,1,-3.358900,0
2021-02-19,sz.300015,88.1000,89.7300,84.6000,88.8900,88.0400,25423870,2223686700.7700,3,0.740300,1,0.965500,0
2021-02-22,sz.300015,88.6000,88.7500,82.0000,82.3000,88.8900,36839967,3095284532.8400,3,1.072700,1,-7.413700,0
2021-02-23,sz.300015,81.0000,83.8700,79.8300,81.3800,82.3000,26152169,2133290714.0300,3,0.761500,1,-1.117900,0
2021-02-24,sz.300015,80.5500,81.0900,73.4000,74.7900,81.3800,54173713,4146122149.2200,3,1.577400,1,-8.097800,0
2021-02-25,sz.300015,75.5500,78.5000,74.4100,76.7700,74.7900,37620033,2883739111.5100,3,1.095400,1,2.647400,0
2021-02-26,sz.300015,74.4900,75.6900,70.9700,72.2800,76.7700,42121555,3068527684.6900,3,1.226400,1,-5.848600,0
2021-03-01,sz.300015,72.5100,73.5000,67.3700,69.4500,72.2800,64701615,4483639370.6500,3,1.883900,1,-3.915300,0
2021-03-02,sz.300015,70.6100,71.3500,67.1000,68.2800,69.4500,52728365,3639640249.1500,3,1.535300,1,-1.684700,0
2021-03-03,sz.300015,67.5400,68.9700,66.8300,68.8300,68.2800,29637887,2015418762.9200,3,0.863000,1,0.805500,0
2021-03-04,sz.300015,68.0000,68.0000,63.3000,63.7900,68.8300,54081471,3511171041.6700,3,1.574700,1,-7.322400,0
2021-03-05,sz.300015,62.1200,64.0600,61.8800,62.8000,63.7900,44491620,2799353338.9400,3,1.295400,1,-1.552000,0
2021-03-08,sz.300015,63.5900,63.7000,56.8500,56.9700,62.8000,66902865,3974704298.5700,3,1.948000,1,-9.283400,0
2021-03-09,sz.300015,56.4200,57.5000,54.0800,54.2300,56.9700,66718926,3713408997.7400,3,1.942600,1,-4.809500,0
2021-03-10,sz.300015,56.2000,59.1800,55.5200,57.2000,54.2300,69617086,3991585778.1300,3,2.027000,1,5.476700,0
2021-03-11,sz.300015,57.2100,62.2300,56.7800,60.7200,57.2000,61008154,3685203101.4500,3,1.776300,1,6.153800,0
2021-03-12,sz.300015,61.4900,61.9800,59.5300,61.8200,60.7200,42881219,2616510268.2000,3,1.248600,1,1.811600,0
2021-03-15,sz.300015,60.9400,60.9900,57.1100,58.0000,61.8200,48243368,2815526217.2500,3,1.404700,1,-6.179200,0
2021-03-16,sz.300015,58.9700,59.2900,55.9800,58.6800,58.0000,40498548,2342095900.4900,3,1.179200,1,1.172400,0
2021-03-17,sz.300015,58.2500,59.5100,57.1500,58.1000,58.6800,38752474,2255706013.9700,3,1.128300,1,-0.988400,0
2021-03-18,sz.300015,58.7000,60.4800,58.1000,60.2500,58.1000,39171127,2333501129.7100,3,1.140500,1,3.700500,0
2021-03-19,sz.300015,58.5000,58.9300,56.0200,56.9700,60.2500,46433176,2663300169.6500,3,1.352000,1,-5.444000,0
2021-03-22,sz.300015,57.3800,57.9800,56.4000,57.1600,56.9700,25557052,1458989716.7600,3,0.744100,1,0.333500,0
2021-03-23,sz.300015,57.1700,58.5800,56.9000,58.1100,57.1600,27143955,1564513184.6700,3,0.790300,1,1.662000,0
2021-03-24,sz.300015,57.5600,60.8800,57.5600,59.7200,58.1100,41234692,2468167280.9300,3,1.200600,1,2.770600,0
2021-03-25,sz.300015,58.8000,61.2100,57.9700,60.3900,59.7200,28158617,1687534215.5800,3,0.819900,1,1.121900,0
2021-03-26,sz.300015,61.2000,62.5000,60.2000,62.0500,60.3900,37002016,2283427419.7300,3,1.077400,1,2.748800,0
2021-03-29,sz.300015,61.1000,61.3000,58.6100,60.0500,62.0500,42620866,2561574326.5900,3,1.241000,1,-3.223200,0
2021-03-30,sz.300015,60.0000,63.0000,59.4000,60.7700,60.0500,38121610,2336701614.6200,3,1.110000,1,1.199000,0
2021-03-31,sz.300015,60.2000,60.4200,58.9000,59.2500,60.7700,28488986,1693370474.8600,3,0.829500,1,-2.501200,0
2021-04-01,sz.300015,59.4900,63.1500,59.4300,63.0000,59.2500,36671881,2259943181.1500,3,1.067800,1,6.329100,0
2021-04-02,sz.300015,63.1200,65.0800,62.4100,64.5100,63.0000,33053199,2117060667.0800,3,0.962400,1,2.396800,0
2021-04-06,sz.300015,65.0000,65.6000,62.4200,62.9600,64.5100,29347803,1855808904.3800,3,0.854500,1,-2.402700,0
2021-04-07,sz.300015,62.6500,62.8400,60.2900,60.7700,62.9600,34342787,2100331901.1600,3,0.999900,1,-3.478400,0
2021-04-08,sz.300015,60.1100,61.7700,60.0000,61.3000,60.7700,25539069,1557016560.1000,3,0.743600,1,0.872100,0
2021-04-09,sz.300015,61.4000,62.6000,60.3200,61.3000,61.3000,22453005,1373916079.6800,3,0.653800,1,0.000000,0
2021-04-12,sz.300015,60.9000,61.3000,57.2000,58.0300,61.3000,41277654,2421275783.9000,3,1.201900,1,-5.334400,0
2021-04-13,sz.300015,57.9900,61.0800,57.9500,59.6500,58.0300,35822403,2143856428.3400,3,1.043000,1,2.791700,0
2021-04-14,sz.300015,59.7500,61.7000,59.7500,60.7100,59.6500,20568360,1249852120.0300,3,0.598900,1,1.777000,0
2021-04-15,sz.300015,60.1300,60.9500,58.8600,59.7500,60.7100,17228125,1029187928.3500,3,0.501600,1,-1.581300,0
2021-04-16,sz.300015,60.8100,61.2900,58.5100,59.4000,59.7500,18937125,1131482979.8300,3,0.551400,1,-0.585800,0
2021-04-19,sz.300015,59.0500,61.4800,58.6000,61.2700,59.4000,26037605,1581400732.1400,3,0.758100,1,3.148100,0
2021-04-20,sz.300015,60.9000,63.0000,60.1000,61.9300,61.2700,35350634,2177325404.7600,3,1.029300,1,1.077200,0
2021-04-21,sz.300015,61.0900,63.7900,60.5600,63.4000,61.9300,34269415,2134429214.7500,3,0.997800,1,2.373600,0
2021-04-22,sz.300015,64.0000,64.1300,61.6100,63.6500,63.4000,33603059,2111693328.5400,3,0.978400,1,0.394300,0
2021-04-23,sz.300015,66.0000,73.6600,65.8800,70.6300,63.6500,80718993,5610243900.9100,3,2.350300,1,10.966200,0
2021-04-26,sz.300015,71.0000,72.7700,70.2800,70.4300,70.6300,49460397,3531823726.9200,3,1.440100,1,-0.283200,0
2021-04-27,sz.300015,70.4400,74.2300,69.5100,73.9800,70.4300,44486315,3232616002.6800,3,1.295300,1,5.040500,0
2021-04-28,sz.300015,73.3500,76.0000,73.0100,75.3500,73.9800,33689504,2523403546.8000,3,0.980900,1,1.851900,0
2021-04-29,sz.300015,75.0000,76.0000,73.2100,74.7600,75.3500,25400150,1897064874.1100,3,0.739600,1,-0.783000,0
2021-04-30,sz.300015,74.3500,75.7000,74.3400,74.4800,74.7600,18637657,1396402767.1300,3,0.542700,1,-0.374500,0
2021-05-06,sz.300015,74.0100,74.5700,71.2500,72.3900,74.4800,30786806,2238723345.3800,3,0.896400,1,-2.806100,0
2021-05-07,sz.300015,73.5000,73.7700,69.2900,69.2900,72.3900,27698933,1967985087.2800,3,0.806500,1,-4.282400,0
2021-05-10,sz.300015,70.0100,71.7700,68.4000,69.5000,69.2900,24490291,1710378112.2000,3,0.713100,1,0.303100,0
2021-05-11,sz.300015,69.2000,72.2200,67.2500,71.7800,69.5000,30875545,2175497899.2900,3,0.899000,1,3.280600,0
2021-05-12,sz.300015,71.9000,75.4500,70.8000,74.7300,71.7800,30445806,2227351331.2600,3,0.886500,1,4.109800,0
2021-05-13,sz.300015,73.5000,75.1900,72.2000,74.9900,74.7300,25149281,1862212181.6200,3,0.732300,1,0.347900,0
2021-05-14,sz.300015,74.8800,76.6900,73.5200,74.7200,74.9900,25033937,1881346899.1600,3,0.728900,1,-0.360000,0
2021-05-17,sz.300015,74.9900,78.9000,74.9900,77.8900,74.7200,24674942,1913083997.4900,3,0.718400,1,4.242500,0
2021-05-18,sz.300015,77.5000,78.6800,76.7100,77.9000,77.8900,18253130,1418592676.9300,3,0.531500,1,0.012800,0
2021-05-19,sz.300015,77.5000,78.6800,76.6200,78.2200,77.9000,15286640,1186369108.4000,3,0.445100,1,0.410800,0
2021-05-20,sz.300015,77.3400,78.4800,76.8800,77.6600,78.2200,18723883,1453842408.7100,3,0.545200,1,-0.715900,0
2021-05-21,sz.300015,77.9900,80.1000,76.7900,79.6900,77.6600,24586067,1940340856.6400,3,0.715900,1,2.614000,0
2021-05-24,sz.300015,79.7600,80.2300,76.8100,79.1700,79.6900,19253952,1513726745.3000,3,0.560600,1,-0.652500,0
2021-05-25,sz.300015,79.0700,82.9600,78.9700,82.4900,79.1700,27439107,2242390310.2000,3,0.798900,1,4.193500,0
2021-05-26,sz.300015,82.1200,82.7000,81.0000,81.5000,82.4900,16273017,1329148736.1700,3,0.473800,1,-1.200100,0
2021-05-27,sz.300015,81.2400,84.9900,80.8400,84.0100,81.5000,22802546,1912087786.8200,3,0.663900,1,3.079800,0
2021-05-28,sz.300015,84.2000,86.3400,83.0000,83.8900,84.0100,22921373,1943481661.1900,3,0.667400,1,-0.142800,0
2021-05-31,sz.300015,83.5000,84.6800,82.1500,83.8600,83.8900,18747024,1561797892.0100,3,0.545800,1,-0.035800,0
2021-06-01,sz.300015,83.8000,86.5800,83.0800,86.0100,83.8600,21729775,1850769404.3400,3,0.632700,1,2.563800,0
2021-06-02,sz.300015,86.0000,86.0000,84.2000,85.1000,86.0100,20233488,1723565325.4100,3,0.589100,1,-1.058000,0
2021-06-03,sz.300015,84.5500,86.6500,83.0900,85.5000,85.1000,17667756,1508694094.1000,3,0.514400,1,0.470000,0
2021-06-04,sz.300015,85.0000,86.5000,84.1900,85.2100,85.5000,13918874,1187209355.7300,3,0.405300,1,-0.339200,0
2021-06-07,sz.300015,84.8000,84.9800,81.4100,83.9000,85.2100,26563692,2208788896.1500,3,0.773400,1,-1.537400,0
2021-06-08,sz.300015,83.9000,86.1900,81.9000,83.9000,83.9000,24235510,2043137422.8100,3,0.705700,1,0.000000,0
2021-06-09,sz.300015,83.0100,86.7400,83.0100,85.8600,83.9000,24748522,2122109254.2100,3,0.720600,1,2.336100,0
2021-06-10,sz.300015,86.3000,88.5000,86.2600,87.0100,85.8600,19478175,1703354875.7600,3,0.567100,1,1.339400,0
2021-06-11,sz.300015,87.4400,87.8000,85.0900,85.8900,87.0100,16919617,1452741974.5700,3,0.492600,1,-1.287200,0
2021-06-15,sz.300015,85.8800,86.4500,83.6500,84.9000,85.8900,15188139,1289727561.8000,3,0.442200,1,-1.152600,0
2021-06-16,sz.300015,85.0000,86.0100,81.0000,81.0700,84.9000,26463198,2184286099.8200,3,0.770500,1,-4.511200,0
2021-06-17,sz.300015,80.9000,84.2500,80.0900,82.4800,81.0700,23424102,1927655488.0400,3,0.682000,1,1.739200,0
2021-06-18,sz.300015,84.1400,85.3500,82.1100,84.0000,82.4800,18462567,1544814945.6500,3,0.537600,1,1.842900,0
2021-06-21,sz.300015,82.5500,84.2800,81.5200,82.8500,84.0000,18003740,1487690400.0600,3,0.524200,1,-1.369000,0
2021-06-22,sz.300015,82.7000,88.0000,81.4000,87.3000,82.8500,29037151,2484982825.9800,3,0.845500,1,5.371200,0
2021-06-23,sz.300015,87.0000,87.5300,85.1800,85.8300,87.3000,23823420,2057592296.6500,3,0.693700,1,-1.683800,0
2021-06-24,sz.300015,66.4900,66.4900,64.0000,64.8700,66.0800,30139093,1950460282.8900,3,0.676800,1,-1.831100,0
2021-06-25,sz.300015,65.2600,68.5000,64.9100,67.5800,64.8700,34460933,2317786034.4400,3,0.773900,1,4.177600,0
2021-06-28,sz.300015,68.2700,70.6700,67.2800,69.9000,67.5800,40026502,2784133487.2900,3,0.898900,1,3.433000,0
2021-06-29,sz.300015,70.1800,70.6800,68.1300,69.2600,69.9000,26906147,1857812677.2300,3,0.604200,1,-0.915600,0
2021-06-30,sz.300015,69.4900,71.7000,69.0100,70.9800,69.2600,27553800,1951910057.6900,3,0.618800,1,2.483400,0
2021-07-01,sz.300015,71.0000,72.2700,70.0700,71.2800,70.9800,27300490,1948561890.1700,3,0.613100,1,0.422700,0
2021-07-02,sz.300015,71.3000,71.3000,68.2300,68.2800,71.2800,34378535,2377532672.0600,3,0.772000,1,-4.208800,0
2021-07-05,sz.300015,68.5700,70.2000,67.4900,68.6700,68.2800,28849893,1998781037.5000,3,0.647900,1,0.571200,0
2021-07-06,sz.300015,68.8000,69.1500,61.1000,63.4100,68.6700,74128810,4746691964.3200,3,1.664700,1,-7.659800,0
2021-07-07,sz.300015,63.9300,68.2400,62.7400,67.2200,63.4100,49482366,3297042378.6400,3,1.111200,1,6.008500,0
2021-07-08,sz.300015,68.1500,68.3500,64.7000,64.8800,67.2200,37225769,2444515717.4400,3,0.836000,1,-3.481100,0
2021-07-09,sz.300015,64.8600,65.7000,60.6100,63.8300,64.8800,42358686,2660278773.2900,3,0.950000,1,-1.618400,0
2021-07-12,sz.300015,64.2300,66.5800,62.3900,66.0000,63.8300,36172928,2366296766.2700,3,0.811300,1,3.399700,0
2021-07-13,sz.300015,66.0000,68.1000,65.5000,66.3000,66.0000,22743596,1511715323.8700,3,0.510100,1,0.454500,0
2021-07-14,sz.300015,65.8000,67.9500,65.0000,66.6600,66.3000,30384552,2032698057.2100,3,0.681500,1,0.543000,0
2021-07-15,sz.300015,66.2000,67.5000,65.6800,67.0200,66.6600,23877897,1588840374.1200,3,0.535500,1,0.540100,0
2021-07-16,sz.300015,66.1600,66.7700,64.6000,65.1100,67.0200,25210160,1645391604.7700,3,0.565400,1,-2.849900,0
2021-07-19,sz.300015,64.9900,66.7000,64.0500,66.4300,65.1100,26621171,1751180330.4300,3,0.597100,1,2.027300,0
2021-07-20,sz.300015,65.6700,66.8700,65.5000,66.3800,66.4300,19879333,1315923360.7600,3,0.445900,1,-0.075300,0
2021-07-21,sz.300015,66.2000,67.6700,65.7500,67.3300,66.3800,23316522,1560894082.8400,3,0.522900,1,1.431200,0
2021-07-22,sz.300015,68.0100,68.4300,65.0100,65.5000,67.3300,31352006,2069598726.2100,3,0.703200,1,-2.718000,0
2021-07-23,sz.300015,65.0000,65.1900,63.0000,63.3900,65.5000,31865787,2029563687.3000,3,0.714700,1,-3.221400,0
2021-07-26,sz.300015,60.9900,60.9900,54.5000,56.8000,63.3900,101603624,5829367655.5500,3,2.278800,1,-10.396000,0
2021-07-27,sz.300015,57.1400,57.4300,54.4200,55.2200,56.8000,61441699,3442202570.2300,3,1.378000,1,-2.781700,0
2021-07-28,sz.300015,54.5300,58.0800,53.2800,57.5100,55.2200,57528588,3224220683.2900,3,1.290200,1,4.147000,0
2021-07-29,sz.300015,59.2100,61.9700,59.0000,61.0100,57.5100,55747402,3394273172.8800,3,1.250300,1,6.085900,0
2021-07-30,sz.300015,60.1000,60.1000,57.4100,58.7000,61.0100,38291913,2247752660.2600,3,0.858800,1,-3.786300,0
2021-08-02,sz.300015,57.0000,58.2700,53.5000,57.7500,58.7000,62286088,3477115185.3200,3,1.396900,1,-1.618400,0
2021-08-03,sz.300015,57.0200,59.7500,56.4000,59.2700,57.7500,42995738,2515301896.7200,3,0.964300,1,2.632000,0
2021-08-04,sz.300015,58.2000,59.2200,57.0300,58.0400,59.2700,34440130,2003068075.8900,3,0.772400,1,-2.075200,0
2021-08-05,sz.300015,57.1500,58.1900,56.2000,56.5000,58.0400,36314977,2070948637.4800,3,0.814500,1,-2.653300,0
2021-08-06,sz.300015,56.4800,57.4700,55.5500,56.1000,56.5000,26082307,1467433194.0100,3,0.585000,1,-0.708000,0
2021-08-09,sz.300015,56.1000,58.5500,55.9200,57.0700,56.1000,27897282,1594963145.0900,3,0.625700,1,1.729100,0
2021-08-10,sz.300015,57.0600,57.9800,54.8500,57.7100,57.0700,43871761,2473258942.8100,3,0.984000,1,1.121400,0
2021-08-11,sz.300015,57.7500,58.3400,55.1400,55.5400,57.7100,38604360,2169978955.3400,3,0.865800,1,-3.760200,0
2021-08-12,sz.300015,54.9600,56.0000,54.6500,54.7800,55.5400,25142917,1385276776.6400,3,0.563900,1,-1.368400,0
2021-08-13,sz.300015,54.7300,55.2900,52.2500,52.9400,54.7800,55585313,2965762543.9800,3,1.246700,1,-3.358900,0
2021-08-16,sz.300015,53.1600,54.2200,52.6000,53.7000,52.9400,28266666,1513794370.7000,3,0.634000,1,1.435600,0
2021-08-17,sz.300015,53.2800,54.2900,52.0000,52.0000,53.7000,42743029,2269459496.8500,3,0.958600,1,-3.165700,0
2021-08-18,sz.300015,52.3900,52.9700,50.1000,50.7000,52.0000,53403407,2730446028.6700,3,1.197700,1,-2.500000,0
2021-08-19,sz.300015,51.7200,51.8800,49.6600,50.0700,50.7000,43458276,2190270574.8000,3,0.974700,1,-1.242600,0
2021-08-20,sz.300015,49.5000,49.5000,46.2800,46.7500,50.0700,77170650,3648740763.1300,3,1.730800,1,-6.630700,0
2021-08-23,sz.300015,47.5000,47.5200,45.6500,46.3500,46.7500,56387926,2616442218.8500,3,1.264700,1,-0.855600,0
2021-08-24,sz.300015,46.8000,50.2000,46.5000,49.5500,46.3500,74791100,3633692790.2000,3,1.677400,1,6.904000,0
2021-08-25,sz.300015,49.8800,51.5100,49.7600,50.9600,49.5500,65624570,3334674380.0900,3,1.471800,1,2.845600,0
2021-08-26,sz.300015,51.2600,51.2900,48.3200,48.7100,50.9600,45446927,2231505103.8200,3,1.019300,1,-4.415200,0
2021-08-27,sz.300015,47.9600,49.5000,46.7200,47.0500,48.7100,62942814,3005315534.7000,3,1.411700,1,-3.407900,0
2021-08-30,sz.300015,47.0200,47.1000,44.5000,46.0000,47.0500,80276388,3631460385.0800,3,1.800400,1,-2.231700,0
2021-08-31,sz.300015,46.0100,46.0900,41.8800,42.2000,46.0000,92293336,3957430317.4100,3,2.069900,1,-8.260900,0
2021-09-01,sz.300015,42.0500,43.3000,40.3500,42.8000,42.2000,80011139,3361463470.4900,3,1.794500,1,1.421800,0
2021-09-02,sz.300015,42.4100,43.1500,40.7800,40.8600,42.8000,60532353,2512042865.1200,3,1.357600,1,-4.532700,0
2021-09-03,sz.300015,41.0600,41.9600,39.8700,41.1200,40.8600,45327917,1868659978.0600,3,1.016600,1,0.636300,0
2021-09-06,sz.300015,41.1600,45.7700,40.1700,44.9000,41.1200,100159125,4416174814.3800,3,2.246400,1,9.192600,0
2021-09-07,sz.300015,44.9800,45.3400,43.6700,45.0100,44.9000,59329914,2643443470.7800,3,1.330600,1,0.245000,0
2021-09-08,sz.300015,45.0200,45.3500,44.0900,44.8100,45.0100,38720619,1733608661.3900,3,0.868400,1,-0.444300,0
2021-09-09,sz.300015,44.9000,46.0000,44.6300,45.1800,44.8100,39834417,1798149285.1500,3,0.893400,1,0.825700,0
2021-09-10,sz.300015,45.1900,45.8000,44.3100,44.9100,45.1800,33371575,1502020126.3500,3,0.748500,1,-0.597600,0
2021-09-13,sz.300015,45.1700,47.1100,45.0200,45.8000,44.9100,47930114,2216676126.4600,3,1.075000,1,1.981700,0
2021-09-14,sz.300015,45.5100,47.7000,45.4600,46.9000,45.8000,49919592,2345947353.0100,3,1.119600,1,2.401700,0
2021-09-15,sz.300015,46.9000,47.0600,45.4600,45.8300,46.9000,35234497,1623931909.6700,3,0.790200,1,-2.281400,0
2021-09-16,sz.300015,45.3000,50.0600,44.8600,48.6900,45.8300,79759413,3807315784.5700,3,1.788800,1,6.240500,0
2021-09-17,sz.300015,48.6000,53.4900,47.6000,52.0600,48.6900,85726399,4396295603.4300,3,1.922700,1,6.921300,0
2021-09-22,sz.300015,51.0000,54.8800,50.7900,53.5200,52.0600,54253835,2875264640.2400,3,1.216800,1,2.804500,0
2021-09-23,sz.300015,53.5400,53.9300,51.6700,52.3500,53.5200,49561902,2600764808.8900,3,1.111600,1,-2.186100,0
2021-09-24,sz.300015,51.7600,53.2000,51.4600,51.8800,52.3500,32353542,1688621312.0700,3,0.725600,1,-0.897800,0
2021-09-27,sz.300015,52.2000,55.2900,52.1900,54.5700,51.8800,68040893,3684618625.1700,3,1.526000,1,5.185000,0
2021-09-28,sz.300015,54.0000,54.9400,53.0100,53.6800,54.5700,33328986,1795636431.2500,3,0.747500,1,-1.630900,0
2021-09-29,sz.300015,53.2200,53.6000,51.4500,52.6300,53.6800,37824054,1988981279.4900,3,0.848300,1,-1.956000,0
2021-09-30,sz.300015,52.5800,53.8800,52.3700,53.4000,52.6300,28368978,1509329794.8200,3,0.636300,1,1.463000,0
2021-10-08,sz.300015,53.8600,54.6500,52.7400,53.1800,53.4000,33124419,1777515602.5700,3,0.742900,1,-0.412000,0
2021-10-11,sz.300015,53.4000,53.6000,51.1000,51.4400,53.1800,39879205,2074457731.9400,3,0.894400,1,-3.271900,0
2021-10-12,sz.300015,51.0000,52.2400,50.6000,51.4000,51.4400,32799280,1689203651.3100,3,0.735600,1,-0.077800,0
2021-10-13,sz.300015,50.8800,52.9800,50.7700,52.4800,51.4000,24505271,1276261738.9500,3,0.549600,1,2.101200,0
2021-10-14,sz.300015,52.3800,52.7800,47.9000,48.0100,52.4800,69323869,3418387080.7400,3,1.554800,1,-8.517500,0
2021-10-15,sz.300015,47.0100,48.0600,46.3900,47.1200,48.0100,53445212,2510748602.6600,3,1.198700,1,-1.853800,0
2021-10-18,sz.300015,47.2600,47.8600,46.2500,47.2700,47.1200,33188989,1561475483.7100,3,0.744400,1,0.318300,0
2021-10-19,sz.300015,47.0400,47.8500,46.8400,47.1800,47.2700,27202561,1285540232.2800,3,0.610100,1,-0.190400,0
2021-10-20,sz.300015,47.5500,47.7300,45.1800,46.8100,47.1800,47320339,2188170651.5000,3,1.061300,1,-0.784200,0
2021-10-21,sz.300015,46.6600,47.4800,46.2300,46.5800,46.8100,22922566,1072746147.6500,3,0.514100,1,-0.491300,0
2021-10-22,sz.300015,46.6900,47.2300,46.3500,46.7000,46.5800,22353307,1047037333.5400,3,0.501300,1,0.257600,0
2021-10-25,sz.300015,46.5000,47.6900,46.3200,47.3200,46.7000,31392591,1485460896.5500,3,0.704100,1,1.327600,0
2021-10-26,sz.300015,45.4100,49.4200,45.0100,48.1900,47.3200,62743297,3003638468.0900,3,1.407200,1,1.838500,0
2021-10-27,sz.300015,48.1900,48.1900,45.3900,46.0600,48.1900,50051318,2317467361.0700,3,1.122500,1,-4.420000,0
2021-10-28,sz.300015,46.0300,46.6700,45.1100,45.7600,46.0600,26443594,1211680981.6300,3,0.593100,1,-0.651300,0
2021-10-29,sz.300015,45.6600,49.1000,45.4000,48.5300,45.7600,55596671,2661205248.0600,3,1.246900,1,6.053300,0
2021-11-01,sz.300015,48.1000,48.3300,45.7400,46.1000,48.5300,51863671,2406339172.0800,3,1.163200,1,-5.007200,0
2021-11-02,sz.300015,45.6000,46.8500,45.4200,46.5000,46.1000,34826324,1610726212.2800,3,0.781100,1,0.867700,0
2021-11-03,sz.300015,46.2500,48.2000,46.1000,47.4600,46.5000,34227913,1621588236.9700,3,0.767700,1,2.064500,0
2021-11-04,sz.300015,47.5500,48.0000,46.7000,47.5500,47.4600,24039662,1139496421.7700,3,0.539200,1,0.189600,0
2021-11-05,sz.300015,47.5000,49.3000,47.0600,48.4900,47.5500,35286493,1707695265.5600,3,0.791400,1,1.976900,0
2021-11-08,sz.300015,48.3000,48.9300,47.6600,47.7000,48.4900,23200010,1116281308.1200,3,0.520300,1,-1.629200,0
2021-11-09,sz.300015,47.7000,48.8500,46.2200,48.2300,47.7000,30073749,1431653419.3800,3,0.674500,1,1.111100,0
2021-11-10,sz.300015,47.8700,48.1800,46.3500,46.7500,48.2300,28454242,1336795827.8200,3,0.638200,1,-3.068600,0
2021-11-11,sz.300015,46.5300,48.3500,46.0300,48.2200,46.7500,31717219,1512864166.1800,3,0.711400,1,3.144400,0
2021-11-12,sz.300015,48.2200,48.4800,47.2900,47.5900,48.2200,17816916,850052127.6200,3,0.399600,1,-1.306500,0
2021-11-15,sz.300015,47.6400,48.3800,47.3900,48.3400,47.5900,20165487,967917926.6900,3,0.452300,1,1.576000,0
2021-11-16,sz.300015,48.3800,50.5000,48.3400,50.1000,48.3400,49717798,2485849257.6100,3,1.115100,1,3.640900,0
2021-11-17,sz.300015,49.9500,51.0000,49.2000,49.4300,50.1000,28033270,1392895232.6900,3,0.628700,1,-1.337300,0
2021-11-18,sz.300015,48.9400,49.0700,47.4500,47.7000,49.4300,32954402,1576856986.3100,3,0.739100,1,-3.499900,0
2021-11-19,sz.300015,47.2000,47.7000,46.8800,47.2600,47.7000,24100988,1136836588.1700,3,0.540500,1,-0.922400,0
2021-11-22,sz.300015,47.3100,47.4700,46.5100,47.0900,47.2600,23724617,1114824014.3700,3,0.532100,1,-0.359700,0
2021-11-23,sz.300015,46.7100,47.5000,46.7100,46.8600,47.0900,16838632,791437423.5900,3,0.377700,1,-0.488400,0
2021-11-24,sz.300015,46.8000,47.8000,46.1100,47.4500,46.8600,27962684,1313837858.6000,3,0.627100,1,1.259100,0
2021-11-25,sz.300015,47.4800,48.0500,47.0000,47.1900,47.4500,20453245,971647681.4500,3,0.458700,1,-0.547900,0
2021-11-26,sz.300015,47.0600,47.1700,46.0000,46.1100,47.1900,28019794,1300093387.1800,3,0.628400,1,-2.288600,0
2021-11-29,sz.300015,45.5200,46.1000,42.8800,43.4700,46.1100,60937471,2689373842.2800,3,1.366700,1,-5.725400,0
2021-11-30,sz.300015,43.3900,43.6300,42.2600,42.6800,43.4700,39746876,1700031946.4300,3,0.891400,1,-1.817300,0
2021-12-01,sz.300015,42.5000,42.7200,41.7600,42.1500,42.6800,31680701,1331751894.0700,3,0.710500,1,-1.241800,0
2021-12-02,sz.300015,42.1000,42.7400,41.3500,41.4600,42.1500,38932396,1631668715.2100,3,0.873200,1,-1.637000,0
2021-12-03,sz.300015,41.5000,42.2000,41.3200,42.1500,41.4600,32137874,1341817082.3000,3,0.720800,1,1.664300,0
2021-12-06,sz.300015,42.2500,42.8800,41.9000,42.5200,42.1500,29253009,1244680450.0600,3,0.656100,1,0.877800,0
2021-12-07,sz.300015,42.8000,42.9900,42.0500,42.9900,42.5200,27972685,1196386939.6900,3,0.627400,1,1.105400,0
2021-12-08,sz.300015,42.8100,43.2900,42.4100,43.1400,42.9900,25397429,1089871365.5500,3,0.569600,1,0.348900,0
2021-12-09,sz.300015,43.2000,46.1600,43.1000,45.7200,43.1400,75866486,3430159799.7600,3,1.701500,1,5.980500,0
2021-12-10,sz.300015,45.1200,45.6600,43.9500,44.3500,45.7200,56104842,2501048581.7700,3,1.258300,1,-2.996500,0
2021-12-13,sz.300015,44.1200,45.8000,44.0800,44.7100,44.3500,35632208,1600213835.7900,3,0.799200,1,0.811700,0
2021-12-14,sz.300015,44.1800,44.8800,43.8200,44.0800,44.7100,25005594,1105039061.9700,3,0.560800,1,-1.409100,0
2021-12-15,sz.300015,43.8100,44.2100,42.7000,42.7700,44.0800,32011506,1386437096.4200,3,0.718000,1,-2.971900,0
2021-12-16,sz.300015,42.6800,43.9900,42.6500,43.5000,42.7700,24162665,1050462216.5900,3,0.541900,1,1.706800,0
2021-12-17,sz.300015,43.4800,43.6500,42.6000,42.8300,43.5000,24941064,1071260699.3800,3,0.559400,1,-1.540200,0
2021-12-20,sz.300015,42.6200,43.0000,42.0000,42.2000,42.8300,23716450,1003153159.7200,3,0.531900,1,-1.470900,0
2021-12-21,sz.300015,42.1500,43.4500,41.9100,43.1200,42.2000,21911774,942724582.3500,3,0.491400,1,2.180100,0
2021-12-22,sz.300015,42.9200,43.6300,42.9200,43.0700,43.1200,13168572,568723614.3800,3,0.295300,1,-0.116000,0
2021-12-23,sz.300015,43.2000,43.4000,42.6000,42.7000,43.0700,16391064,703790661.8900,3,0.367600,1,-0.859100,0
2021-12-24,sz.300015,42.8800,43.4500,42.3000,43.1700,42.7000,21305853,914830505.4300,3,0.477800,1,1.100700,0
2021-12-27,sz.300015,43.3600,44.0000,43.1900,43.9900,43.1700,26043562,1137845308.0100,3,0.584100,1,1.899500,0
2021-12-28,sz.300015,43.8700,44.2500,43.3300,43.6000,43.9900,20248755,883892900.3300,3,0.454100,1,-0.886600,0
2021-12-29,sz.300015,43.6000,44.4000,43.3300,43.4900,43.6000,24331852,1064666610.0600,3,0.545700,1,-0.252300,0
2021-12-30,sz.300015,43.2200,44.3600,42.4000,43.6500,43.4900,34252840,1484330604.6100,3,0.768200,1,0.367900,0
2021-12-31,sz.300015,43.6300,43.7200,42.0500,42.2800,43.6500,44295765,1884808589.6000,3,0.993500,1,-3.138600,0
2022-01-04,sz.300015,42.1600,42.2300,41.5600,42.2100,42.2800,26001049,1089324407.6200,3,0.583200,1,-0.165600,0
2022-01-05,sz.300015,42.1000,42.3800,41.3100,41.5400,42.2100,27147188,1128935969.7800,3,0.608900,1,-1.587300,0
2022-01-06,sz.300015,41.3100,41.6300,38.3800,38.8000,41.5400,77057571,3027014128.1800,3,1.728200,1,-6.596100,0
2022-01-07,sz.300015,38.9600,39.7700,38.7000,38.7300,38.8000,41350581,1617924436.5000,3,0.927400,1,-0.180400,0
2022-01-10,sz.300015,37.5800,38.2000,36.4000,37.2900,38.7300,77147004,2881435777.8700,3,1.730200,1,-3.718000,0
2022-01-11,sz.300015,36.9700,37.2800,36.2000,36.2800,37.2900,58259474,2131550540.5700,3,1.306600,1,-2.708500,0
2022-01-12,sz.300015,36.1300,37.4300,36.1300,36.8100,36.2800,53574068,1976668295.6200,3,1.201600,1,1.460900,0
2022-01-13,sz.300015,37.0500,37.7200,36.0000,36.0900,36.8100,64574805,2370137434.2700,3,1.448300,1,-1.956000,0
2022-01-14,sz.300015,35.8000,36.4500,35.3000,35.4500,36.0900,58378969,2087784154.7900,3,1.309300,1,-1.773300,0
2022-01-17,sz.300015,35.2800,35.7600,35.0900,35.5300,35.4500,47592528,1684577349.5300,3,1.067400,1,0.225700,0
2022-01-18,sz.300015,35.5600,36.7800,34.8800,36.0600,35.5300,55385799,1998226399.6600,3,1.242200,1,1.491700,0
2022-01-19,sz.300015,35.8000,36.0700,35.3500,35.4600,36.0600,31437735,1119214566.6200,3,0.705100,1,-1.663900,0
2022-01-20,sz.300015,35.3000,35.7800,35.0000,35.0500,35.4600,32623059,1153809175.4700,3,0.731700,1,-1.156200,0
2022-01-21,sz.300015,34.8000,35.1800,33.8100,34.2100,35.0500,55902782,1914991296.1800,3,1.253800,1,-2.396600,0
2022-01-24,sz.300015,34.0000,34.7700,33.9200,34.4600,34.2100,29001494,996499584.3500,3,0.650400,1,0.730800,0
2022-01-25,sz.300015,34.1900,34.6500,33.6300,33.7500,34.4600,28227556,962616014.9800,3,0.633100,1,-2.060400,0
2022-01-26,sz.300015,33.9800,34.1400,32.7800,33.3200,33.7500,31743342,1059173158.2800,3,0.711900,1,-1.274100,0
2022-01-27,sz.300015,33.0000,33.4000,32.2000,32.2300,33.3200,33369674,1091319311.0700,3,0.748400,1,-3.271300,0
2022-01-28,sz.300015,32.5600,32.9900,32.2000,32.2700,32.2300,29158771,950252923.7500,3,0.654000,1,0.124100,0
2022-02-07,sz.300015,32.7000,32.9200,31.9700,32.1100,32.2700,27281035,882746463.0000,3,0.611900,1,-0.495800,0
2022-02-08,sz.300015,31.9000,33.1400,31.5900,32.8300,32.1100,38806981,1254437791.9200,3,0.870400,1,2.242300,0
2022-02-09,sz.300015,32.8300,33.6400,32.5300,33.5000,32.8300,40991880,1360555815.5000,3,0.919400,1,2.040800,0
2022-02-10,sz.300015,33.5100,34.1300,33.2900,33.5900,33.5000,32756993,1102127450.8800,3,0.734700,1,0.268700,0
2022-02-11,sz.300015,33.3000,33.4900,32.1900,32.4000,33.5900,31993762,1047659722.1200,3,0.717600,1,-3.542700,0
2022-02-14,sz.300015,32.1000,33.5800,32.0200,33.4000,32.4000,34364502,1135623782.8400,3,0.770700,1,3.086400,0
2022-02-15,sz.300015,33.4000,35.3700,33.0700,35.2000,33.4000,77447472,2697350342.5100,3,1.737000,1,5.389200,0
2022-02-16,sz.300015,35.3000,35.5100,34.8700,34.9500,35.2000,33777219,1185540564.1400,3,0.757600,1,-0.710200,0
2022-02-17,sz.300015,34.9000,35.1700,34.6800,35.0000,34.9500,24930502,871109517.8600,3,0.559100,1,0.143100,0
2022-02-18,sz.300015,34.7700,35.1400,34.5500,35.0500,35.0000,18069109,630237880.5600,3,0.405300,1,0.142900,0
2022-02-21,sz.300015,35.0300,35.1500,34.3700,34.5100,35.0500,26728768,924657258.6900,3,0.599500,1,-1.540700,0
2022-02-22,sz.300015,34.2400,34.2500,33.6200,34.0600,34.5100,26535054,900886574.5100,3,0.595100,1,-1.304000,0
2022-02-23,sz.300015,34.3100,34.6000,33.9200,34.5300,34.0600,25766692,883597552.8200,3,0.577900,1,1.379900,0
2022-02-24,sz.300015,34.3800,34.4400,33.0100,33.4500,34.5300,38801338,1306881617.0200,3,0.870200,1,-3.127700,0
2022-02-25,sz.300015,33.5500,35.9000,33.5500,35.3800,33.4500,66872198,2357215277.9400,3,1.499800,1,5.769800,0
2022-02-28,sz.300015,35.1000,36.5000,35.0500,36.2600,35.3800,63825066,2304686192.0000,3,1.431500,1,2.487300,0
2022-03-01,sz.300015,36.0600,36.5800,35.8800,36.3100,36.2600,30153211,1093338576.0000,3,0.676300,1,0.137900,0
2022-03-02,sz.300015,36.0500,36.1500,35.4100,35.5600,36.3100,24470338,872294512.0000,3,0.548800,1,-2.065500,0
2022-03-03,sz.300015,35.8900,35.9200,35.1100,35.2100,35.5600,23080532,814982304.0000,3,0.517600,1,-0.984300,0
2022-03-04,sz.300015,34.9200,35.4100,34.6100,34.9800,35.2100,24566403,859324752.0000,3,0.551000,1,-0.653200,0
2022-03-07,sz.300015,34.6000,34.6300,32.0600,32.6500,34.9800,53460674,1753934640.0000,3,1.199000,1,-6.660900,0
2022-03-08,sz.300015,32.7300,33.8500,32.4000,33.0100,32.6500,40305387,1336154256.0000,3,0.904000,1,1.102600,0
2022-03-09,sz.300015,32.6800,33.4100,30.3700,31.5600,33.0100,50682584,1609404144.0000,3,1.136700,1,-4.392600,0
2022-03-10,sz.300015,32.5000,33.2000,32.0000,32.0400,31.5600,37175258,1209769280.0000,3,0.833800,1,1.520900,0
2022-03-11,sz.300015,31.6100,32.5500,31.0500,32.5000,32.0400,31648871,1005762528.0000,3,0.709800,1,1.435700,0
2022-03-14,sz.300015,31.8700,32.2000,30.1000,30.4100,32.5000,51812060,1604983232.0000,3,1.162000,1,-6.430800,0
2022-03-15,sz.300015,30.0000,30.7000,25.0200,26.9400,30.4100,181584365,4931295232.0000,3,4.072600,1,-11.410700,0
2022-03-16,sz.300015,26.8400,27.3800,25.2800,27.2700,26.9400,162629413,4258575568.0000,3,3.647400,1,1.224900,0
2022-03-17,sz.300015,28.0000,30.4400,28.0000,29.4500,27.2700,140170248,4117395024.0000,3,3.143700,1,7.994100,0
2022-03-18,sz.300015,29.0100,29.1900,27.9100,28.6100,29.4500,78251999,2224790588.2900,3,1.755000,1,-2.852300,0
2022-03-21,sz.300015,28.8300,28.9000,28.1100,28.4900,28.6100,40004770,1139905837.7000,3,0.897200,1,-0.419400,0
2022-03-22,sz.300015,28.2000,28.6400,27.9500,28.0300,28.4900,32775281,922950250.7000,3,0.735100,1,-1.614600,0
2022-03-23,sz.300015,28.2800,29.9500,28.0400,29.7300,28.0300,71258156,2088380755.9700,3,1.598200,1,6.064900,0
2022-03-24,sz.300015,29.3700,31.0000,29.1700,30.5100,29.7300,73435171,2216692183.3600,3,1.647000,1,2.623600,0
2022-03-25,sz.300015,30.5100,31.2200,29.5000,29.6600,30.5100,55680751,1679744102.4000,3,1.248800,1,-2.786000,0
2022-03-28,sz.300015,29.0700,29.6800,28.8300,29.0900,29.6600,31922310,932866681.1100,3,0.716000,1,-1.921800,0
2022-03-29,sz.300015,29.6500,29.6600,28.6600,28.7900,29.0900,27380899,791764512.6100,3,0.614100,1,-1.031300,0
2022-03-30,sz.300015,29.0500,31.8500,28.5400,31.7500,28.7900,92089082,2827125122.8900,3,2.065400,1,10.281300,0
2022-03-31,sz.300015,31.1300,32.3700,31.0100,31.5500,31.7500,79932583,2532047357.9800,3,1.792700,1,-0.629900,0
2022-04-01,sz.300015,31.2000,32.7600,30.4300,32.0900,31.5500,64148362,2053731794.7800,3,1.438700,1,1.711600,0
2022-04-06,sz.300015,31.9500,32.3000,31.4200,31.7000,32.0900,40488620,1288182442.9300,3,0.908100,1,-1.215300,0
2022-04-07,sz.300015,31.5600,32.6000,31.4500,31.7500,31.7000,34043431,1089532669.3100,3,0.763500,1,0.157700,0
2022-04-08,sz.300015,31.8000,32.6200,31.2600,32.1400,31.7500,47589621,1527013666.8400,3,1.067300,1,1.228300,0
2022-04-11,sz.300015,31.5700,32.5800,31.1200,31.2500,32.1400,45919606,1454092394.2700,3,1.029900,1,-2.769100,0
2022-04-12,sz.300015,31.0000,33.1000,30.9000,32.9200,31.2500,54871074,1764857224.2900,3,1.230600,1,5.344000,0
2022-04-13,sz.300015,32.8100,34.1200,32.6600,33.5000,32.9200,59876544,2017914068.4300,3,1.342900,1,1.761800,0
2022-04-14,sz.300015,33.9600,35.8800,33.9600,35.0700,33.5000,67350249,2368585011.5700,3,1.510500,1,4.686600,0
2022-04-15,sz.300015,34.4300,35.3900,34.0400,34.5500,35.0700,40353386,1400776909.6200,3,0.905000,1,-1.482700,0
2022-04-18,sz.300015,34.3400,34.5800,33.1000,33.5800,34.5500,37003798,1248981663.9000,3,0.829900,1,-2.807500,0
2022-04-19,sz.300015,33.3300,34.0600,32.5900,33.0700,33.5800,27863056,918887404.6700,3,0.624900,1,-1.518800,0
2022-04-20,sz.300015,33.0700,34.5500,33.0000,33.6800,33.0700,40403434,1367162745.0900,3,0.906200,1,1.844600,0
2022-04-21,sz.300015,33.3000,34.1000,32.0000,32.3600,33.6800,37339465,1224417833.1700,3,0.837400,1,-3.919200,0
2022-04-22,sz.300015,31.9000,34.8000,31.7200,34.4500,32.3600,45187132,1514756901.5400,3,1.013500,1,6.458600,0
2022-04-25,sz.300015,33.8000,34.8500,33.4700,33.5800,34.4500,51114561,1741204355.4300,3,1.146400,1,-2.525400,0
2022-04-26,sz.300015,34.2000,36.5000,33.9800,35.7100,33.5800,74157971,2634380675.2200,3,1.663800,1,6.343100,0
2022-04-27,sz.300015,35.1500,36.6300,34.5200,36.4300,35.7100,62115534,2215458955.8100,3,1.393600,1,2.016200,0
2022-04-28,sz.300015,36.0000,36.0500,34.9800,35.3100,36.4300,46514582,1643504187.3500,3,1.043600,1,-3.074400,0
2022-04-29,sz.300015,35.3100,36.5000,34.6700,35.9200,35.3100,50298819,1800885490.6100,3,1.128500,1,1.727600,0
2022-05-05,sz.300015,35.7000,36.5700,35.1800,35.8900,35.9200,30126164,1081007429.5500,3,0.675900,1,-0.083500,0
2022-05-06,sz.300015,35.2100,36.5500,35.0600,36.1800,35.8900,43631305,1568010132.0400,3,0.978900,1,0.808000,0
2022-05-09,sz.300015,35.8800,36.4000,31.9700,32.3100,36.1800,71973741,2435927944.6900,3,1.614800,1,-10.696500,0
2022-05-10,sz.300015,31.3500,34.5600,31.3000,33.8200,32.3100,54589156,1825528203.6000,3,1.224700,1,4.673500,0
2022-05-11,sz.300015,34.0000,34.3600,33.3200,33.4700,33.8200,43932954,1486432486.7600,3,0.985700,1,-1.034900,0
2022-05-12,sz.300015,33.9300,35.3900,33.4100,35.2200,33.4700,49933616,1736367180.2000,3,1.120300,1,5.228600,0
2022-05-13,sz.300015,35.2200,35.5500,34.7000,35.4500,35.2200,28104598,987337024.5800,3,0.630500,1,0.653000,0
2022-05-16,sz.300015,35.4500,35.7000,34.1900,34.5500,35.4500,28344466,984606386.0400,3,0.635900,1,-2.538800,0
2022-05-17,sz.300015,34.5600,35.2500,34.3000,35.0000,34.5500,20689863,721690413.6700,3,0.464200,1,1.302500,0
2022-05-18,sz.300015,34.9900,35.2900,34.3200,34.3400,35.0000,21269963,738163061.5500,3,0.477200,1,-1.885700,0
2022-05-19,sz.300015,33.8400,34.6600,33.1800,34.2700,34.3400,24860042,843841614.3900,3,0.557700,1,-0.203800,0
2022-05-20,sz.300015,34.5000,35.8800,34.5000,35.1200,34.2700,30099804,1064072772.6100,3,0.675300,1,2.480300,0
2022-05-23,sz.300015,35.1200,35.3900,34.5100,34.7200,35.1200,18273913,635397942.7100,3,0.410000,1,-1.139000,0
2022-05-24,sz.300015,34.7200,34.8200,33.7300,33.8100,34.7200,24189736,824782463.2500,3,0.542700,1,-2.621000,0
2022-05-25,sz.300015,33.8500,34.9400,33.8500,34.1000,33.8100,19642379,674811200.0400,3,0.440700,1,0.857700,0
2022-05-26,sz.300015,34.0200,34.6500,33.6500,34.2900,34.1000,17769649,606986430.9300,3,0.398700,1,0.557200,0
2022-05-27,sz.300015,34.5900,34.9300,33.2000,33.6400,34.2900,34488529,1167168595.8200,3,0.773800,1,-1.895600,0
2022-05-30,sz.300015,33.5100,35.2700,33.3300,35.0900,33.6400,39247368,1362701521.9900,3,0.880500,1,4.310300,0
2022-05-31,sz.300015,35.0000,37.3000,34.6700,37.1600,35.0900,55585875,2019722797.7300,3,1.247100,1,5.899100,0
2022-06-01,sz.300015,37.1100,37.1400,36.2400,36.6000,37.1600,30154921,1105051422.2500,3,0.676500,1,-1.507000,0
2022-06-02,sz.300015,36.5800,36.6000,34.9000,35.1200,36.6000,44025567,1552857232.3800,3,0.987700,1,-4.043700,0
2022-06-06,sz.300015,34.9700,36.1000,34.7000,35.7300,35.1200,36079008,1282096230.0700,3,0.809500,1,1.736900,0
2022-06-07,sz.300015,35.7400,36.5000,35.4300,35.9400,35.7300,28308155,1019300142.0700,3,0.635100,1,0.587700,0
2022-06-08,sz.300015,35.7500,37.9500,35.7000,37.4800,35.9400,58164515,2168831090.9600,3,1.305000,1,4.284900,0
2022-06-09,sz.300015,37.4800,37.8600,36.5000,36.6600,37.4800,29051745,1074308466.1400,3,0.651800,1,-2.187800,0
2022-06-10,sz.300015,36.5000,37.1000,36.3100,37.1000,36.6600,26832088,985753418.4200,3,0.602000,1,1.200200,0
2022-06-13,sz.300015,36.5600,37.4400,36.0100,36.8700,37.1000,29820084,1094466594.1900,3,0.669000,1,-0.619900,0
2022-06-14,sz.300015,36.4000,37.1800,36.0700,36.8400,36.8700,23070459,844255824.4500,3,0.517600,1,-0.081400,0
2022-06-15,sz.300015,36.9500,38.3800,36.9400,37.6000,36.8400,37440764,1410635388.6600,3,0.840000,1,2.063000,0
2022-06-16,sz.300015,37.5800,38.5800,37.5100,37.9500,37.6000,30344809,1156505604.9300,3,0.680800,1,0.930900,0
2022-06-17,sz.300015,37.6000,40.4800,37.3600,40.0000,37.9500,61086964,2392646154.1500,3,1.370500,1,5.401800,0
2022-06-20,sz.300015,40.8800,42.0000,40.3000,40.9600,40.0000,55049783,2262335743.4600,3,1.235100,1,2.400000,0
2022-06-21,sz.300015,40.7700,41.1400,40.0700,40.7700,40.9600,32980677,1339710089.4300,3,0.739900,1,-0.463900,0
2022-06-22,sz.300015,40.9400,41.9000,40.4000,41.0900,40.7700,35256771,1449654189.0700,3,0.791000,1,0.784900,0
2022-06-23,sz.300015,40.9800,41.3100,40.0000,41.0500,41.0900,29918913,1217545285.9000,3,0.671200,1,-0.097300,0
2022-06-24,sz.300015,41.0400,42.0700,40.1000,41.8600,41.0500,47738342,1972923510.4400,3,1.071000,1,1.973200,0
2022-06-27,sz.300015,41.8500,42.4400,41.3500,41.6600,41.8600,27287673,1140355873.2500,3,0.612200,1,-0.477800,0
2022-06-28,sz.300015,41.4000,41.6600,40.7100,41.4000,41.6600,26515351,1089626660.8400,3,0.594900,1,-0.624100,0
2022-06-29,sz.300015,41.3900,42.7700,41.1800,41.5000,41.4000,33564714,1416223510.6100,3,0.753000,1,0.241500,0
2022-06-30,sz.300015,41.5200,45.0000,41.5200,44.7700,41.5000,59614767,2627242007.1300,3,1.337500,1,7.879500,0
2022-07-01,sz.300015,44.7600,44.7600,43.0200,43.6500,44.7700,34161177,1491817034.3300,3,0.766700,1,-2.501700,0
2022-07-04,sz.300015,43.6600,44.9600,42.7800,44.6600,43.6500,34075013,1508942776.6700,3,0.764800,1,2.313900,0
2022-07-05,sz.300015,45.0000,45.8100,44.0900,44.6500,44.6600,30866442,1378046502.8700,3,0.692800,1,-0.022400,0
2022-07-06,sz.300015,45.1000,45.2400,43.1200,43.4800,44.6500,38957839,1714894422.9100,3,0.874400,1,-2.620400,0
2022-07-07,sz.300015,43.6400,44.0600,41.8000,42.5100,43.4800,30367270,1295898322.8700,3,0.681600,1,-2.230900,0
2022-07-08,sz.300015,42.9400,44.2300,42.7700,43.2400,42.5100,22831776,989102079.1600,3,0.512400,1,1.717200,0
2022-07-11,sz.300015,33.1600,33.5400,31.6300,32.4800,33.1900,39991713,1296807800.2800,3,0.690900,1,-2.139200,0
2022-07-12,sz.300015,32.4000,32.7500,31.6300,31.7800,32.4800,25739802,823864848.1600,3,0.444700,1,-2.155200,0
2022-07-13,sz.300015,31.5800,32.4600,31.5100,32.2100,31.7800,24616876,791139130.1500,3,0.425300,1,1.353100,0
2022-07-14,sz.300015,32.2700,34.8500,32.2500,33.7700,32.2100,54655981,1859597201.5000,3,0.944200,1,4.843200,0
2022-07-15,sz.300015,33.7800,34.3500,33.0300,33.7300,33.7700,32696122,1109978960.5200,3,0.564900,1,-0.118400,0
2022-07-18,sz.300015,33.7200,34.9600,32.8700,34.8000,33.7300,44534160,1525062175.2800,3,0.769400,1,3.172300,0
2022-07-19,sz.300015,34.6700,34.9700,33.8000,34.1300,34.8000,29371110,1004618227.8400,3,0.507400,1,-1.925300,0
2022-07-20,sz.300015,34.4000,34.8700,33.8800,34.0000,34.1300,28609284,978961708.8100,3,0.494300,1,-0.380900,0
2022-07-21,sz.300015,33.8000,34.0300,33.2300,33.5400,34.0000,32105657,1077114066.9900,3,0.554700,1,-1.352900,0
2022-07-22,sz.300015,33.7000,33.9300,32.9500,33.2000,33.5400,25793478,860437404.6100,3,0.445600,1,-1.013700,0
2022-07-25,sz.300015,32.8400,33.2900,32.1500,33.1600,33.2000,18397417,606360086.2900,3,0.317800,1,-0.120500,0
2022-07-26,sz.300015,33.0000,33.8500,32.5000,32.8800,33.1600,24047945,790223717.6200,3,0.415500,1,-0.844400,0
2022-07-27,sz.300015,32.7900,32.9400,31.8000,32.0700,32.8800,36643352,1180307882.1600,3,0.633100,1,-2.463500,0
2022-07-28,sz.300015,32.3500,32.3800,30.0000,30.7600,32.0700,103039824,3172536414.7900,3,1.780100,1,-4.084800,0
2022-07-29,sz.300015,30.6700,31.0000,30.1200,30.3900,30.7600,46118333,1405821180.6500,3,0.796700,1,-1.202900,0
2022-08-01,sz.300015,30.3500,32.0500,30.0100,31.8800,30.3900,51122196,1603507636.5600,3,0.883200,1,4.902900,0
2022-08-02,sz.300015,31.5500,31.7900,30.6100,30.9900,31.8800,37531467,1169193157.3500,3,0.648400,1,-2.791700,0
2022-08-03,sz.300015,30.9900,31.6300,30.7600,31.0700,30.9900,26990693,842148973.6300,3,0.466300,1,0.258100,0
2022-08-04,sz.300015,31.0000,31.4800,30.9100,31.2900,31.0700,22812227,711258691.3800,3,0.394100,1,0.708100,0
2022-08-05,sz.300015,31.2800,31.5300,30.6100,31.1400,31.2900,29164582,905589045.1900,3,0.503900,1,-0.479400,0
2022-08-08,sz.300015,31.3200,31.3800,30.3500,30.5200,31.1400,38769766,1188439327.9700,3,0.669800,1,-1.991000,0
2022-08-09,sz.300015,30.4000,30.4900,29.7800,30.3200,30.5200,42708143,1285786505.0100,3,0.737800,1,-0.655300,0
2022-08-10,sz.300015,30.3700,30.4500,29.2100,29.4300,30.3200,46234425,1368911635.7100,3,0.798800,1,-2.935400,0
2022-08-11,sz.300015,29.5000,30.2600,29.4200,30.0700,29.4300,40675679,1216512400.6500,3,0.702700,1,2.174700,0
2022-08-12,sz.300015,29.9200,30.2600,29.6200,30.0700,30.0700,20145345,604694080.3100,3,0.348000,1,0.000000,0
2022-08-15,sz.300015,29.8000,30.0400,29.4600,29.5400,30.0700,30368016,899937814.2600,3,0.524600,1,-1.762600,0
